{
  "timestamp": "2025-12-16T06:15:57",
  "reference_file": "KernelBench/level3/44_MiniGPTBlock.py",
  "candidate_file": "/home/hyc/LLMKernel/run/20251216_051553_batch_range34to50_openai_deepseek/44_MiniGPTBlock/code/kernel_20251216_061551.py",
  "tolerance": 0.1,
  "max_abs_err": 2.384185791015625e-07,
  "mean_abs_err": 2.6878474557179288e-08,
  "ref_latency_ms": {
    "avg": 55.901055908203126,
    "min": 55.884639739990234,
    "max": 55.91756820678711,
    "all": [
      55.89427185058594,
      55.91142272949219,
      55.91756820678711,
      55.884639739990234,
      55.897377014160156
    ]
  },
  "test_latency_ms": {
    "avg": 42.587955474853516,
    "min": 42.577919006347656,
    "max": 42.59532928466797,
    "all": [
      42.59532928466797,
      42.59532928466797,
      42.577919006347656,
      42.58918380737305,
      42.58201599121094
    ]
  },
  "num_runs": 5,
  "model_init_args": [
    768,
    8,
    0.0,
    0.0,
    1024
  ],
  "model_init_kwargs": {},
  "seed": 100,
  "align_stats": {
    "copied_same_shape": 13,
    "unique_shape_copied": 0,
    "mapped_shape": 0,
    "skipped": 0,
    "pair_aligner": 0,
    "pair_key": "Model->ModelNew"
  },
  "runnable": true,
  "phase": "stage1_grid_and_parallel",
  "pytorch_baseline_ms": 55.88783416748047,
  "score": 1.3122920211673463
}