{
  "timestamp": "2025-12-16T06:14:59",
  "reference_file": "KernelBench/level3/44_MiniGPTBlock.py",
  "candidate_file": "/home/hyc/LLMKernel/run/20251216_051553_batch_range34to50_openai_deepseek/44_MiniGPTBlock/code/kernel_20251216_061453.py",
  "tolerance": 0.1,
  "max_abs_err": 2.384185791015625e-07,
  "mean_abs_err": 2.6878474557179288e-08,
  "ref_latency_ms": {
    "avg": 55.88783416748047,
    "min": 55.82950210571289,
    "max": 56.00953674316406,
    "all": [
      56.00953674316406,
      55.8837776184082,
      55.88172912597656,
      55.834625244140625,
      55.82950210571289
    ]
  },
  "test_latency_ms": {
    "avg": 42.59292221069336,
    "min": 42.55958557128906,
    "max": 42.61894226074219,
    "all": [
      42.58918380737305,
      42.55958557128906,
      42.59235382080078,
      42.60454559326172,
      42.61894226074219
    ]
  },
  "num_runs": 5,
  "model_init_args": [
    768,
    8,
    0.0,
    0.0,
    1024
  ],
  "model_init_kwargs": {},
  "seed": 100,
  "align_stats": {
    "copied_same_shape": 13,
    "unique_shape_copied": 0,
    "mapped_shape": 0,
    "skipped": 0,
    "pair_aligner": 0,
    "pair_key": "Model->ModelNew"
  },
  "runnable": true,
  "phase": "seed",
  "score": 1.3121389955594382
}