{
  "timestamp": "2025-12-14T21:25:12",
  "reference_file": "KernelBench/level2/72_ConvTranspose3d_BatchNorm_AvgPool_AvgPool.py",
  "candidate_file": "/home/hyc/LLMKernel/run/20251214_114735_batch_range56to80_deepseek_deepseek/72_ConvTranspose3d_BatchNorm_AvgPool_AvgPool/code/kernel_20251214_212508.py",
  "tolerance": 0.001,
  "max_abs_err": 4.470348358154297e-08,
  "mean_abs_err": 2.8820459352374428e-09,
  "ref_latency_ms": {
    "avg": 15.931379508972167,
    "min": 15.735808372497559,
    "max": 16.402368545532227,
    "all": [
      16.402368545532227,
      15.996928215026855,
      15.735808372497559,
      15.762432098388672,
      15.759360313415527
    ]
  },
  "test_latency_ms": {
    "avg": 22.312121963500978,
    "min": 22.25766372680664,
    "max": 22.369152069091797,
    "all": [
      22.259872436523438,
      22.25766372680664,
      22.316064834594727,
      22.35785675048828,
      22.369152069091797
    ]
  },
  "num_runs": 5,
  "model_init_args": [
    3,
    16,
    3,
    2,
    1,
    [
      16,
      1,
      1,
      1
    ]
  ],
  "model_init_kwargs": {},
  "seed": 100,
  "align_stats": {
    "pair_aligner": 1,
    "copied_same_shape": 1,
    "mapped_shape": 0,
    "skipped": 0,
    "pair_key": "Model->ModelNew"
  },
  "runnable": true,
  "phase": "seed_repair",
  "score": 0.7140235041307738
}