{
  "timestamp": "2025-12-14T21:30:55",
  "reference_file": "KernelBench/level2/72_ConvTranspose3d_BatchNorm_AvgPool_AvgPool.py",
  "candidate_file": "/home/hyc/LLMKernel/run/20251214_114735_batch_range56to80_deepseek_deepseek/72_ConvTranspose3d_BatchNorm_AvgPool_AvgPool/code/kernel_20251214_213051.py",
  "tolerance": 0.001,
  "max_abs_err": 5.960464477539063e-08,
  "mean_abs_err": 2.914557484245961e-09,
  "ref_latency_ms": {
    "avg": 16.427417755126953,
    "min": 16.350208282470703,
    "max": 16.466943740844727,
    "all": [
      16.45465660095215,
      16.44748878479004,
      16.350208282470703,
      16.466943740844727,
      16.41779136657715
    ]
  },
  "test_latency_ms": {
    "avg": 11.688556671142578,
    "min": 11.263008117675781,
    "max": 11.874303817749023,
    "all": [
      11.874303817749023,
      11.873279571533203,
      11.871232032775879,
      11.560959815979004,
      11.263008117675781
    ]
  },
  "num_runs": 5,
  "model_init_args": [
    3,
    16,
    3,
    2,
    1,
    [
      16,
      1,
      1,
      1
    ]
  ],
  "model_init_kwargs": {},
  "seed": 100,
  "align_stats": {
    "pair_aligner": 1,
    "copied_same_shape": 1,
    "mapped_shape": 0,
    "skipped": 0,
    "pair_key": "Model->ModelNew"
  },
  "runnable": true,
  "phase": "stage1_grid_and_parallel",
  "pytorch_baseline_ms": 15.931379508972167,
  "score": 1.3629894568851713
}