{
  "timestamp": "2025-12-13T08:20:21",
  "reference_file": "KernelBench/level1_low_score/43_Max_Pooling_3D.py",
  "candidate_file": "/home/hyc/LLMKernel/run/20251213_080538_batch_range6to66_openai_deepseek/43_Max_Pooling_3D/code/kernel_20251213_082008.py",
  "tolerance": 0.001,
  "max_abs_err": 0.0,
  "mean_abs_err": 0.0,
  "ref_latency_ms": {
    "avg": 7.5489599227905275,
    "min": 7.542943954467773,
    "max": 7.560192108154297,
    "all": [
      7.560192108154297,
      7.546879768371582,
      7.546879768371582,
      7.542943954467773,
      7.547904014587402
    ]
  },
  "test_latency_ms": {
    "avg": 5.515052795410156,
    "min": 5.513184070587158,
    "max": 5.517312049865723,
    "all": [
      5.517312049865723,
      5.51423978805542,
      5.513216018676758,
      5.513184070587158,
      5.517312049865723
    ]
  },
  "num_runs": 5,
  "model_init_args": [
    3,
    2,
    1,
    3
  ],
  "model_init_kwargs": {},
  "seed": 100,
  "align_stats": {
    "copied_same_shape": 0,
    "unique_shape_copied": 0,
    "mapped_shape": 0,
    "skipped": 0,
    "pair_aligner": 0,
    "pair_key": "Model->ModelNew"
  },
  "runnable": true,
  "phase": "stage4_advanced_memory",
  "pytorch_baseline_ms": 7.549734306335449,
  "score": 1.368932372255554
}