{
  "timestamp": "2025-12-13T08:15:19",
  "reference_file": "KernelBench/level1_low_score/43_Max_Pooling_3D.py",
  "candidate_file": "/home/hyc/LLMKernel/run/20251213_080538_batch_range6to66_openai_deepseek/43_Max_Pooling_3D/code/kernel_20251213_081510.py",
  "tolerance": 0.001,
  "max_abs_err": 0.0,
  "mean_abs_err": 0.0,
  "ref_latency_ms": {
    "avg": 7.548486328125,
    "min": 7.543903827667236,
    "max": 7.559072017669678,
    "all": [
      7.559072017669678,
      7.546879768371582,
      7.546720027923584,
      7.543903827667236,
      7.54585599899292
    ]
  },
  "test_latency_ms": {
    "avg": 7.671187210083008,
    "min": 7.669727802276611,
    "max": 7.672832012176514,
    "all": [
      7.672832012176514,
      7.669727802276611,
      7.670783996582031,
      7.669760227203369,
      7.672832012176514
    ]
  },
  "num_runs": 5,
  "model_init_args": [
    3,
    2,
    1,
    3
  ],
  "model_init_kwargs": {},
  "seed": 100,
  "align_stats": {
    "copied_same_shape": 0,
    "unique_shape_copied": 0,
    "mapped_shape": 0,
    "skipped": 0,
    "pair_aligner": 0,
    "pair_key": "Model->ModelNew"
  },
  "runnable": true,
  "phase": "stage1_grid_and_parallel",
  "pytorch_baseline_ms": 7.549734306335449,
  "score": 0.9841676522262525
}