{
  "timestamp": "2025-12-13T08:14:20",
  "reference_file": "KernelBench/level1_low_score/43_Max_Pooling_3D.py",
  "candidate_file": "/home/hyc/LLMKernel/run/20251213_080538_batch_range6to66_openai_deepseek/43_Max_Pooling_3D/code/kernel_20251213_081410.py",
  "tolerance": 0.001,
  "max_abs_err": 0.0,
  "mean_abs_err": 0.0,
  "ref_latency_ms": {
    "avg": 7.549734306335449,
    "min": 7.546815872192383,
    "max": 7.559167861938477,
    "all": [
      7.559167861938477,
      7.547904014587402,
      7.546815872192383,
      7.547904014587402,
      7.546879768371582
    ]
  },
  "test_latency_ms": {
    "avg": 5.518688011169433,
    "min": 5.516255855560303,
    "max": 5.52342414855957,
    "all": [
      5.519296169281006,
      5.517312049865723,
      5.517151832580566,
      5.516255855560303,
      5.52342414855957
    ]
  },
  "num_runs": 5,
  "model_init_args": [
    3,
    2,
    1,
    3
  ],
  "model_init_kwargs": {},
  "seed": 100,
  "align_stats": {
    "copied_same_shape": 0,
    "unique_shape_copied": 0,
    "mapped_shape": 0,
    "skipped": 0,
    "pair_aligner": 0,
    "pair_key": "Model->ModelNew"
  },
  "runnable": true,
  "phase": "seed",
  "score": 1.3680306426192823
}