{
  "timestamp": "2025-12-14T15:33:11",
  "reference_file": "KernelBench/level2/89_ConvTranspose3d_MaxPool_Softmax_Subtract_Swish_Max.py",
  "candidate_file": "/home/hyc/LLMKernel/run/20251214_114800_batch_range81to100_deepseek_deepseek/89_ConvTranspose3d_MaxPool_Softmax_Subtract_Swish_Max/code/kernel_20251214_153307.py",
  "tolerance": 0.001,
  "max_abs_err": 3.5762786865234375e-07,
  "mean_abs_err": 1.5596462787925702e-08,
  "ref_latency_ms": {
    "avg": 14.823782539367675,
    "min": 14.741503715515137,
    "max": 14.855168342590332,
    "all": [
      14.851072311401367,
      14.83340835571289,
      14.837759971618652,
      14.855168342590332,
      14.741503715515137
    ]
  },
  "test_latency_ms": {
    "avg": 12.975865364074707,
    "min": 12.972031593322754,
    "max": 12.980223655700684,
    "all": [
      12.980223655700684,
      12.977888107299805,
      12.973055839538574,
      12.972031593322754,
      12.976127624511719
    ]
  },
  "num_runs": 5,
  "model_init_args": [
    3,
    16,
    3,
    2,
    1,
    1,
    2,
    2,
    0
  ],
  "model_init_kwargs": {},
  "seed": 100,
  "align_stats": {
    "pair_aligner": 1,
    "copied_same_shape": 1,
    "mapped_shape": 0,
    "skipped": 0,
    "pair_key": "Model->ModelNew"
  },
  "runnable": true,
  "phase": "seed_repair",
  "score": 1.1424118641373358
}