{
  "timestamp": "2025-12-14T15:50:52",
  "reference_file": "KernelBench/level2/89_ConvTranspose3d_MaxPool_Softmax_Subtract_Swish_Max.py",
  "candidate_file": "/home/hyc/LLMKernel/run/20251214_114800_batch_range81to100_deepseek_deepseek/89_ConvTranspose3d_MaxPool_Softmax_Subtract_Swish_Max/code/kernel_20251214_155048.py",
  "tolerance": 0.001,
  "max_abs_err": 3.5762786865234375e-07,
  "mean_abs_err": 1.5600040370600254e-08,
  "ref_latency_ms": {
    "avg": 14.847117042541504,
    "min": 14.836576461791992,
    "max": 14.857215881347656,
    "all": [
      14.857215881347656,
      14.849120140075684,
      14.836576461791992,
      14.846976280212402,
      14.845696449279785
    ]
  },
  "test_latency_ms": {
    "avg": 13.53908462524414,
    "min": 13.524991989135742,
    "max": 13.550527572631836,
    "all": [
      13.550527572631836,
      13.540351867675781,
      13.540224075317383,
      13.539327621459961,
      13.524991989135742
    ]
  },
  "num_runs": 5,
  "model_init_args": [
    3,
    16,
    3,
    2,
    1,
    1,
    2,
    2,
    0
  ],
  "model_init_kwargs": {},
  "seed": 100,
  "align_stats": {
    "pair_aligner": 1,
    "copied_same_shape": 1,
    "mapped_shape": 0,
    "skipped": 0,
    "pair_key": "Model->ModelNew"
  },
  "runnable": true,
  "phase": "stage3_memory_access",
  "pytorch_baseline_ms": 14.823782539367675,
  "score": 1.0948880924880378
}