{
  "timestamp": "2025-12-22T12:44:05",
  "reference_file": "KernelBench/level3/40_GRUHidden.py",
  "candidate_file": "/home/hyc/LLMKernel/run/20251222_124229_40_GRUHidden_openai_deepseek/40_GRUHidden/code/kernel_20251222_124358.py",
  "tolerance": 1,
  "max_abs_err": 0.5863638520240784,
  "mean_abs_err": 0.08693379908800125,
  "ref_latency_ms": {
    "avg": 20.781836700439452,
    "min": 20.66326332092285,
    "max": 20.91209602355957,
    "all": [
      20.91209602355957,
      20.789247512817383,
      20.733888626098633,
      20.810688018798828,
      20.66326332092285
    ]
  },
  "test_latency_ms": {
    "avg": 444.56830444335935,
    "min": 443.99615478515625,
    "max": 445.1397399902344,
    "all": [
      443.99615478515625,
      444.6668701171875,
      444.3351135253906,
      445.1397399902344,
      444.7036437988281
    ]
  },
  "num_runs": 5,
  "model_init_args": [
    128,
    256,
    6
  ],
  "model_init_kwargs": {},
  "seed": 100,
  "align_stats": {
    "copied_same_shape": 0,
    "unique_shape_copied": 1,
    "mapped_shape": 0,
    "skipped": 23,
    "pair_aligner": 0,
    "pair_key": "Model->ModelNew"
  },
  "runnable": true,
  "phase": "seed_0",
  "score": 0.04674610513779257
}