{
  "timestamp": "2025-12-22T12:49:19",
  "reference_file": "KernelBench/level3/40_GRUHidden.py",
  "candidate_file": "/home/hyc/LLMKernel/run/20251222_124229_40_GRUHidden_openai_deepseek/40_GRUHidden/code/kernel_20251222_124910.py",
  "tolerance": 1,
  "max_abs_err": 0.041582830250263214,
  "mean_abs_err": 0.005396542139351368,
  "ref_latency_ms": {
    "avg": 20.670195388793946,
    "min": 20.58835220336914,
    "max": 20.750207901000977,
    "all": [
      20.750207901000977,
      20.674560546875,
      20.63871955871582,
      20.69913673400879,
      20.58835220336914
    ]
  },
  "test_latency_ms": {
    "avg": 449.4905517578125,
    "min": 447.5116882324219,
    "max": 451.7274475097656,
    "all": [
      447.5116882324219,
      448.3438720703125,
      449.2165222167969,
      451.7274475097656,
      450.6532287597656
    ]
  },
  "num_runs": 5,
  "model_init_args": [
    128,
    256,
    6
  ],
  "model_init_kwargs": {},
  "seed": 100,
  "align_stats": {
    "copied_same_shape": 0,
    "unique_shape_copied": 1,
    "mapped_shape": 0,
    "skipped": 23,
    "pair_aligner": 0,
    "pair_key": "Model->ModelNew"
  },
  "runnable": true,
  "phase": "stage1_grid_and_parallel_cand1",
  "pytorch_baseline_ms": 20.781836700439452,
  "score": 0.04623420140683357
}