{
  "timestamp": "2025-12-22T12:47:31",
  "reference_file": "KernelBench/level3/40_GRUHidden.py",
  "candidate_file": "/home/hyc/LLMKernel/run/20251222_124229_40_GRUHidden_openai_deepseek/40_GRUHidden/code/kernel_20251222_124721.py",
  "tolerance": 1,
  "max_abs_err": 0.5863638520240784,
  "mean_abs_err": 0.08693379908800125,
  "ref_latency_ms": {
    "avg": 21.093747329711913,
    "min": 20.985984802246094,
    "max": 21.212831497192383,
    "all": [
      21.212831497192383,
      21.126144409179688,
      21.032224655151367,
      21.11155128479004,
      20.985984802246094
    ]
  },
  "test_latency_ms": {
    "avg": 519.4474365234375,
    "min": 518.3897705078125,
    "max": 521.8040161132812,
    "all": [
      518.9009399414062,
      519.5397338867188,
      521.8040161132812,
      518.6027221679688,
      518.3897705078125
    ]
  },
  "num_runs": 5,
  "model_init_args": [
    128,
    256,
    6
  ],
  "model_init_kwargs": {},
  "seed": 100,
  "align_stats": {
    "copied_same_shape": 0,
    "unique_shape_copied": 1,
    "mapped_shape": 0,
    "skipped": 23,
    "pair_aligner": 0,
    "pair_key": "Model->ModelNew"
  },
  "runnable": true,
  "phase": "stage1_grid_and_parallel_cand0",
  "pytorch_baseline_ms": 20.781836700439452,
  "score": 0.04000758351899533
}