{
  "timestamp": "2025-12-22T12:46:21",
  "reference_file": "KernelBench/level3/40_GRUHidden.py",
  "candidate_file": "/home/hyc/LLMKernel/run/20251222_124229_40_GRUHidden_openai_deepseek/40_GRUHidden/code/kernel_20251222_124615.py",
  "tolerance": 1,
  "max_abs_err": 0.041582830250263214,
  "mean_abs_err": 0.005396542139351368,
  "ref_latency_ms": {
    "avg": 20.912524795532228,
    "min": 20.84454345703125,
    "max": 20.99718475341797,
    "all": [
      20.99718475341797,
      20.9355525970459,
      20.884479522705078,
      20.900863647460938,
      20.84454345703125
    ]
  },
  "test_latency_ms": {
    "avg": 341.3307250976562,
    "min": 340.55474853515625,
    "max": 342.17486572265625,
    "all": [
      341.0770568847656,
      342.0116271972656,
      340.8353271484375,
      340.55474853515625,
      342.17486572265625
    ]
  },
  "num_runs": 5,
  "model_init_args": [
    128,
    256,
    6
  ],
  "model_init_kwargs": {},
  "seed": 100,
  "align_stats": {
    "copied_same_shape": 0,
    "unique_shape_copied": 1,
    "mapped_shape": 0,
    "skipped": 23,
    "pair_aligner": 0,
    "pair_key": "Model->ModelNew"
  },
  "runnable": true,
  "phase": "seed_1",
  "pytorch_baseline_ms": 20.781836700439452,
  "score": 0.06088475244791888
}