{
  "timestamp": "2025-12-28T14:55:37",
  "reference_file": "KernelBench/tt/27_Conv3d_HardSwish_GroupNorm_Mean.py",
  "candidate_file": "/home/hyc/LLMKernel/run/20251228_142934_batch_range24to33_openai_deepseek/27_Conv3d_HardSwish_GroupNorm_Mean/code/kernel_20251228_145531.py",
  "tolerance": 1,
  "max_abs_err": 0.0002600550651550293,
  "mean_abs_err": 0.00011786033428506926,
  "ref_latency_ms": {
    "avg": 15.0687744140625,
    "min": 15.058943748474121,
    "max": 15.080448150634766,
    "all": [
      15.080448150634766,
      15.068160057067871,
      15.068160057067871,
      15.068160057067871,
      15.058943748474121
    ]
  },
  "test_latency_ms": {
    "avg": 7.260582351684571,
    "min": 7.254015922546387,
    "max": 7.267519950866699,
    "all": [
      7.254015922546387,
      7.267519950866699,
      7.265279769897461,
      7.2600321769714355,
      7.256063938140869
    ]
  },
  "num_runs": 5,
  "model_init_args": [
    3,
    16,
    4
  ],
  "model_init_kwargs": {},
  "seed": 100,
  "align_stats": {
    "pair_aligner": 1,
    "copied_same_shape": 1,
    "mapped_shape": 0,
    "skipped": 0,
    "pair_key": "Model->ModelNew"
  },
  "runnable": true,
  "phase": "stage1_grid_and_parallel",
  "score": 2.075422284903401
}