{
  "timestamp": "2025-12-28T14:43:55",
  "reference_file": "KernelBench/tt/27_Conv3d_HardSwish_GroupNorm_Mean.py",
  "candidate_file": "/home/hyc/LLMKernel/run/20251228_142934_batch_range24to33_openai_deepseek/27_Conv3d_HardSwish_GroupNorm_Mean/code/kernel_20251228_144351.py",
  "tolerance": 1,
  "max_abs_err": 1.0728836059570312e-06,
  "mean_abs_err": 1.3841372492606752e-07,
  "ref_latency_ms": {
    "avg": 15.064972877502441,
    "min": 15.059776306152344,
    "max": 15.075136184692383,
    "all": [
      15.075136184692383,
      15.063872337341309,
      15.059776306152344,
      15.06611156463623,
      15.059967994689941
    ]
  },
  "test_latency_ms": {
    "avg": 13.034687995910645,
    "min": 13.026304244995117,
    "max": 13.052831649780273,
    "all": [
      13.038592338562012,
      13.026304244995117,
      13.026335716247559,
      13.029376029968262,
      13.052831649780273
    ]
  },
  "num_runs": 5,
  "model_init_args": [
    3,
    16,
    4
  ],
  "model_init_kwargs": {},
  "seed": 100,
  "align_stats": {
    "pair_aligner": 1,
    "copied_same_shape": 1,
    "mapped_shape": 0,
    "skipped": 0,
    "pair_key": "Model->ModelNew"
  },
  "runnable": true,
  "phase": "seed_1_repair_1",
  "score": 1.1557601441805707
}