{
  "timestamp": "2025-12-28T14:41:51",
  "reference_file": "KernelBench/tt/27_Conv3d_HardSwish_GroupNorm_Mean.py",
  "candidate_file": "/home/hyc/LLMKernel/run/20251228_142934_batch_range24to33_openai_deepseek/27_Conv3d_HardSwish_GroupNorm_Mean/code/kernel_20251228_144146.py",
  "tolerance": 1,
  "max_abs_err": 0.0002598762512207031,
  "mean_abs_err": 0.00011785943934228271,
  "ref_latency_ms": {
    "avg": 15.068569564819336,
    "min": 15.062015533447266,
    "max": 15.080448150634766,
    "all": [
      15.080448150634766,
      15.065088272094727,
      15.065088272094727,
      15.062015533447266,
      15.070207595825195
    ]
  },
  "test_latency_ms": {
    "avg": 7.570841598510742,
    "min": 7.565311908721924,
    "max": 7.577600002288818,
    "all": [
      7.569407939910889,
      7.567359924316406,
      7.565311908721924,
      7.574528217315674,
      7.577600002288818
    ]
  },
  "num_runs": 5,
  "model_init_args": [
    3,
    16,
    4
  ],
  "model_init_kwargs": {},
  "seed": 100,
  "align_stats": {
    "pair_aligner": 1,
    "copied_same_shape": 1,
    "mapped_shape": 0,
    "skipped": 0,
    "pair_key": "Model->ModelNew"
  },
  "runnable": true,
  "phase": "seed_0_repair_1",
  "score": 1.9903427338624375
}