{
  "timestamp": "2025-12-28T14:46:35",
  "reference_file": "KernelBench/tt/27_Conv3d_HardSwish_GroupNorm_Mean.py",
  "candidate_file": "/home/hyc/LLMKernel/run/20251228_142934_batch_range24to33_openai_deepseek/27_Conv3d_HardSwish_GroupNorm_Mean/code/kernel_20251228_144630.py",
  "tolerance": 1,
  "max_abs_err": 0.0002601742744445801,
  "mean_abs_err": 0.00011786014511017129,
  "ref_latency_ms": {
    "avg": 15.080377578735352,
    "min": 15.07414436340332,
    "max": 15.094783782958984,
    "all": [
      15.094783782958984,
      15.080256462097168,
      15.07430362701416,
      15.078399658203125,
      15.07414436340332
    ]
  },
  "test_latency_ms": {
    "avg": 24.237260818481445,
    "min": 24.220672607421875,
    "max": 24.265727996826172,
    "all": [
      24.247295379638672,
      24.223743438720703,
      24.228864669799805,
      24.220672607421875,
      24.265727996826172
    ]
  },
  "num_runs": 5,
  "model_init_args": [
    3,
    16,
    4
  ],
  "model_init_kwargs": {},
  "seed": 100,
  "align_stats": {
    "pair_aligner": 1,
    "copied_same_shape": 1,
    "mapped_shape": 0,
    "skipped": 0,
    "pair_key": "Model->ModelNew"
  },
  "runnable": true,
  "phase": "algorithm_optimized_seed0_repair1",
  "score": 0.6221980978657552
}