{
  "timestamp": "2025-12-15T07:15:36",
  "reference_file": "KernelBench/level2/27_Conv3d_HardSwish_GroupNorm_Mean.py",
  "candidate_file": "/home/hyc/LLMKernel/run/20251215_070855_batch_range26to30_openai_deepseek/27_Conv3d_HardSwish_GroupNorm_Mean/code/kernel_20251215_071531.py",
  "tolerance": 0.001,
  "max_abs_err": 0.0005493760108947754,
  "mean_abs_err": 0.00018326325516682118,
  "ref_latency_ms": {
    "avg": 12.562892723083497,
    "min": 12.558431625366211,
    "max": 12.570624351501465,
    "all": [
      12.570624351501465,
      12.560447692871094,
      12.558431625366211,
      12.56447982788086,
      12.560480117797852
    ]
  },
  "test_latency_ms": {
    "avg": 15.549542427062988,
    "min": 15.53711986541748,
    "max": 15.557408332824707,
    "all": [
      15.53711986541748,
      15.541952133178711,
      15.554559707641602,
      15.557408332824707,
      15.556672096252441
    ]
  },
  "num_runs": 5,
  "model_init_args": [
    3,
    16,
    4
  ],
  "model_init_kwargs": {},
  "seed": 100,
  "align_stats": {
    "pair_aligner": 1,
    "copied_same_shape": 1,
    "mapped_shape": 0,
    "skipped": 0,
    "pair_key": "Model->ModelNew"
  },
  "runnable": true,
  "phase": "stage3_memory_access",
  "pytorch_baseline_ms": 12.57139835357666,
  "score": 0.8084738449728875
}