{
  "timestamp": "2025-12-15T07:16:33",
  "reference_file": "KernelBench/level2/27_Conv3d_HardSwish_GroupNorm_Mean.py",
  "candidate_file": "/home/hyc/LLMKernel/run/20251215_070855_batch_range26to30_openai_deepseek/27_Conv3d_HardSwish_GroupNorm_Mean/code/kernel_20251215_071626.py",
  "tolerance": 0.001,
  "max_abs_err": 0.0005493760108947754,
  "mean_abs_err": 0.00018326325516682118,
  "ref_latency_ms": {
    "avg": 12.45327377319336,
    "min": 12.391424179077148,
    "max": 12.612607955932617,
    "all": [
      12.411904335021973,
      12.391424179077148,
      12.612607955932617,
      12.422143936157227,
      12.428288459777832
    ]
  },
  "test_latency_ms": {
    "avg": 13.295603179931641,
    "min": 13.285375595092773,
    "max": 13.320192337036133,
    "all": [
      13.293567657470703,
      13.29145622253418,
      13.287424087524414,
      13.285375595092773,
      13.320192337036133
    ]
  },
  "num_runs": 5,
  "model_init_args": [
    3,
    16,
    4
  ],
  "model_init_kwargs": {},
  "seed": 100,
  "align_stats": {
    "pair_aligner": 1,
    "copied_same_shape": 1,
    "mapped_shape": 0,
    "skipped": 0,
    "pair_key": "Model->ModelNew"
  },
  "runnable": true,
  "phase": "stage4_advanced_memory",
  "pytorch_baseline_ms": 12.57139835357666,
  "score": 0.9455305023356824
}