{
  "timestamp": "2025-12-15T07:14:08",
  "reference_file": "KernelBench/level2/27_Conv3d_HardSwish_GroupNorm_Mean.py",
  "candidate_file": "/home/hyc/LLMKernel/run/20251215_070855_batch_range26to30_openai_deepseek/27_Conv3d_HardSwish_GroupNorm_Mean/code/kernel_20251215_071403.py",
  "tolerance": 0.001,
  "max_abs_err": 0.0004444718360900879,
  "mean_abs_err": 0.0001291263906750828,
  "ref_latency_ms": {
    "avg": 12.388620758056641,
    "min": 12.381183624267578,
    "max": 12.40390396118164,
    "all": [
      12.40390396118164,
      12.38748836517334,
      12.381183624267578,
      12.385248184204102,
      12.385279655456543
    ]
  },
  "test_latency_ms": {
    "avg": 23.431999969482423,
    "min": 23.345151901245117,
    "max": 23.459903717041016,
    "all": [
      23.345151901245117,
      23.459903717041016,
      23.459840774536133,
      23.4465274810791,
      23.448575973510742
    ]
  },
  "num_runs": 5,
  "model_init_args": [
    3,
    16,
    4
  ],
  "model_init_kwargs": {},
  "seed": 100,
  "align_stats": {
    "pair_aligner": 1,
    "copied_same_shape": 1,
    "mapped_shape": 0,
    "skipped": 0,
    "pair_key": "Model->ModelNew"
  },
  "runnable": true,
  "phase": "stage2_block_tiling",
  "pytorch_baseline_ms": 12.57139835357666,
  "score": 0.5365055637568074
}