{
  "timestamp": "2025-12-15T07:12:43",
  "reference_file": "KernelBench/level2/27_Conv3d_HardSwish_GroupNorm_Mean.py",
  "candidate_file": "/home/hyc/LLMKernel/run/20251215_070855_batch_range26to30_openai_deepseek/27_Conv3d_HardSwish_GroupNorm_Mean/code/kernel_20251215_071239.py",
  "tolerance": 0.001,
  "max_abs_err": 0.0004444718360900879,
  "mean_abs_err": 0.0001291263906750828,
  "ref_latency_ms": {
    "avg": 12.57139835357666,
    "min": 12.56550407409668,
    "max": 12.581888198852539,
    "all": [
      12.581888198852539,
      12.571423530578613,
      12.567551612854004,
      12.56550407409668,
      12.570624351501465
    ]
  },
  "test_latency_ms": {
    "avg": 23.059251022338866,
    "min": 23.008256912231445,
    "max": 23.159807205200195,
    "all": [
      23.013376235961914,
      23.008256912231445,
      23.016447067260742,
      23.09836769104004,
      23.159807205200195
    ]
  },
  "num_runs": 5,
  "model_init_args": [
    3,
    16,
    4
  ],
  "model_init_kwargs": {},
  "seed": 100,
  "align_stats": {
    "pair_aligner": 1,
    "copied_same_shape": 1,
    "mapped_shape": 0,
    "skipped": 0,
    "pair_key": "Model->ModelNew"
  },
  "runnable": true,
  "phase": "seed_repair",
  "score": 0.5451780867209434
}