{
  "timestamp": "2025-12-28T14:53:57",
  "reference_file": "KernelBench/tt/27_Conv3d_HardSwish_GroupNorm_Mean.py",
  "candidate_file": "/home/hyc/LLMKernel/run/20251228_142934_batch_range24to33_openai_deepseek/27_Conv3d_HardSwish_GroupNorm_Mean/code/kernel_20251228_145353.py",
  "tolerance": 1,
  "max_abs_err": 1.0728836059570312e-06,
  "mean_abs_err": 1.4249872037908062e-07,
  "ref_latency_ms": {
    "avg": 15.068972969055176,
    "min": 15.059967994689941,
    "max": 15.077376365661621,
    "all": [
      15.077376365661621,
      15.065088272094727,
      15.068160057067871,
      15.074272155761719,
      15.059967994689941
    ]
  },
  "test_latency_ms": {
    "avg": 10.344217491149902,
    "min": 10.342399597167969,
    "max": 10.346367835998535,
    "all": [
      10.34444808959961,
      10.34547233581543,
      10.342399597167969,
      10.342399597167969,
      10.346367835998535
    ]
  },
  "num_runs": 5,
  "model_init_args": [
    3,
    16,
    4
  ],
  "model_init_kwargs": {},
  "seed": 100,
  "align_stats": {
    "pair_aligner": 1,
    "copied_same_shape": 1,
    "mapped_shape": 0,
    "skipped": 0,
    "pair_key": "Model->ModelNew"
  },
  "runnable": true,
  "phase": "algorithm_optimized_seed1_repair1",
  "score": 1.4567533002808173
}