{
  "timestamp": "2025-12-15T03:57:06",
  "reference_file": "KernelBench/level2/93_ConvTranspose2d_Add_Min_GELU_Multiply.py",
  "candidate_file": "/home/hyc/LLMKernel/run/20251215_024929_batch_range89to100_openai_deepseek/93_ConvTranspose2d_Add_Min_GELU_Multiply/code/kernel_20251215_035702.py",
  "tolerance": 0.001,
  "max_abs_err": 0.0,
  "mean_abs_err": 0.0,
  "ref_latency_ms": {
    "avg": 17.036697769165038,
    "min": 17.02707290649414,
    "max": 17.04857635498047,
    "all": [
      17.04857635498047,
      17.02707290649414,
      17.0383358001709,
      17.03219223022461,
      17.037311553955078
    ]
  },
  "test_latency_ms": {
    "avg": 10.89228801727295,
    "min": 10.737664222717285,
    "max": 10.93836784362793,
    "all": [
      10.93836784362793,
      10.93017578125,
      10.936320304870605,
      10.918911933898926,
      10.737664222717285
    ]
  },
  "num_runs": 5,
  "model_init_args": [
    64,
    128,
    4,
    2,
    0.5,
    2.0
  ],
  "model_init_kwargs": {},
  "seed": 100,
  "align_stats": {
    "pair_aligner": 1,
    "copied_same_shape": 1,
    "mapped_shape": 0,
    "skipped": 0,
    "pair_key": "Model->ModelNew"
  },
  "runnable": true,
  "phase": "seed",
  "score": 1.5641064340337223
}