{
  "timestamp": "2025-12-15T04:31:11",
  "reference_file": "KernelBench/level2/93_ConvTranspose2d_Add_Min_GELU_Multiply.py",
  "candidate_file": "/home/hyc/LLMKernel/run/20251215_024929_batch_range89to100_openai_deepseek/93_ConvTranspose2d_Add_Min_GELU_Multiply/code/kernel_20251215_043105.py",
  "tolerance": 0.001,
  "max_abs_err": 0.0,
  "mean_abs_err": 0.0,
  "ref_latency_ms": {
    "avg": 16.82823066711426,
    "min": 16.819072723388672,
    "max": 16.841632843017578,
    "all": [
      16.83456039428711,
      16.8222713470459,
      16.82361602783203,
      16.841632843017578,
      16.819072723388672
    ]
  },
  "test_latency_ms": {
    "avg": 10.743948936462402,
    "min": 10.7324800491333,
    "max": 10.75171184539795,
    "all": [
      10.75171184539795,
      10.74995231628418,
      10.743840217590332,
      10.74176025390625,
      10.7324800491333
    ]
  },
  "num_runs": 5,
  "model_init_args": [
    64,
    128,
    4,
    2,
    0.5,
    2.0
  ],
  "model_init_kwargs": {},
  "seed": 100,
  "align_stats": {
    "pair_aligner": 1,
    "copied_same_shape": 1,
    "mapped_shape": 0,
    "skipped": 0,
    "pair_key": "Model->ModelNew"
  },
  "runnable": true,
  "phase": "stage3_memory_access",
  "pytorch_baseline_ms": 17.036697769165038,
  "score": 1.5857016698345006
}