{
  "timestamp": "2025-12-15T04:08:24",
  "reference_file": "KernelBench/level2/93_ConvTranspose2d_Add_Min_GELU_Multiply.py",
  "candidate_file": "/home/hyc/LLMKernel/run/20251215_024929_batch_range89to100_openai_deepseek/93_ConvTranspose2d_Add_Min_GELU_Multiply/code/kernel_20251215_040820.py",
  "tolerance": 0.001,
  "max_abs_err": 0.0,
  "mean_abs_err": 0.0,
  "ref_latency_ms": {
    "avg": 16.848998641967775,
    "min": 16.81635284423828,
    "max": 16.881664276123047,
    "all": [
      16.859424591064453,
      16.84172821044922,
      16.81635284423828,
      16.845823287963867,
      16.881664276123047
    ]
  },
  "test_latency_ms": {
    "avg": 10.764646339416505,
    "min": 10.756863594055176,
    "max": 10.772480010986328,
    "all": [
      10.768256187438965,
      10.758272171020508,
      10.756863594055176,
      10.767359733581543,
      10.772480010986328
    ]
  },
  "num_runs": 5,
  "model_init_args": [
    64,
    128,
    4,
    2,
    0.5,
    2.0
  ],
  "model_init_kwargs": {},
  "seed": 100,
  "align_stats": {
    "pair_aligner": 1,
    "copied_same_shape": 1,
    "mapped_shape": 0,
    "skipped": 0,
    "pair_key": "Model->ModelNew"
  },
  "runnable": true,
  "phase": "stage1_repair",
  "pytorch_baseline_ms": 17.036697769165038,
  "score": 1.5826528092039955
}