{
  "timestamp": "2025-12-15T04:42:31",
  "reference_file": "KernelBench/level2/93_ConvTranspose2d_Add_Min_GELU_Multiply.py",
  "candidate_file": "/home/hyc/LLMKernel/run/20251215_024929_batch_range89to100_openai_deepseek/93_ConvTranspose2d_Add_Min_GELU_Multiply/code/kernel_20251215_044226.py",
  "tolerance": 0.001,
  "max_abs_err": 0.0,
  "mean_abs_err": 0.0,
  "ref_latency_ms": {
    "avg": 16.824364471435548,
    "min": 16.816864013671875,
    "max": 16.84172821044922,
    "all": [
      16.84172821044922,
      16.817407608032227,
      16.823551177978516,
      16.816864013671875,
      16.8222713470459
    ]
  },
  "test_latency_ms": {
    "avg": 10.742143821716308,
    "min": 10.736639976501465,
    "max": 10.749823570251465,
    "all": [
      10.742783546447754,
      10.74073600769043,
      10.749823570251465,
      10.74073600769043,
      10.736639976501465
    ]
  },
  "num_runs": 5,
  "model_init_args": [
    64,
    128,
    4,
    2,
    0.5,
    2.0
  ],
  "model_init_kwargs": {},
  "seed": 100,
  "align_stats": {
    "pair_aligner": 1,
    "copied_same_shape": 1,
    "mapped_shape": 0,
    "skipped": 0,
    "pair_key": "Model->ModelNew"
  },
  "runnable": true,
  "phase": "stage4_advanced_memory",
  "pytorch_baseline_ms": 17.036697769165038,
  "score": 1.5859681318661611
}