{
  "timestamp": "2025-12-22T12:36:18",
  "reference_file": "KernelBench/level3/42_GRUBidirectionalHidden.py",
  "candidate_file": "/home/hyc/LLMKernel/run/20251222_123148_42_GRUBidirectionalHidden_openai_deepseek/42_GRUBidirectionalHidden/code/kernel_20251222_123611.py",
  "tolerance": 1,
  "max_abs_err": 1.0341293811798096,
  "mean_abs_err": 0.2064647376537323,
  "ref_latency_ms": {
    "avg": 54.239078521728516,
    "min": 53.696510314941406,
    "max": 55.695167541503906,
    "all": [
      54.04492950439453,
      53.8513298034668,
      55.695167541503906,
      53.90745544433594,
      53.696510314941406
    ]
  },
  "test_latency_ms": {
    "avg": 395.30384521484376,
    "min": 393.5959167480469,
    "max": 395.91290283203125,
    "all": [
      393.5959167480469,
      395.88775634765625,
      395.42877197265625,
      395.6938781738281,
      395.91290283203125
    ]
  },
  "num_runs": 5,
  "model_init_args": [
    128,
    256,
    6
  ],
  "model_init_kwargs": {},
  "seed": 100,
  "align_stats": {
    "copied_same_shape": 0,
    "unique_shape_copied": 0,
    "mapped_shape": 0,
    "skipped": 48,
    "pair_aligner": 0,
    "pair_key": "Model->ModelNew"
  },
  "runnable": true,
  "phase": "seed_1",
  "pytorch_baseline_ms": 53.39736404418945,
  "score": 0.13507929328430515
}