{
  "timestamp": "2025-12-22T12:39:37",
  "reference_file": "KernelBench/level3/42_GRUBidirectionalHidden.py",
  "candidate_file": "/home/hyc/LLMKernel/run/20251222_123148_42_GRUBidirectionalHidden_openai_deepseek/42_GRUBidirectionalHidden/code/kernel_20251222_123929.py",
  "tolerance": 1,
  "max_abs_err": 1.0341293811798096,
  "mean_abs_err": 0.2064647376537323,
  "ref_latency_ms": {
    "avg": 53.31617202758789,
    "min": 52.918270111083984,
    "max": 54.421504974365234,
    "all": [
      53.08195114135742,
      52.986942291259766,
      53.17219161987305,
      52.918270111083984,
      54.421504974365234
    ]
  },
  "test_latency_ms": {
    "avg": 410.60374755859374,
    "min": 410.2430725097656,
    "max": 410.9413146972656,
    "all": [
      410.89129638671875,
      410.4236755371094,
      410.9413146972656,
      410.2430725097656,
      410.5193786621094
    ]
  },
  "num_runs": 5,
  "model_init_args": [
    128,
    256,
    6
  ],
  "model_init_kwargs": {},
  "seed": 100,
  "align_stats": {
    "copied_same_shape": 0,
    "unique_shape_copied": 0,
    "mapped_shape": 0,
    "skipped": 48,
    "pair_aligner": 0,
    "pair_key": "Model->ModelNew"
  },
  "runnable": true,
  "phase": "stage1_grid_and_parallel_cand1",
  "pytorch_baseline_ms": 53.39736404418945,
  "score": 0.1300459734273847
}