{
  "timestamp": "2025-12-22T12:40:49",
  "reference_file": "KernelBench/level3/42_GRUBidirectionalHidden.py",
  "candidate_file": "/home/hyc/LLMKernel/run/20251222_123148_42_GRUBidirectionalHidden_openai_deepseek/42_GRUBidirectionalHidden/code/kernel_20251222_124038.py",
  "tolerance": 1,
  "max_abs_err": 1.034127950668335,
  "mean_abs_err": 0.20646467804908752,
  "ref_latency_ms": {
    "avg": 53.19434814453125,
    "min": 53.077919006347656,
    "max": 53.35033416748047,
    "all": [
      53.35033416748047,
      53.16505432128906,
      53.077919006347656,
      53.1701774597168,
      53.208255767822266
    ]
  },
  "test_latency_ms": {
    "avg": 558.7216918945312,
    "min": 558.2069702148438,
    "max": 559.5321044921875,
    "all": [
      559.5321044921875,
      559.0272827148438,
      558.607666015625,
      558.2344360351562,
      558.2069702148438
    ]
  },
  "num_runs": 5,
  "model_init_args": [
    128,
    256,
    6
  ],
  "model_init_kwargs": {},
  "seed": 100,
  "align_stats": {
    "copied_same_shape": 0,
    "unique_shape_copied": 0,
    "mapped_shape": 0,
    "skipped": 48,
    "pair_aligner": 0,
    "pair_key": "Model->ModelNew"
  },
  "runnable": true,
  "phase": "stage2_block_tiling_cand0",
  "pytorch_baseline_ms": 53.39736404418945,
  "score": 0.09557059412375414
}