{
  "timestamp": "2025-12-22T12:38:07",
  "reference_file": "KernelBench/level3/42_GRUBidirectionalHidden.py",
  "candidate_file": "/home/hyc/LLMKernel/run/20251222_123148_42_GRUBidirectionalHidden_openai_deepseek/42_GRUBidirectionalHidden/code/kernel_20251222_123754.py",
  "tolerance": 1,
  "max_abs_err": 1.0350680351257324,
  "mean_abs_err": 0.20837627351284027,
  "ref_latency_ms": {
    "avg": 53.643045806884764,
    "min": 53.26153564453125,
    "max": 54.17164611816406,
    "all": [
      54.17164611816406,
      53.827903747558594,
      53.316864013671875,
      53.26153564453125,
      53.63727951049805
    ]
  },
  "test_latency_ms": {
    "avg": 756.5475219726562,
    "min": 745.0160522460938,
    "max": 773.8541870117188,
    "all": [
      752.604248046875,
      773.8541870117188,
      745.0160522460938,
      755.0628662109375,
      756.2002563476562
    ]
  },
  "num_runs": 5,
  "model_init_args": [
    128,
    256,
    6
  ],
  "model_init_kwargs": {},
  "seed": 100,
  "align_stats": {
    "copied_same_shape": 0,
    "unique_shape_copied": 0,
    "mapped_shape": 0,
    "skipped": 48,
    "pair_aligner": 0,
    "pair_key": "Model->ModelNew"
  },
  "runnable": true,
  "phase": "stage1_grid_and_parallel_cand0",
  "pytorch_baseline_ms": 53.39736404418945,
  "score": 0.07058031715570061
}