{
  "timestamp": "2025-12-22T12:33:51",
  "reference_file": "KernelBench/level3/42_GRUBidirectionalHidden.py",
  "candidate_file": "/home/hyc/LLMKernel/run/20251222_123148_42_GRUBidirectionalHidden_openai_deepseek/42_GRUBidirectionalHidden/code/kernel_20251222_123341.py",
  "tolerance": 1,
  "max_abs_err": 1.0350680351257324,
  "mean_abs_err": 0.20837627351284027,
  "ref_latency_ms": {
    "avg": 53.39736404418945,
    "min": 52.91961669921875,
    "max": 54.851585388183594,
    "all": [
      54.851585388183594,
      53.195777893066406,
      53.04457473754883,
      52.97526550292969,
      52.91961669921875
    ]
  },
  "test_latency_ms": {
    "avg": 745.8817993164063,
    "min": 744.1766357421875,
    "max": 747.6112060546875,
    "all": [
      744.461181640625,
      744.1766357421875,
      747.6112060546875,
      747.5784301757812,
      745.58154296875
    ]
  },
  "num_runs": 5,
  "model_init_args": [
    128,
    256,
    6
  ],
  "model_init_kwargs": {},
  "seed": 100,
  "align_stats": {
    "copied_same_shape": 0,
    "unique_shape_copied": 0,
    "mapped_shape": 0,
    "skipped": 48,
    "pair_aligner": 0,
    "pair_key": "Model->ModelNew"
  },
  "runnable": true,
  "phase": "seed_0",
  "score": 0.0715895790635026
}