{
  "timestamp": "2025-12-24T10:08:23",
  "reference_file": "KernelBench/selected_kernels/1_flash_attn_ref.py",
  "candidate_file": "/home/hyc/LLMKernel/run/20251224_100543_1_flash_attn_ref_openai_deepseek/1_flash_attn_ref/code/kernel_20251224_100819.py",
  "tolerance": 1,
  "max_abs_err": 0.0016540288925170898,
  "mean_abs_err": 0.00016511086141690612,
  "ref_latency_ms": {
    "avg": 0.12977920174598695,
    "min": 0.12697599828243256,
    "max": 0.1369599997997284,
    "all": [
      0.1369599997997284,
      0.12697599828243256,
      0.12800000607967377,
      0.12800000607967377,
      0.1289599984884262
    ]
  },
  "test_latency_ms": {
    "avg": 0.11589760035276413,
    "min": 0.10956799983978271,
    "max": 0.12390399724245071,
    "all": [
      0.12390399724245071,
      0.11366400122642517,
      0.11151999980211258,
      0.10956799983978271,
      0.12083200365304947
    ]
  },
  "num_runs": 5,
  "model_init_args": [],
  "model_init_kwargs": {},
  "seed": 100,
  "align_stats": {
    "copied_same_shape": 0,
    "unique_shape_copied": 0,
    "mapped_shape": 0,
    "skipped": 0,
    "pair_aligner": 0,
    "pair_key": "Model->ModelNew"
  },
  "runnable": true,
  "phase": "seed_0",
  "score": 1.119774709320733
}