{
  "timestamp": "2025-12-24T10:12:36",
  "reference_file": "KernelBench/selected_kernels/1_flash_attn_ref.py",
  "candidate_file": "/home/hyc/LLMKernel/run/20251224_100543_1_flash_attn_ref_openai_deepseek/1_flash_attn_ref/code/kernel_20251224_101230.py",
  "tolerance": 1,
  "max_abs_err": 0.0014708638191223145,
  "mean_abs_err": 0.00015312261530198157,
  "ref_latency_ms": {
    "avg": 0.20869120061397553,
    "min": 0.1955839991569519,
    "max": 0.22118400037288666,
    "all": [
      0.22118400037288666,
      0.20582400262355804,
      0.1955839991569519,
      0.2181120067834854,
      0.2027519941329956
    ]
  },
  "test_latency_ms": {
    "avg": 0.11366400122642517,
    "min": 0.10547199845314026,
    "max": 0.12595200538635254,
    "all": [
      0.12595200538635254,
      0.11264000087976456,
      0.10751999914646149,
      0.10547199845314026,
      0.11673600226640701
    ]
  },
  "num_runs": 5,
  "model_init_args": [],
  "model_init_kwargs": {},
  "seed": 100,
  "align_stats": {
    "copied_same_shape": 0,
    "unique_shape_copied": 0,
    "mapped_shape": 0,
    "skipped": 0,
    "pair_aligner": 0,
    "pair_key": "Model->ModelNew"
  },
  "runnable": true,
  "phase": "stage2_block_tiling",
  "pytorch_baseline_ms": 0.12977920174598695,
  "score": 1.1417792823205246
}