{
  "timestamp": "2025-12-24T10:10:28",
  "reference_file": "KernelBench/selected_kernels/1_flash_attn_ref.py",
  "candidate_file": "/home/hyc/LLMKernel/run/20251224_100543_1_flash_attn_ref_openai_deepseek/1_flash_attn_ref/code/kernel_20251224_101023.py",
  "tolerance": 1,
  "max_abs_err": 0.0014695525169372559,
  "mean_abs_err": 0.00015122536569833755,
  "ref_latency_ms": {
    "avg": 0.21893120110034942,
    "min": 0.21094399690628052,
    "max": 0.22937600314617157,
    "all": [
      0.22937600314617157,
      0.21401600539684296,
      0.22323200106620789,
      0.2170879989862442,
      0.21094399690628052
    ]
  },
  "test_latency_ms": {
    "avg": 0.1046655997633934,
    "min": 0.09216000139713287,
    "max": 0.12492799758911133,
    "all": [
      0.10768000036478043,
      0.10332799702882767,
      0.09216000139713287,
      0.09523200243711472,
      0.12492799758911133
    ]
  },
  "num_runs": 5,
  "model_init_args": [],
  "model_init_kwargs": {},
  "seed": 100,
  "align_stats": {
    "copied_same_shape": 0,
    "unique_shape_copied": 0,
    "mapped_shape": 0,
    "skipped": 0,
    "pair_aligner": 0,
    "pair_key": "Model->ModelNew"
  },
  "runnable": true,
  "phase": "algorithm_optimized_seed0",
  "pytorch_baseline_ms": 0.12977920174598695,
  "score": 1.2399413182494081
}