{
  "timestamp": "2025-12-24T10:11:27",
  "reference_file": "KernelBench/selected_kernels/1_flash_attn_ref.py",
  "candidate_file": "/home/hyc/LLMKernel/run/20251224_100543_1_flash_attn_ref_openai_deepseek/1_flash_attn_ref/code/kernel_20251224_101120.py",
  "tolerance": 1,
  "max_abs_err": 0.0014708638191223145,
  "mean_abs_err": 0.00015312255709432065,
  "ref_latency_ms": {
    "avg": 0.12838400304317474,
    "min": 0.12492799758911133,
    "max": 0.13312000036239624,
    "all": [
      0.13312000036239624,
      0.12595200538635254,
      0.12492799758911133,
      0.12992000579833984,
      0.12800000607967377
    ]
  },
  "test_latency_ms": {
    "avg": 0.07374720126390458,
    "min": 0.06656000018119812,
    "max": 0.09216000139713287,
    "all": [
      0.09216000139713287,
      0.07168000191450119,
      0.06665600091218948,
      0.06656000018119812,
      0.07168000191450119
    ]
  },
  "num_runs": 5,
  "model_init_args": [],
  "model_init_kwargs": {},
  "seed": 100,
  "align_stats": {
    "copied_same_shape": 0,
    "unique_shape_copied": 0,
    "mapped_shape": 0,
    "skipped": 0,
    "pair_aligner": 0,
    "pair_key": "Model->ModelNew"
  },
  "runnable": true,
  "phase": "stage1_grid_and_parallel",
  "pytorch_baseline_ms": 0.12977920174598695,
  "score": 1.7597847717850565
}