{
  "timestamp": "2025-12-24T10:13:23",
  "reference_file": "KernelBench/selected_kernels/1_flash_attn_ref.py",
  "candidate_file": "/home/hyc/LLMKernel/run/20251224_100543_1_flash_attn_ref_openai_deepseek/1_flash_attn_ref/code/kernel_20251224_101316.py",
  "tolerance": 1,
  "max_abs_err": 0.0014708638191223145,
  "mean_abs_err": 0.0001531224843347445,
  "ref_latency_ms": {
    "avg": 0.12756480127573014,
    "min": 0.12483199685811996,
    "max": 0.13228799402713776,
    "all": [
      0.13228799402713776,
      0.1258240044116974,
      0.12483199685811996,
      0.1268800050020218,
      0.12800000607967377
    ]
  },
  "test_latency_ms": {
    "avg": 0.06820480078458786,
    "min": 0.06451199948787689,
    "max": 0.07475200295448303,
    "all": [
      0.07475200295448303,
      0.06864000111818314,
      0.0655359998345375,
      0.06451199948787689,
      0.06758400052785873
    ]
  },
  "num_runs": 5,
  "model_init_args": [],
  "model_init_kwargs": {},
  "seed": 100,
  "align_stats": {
    "copied_same_shape": 0,
    "unique_shape_copied": 0,
    "mapped_shape": 0,
    "skipped": 0,
    "pair_aligner": 0,
    "pair_key": "Model->ModelNew"
  },
  "runnable": true,
  "phase": "stage3_memory_and_tuning",
  "pytorch_baseline_ms": 0.12977920174598695,
  "score": 1.9027869043393344
}