{
  "timestamp": "2025-12-22T11:48:37",
  "reference_file": "KernelBench/level3/37_LSTMCn.py",
  "candidate_file": "/home/hyc/LLMKernel/run/20251222_114500_37_LSTMCn_openai_deepseek/37_LSTMCn/code/kernel_20251222_114831.py",
  "tolerance": 0.1,
  "max_abs_err": 0.0006781816482543945,
  "mean_abs_err": 4.6844754251651466e-05,
  "ref_latency_ms": {
    "avg": 19.610188674926757,
    "min": 19.533567428588867,
    "max": 19.808256149291992,
    "all": [
      19.808256149291992,
      19.60652732849121,
      19.548288345336914,
      19.533567428588867,
      19.554304122924805
    ]
  },
  "test_latency_ms": {
    "avg": 194.0111328125,
    "min": 192.43724060058594,
    "max": 194.8897247314453,
    "all": [
      193.5984649658203,
      192.43724060058594,
      194.54258728027344,
      194.587646484375,
      194.8897247314453
    ]
  },
  "num_runs": 5,
  "model_init_args": [
    128,
    256,
    6,
    10,
    0.0
  ],
  "model_init_kwargs": {},
  "seed": 100,
  "align_stats": {
    "copied_same_shape": 26,
    "unique_shape_copied": 0,
    "mapped_shape": 0,
    "skipped": 0,
    "pair_aligner": 0,
    "pair_key": "Model->ModelNew"
  },
  "runnable": true,
  "phase": "seed_0",
  "score": 0.10107764637341103
}