{
  "timestamp": "2025-12-22T12:02:32",
  "reference_file": "KernelBench/level3/37_LSTMCn.py",
  "candidate_file": "/home/hyc/LLMKernel/run/20251222_114500_37_LSTMCn_openai_deepseek/37_LSTMCn/code/kernel_20251222_120226.py",
  "tolerance": 0.1,
  "max_abs_err": 0.0006781816482543945,
  "mean_abs_err": 4.6844754251651466e-05,
  "ref_latency_ms": {
    "avg": 19.620889282226564,
    "min": 19.542015075683594,
    "max": 19.7969913482666,
    "all": [
      19.7969913482666,
      19.6507511138916,
      19.542015075683594,
      19.556352615356445,
      19.55833625793457
    ]
  },
  "test_latency_ms": {
    "avg": 196.1442077636719,
    "min": 195.8304901123047,
    "max": 196.5281219482422,
    "all": [
      196.28953552246094,
      196.1123809814453,
      195.8304901123047,
      196.5281219482422,
      195.96051025390625
    ]
  },
  "num_runs": 5,
  "model_init_args": [
    128,
    256,
    6,
    10,
    0.0
  ],
  "model_init_kwargs": {},
  "seed": 100,
  "align_stats": {
    "copied_same_shape": 26,
    "unique_shape_copied": 0,
    "mapped_shape": 0,
    "skipped": 0,
    "pair_aligner": 0,
    "pair_key": "Model->ModelNew"
  },
  "runnable": true,
  "phase": "stage1_grid_and_parallel_cand0",
  "pytorch_baseline_ms": 19.610188674926757,
  "score": 0.0999784235206908
}