{
  "timestamp": "2025-12-16T09:44:38",
  "reference_file": "KernelBench/level3/50_ReLUSelfAttention.py",
  "candidate_file": "/home/hyc/LLMKernel/run/20251216_085416_batch_range45to50_openai_deepseek/50_ReLUSelfAttention/code/kernel_20251216_094433.py",
  "tolerance": 0.1,
  "max_abs_err": 0.2733917236328125,
  "mean_abs_err": 0.0048117502592504025,
  "ref_latency_ms": {
    "avg": 12.134150505065918,
    "min": 12.108768463134766,
    "max": 12.149760246276855,
    "all": [
      12.149760246276855,
      12.14566421508789,
      12.143424034118652,
      12.123135566711426,
      12.108768463134766
    ]
  },
  "test_latency_ms": {
    "avg": 4.997119998931884,
    "min": 4.988927841186523,
    "max": 5.006336212158203,
    "all": [
      5.006336212158203,
      4.993023872375488,
      4.988927841186523,
      4.997119903564453,
      5.000192165374756
    ]
  },
  "num_runs": 5,
  "model_init_args": [
    768,
    12,
    1024
  ],
  "model_init_kwargs": {},
  "seed": 100,
  "align_stats": {
    "copied_same_shape": 5,
    "unique_shape_copied": 0,
    "mapped_shape": 0,
    "skipped": 0,
    "pair_aligner": 0,
    "pair_key": "Model->ModelNew"
  },
  "runnable": true,
  "phase": "seed_repair",
  "score": 2.4282287612984175
}