{
  "timestamp": "2025-12-28T10:40:28",
  "reference_file": "KernelBench/select2/14_Matmul_for_upper_triangular_matrices.py",
  "candidate_file": "/home/hyc/LLMKernel/run/20251228_103215_batch_range14to22_openai_deepseek/14_Matmul_for_upper_triangular_matrices/code/kernel_20251228_104023.py",
  "tolerance": 1,
  "max_abs_err": 0.7371826171875,
  "mean_abs_err": 0.14378194510936737,
  "ref_latency_ms": {
    "avg": 2.7774847984313964,
    "min": 2.770944118499756,
    "max": 2.783360004425049,
    "all": [
      2.783360004425049,
      2.777087926864624,
      2.770944118499756,
      2.780992031097412,
      2.7750399112701416
    ]
  },
  "test_latency_ms": {
    "avg": 0.9378688097000122,
    "min": 0.9217600226402283,
    "max": 0.9646720290184021,
    "all": [
      0.9217600226402283,
      0.9238719940185547,
      0.9646720290184021,
      0.936959981918335,
      0.942080020904541
    ]
  },
  "num_runs": 5,
  "model_init_args": [],
  "model_init_kwargs": {},
  "seed": 100,
  "align_stats": {
    "copied_same_shape": 0,
    "unique_shape_copied": 0,
    "mapped_shape": 0,
    "skipped": 0,
    "pair_aligner": 0,
    "pair_key": "Model->ModelNew"
  },
  "runnable": true,
  "phase": "stage2_block_tiling",
  "pytorch_baseline_ms": 2.7746303558349608,
  "score": 2.958441870694535
}