{
  "timestamp": "2025-12-12T19:26:22",
  "reference_file": "KernelBench/level1/14_Matmul_for_upper_triangular_matrices.py",
  "candidate_file": "/home/hyc/LLMKernel/run/20251212_170043_batch_range5to40_deepseek_deepseek/14_Matmul_for_upper_triangular_matrices/code/kernel_20251212_192618.py",
  "tolerance": 0.001,
  "max_abs_err": 0.00323486328125,
  "mean_abs_err": 0.00010783403558889404,
  "ref_latency_ms": {
    "avg": 2.5330559730529787,
    "min": 2.526911973953247,
    "max": 2.5415680408477783,
    "all": [
      2.5415680408477783,
      2.5323519706726074,
      2.5282559394836426,
      2.536191940307617,
      2.526911973953247
    ]
  },
  "test_latency_ms": {
    "avg": 4.648249530792237,
    "min": 4.645823955535889,
    "max": 4.65177583694458,
    "all": [
      4.651008129119873,
      4.645887851715088,
      4.645823955535889,
      4.646751880645752,
      4.65177583694458
    ]
  },
  "num_runs": 5,
  "model_init_args": [],
  "model_init_kwargs": {},
  "seed": 100,
  "align_stats": {
    "copied_same_shape": 0,
    "unique_shape_copied": 0,
    "mapped_shape": 0,
    "skipped": 0,
    "pair_aligner": 0,
    "pair_key": "Model->ModelNew"
  },
  "runnable": true,
  "phase": "seed_repair",
  "score": 0.544948363092988
}