{
  "timestamp": "2025-12-28T10:36:01",
  "reference_file": "KernelBench/select2/14_Matmul_for_upper_triangular_matrices.py",
  "candidate_file": "/home/hyc/LLMKernel/run/20251228_103215_batch_range14to22_openai_deepseek/14_Matmul_for_upper_triangular_matrices/code/kernel_20251228_103557.py",
  "tolerance": 1,
  "max_abs_err": 0.7371826171875,
  "mean_abs_err": 0.14378194510936737,
  "ref_latency_ms": {
    "avg": 2.776415967941284,
    "min": 2.770751953125,
    "max": 2.7832319736480713,
    "all": [
      2.7832319736480713,
      2.7749760150909424,
      2.775871992111206,
      2.777247905731201,
      2.770751953125
    ]
  },
  "test_latency_ms": {
    "avg": 1.6758016347885132,
    "min": 1.6291840076446533,
    "max": 1.8534400463104248,
    "all": [
      1.6320960521697998,
      1.8534400463104248,
      1.6291840076446533,
      1.6312320232391357,
      1.6330560445785522
    ]
  },
  "num_runs": 5,
  "model_init_args": [],
  "model_init_kwargs": {},
  "seed": 100,
  "align_stats": {
    "copied_same_shape": 0,
    "unique_shape_copied": 0,
    "mapped_shape": 0,
    "skipped": 0,
    "pair_aligner": 0,
    "pair_key": "Model->ModelNew"
  },
  "runnable": true,
  "phase": "algorithm_optimized_seed0",
  "pytorch_baseline_ms": 2.7746303558349608,
  "score": 1.6557033351892632
}