{
  "timestamp": "2025-12-28T10:38:16",
  "reference_file": "KernelBench/select2/14_Matmul_for_upper_triangular_matrices.py",
  "candidate_file": "/home/hyc/LLMKernel/run/20251228_103215_batch_range14to22_openai_deepseek/14_Matmul_for_upper_triangular_matrices/code/kernel_20251228_103812.py",
  "tolerance": 1,
  "max_abs_err": 0.7371826171875,
  "mean_abs_err": 0.14378194510936737,
  "ref_latency_ms": {
    "avg": 2.7746816158294676,
    "min": 2.7690560817718506,
    "max": 2.78220796585083,
    "all": [
      2.78220796585083,
      2.7751359939575195,
      2.770944118499756,
      2.776063919067383,
      2.7690560817718506
    ]
  },
  "test_latency_ms": {
    "avg": 0.8479039907455445,
    "min": 0.8439679741859436,
    "max": 0.851967990398407,
    "all": [
      0.851967990398407,
      0.8468480110168457,
      0.8439679741859436,
      0.8457919955253601,
      0.8509439826011658
    ]
  },
  "num_runs": 5,
  "model_init_args": [],
  "model_init_kwargs": {},
  "seed": 100,
  "align_stats": {
    "copied_same_shape": 0,
    "unique_shape_copied": 0,
    "mapped_shape": 0,
    "skipped": 0,
    "pair_aligner": 0,
    "pair_key": "Model->ModelNew"
  },
  "runnable": true,
  "phase": "algorithm_optimized_seed1_repair1",
  "pytorch_baseline_ms": 2.7746303558349608,
  "score": 3.272340248564328
}