{
  "timestamp": "2025-12-28T10:33:28",
  "reference_file": "KernelBench/select2/14_Matmul_for_upper_triangular_matrices.py",
  "candidate_file": "/home/hyc/LLMKernel/run/20251228_103215_batch_range14to22_openai_deepseek/14_Matmul_for_upper_triangular_matrices/code/kernel_20251228_103325.py",
  "tolerance": 1,
  "max_abs_err": 0.7371826171875,
  "mean_abs_err": 0.14378194510936737,
  "ref_latency_ms": {
    "avg": 2.776652765274048,
    "min": 2.7718400955200195,
    "max": 2.7801599502563477,
    "all": [
      2.7801599502563477,
      2.7801599502563477,
      2.7718400955200195,
      2.7791359424591064,
      2.771967887878418
    ]
  },
  "test_latency_ms": {
    "avg": 2.4233728408813477,
    "min": 2.4195199012756348,
    "max": 2.4289920330047607,
    "all": [
      2.420736074447632,
      2.4238080978393555,
      2.4289920330047607,
      2.4195199012756348,
      2.4238080978393555
    ]
  },
  "num_runs": 5,
  "model_init_args": [],
  "model_init_kwargs": {},
  "seed": 100,
  "align_stats": {
    "copied_same_shape": 0,
    "unique_shape_copied": 0,
    "mapped_shape": 0,
    "skipped": 0,
    "pair_aligner": 0,
    "pair_key": "Model->ModelNew"
  },
  "runnable": true,
  "phase": "seed_0_repair_1",
  "score": 1.1457802606487153
}