{
  "timestamp": "2025-12-12T19:36:04",
  "reference_file": "KernelBench/level1/14_Matmul_for_upper_triangular_matrices.py",
  "candidate_file": "/home/hyc/LLMKernel/run/20251212_170043_batch_range5to40_deepseek_deepseek/14_Matmul_for_upper_triangular_matrices/code/kernel_20251212_193558.py",
  "tolerance": 0.001,
  "max_abs_err": 0.00323486328125,
  "mean_abs_err": 0.00010783403558889404,
  "ref_latency_ms": {
    "avg": 2.503270387649536,
    "min": 2.4995839595794678,
    "max": 2.505728006362915,
    "all": [
      2.5036799907684326,
      2.50163197517395,
      2.4995839595794678,
      2.505728006362915,
      2.505728006362915
    ]
  },
  "test_latency_ms": {
    "avg": 39.4158073425293,
    "min": 39.26425552368164,
    "max": 39.6992301940918,
    "all": [
      39.38713455200195,
      39.37177658081055,
      39.35663986206055,
      39.26425552368164,
      39.6992301940918
    ]
  },
  "num_runs": 5,
  "model_init_args": [],
  "model_init_kwargs": {},
  "seed": 100,
  "align_stats": {
    "copied_same_shape": 0,
    "unique_shape_copied": 0,
    "mapped_shape": 0,
    "skipped": 0,
    "pair_aligner": 0,
    "pair_key": "Model->ModelNew"
  },
  "runnable": true,
  "phase": "stage2_block_tiling",
  "pytorch_baseline_ms": 2.5330559730529787,
  "score": 0.0642649775264107
}