{
  "timestamp": "2025-12-12T19:46:35",
  "reference_file": "KernelBench/level1/14_Matmul_for_upper_triangular_matrices.py",
  "candidate_file": "/home/hyc/LLMKernel/run/20251212_170043_batch_range5to40_deepseek_deepseek/14_Matmul_for_upper_triangular_matrices/code/kernel_20251212_194629.py",
  "tolerance": 0.001,
  "max_abs_err": 0.00323486328125,
  "mean_abs_err": 0.00010783403558889404,
  "ref_latency_ms": {
    "avg": 2.4719871997833254,
    "min": 2.3664638996124268,
    "max": 2.6903040409088135,
    "all": [
      2.3859200477600098,
      2.3664638996124268,
      2.6903040409088135,
      2.5374720096588135,
      2.3797760009765625
    ]
  },
  "test_latency_ms": {
    "avg": 4.0901312828063965,
    "min": 4.087808132171631,
    "max": 4.09171199798584,
    "all": [
      4.091648101806641,
      4.088736057281494,
      4.090752124786377,
      4.087808132171631,
      4.09171199798584
    ]
  },
  "num_runs": 5,
  "model_init_args": [],
  "model_init_kwargs": {},
  "seed": 100,
  "align_stats": {
    "copied_same_shape": 0,
    "unique_shape_copied": 0,
    "mapped_shape": 0,
    "skipped": 0,
    "pair_aligner": 0,
    "pair_key": "Model->ModelNew"
  },
  "runnable": true,
  "phase": "stage4_advanced_memory",
  "pytorch_baseline_ms": 2.5330559730529787,
  "score": 0.6193092098782099
}