{
  "timestamp": "2025-12-28T10:39:46",
  "reference_file": "KernelBench/select2/14_Matmul_for_upper_triangular_matrices.py",
  "candidate_file": "/home/hyc/LLMKernel/run/20251228_103215_batch_range14to22_openai_deepseek/14_Matmul_for_upper_triangular_matrices/code/kernel_20251228_103941.py",
  "tolerance": 1,
  "max_abs_err": 0.7371826171875,
  "mean_abs_err": 0.14378194510936737,
  "ref_latency_ms": {
    "avg": 2.778668737411499,
    "min": 2.7740159034729004,
    "max": 2.790112018585205,
    "all": [
      2.790112018585205,
      2.776063919067383,
      2.7750399112701416,
      2.7781119346618652,
      2.7740159034729004
    ]
  },
  "test_latency_ms": {
    "avg": 0.8349695920944213,
    "min": 0.8212800025939941,
    "max": 0.8447999954223633,
    "all": [
      0.8447999954223633,
      0.836575984954834,
      0.8284159898757935,
      0.8212800025939941,
      0.8437759876251221
    ]
  },
  "num_runs": 5,
  "model_init_args": [],
  "model_init_kwargs": {},
  "seed": 100,
  "align_stats": {
    "copied_same_shape": 0,
    "unique_shape_copied": 0,
    "mapped_shape": 0,
    "skipped": 0,
    "pair_aligner": 0,
    "pair_key": "Model->ModelNew"
  },
  "runnable": true,
  "phase": "stage1_grid_and_parallel",
  "pytorch_baseline_ms": 2.7746303558349608,
  "score": 3.3230316194810547
}