{
  "timestamp": "2025-12-28T10:34:06",
  "reference_file": "KernelBench/select2/14_Matmul_for_upper_triangular_matrices.py",
  "candidate_file": "/home/hyc/LLMKernel/run/20251228_103215_batch_range14to22_openai_deepseek/14_Matmul_for_upper_triangular_matrices/code/kernel_20251228_103402.py",
  "tolerance": 1,
  "max_abs_err": 0.7371826171875,
  "mean_abs_err": 0.14378194510936737,
  "ref_latency_ms": {
    "avg": 2.7746303558349608,
    "min": 2.7699201107025146,
    "max": 2.7781119346618652,
    "all": [
      2.7781119346618652,
      2.776063919067383,
      2.7740159034729004,
      2.7750399112701416,
      2.7699201107025146
    ]
  },
  "test_latency_ms": {
    "avg": 3.5772416591644287,
    "min": 3.5727360248565674,
    "max": 3.5819520950317383,
    "all": [
      3.5788800716400146,
      3.5727360248565674,
      3.5768320560455322,
      3.575808048248291,
      3.5819520950317383
    ]
  },
  "num_runs": 5,
  "model_init_args": [],
  "model_init_kwargs": {},
  "seed": 100,
  "align_stats": {
    "copied_same_shape": 0,
    "unique_shape_copied": 0,
    "mapped_shape": 0,
    "skipped": 0,
    "pair_aligner": 0,
    "pair_key": "Model->ModelNew"
  },
  "runnable": true,
  "phase": "seed_1",
  "score": 0.7756340276108319
}