{
  "timestamp": "2025-12-28T17:33:19",
  "reference_file": "KernelBench/tt/96_ConvTranspose3d_Multiply_Max_GlobalAvgPool_Clamp.py",
  "candidate_file": "/home/hyc/LLMKernel/run/20251228_161834_batch_range88to100_openai_deepseek/96_ConvTranspose3d_Multiply_Max_GlobalAvgPool_Clamp/code/kernel_20251228_173315.py",
  "tolerance": 1,
  "max_abs_err": 1.1175870895385742e-08,
  "mean_abs_err": 8.067218004725873e-10,
  "ref_latency_ms": {
    "avg": 15.467705535888673,
    "min": 15.464447975158691,
    "max": 15.472640037536621,
    "all": [
      15.472640037536621,
      15.464447975158691,
      15.465472221374512,
      15.4684476852417,
      15.467519760131836
    ]
  },
  "test_latency_ms": {
    "avg": 12.806758499145507,
    "min": 12.803071975708008,
    "max": 12.816384315490723,
    "all": [
      12.805120468139648,
      12.816384315490723,
      12.806143760681152,
      12.803071975708008,
      12.803071975708008
    ]
  },
  "num_runs": 5,
  "model_init_args": [
    3,
    16,
    3,
    2,
    1,
    0.5,
    2
  ],
  "model_init_kwargs": {},
  "seed": 100,
  "align_stats": {
    "pair_aligner": 1,
    "copied_same_shape": 1,
    "mapped_shape": 0,
    "skipped": 0,
    "pair_key": "Model->ModelNew"
  },
  "runnable": true,
  "phase": "seed_0",
  "score": 1.2077767794966001
}