{
  "timestamp": "2025-12-28T17:49:34",
  "reference_file": "KernelBench/tt/96_ConvTranspose3d_Multiply_Max_GlobalAvgPool_Clamp.py",
  "candidate_file": "/home/hyc/LLMKernel/run/20251228_161834_batch_range88to100_openai_deepseek/96_ConvTranspose3d_Multiply_Max_GlobalAvgPool_Clamp/code/kernel_20251228_174930.py",
  "tolerance": 1,
  "max_abs_err": 7.078051567077637e-08,
  "mean_abs_err": 1.0713620213209651e-08,
  "ref_latency_ms": {
    "avg": 15.466700744628906,
    "min": 15.459327697753906,
    "max": 15.47980785369873,
    "all": [
      15.47980785369873,
      15.459327697753906,
      15.464447975158691,
      15.462400436401367,
      15.467519760131836
    ]
  },
  "test_latency_ms": {
    "avg": 12.609919929504395,
    "min": 12.598272323608398,
    "max": 12.626943588256836,
    "all": [
      12.611455917358398,
      12.605440139770508,
      12.626943588256836,
      12.598272323608398,
      12.607487678527832
    ]
  },
  "num_runs": 5,
  "model_init_args": [
    3,
    16,
    3,
    2,
    1,
    0.5,
    2
  ],
  "model_init_kwargs": {},
  "seed": 100,
  "align_stats": {
    "pair_aligner": 1,
    "copied_same_shape": 1,
    "mapped_shape": 0,
    "skipped": 0,
    "pair_key": "Model->ModelNew"
  },
  "runnable": true,
  "phase": "stage1_grid_and_parallel",
  "pytorch_baseline_ms": 15.467705535888673,
  "score": 1.2266299566024759
}