{
  "timestamp": "2025-12-28T17:56:00",
  "reference_file": "KernelBench/tt/96_ConvTranspose3d_Multiply_Max_GlobalAvgPool_Clamp.py",
  "candidate_file": "/home/hyc/LLMKernel/run/20251228_161834_batch_range88to100_openai_deepseek/96_ConvTranspose3d_Multiply_Max_GlobalAvgPool_Clamp/code/kernel_20251228_175555.py",
  "tolerance": 1,
  "max_abs_err": 5.587935447692871e-08,
  "mean_abs_err": 7.262087819981389e-09,
  "ref_latency_ms": {
    "avg": 15.475059318542481,
    "min": 15.467328071594238,
    "max": 15.484928131103516,
    "all": [
      15.484928131103516,
      15.467328071594238,
      15.473664283752441,
      15.476736068725586,
      15.472640037536621
    ]
  },
  "test_latency_ms": {
    "avg": 12.36296329498291,
    "min": 12.356639862060547,
    "max": 12.375040054321289,
    "all": [
      12.375040054321289,
      12.364800453186035,
      12.356639862060547,
      12.35763168334961,
      12.36070442199707
    ]
  },
  "num_runs": 5,
  "model_init_args": [
    3,
    16,
    3,
    2,
    1,
    0.5,
    2
  ],
  "model_init_kwargs": {},
  "seed": 100,
  "align_stats": {
    "pair_aligner": 1,
    "copied_same_shape": 1,
    "mapped_shape": 0,
    "skipped": 0,
    "pair_key": "Model->ModelNew"
  },
  "runnable": true,
  "phase": "stage2_block_tiling_repair",
  "pytorch_baseline_ms": 15.467705535888673,
  "score": 1.251132529218599
}