{
  "timestamp": "2025-12-28T18:01:57",
  "reference_file": "KernelBench/tt/96_ConvTranspose3d_Multiply_Max_GlobalAvgPool_Clamp.py",
  "candidate_file": "/home/hyc/LLMKernel/run/20251228_161834_batch_range88to100_openai_deepseek/96_ConvTranspose3d_Multiply_Max_GlobalAvgPool_Clamp/code/kernel_20251228_180153.py",
  "tolerance": 1,
  "max_abs_err": 5.587935447692871e-08,
  "mean_abs_err": 7.262087819981389e-09,
  "ref_latency_ms": {
    "avg": 15.47196159362793,
    "min": 15.467519760131836,
    "max": 15.475711822509766,
    "all": [
      15.472512245178223,
      15.475711822509766,
      15.470399856567383,
      15.473664283752441,
      15.467519760131836
    ]
  },
  "test_latency_ms": {
    "avg": 12.511814498901368,
    "min": 12.507136344909668,
    "max": 12.517375946044922,
    "all": [
      12.517375946044922,
      12.514143943786621,
      12.507136344909668,
      12.513152122497559,
      12.507264137268066
    ]
  },
  "num_runs": 5,
  "model_init_args": [
    3,
    16,
    3,
    2,
    1,
    0.5,
    2
  ],
  "model_init_kwargs": {},
  "seed": 100,
  "align_stats": {
    "pair_aligner": 1,
    "copied_same_shape": 1,
    "mapped_shape": 0,
    "skipped": 0,
    "pair_key": "Model->ModelNew"
  },
  "runnable": true,
  "phase": "stage3_memory_and_tuning",
  "pytorch_baseline_ms": 15.467705535888673,
  "score": 1.2362479908287367
}