{
  "timestamp": "2025-12-14T19:09:27",
  "reference_file": "KernelBench/level2/96_ConvTranspose3d_Multiply_Max_GlobalAvgPool_Clamp.py",
  "candidate_file": "/home/hyc/LLMKernel/run/20251214_114800_batch_range81to100_deepseek_deepseek/96_ConvTranspose3d_Multiply_Max_GlobalAvgPool_Clamp/code/kernel_20251214_190923.py",
  "tolerance": 0.001,
  "max_abs_err": 3.3527612686157227e-08,
  "mean_abs_err": 3.717332219821401e-09,
  "ref_latency_ms": {
    "avg": 14.761779022216796,
    "min": 14.750720024108887,
    "max": 14.781439781188965,
    "all": [
      14.781439781188965,
      14.753791809082031,
      14.761983871459961,
      14.76095962524414,
      14.750720024108887
    ]
  },
  "test_latency_ms": {
    "avg": 15.561523056030273,
    "min": 15.308799743652344,
    "max": 15.855615615844727,
    "all": [
      15.855615615844727,
      15.849472045898438,
      15.482879638671875,
      15.308799743652344,
      15.310848236083984
    ]
  },
  "num_runs": 5,
  "model_init_args": [
    3,
    16,
    3,
    2,
    1,
    0.5,
    2
  ],
  "model_init_kwargs": {},
  "seed": 100,
  "align_stats": {
    "pair_aligner": 1,
    "copied_same_shape": 1,
    "mapped_shape": 0,
    "skipped": 0,
    "pair_key": "Model->ModelNew"
  },
  "runnable": true,
  "phase": "stage1_grid_and_parallel",
  "pytorch_baseline_ms": 14.739654350280762,
  "score": 0.9471858440340114
}