{
  "timestamp": "2025-12-28T17:43:41",
  "reference_file": "KernelBench/tt/96_ConvTranspose3d_Multiply_Max_GlobalAvgPool_Clamp.py",
  "candidate_file": "/home/hyc/LLMKernel/run/20251228_161834_batch_range88to100_openai_deepseek/96_ConvTranspose3d_Multiply_Max_GlobalAvgPool_Clamp/code/kernel_20251228_174336.py",
  "tolerance": 1,
  "max_abs_err": 0.5876616835594177,
  "mean_abs_err": 0.11404983699321747,
  "ref_latency_ms": {
    "avg": 15.464460754394532,
    "min": 15.457183837890625,
    "max": 15.473664283752441,
    "all": [
      15.473664283752441,
      15.463423728942871,
      15.457183837890625,
      15.46662425994873,
      15.461407661437988
    ]
  },
  "test_latency_ms": {
    "avg": 24.892793655395508,
    "min": 24.87596893310547,
    "max": 24.915008544921875,
    "all": [
      24.898399353027344,
      24.88115119934082,
      24.89344024658203,
      24.87596893310547,
      24.915008544921875
    ]
  },
  "num_runs": 5,
  "model_init_args": [
    3,
    16,
    3,
    2,
    1,
    0.5,
    2
  ],
  "model_init_kwargs": {},
  "seed": 100,
  "align_stats": {
    "pair_aligner": 1,
    "copied_same_shape": 1,
    "mapped_shape": 0,
    "skipped": 0,
    "pair_key": "Model->ModelNew"
  },
  "runnable": true,
  "phase": "algorithm_optimized_seed1",
  "pytorch_baseline_ms": 15.467705535888673,
  "score": 0.6213728258072011
}