{
  "timestamp": "2025-12-14T19:01:23",
  "reference_file": "KernelBench/level2/96_ConvTranspose3d_Multiply_Max_GlobalAvgPool_Clamp.py",
  "candidate_file": "/home/hyc/LLMKernel/run/20251214_114800_batch_range81to100_deepseek_deepseek/96_ConvTranspose3d_Multiply_Max_GlobalAvgPool_Clamp/code/kernel_20251214_190119.py",
  "tolerance": 0.001,
  "max_abs_err": 2.980232238769531e-07,
  "mean_abs_err": 3.999366526841186e-08,
  "ref_latency_ms": {
    "avg": 14.739654350280762,
    "min": 14.735199928283691,
    "max": 14.750720024108887,
    "all": [
      14.750720024108887,
      14.737536430358887,
      14.737407684326172,
      14.735199928283691,
      14.737407684326172
    ]
  },
  "test_latency_ms": {
    "avg": 30.48725128173828,
    "min": 30.472896575927734,
    "max": 30.527488708496094,
    "all": [
      30.527488708496094,
      30.483295440673828,
      30.472896575927734,
      30.477312088012695,
      30.475263595581055
    ]
  },
  "num_runs": 5,
  "model_init_args": [
    3,
    16,
    3,
    2,
    1,
    0.5,
    2
  ],
  "model_init_kwargs": {},
  "seed": 100,
  "align_stats": {
    "pair_aligner": 1,
    "copied_same_shape": 1,
    "mapped_shape": 0,
    "skipped": 0,
    "pair_key": "Model->ModelNew"
  },
  "runnable": true,
  "phase": "seed_repair",
  "score": 0.4834694415074981
}