{
  "timestamp": "2025-12-14T19:40:58",
  "reference_file": "KernelBench/level2/96_ConvTranspose3d_Multiply_Max_GlobalAvgPool_Clamp.py",
  "candidate_file": "/home/hyc/LLMKernel/run/20251214_114800_batch_range81to100_deepseek_deepseek/96_ConvTranspose3d_Multiply_Max_GlobalAvgPool_Clamp/code/kernel_20251214_194054.py",
  "tolerance": 0.001,
  "max_abs_err": 1.862645149230957e-08,
  "mean_abs_err": 2.6332145353080705e-09,
  "ref_latency_ms": {
    "avg": 14.72453784942627,
    "min": 14.677023887634277,
    "max": 14.743552207946777,
    "all": [
      14.743552207946777,
      14.729344367980957,
      14.740480422973633,
      14.732288360595703,
      14.677023887634277
    ]
  },
  "test_latency_ms": {
    "avg": 15.169561576843261,
    "min": 15.166463851928711,
    "max": 15.175840377807617,
    "all": [
      15.168479919433594,
      15.166463851928711,
      15.175840377807617,
      15.169535636901855,
      15.167488098144531
    ]
  },
  "num_runs": 5,
  "model_init_args": [
    3,
    16,
    3,
    2,
    1,
    0.5,
    2
  ],
  "model_init_kwargs": {},
  "seed": 100,
  "align_stats": {
    "pair_aligner": 1,
    "copied_same_shape": 1,
    "mapped_shape": 0,
    "skipped": 0,
    "pair_key": "Model->ModelNew"
  },
  "runnable": true,
  "phase": "stage4_repair",
  "pytorch_baseline_ms": 14.739654350280762,
  "score": 0.9716598779480375
}