{
  "timestamp": "2025-12-28T17:35:14",
  "reference_file": "KernelBench/tt/96_ConvTranspose3d_Multiply_Max_GlobalAvgPool_Clamp.py",
  "candidate_file": "/home/hyc/LLMKernel/run/20251228_161834_batch_range88to100_openai_deepseek/96_ConvTranspose3d_Multiply_Max_GlobalAvgPool_Clamp/code/kernel_20251228_173509.py",
  "tolerance": 1,
  "max_abs_err": 0.5876614451408386,
  "mean_abs_err": 0.11404983699321747,
  "ref_latency_ms": {
    "avg": 15.460338973999024,
    "min": 15.451135635375977,
    "max": 15.470560073852539,
    "all": [
      15.470560073852539,
      15.459327697753906,
      15.457247734069824,
      15.451135635375977,
      15.463423728942871
    ]
  },
  "test_latency_ms": {
    "avg": 12.95359992980957,
    "min": 12.932095527648926,
    "max": 13.015040397644043,
    "all": [
      12.940287590026855,
      12.932095527648926,
      12.937215805053711,
      13.015040397644043,
      12.943360328674316
    ]
  },
  "num_runs": 5,
  "model_init_args": [
    3,
    16,
    3,
    2,
    1,
    0.5,
    2
  ],
  "model_init_kwargs": {},
  "seed": 100,
  "align_stats": {
    "pair_aligner": 1,
    "copied_same_shape": 1,
    "mapped_shape": 0,
    "skipped": 0,
    "pair_key": "Model->ModelNew"
  },
  "runnable": true,
  "phase": "seed_1",
  "pytorch_baseline_ms": 15.467705535888673,
  "score": 1.194085475829271
}