{
  "timestamp": "2025-12-28T17:41:17",
  "reference_file": "KernelBench/tt/96_ConvTranspose3d_Multiply_Max_GlobalAvgPool_Clamp.py",
  "candidate_file": "/home/hyc/LLMKernel/run/20251228_161834_batch_range88to100_openai_deepseek/96_ConvTranspose3d_Multiply_Max_GlobalAvgPool_Clamp/code/kernel_20251228_174113.py",
  "tolerance": 1,
  "max_abs_err": 1.1175870895385742e-08,
  "mean_abs_err": 8.335518941748887e-10,
  "ref_latency_ms": {
    "avg": 15.463622283935546,
    "min": 15.45417594909668,
    "max": 15.475711822509766,
    "all": [
      15.475711822509766,
      15.463423728942871,
      15.463423728942871,
      15.461376190185547,
      15.45417594909668
    ]
  },
  "test_latency_ms": {
    "avg": 12.500377464294434,
    "min": 12.493824005126953,
    "max": 12.506112098693848,
    "all": [
      12.500991821289062,
      12.506112098693848,
      12.493824005126953,
      12.495871543884277,
      12.505087852478027
    ]
  },
  "num_runs": 5,
  "model_init_args": [
    3,
    16,
    3,
    2,
    1,
    0.5,
    2
  ],
  "model_init_kwargs": {},
  "seed": 100,
  "align_stats": {
    "pair_aligner": 1,
    "copied_same_shape": 1,
    "mapped_shape": 0,
    "skipped": 0,
    "pair_key": "Model->ModelNew"
  },
  "runnable": true,
  "phase": "algorithm_optimized_seed0",
  "pytorch_baseline_ms": 15.467705535888673,
  "score": 1.2373790775574571
}