{
  "timestamp": "2025-12-22T12:58:27",
  "reference_file": "KernelBench/level3/6_GoogleNetInceptionModule.py",
  "candidate_file": "/home/hyc/LLMKernel/run/20251222_125303_6_GoogleNetInceptionModule_openai_deepseek/6_GoogleNetInceptionModule/code/kernel_20251222_125822.py",
  "tolerance": 1,
  "max_abs_err": 0.0012024641036987305,
  "mean_abs_err": 0.0003743111446965486,
  "ref_latency_ms": {
    "avg": 21.369485092163085,
    "min": 21.358688354492188,
    "max": 21.37606430053711,
    "all": [
      21.368864059448242,
      21.37606430053711,
      21.369855880737305,
      21.373952865600586,
      21.358688354492188
    ]
  },
  "test_latency_ms": {
    "avg": 22.293900299072266,
    "min": 22.237184524536133,
    "max": 22.334463119506836,
    "all": [
      22.237184524536133,
      22.319103240966797,
      22.24627113342285,
      22.334463119506836,
      22.33247947692871
    ]
  },
  "num_runs": 5,
  "model_init_args": [
    480,
    192,
    96,
    208,
    16,
    48,
    64
  ],
  "model_init_kwargs": {},
  "seed": 100,
  "align_stats": {
    "copied_same_shape": 12,
    "unique_shape_copied": 0,
    "mapped_shape": 0,
    "skipped": 0,
    "pair_aligner": 0,
    "pair_key": "Model->ModelNew"
  },
  "runnable": true,
  "phase": "seed_0_repair",
  "pytorch_baseline_ms": 20.98936309814453,
  "score": 0.9414845682708098
}