{
  "timestamp": "2025-12-22T13:01:21",
  "reference_file": "KernelBench/level3/6_GoogleNetInceptionModule.py",
  "candidate_file": "/home/hyc/LLMKernel/run/20251222_125303_6_GoogleNetInceptionModule_openai_deepseek/6_GoogleNetInceptionModule/code/kernel_20251222_130109.py",
  "tolerance": 1,
  "max_abs_err": 0.0012024641036987305,
  "mean_abs_err": 0.0003743111446965486,
  "ref_latency_ms": {
    "avg": 21.302336120605467,
    "min": 21.277536392211914,
    "max": 21.330848693847656,
    "all": [
      21.315584182739258,
      21.293855667114258,
      21.330848693847656,
      21.277536392211914,
      21.293855667114258
    ]
  },
  "test_latency_ms": {
    "avg": 23.196716690063475,
    "min": 23.174144744873047,
    "max": 23.215423583984375,
    "all": [
      23.215423583984375,
      23.192607879638672,
      23.174144744873047,
      23.19536018371582,
      23.20604705810547
    ]
  },
  "num_runs": 5,
  "model_init_args": [
    480,
    192,
    96,
    208,
    16,
    48,
    64
  ],
  "model_init_kwargs": {},
  "seed": 100,
  "align_stats": {
    "copied_same_shape": 2,
    "unique_shape_copied": 10,
    "mapped_shape": 0,
    "skipped": 0,
    "pair_aligner": 0,
    "pair_key": "Model->ModelNew"
  },
  "runnable": true,
  "phase": "stage1_grid_and_parallel_cand1",
  "pytorch_baseline_ms": 20.98936309814453,
  "score": 0.9048419816730148
}