{
  "timestamp": "2025-12-22T13:03:23",
  "reference_file": "KernelBench/level3/6_GoogleNetInceptionModule.py",
  "candidate_file": "/home/hyc/LLMKernel/run/20251222_125303_6_GoogleNetInceptionModule_openai_deepseek/6_GoogleNetInceptionModule/code/kernel_20251222_130308.py",
  "tolerance": 1,
  "max_abs_err": 0.0012024641036987305,
  "mean_abs_err": 0.0003743111446965486,
  "ref_latency_ms": {
    "avg": 21.003699111938477,
    "min": 20.996095657348633,
    "max": 21.01862335205078,
    "all": [
      21.01136016845703,
      20.996320724487305,
      20.996095657348633,
      20.996095657348633,
      21.01862335205078
    ]
  },
  "test_latency_ms": {
    "avg": 16.56424331665039,
    "min": 16.56012725830078,
    "max": 16.56924819946289,
    "all": [
      16.562368392944336,
      16.56012725830078,
      16.563199996948242,
      16.56924819946289,
      16.566272735595703
    ]
  },
  "num_runs": 5,
  "model_init_args": [
    480,
    192,
    96,
    208,
    16,
    48,
    64
  ],
  "model_init_kwargs": {},
  "seed": 100,
  "align_stats": {
    "copied_same_shape": 12,
    "unique_shape_copied": 0,
    "mapped_shape": 0,
    "skipped": 0,
    "pair_aligner": 0,
    "pair_key": "Model->ModelNew"
  },
  "runnable": true,
  "phase": "stage3_memory_and_tuning_cand0",
  "pytorch_baseline_ms": 20.98936309814453,
  "score": 1.2671489241555638
}