{
  "timestamp": "2025-12-22T13:00:10",
  "reference_file": "KernelBench/level3/6_GoogleNetInceptionModule.py",
  "candidate_file": "/home/hyc/LLMKernel/run/20251222_125303_6_GoogleNetInceptionModule_openai_deepseek/6_GoogleNetInceptionModule/code/kernel_20251222_130002.py",
  "tolerance": 1,
  "max_abs_err": 0.0012024641036987305,
  "mean_abs_err": 0.0003743111446965486,
  "ref_latency_ms": {
    "avg": 20.9938175201416,
    "min": 20.977664947509766,
    "max": 21.01862335205078,
    "all": [
      20.986879348754883,
      20.977664947509766,
      20.986879348754883,
      21.01862335205078,
      20.999040603637695
    ]
  },
  "test_latency_ms": {
    "avg": 21.095923233032227,
    "min": 21.075712203979492,
    "max": 21.109760284423828,
    "all": [
      21.098495483398438,
      21.075712203979492,
      21.0930233001709,
      21.102624893188477,
      21.109760284423828
    ]
  },
  "num_runs": 5,
  "model_init_args": [
    480,
    192,
    96,
    208,
    16,
    48,
    64
  ],
  "model_init_kwargs": {},
  "seed": 100,
  "align_stats": {
    "copied_same_shape": 12,
    "unique_shape_copied": 0,
    "mapped_shape": 0,
    "skipped": 0,
    "pair_aligner": 0,
    "pair_key": "Model->ModelNew"
  },
  "runnable": true,
  "phase": "stage1_grid_and_parallel_cand0",
  "pytorch_baseline_ms": 20.98936309814453,
  "score": 0.9949487806856993
}