{
  "timestamp": "2025-12-22T12:57:43",
  "reference_file": "KernelBench/level3/6_GoogleNetInceptionModule.py",
  "candidate_file": "/home/hyc/LLMKernel/run/20251222_125303_6_GoogleNetInceptionModule_openai_deepseek/6_GoogleNetInceptionModule/code/kernel_20251222_125736.py",
  "tolerance": 1,
  "max_abs_err": 0.0012024641036987305,
  "mean_abs_err": 0.0003743111446965486,
  "ref_latency_ms": {
    "avg": 20.98936309814453,
    "min": 20.980863571166992,
    "max": 20.993759155273438,
    "all": [
      20.987167358398438,
      20.992000579833984,
      20.993024826049805,
      20.980863571166992,
      20.993759155273438
    ]
  },
  "test_latency_ms": {
    "avg": 29.282342529296876,
    "min": 29.274112701416016,
    "max": 29.292383193969727,
    "all": [
      29.286048889160156,
      29.274112701416016,
      29.274816513061523,
      29.284351348876953,
      29.292383193969727
    ]
  },
  "num_runs": 5,
  "model_init_args": [
    480,
    192,
    96,
    208,
    16,
    48,
    64
  ],
  "model_init_kwargs": {},
  "seed": 100,
  "align_stats": {
    "copied_same_shape": 2,
    "unique_shape_copied": 10,
    "mapped_shape": 0,
    "skipped": 0,
    "pair_aligner": 0,
    "pair_key": "Model->ModelNew"
  },
  "runnable": true,
  "phase": "seed_1",
  "score": 0.7167924860227541
}