{
  "timestamp": "2025-12-22T13:02:24",
  "reference_file": "KernelBench/level3/6_GoogleNetInceptionModule.py",
  "candidate_file": "/home/hyc/LLMKernel/run/20251222_125303_6_GoogleNetInceptionModule_openai_deepseek/6_GoogleNetInceptionModule/code/kernel_20251222_130212.py",
  "tolerance": 1,
  "max_abs_err": 0.0012024641036987305,
  "mean_abs_err": 0.0003743111446965486,
  "ref_latency_ms": {
    "avg": 20.990579223632814,
    "min": 20.981760025024414,
    "max": 20.99603271484375,
    "all": [
      20.990079879760742,
      20.99603271484375,
      20.995071411132812,
      20.981760025024414,
      20.989952087402344
    ]
  },
  "test_latency_ms": {
    "avg": 21.106962966918946,
    "min": 21.099519729614258,
    "max": 21.116928100585938,
    "all": [
      21.099519729614258,
      21.10358428955078,
      21.100927352905273,
      21.113855361938477,
      21.116928100585938
    ]
  },
  "num_runs": 5,
  "model_init_args": [
    480,
    192,
    96,
    208,
    16,
    48,
    64
  ],
  "model_init_kwargs": {},
  "seed": 100,
  "align_stats": {
    "copied_same_shape": 12,
    "unique_shape_copied": 0,
    "mapped_shape": 0,
    "skipped": 0,
    "pair_aligner": 0,
    "pair_key": "Model->ModelNew"
  },
  "runnable": true,
  "phase": "stage2_block_tiling_cand0",
  "pytorch_baseline_ms": 20.98936309814453,
  "score": 0.9944283851277547
}