{
  "timestamp": "2025-12-12T20:01:51",
  "reference_file": "KernelBench/level1/15_Matmul_for_lower_triangular_matrices.py",
  "candidate_file": "/home/hyc/LLMKernel/run/20251212_170043_batch_range5to40_deepseek_deepseek/15_Matmul_for_lower_triangular_matrices/code/kernel_20251212_200145.py",
  "tolerance": 0.001,
  "max_abs_err": 0.7431640625,
  "mean_abs_err": 0.14426860213279724,
  "ref_latency_ms": {
    "avg": 2.400268793106079,
    "min": 2.37555193901062,
    "max": 2.4494080543518066,
    "all": [
      2.3808000087738037,
      2.37772798538208,
      2.417855978012085,
      2.37555193901062,
      2.4494080543518066
    ]
  },
  "test_latency_ms": {
    "avg": 0.650438392162323,
    "min": 0.6481919884681702,
    "max": 0.6530879735946655,
    "all": [
      0.652288019657135,
      0.6494079828262329,
      0.6481919884681702,
      0.6492159962654114,
      0.6530879735946655
    ]
  },
  "num_runs": 5,
  "model_init_args": [],
  "model_init_kwargs": {},
  "seed": 100,
  "align_stats": {
    "copied_same_shape": 0,
    "unique_shape_copied": 0,
    "mapped_shape": 0,
    "skipped": 0,
    "pair_aligner": 0,
    "pair_key": "Model->ModelNew"
  },
  "runnable": true,
  "phase": "stage2_block_tiling",
  "pytorch_baseline_ms": 2.5063424110412598,
  "score": 3.853312536963191
}