{
  "timestamp": "2025-12-12T19:59:33",
  "reference_file": "KernelBench/level1/15_Matmul_for_lower_triangular_matrices.py",
  "candidate_file": "/home/hyc/LLMKernel/run/20251212_170043_batch_range5to40_deepseek_deepseek/15_Matmul_for_lower_triangular_matrices/code/kernel_20251212_195927.py",
  "tolerance": 0.001,
  "max_abs_err": 0.7431640625,
  "mean_abs_err": 0.14426860213279724,
  "ref_latency_ms": {
    "avg": 2.4917119979858398,
    "min": 2.417664051055908,
    "max": 2.714303970336914,
    "all": [
      2.714303970336914,
      2.417664051055908,
      2.468832015991211,
      2.4187519550323486,
      2.4390079975128174
    ]
  },
  "test_latency_ms": {
    "avg": 0.7787135958671569,
    "min": 0.7741439938545227,
    "max": 0.7824959754943848,
    "all": [
      0.7802879810333252,
      0.7824959754943848,
      0.7772160172462463,
      0.7741439938545227,
      0.7794240117073059
    ]
  },
  "num_runs": 5,
  "model_init_args": [],
  "model_init_kwargs": {},
  "seed": 100,
  "align_stats": {
    "copied_same_shape": 0,
    "unique_shape_copied": 0,
    "mapped_shape": 0,
    "skipped": 0,
    "pair_aligner": 0,
    "pair_key": "Model->ModelNew"
  },
  "runnable": true,
  "phase": "stage1_grid_and_parallel",
  "pytorch_baseline_ms": 2.5063424110412598,
  "score": 3.218567679238034
}