{
  "timestamp": "2025-12-12T20:03:55",
  "reference_file": "KernelBench/level1/15_Matmul_for_lower_triangular_matrices.py",
  "candidate_file": "/home/hyc/LLMKernel/run/20251212_170043_batch_range5to40_deepseek_deepseek/15_Matmul_for_lower_triangular_matrices/code/kernel_20251212_200347.py",
  "tolerance": 0.001,
  "max_abs_err": 0.7431640625,
  "mean_abs_err": 0.14426860213279724,
  "ref_latency_ms": {
    "avg": 2.3973695755004885,
    "min": 2.369823932647705,
    "max": 2.4431040287017822,
    "all": [
      2.4431040287017822,
      2.376703977584839,
      2.369823932647705,
      2.3808000087738037,
      2.4164159297943115
    ]
  },
  "test_latency_ms": {
    "avg": 1.4377535820007323,
    "min": 1.4346239566802979,
    "max": 1.4407680034637451,
    "all": [
      1.4387199878692627,
      1.4366719722747803,
      1.4346239566802979,
      1.4379839897155762,
      1.4407680034637451
    ]
  },
  "num_runs": 5,
  "model_init_args": [],
  "model_init_kwargs": {},
  "seed": 100,
  "align_stats": {
    "copied_same_shape": 0,
    "unique_shape_copied": 0,
    "mapped_shape": 0,
    "skipped": 0,
    "pair_aligner": 0,
    "pair_key": "Model->ModelNew"
  },
  "runnable": true,
  "phase": "stage3_memory_access",
  "pytorch_baseline_ms": 2.5063424110412598,
  "score": 1.7432350316620413
}