{
  "timestamp": "2025-12-12T20:07:05",
  "reference_file": "KernelBench/level1/15_Matmul_for_lower_triangular_matrices.py",
  "candidate_file": "/home/hyc/LLMKernel/run/20251212_170043_batch_range5to40_deepseek_deepseek/15_Matmul_for_lower_triangular_matrices/code/kernel_20251212_200658.py",
  "tolerance": 0.001,
  "max_abs_err": 0.7431640625,
  "mean_abs_err": 0.14426860213279724,
  "ref_latency_ms": {
    "avg": 2.3898176193237304,
    "min": 2.3808000087738037,
    "max": 2.415616035461426,
    "all": [
      2.386143922805786,
      2.3836801052093506,
      2.415616035461426,
      2.3808000087738037,
      2.382848024368286
    ]
  },
  "test_latency_ms": {
    "avg": 0.7072704076766968,
    "min": 0.7055360078811646,
    "max": 0.7096319794654846,
    "all": [
      0.7096319794654846,
      0.7083520293235779,
      0.7072960138320923,
      0.7055360078811646,
      0.7055360078811646
    ]
  },
  "num_runs": 5,
  "model_init_args": [],
  "model_init_kwargs": {},
  "seed": 100,
  "align_stats": {
    "copied_same_shape": 0,
    "unique_shape_copied": 0,
    "mapped_shape": 0,
    "skipped": 0,
    "pair_aligner": 0,
    "pair_key": "Model->ModelNew"
  },
  "runnable": true,
  "phase": "stage4_advanced_memory",
  "pytorch_baseline_ms": 2.5063424110412598,
  "score": 3.543683411376295
}