{
  "timestamp": "2025-12-12T19:55:48",
  "reference_file": "KernelBench/level1/15_Matmul_for_lower_triangular_matrices.py",
  "candidate_file": "/home/hyc/LLMKernel/run/20251212_170043_batch_range5to40_deepseek_deepseek/15_Matmul_for_lower_triangular_matrices/code/kernel_20251212_195544.py",
  "tolerance": 0.001,
  "max_abs_err": 0.7431640625,
  "mean_abs_err": 0.14426860213279724,
  "ref_latency_ms": {
    "avg": 2.5063424110412598,
    "min": 2.504703998565674,
    "max": 2.50982403755188,
    "all": [
      2.50982403755188,
      2.504703998565674,
      2.505728006362915,
      2.5067520141601562,
      2.504703998565674
    ]
  },
  "test_latency_ms": {
    "avg": 1.5068608045578002,
    "min": 1.504256010055542,
    "max": 1.5113600492477417,
    "all": [
      1.5113600492477417,
      1.504256010055542,
      1.507423996925354,
      1.505087971687317,
      1.5061759948730469
    ]
  },
  "num_runs": 5,
  "model_init_args": [],
  "model_init_kwargs": {},
  "seed": 100,
  "align_stats": {
    "copied_same_shape": 0,
    "unique_shape_copied": 0,
    "mapped_shape": 0,
    "skipped": 0,
    "pair_aligner": 0,
    "pair_key": "Model->ModelNew"
  },
  "runnable": true,
  "phase": "seed_repair",
  "score": 1.6632872813867934
}