{
  "timestamp": "2025-12-12T08:27:35",
  "reference_file": "KernelBench/level1/12_Matmul_with_diagonal_matrices_.py",
  "candidate_file": "/home/hyc/LLMKernel/run/20251212_073248_batch_first10_deepseek_deepseek/12_Matmul_with_diagonal_matrices_/code/kernel_20251212_082732.py",
  "tolerance": 0.001,
  "max_abs_err": 0.0,
  "mean_abs_err": 0.0,
  "ref_latency_ms": {
    "avg": 2.479296016693115,
    "min": 2.476032018661499,
    "max": 2.4832000732421875,
    "all": [
      2.4791040420532227,
      2.4832000732421875,
      2.476032018661499,
      2.4819839000701904,
      2.4761600494384766
    ]
  },
  "test_latency_ms": {
    "avg": 0.26629760265350344,
    "min": 0.25702399015426636,
    "max": 0.28672000765800476,
    "all": [
      0.2696000039577484,
      0.26009601354599,
      0.25804799795150757,
      0.25702399015426636,
      0.28672000765800476
    ]
  },
  "num_runs": 5,
  "model_init_args": [],
  "model_init_kwargs": {},
  "seed": 100,
  "align_stats": {
    "copied_same_shape": 0,
    "unique_shape_copied": 0,
    "mapped_shape": 0,
    "skipped": 0,
    "pair_aligner": 0,
    "pair_key": "Model->ModelNew"
  },
  "runnable": true,
  "phase": "seed_repair",
  "score": 9.310245349520036
}