{
  "timestamp": "2025-12-12T08:33:37",
  "reference_file": "KernelBench/level1/12_Matmul_with_diagonal_matrices_.py",
  "candidate_file": "/home/hyc/LLMKernel/run/20251212_073248_batch_first10_deepseek_deepseek/12_Matmul_with_diagonal_matrices_/code/kernel_20251212_083331.py",
  "tolerance": 0.001,
  "max_abs_err": 0.0,
  "mean_abs_err": 0.0,
  "ref_latency_ms": {
    "avg": 2.3325312614440916,
    "min": 2.3296000957489014,
    "max": 2.3357439041137695,
    "all": [
      2.3357439041137695,
      2.3296000957489014,
      2.332672119140625,
      2.332672119140625,
      2.331968069076538
    ]
  },
  "test_latency_ms": {
    "avg": 0.10820479840040206,
    "min": 0.10521599650382996,
    "max": 0.10956799983978271,
    "all": [
      0.10956799983978271,
      0.10751999914646149,
      0.10943999886512756,
      0.10521599650382996,
      0.10927999764680862
    ]
  },
  "num_runs": 5,
  "model_init_args": [],
  "model_init_kwargs": {},
  "seed": 100,
  "align_stats": {
    "copied_same_shape": 0,
    "unique_shape_copied": 0,
    "mapped_shape": 0,
    "skipped": 0,
    "pair_aligner": 0,
    "pair_key": "Model->ModelNew"
  },
  "runnable": true,
  "phase": "stage2_block_tiling",
  "pytorch_baseline_ms": 2.479296016693115,
  "score": 22.912995110611497
}