{
  "timestamp": "2025-12-12T08:29:56",
  "reference_file": "KernelBench/level1/12_Matmul_with_diagonal_matrices_.py",
  "candidate_file": "/home/hyc/LLMKernel/run/20251212_073248_batch_first10_deepseek_deepseek/12_Matmul_with_diagonal_matrices_/code/kernel_20251212_082950.py",
  "tolerance": 0.001,
  "max_abs_err": 0.0,
  "mean_abs_err": 0.0,
  "ref_latency_ms": {
    "avg": 2.3343040466308596,
    "min": 2.3296000957489014,
    "max": 2.3398079872131348,
    "all": [
      2.3367679119110107,
      2.3296000957489014,
      2.332672119140625,
      2.3398079872131348,
      2.332672119140625
    ]
  },
  "test_latency_ms": {
    "avg": 0.23661440014839172,
    "min": 0.23049600422382355,
    "max": 0.24060800671577454,
    "all": [
      0.24060800671577454,
      0.23529599606990814,
      0.24038399755954742,
      0.23049600422382355,
      0.23628799617290497
    ]
  },
  "num_runs": 5,
  "model_init_args": [],
  "model_init_kwargs": {},
  "seed": 100,
  "align_stats": {
    "copied_same_shape": 0,
    "unique_shape_copied": 0,
    "mapped_shape": 0,
    "skipped": 0,
    "pair_aligner": 0,
    "pair_key": "Model->ModelNew"
  },
  "runnable": true,
  "phase": "stage1_grid_and_parallel",
  "pytorch_baseline_ms": 2.479296016693115,
  "score": 10.478212717139089
}