{
  "timestamp": "2025-12-14T03:35:41",
  "reference_file": "KernelBench/level1_low_score/76_conv_standard_1D_dilated_strided__.py",
  "candidate_file": "/home/hyc/LLMKernel/run/20251214_033043_batch_range76to87_openai_deepseek/76_conv_standard_1D_dilated_strided__/code/kernel_20251214_033531.py",
  "tolerance": 0.001,
  "max_abs_err": 0.0008385181427001953,
  "mean_abs_err": 0.00019434653222560883,
  "ref_latency_ms": {
    "avg": 21.690540313720703,
    "min": 21.684223175048828,
    "max": 21.707775115966797,
    "all": [
      21.707775115966797,
      21.68832015991211,
      21.685087203979492,
      21.68729591369629,
      21.684223175048828
    ]
  },
  "test_latency_ms": {
    "avg": 9.316608047485351,
    "min": 9.309184074401855,
    "max": 9.323519706726074,
    "all": [
      9.319680213928223,
      9.312255859375,
      9.318400382995605,
      9.309184074401855,
      9.323519706726074
    ]
  },
  "num_runs": 5,
  "model_init_args": [
    64,
    128,
    3,
    3,
    4
  ],
  "model_init_kwargs": {},
  "seed": 100,
  "align_stats": {
    "copied_same_shape": 1,
    "unique_shape_copied": 0,
    "mapped_shape": 0,
    "skipped": 0,
    "pair_aligner": 0,
    "pair_key": "Model->ModelNew"
  },
  "runnable": true,
  "phase": "stage2_block_tiling",
  "pytorch_baseline_ms": 21.68094711303711,
  "score": 2.3271288222637017
}