{
  "timestamp": "2025-12-14T03:33:11",
  "reference_file": "KernelBench/level1_low_score/76_conv_standard_1D_dilated_strided__.py",
  "candidate_file": "/home/hyc/LLMKernel/run/20251214_033043_batch_range76to87_openai_deepseek/76_conv_standard_1D_dilated_strided__/code/kernel_20251214_033257.py",
  "tolerance": 0.001,
  "max_abs_err": 0.0008385181427001953,
  "mean_abs_err": 0.00019434653222560883,
  "ref_latency_ms": {
    "avg": 21.69610252380371,
    "min": 21.68217658996582,
    "max": 21.70572853088379,
    "all": [
      21.70572853088379,
      21.69651222229004,
      21.69651222229004,
      21.68217658996582,
      21.699583053588867
    ]
  },
  "test_latency_ms": {
    "avg": 9.26435203552246,
    "min": 9.254912376403809,
    "max": 9.271295547485352,
    "all": [
      9.267200469970703,
      9.269248008728027,
      9.254912376403809,
      9.259103775024414,
      9.271295547485352
    ]
  },
  "num_runs": 5,
  "model_init_args": [
    64,
    128,
    3,
    3,
    4
  ],
  "model_init_kwargs": {},
  "seed": 100,
  "align_stats": {
    "copied_same_shape": 1,
    "unique_shape_copied": 0,
    "mapped_shape": 0,
    "skipped": 0,
    "pair_aligner": 0,
    "pair_key": "Model->ModelNew"
  },
  "runnable": true,
  "phase": "stage1_grid_and_parallel",
  "pytorch_baseline_ms": 21.68094711303711,
  "score": 2.3402551014798973
}