{
  "timestamp": "2025-12-14T03:37:16",
  "reference_file": "KernelBench/level1_low_score/76_conv_standard_1D_dilated_strided__.py",
  "candidate_file": "/home/hyc/LLMKernel/run/20251214_033043_batch_range76to87_openai_deepseek/76_conv_standard_1D_dilated_strided__/code/kernel_20251214_033702.py",
  "tolerance": 0.001,
  "max_abs_err": 0.0008385181427001953,
  "mean_abs_err": 0.00019434653222560883,
  "ref_latency_ms": {
    "avg": 21.692396926879884,
    "min": 21.6779842376709,
    "max": 21.702655792236328,
    "all": [
      21.701631546020508,
      21.6779842376709,
      21.68832015991211,
      21.69139289855957,
      21.702655792236328
    ]
  },
  "test_latency_ms": {
    "avg": 9.22865924835205,
    "min": 9.221920013427734,
    "max": 9.23574447631836,
    "all": [
      9.233407974243164,
      9.23574447631836,
      9.221920013427734,
      9.223936080932617,
      9.228287696838379
    ]
  },
  "num_runs": 5,
  "model_init_args": [
    64,
    128,
    3,
    3,
    4
  ],
  "model_init_kwargs": {},
  "seed": 100,
  "align_stats": {
    "copied_same_shape": 1,
    "unique_shape_copied": 0,
    "mapped_shape": 0,
    "skipped": 0,
    "pair_aligner": 0,
    "pair_key": "Model->ModelNew"
  },
  "runnable": true,
  "phase": "stage3_memory_access",
  "pytorch_baseline_ms": 21.68094711303711,
  "score": 2.3493062783641783
}