{
  "timestamp": "2025-12-14T03:31:53",
  "reference_file": "KernelBench/level1_low_score/76_conv_standard_1D_dilated_strided__.py",
  "candidate_file": "/home/hyc/LLMKernel/run/20251214_033043_batch_range76to87_openai_deepseek/76_conv_standard_1D_dilated_strided__/code/kernel_20251214_033144.py",
  "tolerance": 0.001,
  "max_abs_err": 0.0008385181427001953,
  "mean_abs_err": 0.00019434653222560883,
  "ref_latency_ms": {
    "avg": 21.68094711303711,
    "min": 21.67398452758789,
    "max": 21.68524742126465,
    "all": [
      21.68524742126465,
      21.67398452758789,
      21.67807960510254,
      21.68217658996582,
      21.68524742126465
    ]
  },
  "test_latency_ms": {
    "avg": 13.083436584472656,
    "min": 13.059359550476074,
    "max": 13.165599822998047,
    "all": [
      13.063103675842285,
      13.165599822998047,
      13.061951637268066,
      13.059359550476074,
      13.067168235778809
    ]
  },
  "num_runs": 5,
  "model_init_args": [
    64,
    128,
    3,
    3,
    4
  ],
  "model_init_kwargs": {},
  "seed": 100,
  "align_stats": {
    "copied_same_shape": 1,
    "unique_shape_copied": 0,
    "mapped_shape": 0,
    "skipped": 0,
    "pair_aligner": 0,
    "pair_key": "Model->ModelNew"
  },
  "runnable": true,
  "phase": "seed",
  "score": 1.6571293767547226
}