{
  "timestamp": "2025-12-14T03:40:50",
  "reference_file": "KernelBench/level1_low_score/76_conv_standard_1D_dilated_strided__.py",
  "candidate_file": "/home/hyc/LLMKernel/run/20251214_033043_batch_range76to87_openai_deepseek/76_conv_standard_1D_dilated_strided__/code/kernel_20251214_034034.py",
  "tolerance": 0.001,
  "max_abs_err": 0.0008385181427001953,
  "mean_abs_err": 0.00019434653222560883,
  "ref_latency_ms": {
    "avg": 21.731455993652343,
    "min": 21.6942081451416,
    "max": 21.793792724609375,
    "all": [
      21.70150375366211,
      21.6942081451416,
      21.793792724609375,
      21.761951446533203,
      21.70582389831543
    ]
  },
  "test_latency_ms": {
    "avg": 9.206751823425293,
    "min": 9.204575538635254,
    "max": 9.207807540893555,
    "all": [
      9.20678424835205,
      9.207807540893555,
      9.20678424835205,
      9.204575538635254,
      9.207807540893555
    ]
  },
  "num_runs": 5,
  "model_init_args": [
    64,
    128,
    3,
    3,
    4
  ],
  "model_init_kwargs": {},
  "seed": 100,
  "align_stats": {
    "copied_same_shape": 1,
    "unique_shape_copied": 0,
    "mapped_shape": 0,
    "skipped": 0,
    "pair_aligner": 0,
    "pair_key": "Model->ModelNew"
  },
  "runnable": true,
  "phase": "stage4_advanced_memory",
  "pytorch_baseline_ms": 21.68094711303711,
  "score": 2.3548964421820267
}