{
  "timestamp": "2025-12-14T04:34:33",
  "reference_file": "KernelBench/level1_low_score/87_conv_pointwise_2D.py",
  "candidate_file": "/home/hyc/LLMKernel/run/20251214_042551_batch_range87to87_openai_deepseek/87_conv_pointwise_2D/code/kernel_20251214_043413.py",
  "tolerance": 0.001,
  "max_abs_err": 0.00038570165634155273,
  "mean_abs_err": 9.349574975203723e-05,
  "ref_latency_ms": {
    "avg": 14.361190223693848,
    "min": 14.339072227478027,
    "max": 14.403583526611328,
    "all": [
      14.361599922180176,
      14.353535652160645,
      14.348159790039062,
      14.339072227478027,
      14.403583526611328
    ]
  },
  "test_latency_ms": {
    "avg": 10.76993293762207,
    "min": 10.759167671203613,
    "max": 10.799936294555664,
    "all": [
      10.765312194824219,
      10.763008117675781,
      10.799936294555664,
      10.759167671203613,
      10.762240409851074
    ]
  },
  "num_runs": 5,
  "model_init_args": [
    64,
    128
  ],
  "model_init_kwargs": {},
  "seed": 100,
  "align_stats": {
    "pair_aligner": 1,
    "copied_same_shape": 1,
    "mapped_shape": 0,
    "skipped": 0,
    "pair_key": "Model->ModelNew"
  },
  "runnable": true,
  "phase": "stage3_memory_access",
  "pytorch_baseline_ms": 14.341510200500489,
  "score": 1.3316248377371047
}