{
  "timestamp": "2025-12-14T04:39:28",
  "reference_file": "KernelBench/level1_low_score/87_conv_pointwise_2D.py",
  "candidate_file": "/home/hyc/LLMKernel/run/20251214_042551_batch_range87to87_openai_deepseek/87_conv_pointwise_2D/code/kernel_20251214_043910.py",
  "tolerance": 0.001,
  "max_abs_err": 0.00038570165634155273,
  "mean_abs_err": 9.349574975203723e-05,
  "ref_latency_ms": {
    "avg": 14.354809761047363,
    "min": 14.336000442504883,
    "max": 14.39846420288086,
    "all": [
      14.357503890991211,
      14.34496021270752,
      14.337120056152344,
      14.336000442504883,
      14.39846420288086
    ]
  },
  "test_latency_ms": {
    "avg": 16.1984001159668,
    "min": 16.176128387451172,
    "max": 16.244735717773438,
    "all": [
      16.19046401977539,
      16.244735717773438,
      16.176128387451172,
      16.186368942260742,
      16.194303512573242
    ]
  },
  "num_runs": 5,
  "model_init_args": [
    64,
    128
  ],
  "model_init_kwargs": {},
  "seed": 100,
  "align_stats": {
    "pair_aligner": 1,
    "copied_same_shape": 1,
    "mapped_shape": 0,
    "skipped": 0,
    "pair_key": "Model->ModelNew"
  },
  "runnable": true,
  "phase": "stage4_advanced_memory",
  "pytorch_baseline_ms": 14.341510200500489,
  "score": 0.885365844640671
}