{
  "timestamp": "2025-12-14T04:32:50",
  "reference_file": "KernelBench/level1_low_score/87_conv_pointwise_2D.py",
  "candidate_file": "/home/hyc/LLMKernel/run/20251214_042551_batch_range87to87_openai_deepseek/87_conv_pointwise_2D/code/kernel_20251214_043235.py",
  "tolerance": 0.001,
  "max_abs_err": 0.00038570165634155273,
  "mean_abs_err": 9.349574975203723e-05,
  "ref_latency_ms": {
    "avg": 14.340095901489258,
    "min": 14.332927703857422,
    "max": 14.352383613586426,
    "all": [
      14.352383613586426,
      14.343168258666992,
      14.338047981262207,
      14.333951950073242,
      14.332927703857422
    ]
  },
  "test_latency_ms": {
    "avg": 23.308288192749025,
    "min": 23.28473663330078,
    "max": 23.329792022705078,
    "all": [
      23.329792022705078,
      23.30931282043457,
      23.29599952697754,
      23.32159996032715,
      23.28473663330078
    ]
  },
  "num_runs": 5,
  "model_init_args": [
    64,
    128
  ],
  "model_init_kwargs": {},
  "seed": 100,
  "align_stats": {
    "pair_aligner": 1,
    "copied_same_shape": 1,
    "mapped_shape": 0,
    "skipped": 0,
    "pair_key": "Model->ModelNew"
  },
  "runnable": true,
  "phase": "stage2_block_tiling",
  "pytorch_baseline_ms": 14.341510200500489,
  "score": 0.6152965881450697
}