{
  "timestamp": "2025-12-14T04:29:48",
  "reference_file": "KernelBench/level1_low_score/87_conv_pointwise_2D.py",
  "candidate_file": "/home/hyc/LLMKernel/run/20251214_042551_batch_range87to87_openai_deepseek/87_conv_pointwise_2D/code/kernel_20251214_042934.py",
  "tolerance": 0.001,
  "max_abs_err": 0.00038570165634155273,
  "mean_abs_err": 9.349574975203723e-05,
  "ref_latency_ms": {
    "avg": 14.341510200500489,
    "min": 14.332991600036621,
    "max": 14.357407569885254,
    "all": [
      14.357407569885254,
      14.337984085083008,
      14.332991600036621,
      14.338047981262207,
      14.341119766235352
    ]
  },
  "test_latency_ms": {
    "avg": 23.302291107177734,
    "min": 23.288799285888672,
    "max": 23.31648063659668,
    "all": [
      23.30291175842285,
      23.30521583557129,
      23.288799285888672,
      23.31648063659668,
      23.29804801940918
    ]
  },
  "num_runs": 5,
  "model_init_args": [
    64,
    128
  ],
  "model_init_kwargs": {},
  "seed": 100,
  "align_stats": {
    "pair_aligner": 1,
    "copied_same_shape": 1,
    "mapped_shape": 0,
    "skipped": 0,
    "pair_key": "Model->ModelNew"
  },
  "runnable": true,
  "phase": "seed_repair",
  "score": 0.6154549410844377
}