{
  "timestamp": "2025-12-14T04:31:29",
  "reference_file": "KernelBench/level1_low_score/87_conv_pointwise_2D.py",
  "candidate_file": "/home/hyc/LLMKernel/run/20251214_042551_batch_range87to87_openai_deepseek/87_conv_pointwise_2D/code/kernel_20251214_043113.py",
  "tolerance": 0.001,
  "max_abs_err": 0.00038570165634155273,
  "mean_abs_err": 9.349574975203723e-05,
  "ref_latency_ms": {
    "avg": 14.349721527099609,
    "min": 14.342144012451172,
    "max": 14.362624168395996,
    "all": [
      14.362624168395996,
      14.348287582397461,
      14.348287582397461,
      14.342144012451172,
      14.347264289855957
    ]
  },
  "test_latency_ms": {
    "avg": 23.707168197631837,
    "min": 23.691072463989258,
    "max": 23.72198486328125,
    "all": [
      23.72198486328125,
      23.703392028808594,
      23.706623077392578,
      23.691072463989258,
      23.7127685546875
    ]
  },
  "num_runs": 5,
  "model_init_args": [
    64,
    128
  ],
  "model_init_kwargs": {},
  "seed": 100,
  "align_stats": {
    "pair_aligner": 1,
    "copied_same_shape": 1,
    "mapped_shape": 0,
    "skipped": 0,
    "pair_key": "Model->ModelNew"
  },
  "runnable": true,
  "phase": "stage1_grid_and_parallel",
  "pytorch_baseline_ms": 14.341510200500489,
  "score": 0.6049440439678112
}