{
  "timestamp": "2025-12-22T12:25:08",
  "reference_file": "KernelBench/level3/41_GRUBidirectional.py",
  "candidate_file": "/home/hyc/LLMKernel/run/20251222_122031_41_GRUBidirectional_openai_deepseek/41_GRUBidirectional/code/kernel_20251222_122458.py",
  "tolerance": 1,
  "max_abs_err": 0.8543707132339478,
  "mean_abs_err": 0.14857038855552673,
  "ref_latency_ms": {
    "avg": 54.156883239746094,
    "min": 54.05788803100586,
    "max": 54.23436737060547,
    "all": [
      54.21772766113281,
      54.14476776123047,
      54.23436737060547,
      54.12966537475586,
      54.05788803100586
    ]
  },
  "test_latency_ms": {
    "avg": 643.9556518554688,
    "min": 633.0647583007812,
    "max": 664.2575073242188,
    "all": [
      633.1996459960938,
      634.0047607421875,
      633.0647583007812,
      655.2515869140625,
      664.2575073242188
    ]
  },
  "num_runs": 5,
  "model_init_args": [
    128,
    256,
    6
  ],
  "model_init_kwargs": {},
  "seed": 100,
  "align_stats": {
    "copied_same_shape": 0,
    "unique_shape_copied": 0,
    "mapped_shape": 0,
    "skipped": 48,
    "pair_aligner": 0,
    "pair_key": "Model->ModelNew"
  },
  "runnable": true,
  "phase": "stage1_grid_and_parallel_cand0",
  "pytorch_baseline_ms": 53.52920303344727,
  "score": 0.08312560481332884
}