{
  "timestamp": "2025-12-22T12:28:44",
  "reference_file": "KernelBench/level3/41_GRUBidirectional.py",
  "candidate_file": "/home/hyc/LLMKernel/run/20251222_122031_41_GRUBidirectional_openai_deepseek/41_GRUBidirectional/code/kernel_20251222_122833.py",
  "tolerance": 1,
  "max_abs_err": 0.0010559260845184326,
  "mean_abs_err": 0.00022903109493199736,
  "ref_latency_ms": {
    "avg": 52.83237838745117,
    "min": 52.75987243652344,
    "max": 53.056800842285156,
    "all": [
      53.056800842285156,
      52.75987243652344,
      52.780033111572266,
      52.766719818115234,
      52.798465728759766
    ]
  },
  "test_latency_ms": {
    "avg": 568.4166259765625,
    "min": 567.773193359375,
    "max": 569.37060546875,
    "all": [
      569.37060546875,
      567.773193359375,
      568.0186767578125,
      568.2504272460938,
      568.6702270507812
    ]
  },
  "num_runs": 5,
  "model_init_args": [
    128,
    256,
    6
  ],
  "model_init_kwargs": {},
  "seed": 100,
  "align_stats": {
    "copied_same_shape": 0,
    "unique_shape_copied": 0,
    "mapped_shape": 0,
    "skipped": 48,
    "pair_aligner": 0,
    "pair_key": "Model->ModelNew"
  },
  "runnable": true,
  "phase": "stage2_block_tiling_cand0",
  "pytorch_baseline_ms": 53.52920303344727,
  "score": 0.09417247945814737
}