{
  "timestamp": "2025-12-22T12:22:02",
  "reference_file": "KernelBench/level3/41_GRUBidirectional.py",
  "candidate_file": "/home/hyc/LLMKernel/run/20251222_122031_41_GRUBidirectional_openai_deepseek/41_GRUBidirectional/code/kernel_20251222_122152.py",
  "tolerance": 1,
  "max_abs_err": 0.8543707132339478,
  "mean_abs_err": 0.14857038855552673,
  "ref_latency_ms": {
    "avg": 53.52920303344727,
    "min": 53.408607482910156,
    "max": 53.80739212036133,
    "all": [
      53.80739212036133,
      53.482688903808594,
      53.4730224609375,
      53.408607482910156,
      53.47430419921875
    ]
  },
  "test_latency_ms": {
    "avg": 793.747607421875,
    "min": 789.17529296875,
    "max": 807.7677001953125,
    "all": [
      789.3506469726562,
      792.3055419921875,
      789.17529296875,
      790.1388549804688,
      807.7677001953125
    ]
  },
  "num_runs": 5,
  "model_init_args": [
    128,
    256,
    6
  ],
  "model_init_kwargs": {},
  "seed": 100,
  "align_stats": {
    "copied_same_shape": 0,
    "unique_shape_copied": 0,
    "mapped_shape": 0,
    "skipped": 48,
    "pair_aligner": 0,
    "pair_key": "Model->ModelNew"
  },
  "runnable": true,
  "phase": "seed_0",
  "score": 0.06743856930455806
}