{
  "timestamp": "2025-12-22T12:27:13",
  "reference_file": "KernelBench/level3/41_GRUBidirectional.py",
  "candidate_file": "/home/hyc/LLMKernel/run/20251222_122031_41_GRUBidirectional_openai_deepseek/41_GRUBidirectional/code/kernel_20251222_122700.py",
  "tolerance": 1,
  "max_abs_err": 0.0010559260845184326,
  "mean_abs_err": 0.00022903109493199736,
  "ref_latency_ms": {
    "avg": 52.98445510864258,
    "min": 52.6396484375,
    "max": 53.29612731933594,
    "all": [
      53.04313659667969,
      53.29612731933594,
      52.853057861328125,
      52.6396484375,
      53.09030532836914
    ]
  },
  "test_latency_ms": {
    "avg": 705.9273803710937,
    "min": 703.3641967773438,
    "max": 709.2518310546875,
    "all": [
      709.2518310546875,
      703.54833984375,
      703.3641967773438,
      706.8367309570312,
      706.6358032226562
    ]
  },
  "num_runs": 5,
  "model_init_args": [
    128,
    256,
    6
  ],
  "model_init_kwargs": {},
  "seed": 100,
  "align_stats": {
    "copied_same_shape": 0,
    "unique_shape_copied": 0,
    "mapped_shape": 0,
    "skipped": 48,
    "pair_aligner": 0,
    "pair_key": "Model->ModelNew"
  },
  "runnable": true,
  "phase": "stage1_grid_and_parallel_cand1",
  "pytorch_baseline_ms": 53.52920303344727,
  "score": 0.0758282006363146
}