{
  "timestamp": "2025-12-22T12:24:04",
  "reference_file": "KernelBench/level3/41_GRUBidirectional.py",
  "candidate_file": "/home/hyc/LLMKernel/run/20251222_122031_41_GRUBidirectional_openai_deepseek/41_GRUBidirectional/code/kernel_20251222_122355.py",
  "tolerance": 1,
  "max_abs_err": 0.0010559260845184326,
  "mean_abs_err": 0.00022903109493199736,
  "ref_latency_ms": {
    "avg": 53.806758880615234,
    "min": 53.383262634277344,
    "max": 54.93247985839844,
    "all": [
      53.615840911865234,
      53.55110549926758,
      54.93247985839844,
      53.55110549926758,
      53.383262634277344
    ]
  },
  "test_latency_ms": {
    "avg": 598.7279418945312,
    "min": 594.2783813476562,
    "max": 612.8279418945312,
    "all": [
      595.9393310546875,
      612.8279418945312,
      594.2783813476562,
      596.2579956054688,
      594.3360595703125
    ]
  },
  "num_runs": 5,
  "model_init_args": [
    128,
    256,
    6
  ],
  "model_init_kwargs": {},
  "seed": 100,
  "align_stats": {
    "copied_same_shape": 0,
    "unique_shape_copied": 0,
    "mapped_shape": 0,
    "skipped": 48,
    "pair_aligner": 0,
    "pair_key": "Model->ModelNew"
  },
  "runnable": true,
  "phase": "seed_1",
  "pytorch_baseline_ms": 53.52920303344727,
  "score": 0.08940488540432391
}