{
  "timestamp": "2025-12-22T12:30:12",
  "reference_file": "KernelBench/level3/41_GRUBidirectional.py",
  "candidate_file": "/home/hyc/LLMKernel/run/20251222_122031_41_GRUBidirectional_openai_deepseek/41_GRUBidirectional/code/kernel_20251222_122959.py",
  "tolerance": 1,
  "max_abs_err": 0.0010559260845184326,
  "mean_abs_err": 0.00022903109493199736,
  "ref_latency_ms": {
    "avg": 53.50429992675781,
    "min": 53.433631896972656,
    "max": 53.65145492553711,
    "all": [
      53.65145492553711,
      53.469120025634766,
      53.52169418334961,
      53.433631896972656,
      53.44559860229492
    ]
  },
  "test_latency_ms": {
    "avg": 551.9759399414063,
    "min": 550.4183959960938,
    "max": 553.43310546875,
    "all": [
      551.478271484375,
      553.43310546875,
      550.4183959960938,
      551.8981323242188,
      552.6517944335938
    ]
  },
  "num_runs": 5,
  "model_init_args": [
    128,
    256,
    6
  ],
  "model_init_kwargs": {},
  "seed": 100,
  "align_stats": {
    "copied_same_shape": 0,
    "unique_shape_copied": 0,
    "mapped_shape": 0,
    "skipped": 48,
    "pair_aligner": 0,
    "pair_key": "Model->ModelNew"
  },
  "runnable": true,
  "phase": "stage3_memory_and_tuning_cand0",
  "pytorch_baseline_ms": 53.52920303344727,
  "score": 0.09697742086209325
}