{
  "timestamp": "2025-12-13T17:48:44",
  "reference_file": "KernelBench/level1_low_score/65_conv_transposed_2D__square_input__asymmetric_kernel.py",
  "candidate_file": "/home/hyc/LLMKernel/run/20251213_160642_batch_range56to65_openai_deepseek/65_conv_transposed_2D__square_input__asymmetric_kernel/code/kernel_20251213_174838.py",
  "tolerance": 0.001,
  "max_abs_err": 0.0008783936500549316,
  "mean_abs_err": 0.00023645631154067814,
  "ref_latency_ms": {
    "avg": 9.554144096374511,
    "min": 9.54355239868164,
    "max": 9.584639549255371,
    "all": [
      9.54470443725586,
      9.54355239868164,
      9.54800033569336,
      9.549823760986328,
      9.584639549255371
    ]
  },
  "test_latency_ms": {
    "avg": 7.558924865722656,
    "min": 7.395328044891357,
    "max": 7.685120105743408,
    "all": [
      7.685120105743408,
      7.677824020385742,
      7.638016223907471,
      7.395328044891357,
      7.398335933685303
    ]
  },
  "num_runs": 5,
  "model_init_args": [
    64,
    64,
    [
      3,
      7
    ]
  ],
  "model_init_kwargs": {},
  "seed": 100,
  "align_stats": {
    "pair_aligner": 1,
    "copied_same_shape": 1,
    "mapped_shape": 0,
    "skipped": 0,
    "pair_key": "Model->ModelNew"
  },
  "runnable": true,
  "phase": "stage4_advanced_memory",
  "pytorch_baseline_ms": 9.017100715637207,
  "score": 1.1929078375321496
}