{
  "timestamp": "2025-12-13T17:42:42",
  "reference_file": "KernelBench/level1_low_score/65_conv_transposed_2D__square_input__asymmetric_kernel.py",
  "candidate_file": "/home/hyc/LLMKernel/run/20251213_160642_batch_range56to65_openai_deepseek/65_conv_transposed_2D__square_input__asymmetric_kernel/code/kernel_20251213_174238.py",
  "tolerance": 0.001,
  "max_abs_err": 0.0008783936500549316,
  "mean_abs_err": 0.00023645631154067814,
  "ref_latency_ms": {
    "avg": 9.017100715637207,
    "min": 8.983551979064941,
    "max": 9.031488418579102,
    "all": [
      9.019392013549805,
      8.983551979064941,
      9.021439552307129,
      9.029631614685059,
      9.031488418579102
    ]
  },
  "test_latency_ms": {
    "avg": 20.015462493896486,
    "min": 19.988479614257812,
    "max": 20.03433609008789,
    "all": [
      20.03433609008789,
      20.031455993652344,
      19.988479614257812,
      20.02124786376953,
      20.001792907714844
    ]
  },
  "num_runs": 5,
  "model_init_args": [
    64,
    64,
    [
      3,
      7
    ]
  ],
  "model_init_kwargs": {},
  "seed": 100,
  "align_stats": {
    "pair_aligner": 1,
    "copied_same_shape": 1,
    "mapped_shape": 0,
    "skipped": 0,
    "pair_key": "Model->ModelNew"
  },
  "runnable": true,
  "phase": "seed_repair",
  "score": 0.450506737897607
}