{
  "timestamp": "2025-12-13T17:47:18",
  "reference_file": "KernelBench/level1_low_score/65_conv_transposed_2D__square_input__asymmetric_kernel.py",
  "candidate_file": "/home/hyc/LLMKernel/run/20251213_160642_batch_range56to65_openai_deepseek/65_conv_transposed_2D__square_input__asymmetric_kernel/code/kernel_20251213_174709.py",
  "tolerance": 0.001,
  "max_abs_err": 0.0008783936500549316,
  "mean_abs_err": 0.00023645631154067814,
  "ref_latency_ms": {
    "avg": 9.2725248336792,
    "min": 9.162752151489258,
    "max": 9.340928077697754,
    "all": [
      9.285632133483887,
      9.162752151489258,
      9.244671821594238,
      9.32863998413086,
      9.340928077697754
    ]
  },
  "test_latency_ms": {
    "avg": 7.22227201461792,
    "min": 7.218175888061523,
    "max": 7.2284159660339355,
    "all": [
      7.223296165466309,
      7.221248149871826,
      7.220223903656006,
      7.218175888061523,
      7.2284159660339355
    ]
  },
  "num_runs": 5,
  "model_init_args": [
    64,
    64,
    [
      3,
      7
    ]
  ],
  "model_init_kwargs": {},
  "seed": 100,
  "align_stats": {
    "pair_aligner": 1,
    "copied_same_shape": 1,
    "mapped_shape": 0,
    "skipped": 0,
    "pair_key": "Model->ModelNew"
  },
  "runnable": true,
  "phase": "stage3_repair",
  "pytorch_baseline_ms": 9.017100715637207,
  "score": 1.2485130298867924
}