{
  "timestamp": "2025-12-13T17:43:38",
  "reference_file": "KernelBench/level1_low_score/65_conv_transposed_2D__square_input__asymmetric_kernel.py",
  "candidate_file": "/home/hyc/LLMKernel/run/20251213_160642_batch_range56to65_openai_deepseek/65_conv_transposed_2D__square_input__asymmetric_kernel/code/kernel_20251213_174331.py",
  "tolerance": 0.001,
  "max_abs_err": 0.0008783936500549316,
  "mean_abs_err": 0.00023645631154067814,
  "ref_latency_ms": {
    "avg": 9.377331161499024,
    "min": 9.335807800292969,
    "max": 9.53439998626709,
    "all": [
      9.53439998626709,
      9.342975616455078,
      9.335807800292969,
      9.33670425415039,
      9.33676815032959
    ]
  },
  "test_latency_ms": {
    "avg": 12.963955116271972,
    "min": 12.95359992980957,
    "max": 12.99020767211914,
    "all": [
      12.99020767211914,
      12.958720207214355,
      12.954431533813477,
      12.95359992980957,
      12.96281623840332
    ]
  },
  "num_runs": 5,
  "model_init_args": [
    64,
    64,
    [
      3,
      7
    ]
  ],
  "model_init_kwargs": {},
  "seed": 100,
  "align_stats": {
    "pair_aligner": 1,
    "copied_same_shape": 1,
    "mapped_shape": 0,
    "skipped": 0,
    "pair_key": "Model->ModelNew"
  },
  "runnable": true,
  "phase": "stage2_block_tiling",
  "pytorch_baseline_ms": 9.017100715637207,
  "score": 0.695551676534209
}