{
  "timestamp": "2025-12-12T19:41:46",
  "reference_file": "KernelBench/level1/48_Mean_reduction_over_a_dimension.py",
  "candidate_file": "/home/hyc/LLMKernel/run/20251212_170112_batch_range40to70_deepseek_deepseek/48_Mean_reduction_over_a_dimension/code/kernel_20251212_194132.py",
  "tolerance": 0.001,
  "max_abs_err": 2.175569534301758e-06,
  "mean_abs_err": 3.3546513122928445e-07,
  "ref_latency_ms": {
    "avg": 10.022131156921386,
    "min": 9.976832389831543,
    "max": 10.092767715454102,
    "all": [
      9.976832389831543,
      10.04304027557373,
      9.984959602355957,
      10.092767715454102,
      10.013055801391602
    ]
  },
  "test_latency_ms": {
    "avg": 10.325062370300293,
    "min": 10.274815559387207,
    "max": 10.370335578918457,
    "all": [
      10.329888343811035,
      10.309632301330566,
      10.370335578918457,
      10.274815559387207,
      10.3406400680542
    ]
  },
  "num_runs": 5,
  "model_init_args": [
    1
  ],
  "model_init_kwargs": {},
  "seed": 100,
  "align_stats": {
    "copied_same_shape": 0,
    "unique_shape_copied": 0,
    "mapped_shape": 0,
    "skipped": 0,
    "pair_aligner": 0,
    "pair_key": "Model->ModelNew"
  },
  "runnable": true,
  "phase": "seed_repair",
  "score": 0.9706605923998795
}