{
  "timestamp": "2025-12-12T19:57:32",
  "reference_file": "KernelBench/level1/48_Mean_reduction_over_a_dimension.py",
  "candidate_file": "/home/hyc/LLMKernel/run/20251212_170112_batch_range40to70_deepseek_deepseek/48_Mean_reduction_over_a_dimension/code/kernel_20251212_195717.py",
  "tolerance": 0.001,
  "max_abs_err": 2.175569534301758e-06,
  "mean_abs_err": 3.3546513122928445e-07,
  "ref_latency_ms": {
    "avg": 10.085574722290039,
    "min": 10.067968368530273,
    "max": 10.102784156799316,
    "all": [
      10.08124828338623,
      10.080256462097168,
      10.102784156799316,
      10.067968368530273,
      10.095616340637207
    ]
  },
  "test_latency_ms": {
    "avg": 2.9356095790863037,
    "min": 2.923520088195801,
    "max": 2.9440319538116455,
    "all": [
      2.9440319538116455,
      2.935807943344116,
      2.93887996673584,
      2.923520088195801,
      2.935807943344116
    ]
  },
  "num_runs": 5,
  "model_init_args": [
    1
  ],
  "model_init_kwargs": {},
  "seed": 100,
  "align_stats": {
    "copied_same_shape": 0,
    "unique_shape_copied": 0,
    "mapped_shape": 0,
    "skipped": 0,
    "pair_aligner": 0,
    "pair_key": "Model->ModelNew"
  },
  "runnable": true,
  "phase": "stage4_advanced_memory",
  "pytorch_baseline_ms": 10.022131156921386,
  "score": 3.4139863925776983
}