{
  "timestamp": "2025-12-12T19:46:49",
  "reference_file": "KernelBench/level1/48_Mean_reduction_over_a_dimension.py",
  "candidate_file": "/home/hyc/LLMKernel/run/20251212_170112_batch_range40to70_deepseek_deepseek/48_Mean_reduction_over_a_dimension/code/kernel_20251212_194633.py",
  "tolerance": 0.001,
  "max_abs_err": 2.175569534301758e-06,
  "mean_abs_err": 3.3546513122928445e-07,
  "ref_latency_ms": {
    "avg": 9.998956871032714,
    "min": 9.969663619995117,
    "max": 10.01574420928955,
    "all": [
      9.969663619995117,
      10.01574420928955,
      9.982975959777832,
      10.012672424316406,
      10.013728141784668
    ]
  },
  "test_latency_ms": {
    "avg": 9.829196739196778,
    "min": 9.783167839050293,
    "max": 9.854687690734863,
    "all": [
      9.832320213317871,
      9.854687690734863,
      9.783167839050293,
      9.843647956848145,
      9.832159996032715
    ]
  },
  "num_runs": 5,
  "model_init_args": [
    1
  ],
  "model_init_kwargs": {},
  "seed": 100,
  "align_stats": {
    "copied_same_shape": 0,
    "unique_shape_copied": 0,
    "mapped_shape": 0,
    "skipped": 0,
    "pair_aligner": 0,
    "pair_key": "Model->ModelNew"
  },
  "runnable": true,
  "phase": "stage1_grid_and_parallel",
  "pytorch_baseline_ms": 10.022131156921386,
  "score": 1.0196287064796685
}