{
  "timestamp": "2025-12-12T19:54:11",
  "reference_file": "KernelBench/level1/48_Mean_reduction_over_a_dimension.py",
  "candidate_file": "/home/hyc/LLMKernel/run/20251212_170112_batch_range40to70_deepseek_deepseek/48_Mean_reduction_over_a_dimension/code/kernel_20251212_195356.py",
  "tolerance": 0.001,
  "max_abs_err": 2.175569534301758e-06,
  "mean_abs_err": 3.3546513122928445e-07,
  "ref_latency_ms": {
    "avg": 10.027609634399415,
    "min": 9.967616081237793,
    "max": 10.071040153503418,
    "all": [
      10.049535751342773,
      9.967616081237793,
      10.032064437866211,
      10.071040153503418,
      10.017791748046875
    ]
  },
  "test_latency_ms": {
    "avg": 2.9330368041992188,
    "min": 2.9265921115875244,
    "max": 2.94268798828125,
    "all": [
      2.93887996673584,
      2.9283840656280518,
      2.9286398887634277,
      2.9265921115875244,
      2.94268798828125
    ]
  },
  "num_runs": 5,
  "model_init_args": [
    1
  ],
  "model_init_kwargs": {},
  "seed": 100,
  "align_stats": {
    "copied_same_shape": 0,
    "unique_shape_copied": 0,
    "mapped_shape": 0,
    "skipped": 0,
    "pair_aligner": 0,
    "pair_key": "Model->ModelNew"
  },
  "runnable": true,
  "phase": "stage3_repair",
  "pytorch_baseline_ms": 10.022131156921386,
  "score": 3.416981042506093
}