{
  "timestamp": "2025-12-14T09:46:51",
  "reference_file": "KernelBench/level2/3_ConvTranspose3d_Sum_LayerNorm_AvgPool_GELU.py",
  "candidate_file": "/home/hyc/LLMKernel/run/20251214_093730_batch_range3to6_openai_deepseek/3_ConvTranspose3d_Sum_LayerNorm_AvgPool_GELU/code/kernel_20251214_094648.py",
  "tolerance": 0.001,
  "max_abs_err": 2.9206275939941406e-06,
  "mean_abs_err": 2.502827953776432e-07,
  "ref_latency_ms": {
    "avg": 18.23367691040039,
    "min": 18.22412872314453,
    "max": 18.242399215698242,
    "all": [
      18.238271713256836,
      18.22412872314453,
      18.227392196655273,
      18.23619270324707,
      18.242399215698242
    ]
  },
  "test_latency_ms": {
    "avg": 12.559328079223633,
    "min": 12.552096366882324,
    "max": 12.569600105285645,
    "all": [
      12.569600105285645,
      12.556159973144531,
      12.55737590789795,
      12.561408042907715,
      12.552096366882324
    ]
  },
  "num_runs": 5,
  "model_init_args": [
    32,
    64,
    [
      3,
      3,
      3
    ],
    [
      2,
      2,
      2
    ],
    [
      1,
      1,
      1
    ],
    [
      1,
      1,
      1
    ],
    1.0,
    [
      64
    ],
    [
      2,
      2,
      2
    ]
  ],
  "model_init_kwargs": {},
  "seed": 100,
  "align_stats": {
    "pair_aligner": 1,
    "copied_same_shape": 1,
    "mapped_shape": 0,
    "skipped": 0,
    "pair_key": "Model->ModelNew"
  },
  "runnable": true,
  "phase": "stage3_memory_access",
  "pytorch_baseline_ms": 18.038201904296876,
  "score": 1.436239406321164
}