{
  "timestamp": "2025-12-14T09:48:49",
  "reference_file": "KernelBench/level2/3_ConvTranspose3d_Sum_LayerNorm_AvgPool_GELU.py",
  "candidate_file": "/home/hyc/LLMKernel/run/20251214_093730_batch_range3to6_openai_deepseek/3_ConvTranspose3d_Sum_LayerNorm_AvgPool_GELU/code/kernel_20251214_094845.py",
  "tolerance": 0.001,
  "max_abs_err": 2.9206275939941406e-06,
  "mean_abs_err": 2.502827953776432e-07,
  "ref_latency_ms": {
    "avg": 17.672602081298827,
    "min": 17.66092872619629,
    "max": 17.685504913330078,
    "all": [
      17.685504913330078,
      17.673215866088867,
      17.66912078857422,
      17.674240112304688,
      17.66092872619629
    ]
  },
  "test_latency_ms": {
    "avg": 12.576531410217285,
    "min": 12.570464134216309,
    "max": 12.58291244506836,
    "all": [
      12.58291244506836,
      12.570464134216309,
      12.57472038269043,
      12.579839706420898,
      12.57472038269043
    ]
  },
  "num_runs": 5,
  "model_init_args": [
    32,
    64,
    [
      3,
      3,
      3
    ],
    [
      2,
      2,
      2
    ],
    [
      1,
      1,
      1
    ],
    [
      1,
      1,
      1
    ],
    1.0,
    [
      64
    ],
    [
      2,
      2,
      2
    ]
  ],
  "model_init_kwargs": {},
  "seed": 100,
  "align_stats": {
    "pair_aligner": 1,
    "copied_same_shape": 1,
    "mapped_shape": 0,
    "skipped": 0,
    "pair_key": "Model->ModelNew"
  },
  "runnable": true,
  "phase": "stage4_advanced_memory",
  "pytorch_baseline_ms": 18.038201904296876,
  "score": 1.4342747865792695
}