{
  "timestamp": "2025-12-14T09:41:35",
  "reference_file": "KernelBench/level2/3_ConvTranspose3d_Sum_LayerNorm_AvgPool_GELU.py",
  "candidate_file": "/home/hyc/LLMKernel/run/20251214_093730_batch_range3to6_openai_deepseek/3_ConvTranspose3d_Sum_LayerNorm_AvgPool_GELU/code/kernel_20251214_094132.py",
  "tolerance": 0.001,
  "max_abs_err": 2.9206275939941406e-06,
  "mean_abs_err": 2.502827953776432e-07,
  "ref_latency_ms": {
    "avg": 18.038201904296876,
    "min": 17.66912078857422,
    "max": 18.237600326538086,
    "all": [
      18.237600326538086,
      18.21388816833496,
      18.22822380065918,
      17.84217643737793,
      17.66912078857422
    ]
  },
  "test_latency_ms": {
    "avg": 12.835635375976562,
    "min": 12.827648162841797,
    "max": 12.84505558013916,
    "all": [
      12.836864471435547,
      12.832768440246582,
      12.835840225219727,
      12.84505558013916,
      12.827648162841797
    ]
  },
  "num_runs": 5,
  "model_init_args": [
    32,
    64,
    [
      3,
      3,
      3
    ],
    [
      2,
      2,
      2
    ],
    [
      1,
      1,
      1
    ],
    [
      1,
      1,
      1
    ],
    1.0,
    [
      64
    ],
    [
      2,
      2,
      2
    ]
  ],
  "model_init_kwargs": {},
  "seed": 100,
  "align_stats": {
    "pair_aligner": 1,
    "copied_same_shape": 1,
    "mapped_shape": 0,
    "skipped": 0,
    "pair_key": "Model->ModelNew"
  },
  "runnable": true,
  "phase": "seed_repair",
  "score": 1.4053220877602635
}