{
  "timestamp": "2025-12-15T03:46:39",
  "reference_file": "KernelBench/level2/64_Gemm_LogSumExp_LeakyReLU_LeakyReLU_GELU_GELU.py",
  "candidate_file": "/home/hyc/LLMKernel/run/20251215_024837_batch_range56to88_openai_deepseek/64_Gemm_LogSumExp_LeakyReLU_LeakyReLU_GELU_GELU/code/kernel_20251215_034632.py",
  "tolerance": 0.001,
  "max_abs_err": 0.010959625244140625,
  "mean_abs_err": 0.010069225914776325,
  "ref_latency_ms": {
    "avg": 3.2386623859405517,
    "min": 3.2286078929901123,
    "max": 3.250175952911377,
    "all": [
      3.250175952911377,
      3.2377281188964844,
      3.2327680587768555,
      3.2286078929901123,
      3.2440319061279297
    ]
  },
  "test_latency_ms": {
    "avg": 12.682700729370117,
    "min": 12.676095962524414,
    "max": 12.687392234802246,
    "all": [
      12.686335563659668,
      12.6845121383667,
      12.679167747497559,
      12.676095962524414,
      12.687392234802246
    ]
  },
  "num_runs": 5,
  "model_init_args": [
    8192,
    8192
  ],
  "model_init_kwargs": {},
  "seed": 100,
  "align_stats": {
    "copied_same_shape": 0,
    "unique_shape_copied": 2,
    "mapped_shape": 0,
    "skipped": 0,
    "pair_aligner": 0,
    "pair_key": "Model->ModelNew"
  },
  "runnable": true,
  "phase": "stage3_repair",
  "pytorch_baseline_ms": 3.2409472465515137,
  "score": 0.25554078076180187
}