{
  "timestamp": "2025-12-15T03:48:56",
  "reference_file": "KernelBench/level2/64_Gemm_LogSumExp_LeakyReLU_LeakyReLU_GELU_GELU.py",
  "candidate_file": "/home/hyc/LLMKernel/run/20251215_024837_batch_range56to88_openai_deepseek/64_Gemm_LogSumExp_LeakyReLU_LeakyReLU_GELU_GELU/code/kernel_20251215_034850.py",
  "tolerance": 0.001,
  "max_abs_err": 0.010959625244140625,
  "mean_abs_err": 0.010069220326840878,
  "ref_latency_ms": {
    "avg": 3.237427234649658,
    "min": 3.2296319007873535,
    "max": 3.2469120025634766,
    "all": [
      3.2469120025634766,
      3.2389121055603027,
      3.2368640899658203,
      3.2296319007873535,
      3.234816074371338
    ]
  },
  "test_latency_ms": {
    "avg": 3.5274112224578857,
    "min": 3.5183680057525635,
    "max": 3.5489280223846436,
    "all": [
      3.5235838890075684,
      3.521536111831665,
      3.5246400833129883,
      3.5183680057525635,
      3.5489280223846436
    ]
  },
  "num_runs": 5,
  "model_init_args": [
    8192,
    8192
  ],
  "model_init_kwargs": {},
  "seed": 100,
  "align_stats": {
    "copied_same_shape": 0,
    "unique_shape_copied": 2,
    "mapped_shape": 0,
    "skipped": 0,
    "pair_aligner": 0,
    "pair_key": "Model->ModelNew"
  },
  "runnable": true,
  "phase": "stage4_repair",
  "pytorch_baseline_ms": 3.2409472465515137,
  "score": 0.918789174881979
}