{
  "timestamp": "2025-12-12T17:43:47",
  "reference_file": "KernelBench/level1/41_Max_Pooling_1D.py",
  "candidate_file": "/home/hyc/LLMKernel/run/20251212_170112_batch_range40to70_deepseek_deepseek/41_Max_Pooling_1D/code/kernel_20251212_174339.py",
  "tolerance": 0.001,
  "max_abs_err": 0.0,
  "mean_abs_err": 0.0,
  "ref_latency_ms": {
    "avg": 14.296793365478516,
    "min": 14.292703628540039,
    "max": 14.307104110717773,
    "all": [
      14.307104110717773,
      14.294015884399414,
      14.293055534362793,
      14.292703628540039,
      14.297087669372559
    ]
  },
  "test_latency_ms": {
    "avg": 10.474527931213379,
    "min": 10.471648216247559,
    "max": 10.480287551879883,
    "all": [
      10.471648216247559,
      10.472736358642578,
      10.474495887756348,
      10.480287551879883,
      10.473471641540527
    ]
  },
  "num_runs": 5,
  "model_init_args": [
    8,
    1,
    4,
    3,
    false
  ],
  "model_init_kwargs": {},
  "seed": 100,
  "align_stats": {
    "copied_same_shape": 0,
    "unique_shape_copied": 0,
    "mapped_shape": 0,
    "skipped": 0,
    "pair_aligner": 0,
    "pair_key": "Model->ModelNew"
  },
  "runnable": true,
  "phase": "stage3_repair",
  "pytorch_baseline_ms": 14.299007987976074,
  "score": 1.3651219493497178
}