{
  "timestamp": "2025-12-12T17:36:16",
  "reference_file": "KernelBench/level1/41_Max_Pooling_1D.py",
  "candidate_file": "/home/hyc/LLMKernel/run/20251212_170112_batch_range40to70_deepseek_deepseek/41_Max_Pooling_1D/code/kernel_20251212_173608.py",
  "tolerance": 0.001,
  "max_abs_err": 0.0,
  "mean_abs_err": 0.0,
  "ref_latency_ms": {
    "avg": 14.331936073303222,
    "min": 14.324735641479492,
    "max": 14.342016220092773,
    "all": [
      14.342016220092773,
      14.331904411315918,
      14.331104278564453,
      14.324735641479492,
      14.329919815063477
    ]
  },
  "test_latency_ms": {
    "avg": 11.275641632080077,
    "min": 11.263999938964844,
    "max": 11.285504341125488,
    "all": [
      11.284319877624512,
      11.269120216369629,
      11.263999938964844,
      11.275263786315918,
      11.285504341125488
    ]
  },
  "num_runs": 5,
  "model_init_args": [
    8,
    1,
    4,
    3,
    false
  ],
  "model_init_kwargs": {},
  "seed": 100,
  "align_stats": {
    "copied_same_shape": 0,
    "unique_shape_copied": 0,
    "mapped_shape": 0,
    "skipped": 0,
    "pair_aligner": 0,
    "pair_key": "Model->ModelNew"
  },
  "runnable": true,
  "phase": "stage1_grid_and_parallel",
  "pytorch_baseline_ms": 14.299007987976074,
  "score": 1.2681325333446465
}