{
  "timestamp": "2025-12-12T17:34:19",
  "reference_file": "KernelBench/level1/41_Max_Pooling_1D.py",
  "candidate_file": "/home/hyc/LLMKernel/run/20251212_170112_batch_range40to70_deepseek_deepseek/41_Max_Pooling_1D/code/kernel_20251212_173412.py",
  "tolerance": 0.001,
  "max_abs_err": 0.0,
  "mean_abs_err": 0.0,
  "ref_latency_ms": {
    "avg": 14.299007987976074,
    "min": 14.291935920715332,
    "max": 14.306624412536621,
    "all": [
      14.306624412536621,
      14.295040130615234,
      14.303327560424805,
      14.291935920715332,
      14.298111915588379
    ]
  },
  "test_latency_ms": {
    "avg": 11.267225646972657,
    "min": 11.246527671813965,
    "max": 11.323200225830078,
    "all": [
      11.323200225830078,
      11.256832122802734,
      11.246527671813965,
      11.247615814208984,
      11.26195240020752
    ]
  },
  "num_runs": 5,
  "model_init_args": [
    8,
    1,
    4,
    3,
    false
  ],
  "model_init_kwargs": {},
  "seed": 100,
  "align_stats": {
    "copied_same_shape": 0,
    "unique_shape_copied": 0,
    "mapped_shape": 0,
    "skipped": 0,
    "pair_aligner": 0,
    "pair_key": "Model->ModelNew"
  },
  "runnable": true,
  "phase": "seed_repair",
  "score": 1.269079757164357
}