{
  "timestamp": "2025-12-12T17:51:01",
  "reference_file": "KernelBench/level1/41_Max_Pooling_1D.py",
  "candidate_file": "/home/hyc/LLMKernel/run/20251212_170112_batch_range40to70_deepseek_deepseek/41_Max_Pooling_1D/code/kernel_20251212_175053.py",
  "tolerance": 0.001,
  "max_abs_err": 0.0,
  "mean_abs_err": 0.0,
  "ref_latency_ms": {
    "avg": 14.298534393310547,
    "min": 14.286848068237305,
    "max": 14.307680130004883,
    "all": [
      14.307680130004883,
      14.296064376831055,
      14.300959587097168,
      14.286848068237305,
      14.301119804382324
    ]
  },
  "test_latency_ms": {
    "avg": 10.362688255310058,
    "min": 10.357760429382324,
    "max": 10.368160247802734,
    "all": [
      10.366944313049316,
      10.360447883605957,
      10.360128402709961,
      10.357760429382324,
      10.368160247802734
    ]
  },
  "num_runs": 5,
  "model_init_args": [
    8,
    1,
    4,
    3,
    false
  ],
  "model_init_kwargs": {},
  "seed": 100,
  "align_stats": {
    "copied_same_shape": 0,
    "unique_shape_copied": 0,
    "mapped_shape": 0,
    "skipped": 0,
    "pair_aligner": 0,
    "pair_key": "Model->ModelNew"
  },
  "runnable": true,
  "phase": "stage4_repair",
  "pytorch_baseline_ms": 14.299007987976074,
  "score": 1.3798550757955073
}