{
  "timestamp": "2025-12-15T03:27:02",
  "reference_file": "KernelBench/level2/34_ConvTranspose3d_LayerNorm_GELU_Scaling.py",
  "candidate_file": "/home/hyc/LLMKernel/run/20251215_024803_batch_range31to55_openai_deepseek/34_ConvTranspose3d_LayerNorm_GELU_Scaling/code/kernel_20251215_032658.py",
  "tolerance": 0.001,
  "max_abs_err": 0.0004742145538330078,
  "mean_abs_err": 9.239256905857474e-05,
  "ref_latency_ms": {
    "avg": 23.271437072753905,
    "min": 23.260480880737305,
    "max": 23.2857608795166,
    "all": [
      23.2857608795166,
      23.269376754760742,
      23.265247344970703,
      23.27631950378418,
      23.260480880737305
    ]
  },
  "test_latency_ms": {
    "avg": 15.50332145690918,
    "min": 15.501312255859375,
    "max": 15.50540828704834,
    "all": [
      15.50540828704834,
      15.50227165222168,
      15.502335548400879,
      15.501312255859375,
      15.505279541015625
    ]
  },
  "num_runs": 5,
  "model_init_args": [
    32,
    64,
    4,
    2,
    1,
    true,
    1e-05,
    1.0
  ],
  "model_init_kwargs": {},
  "seed": 100,
  "align_stats": {
    "pair_aligner": 1,
    "copied_same_shape": 1,
    "mapped_shape": 0,
    "skipped": 0,
    "pair_key": "Model->ModelNew"
  },
  "runnable": true,
  "phase": "stage3_memory_access",
  "pytorch_baseline_ms": 23.284524536132814,
  "score": 1.5019055497785525
}