{
  "timestamp": "2025-12-15T03:32:46",
  "reference_file": "KernelBench/level2/34_ConvTranspose3d_LayerNorm_GELU_Scaling.py",
  "candidate_file": "/home/hyc/LLMKernel/run/20251215_024803_batch_range31to55_openai_deepseek/34_ConvTranspose3d_LayerNorm_GELU_Scaling/code/kernel_20251215_033241.py",
  "tolerance": 0.001,
  "max_abs_err": 0.0004742145538330078,
  "mean_abs_err": 9.239991777576506e-05,
  "ref_latency_ms": {
    "avg": 23.27515525817871,
    "min": 23.26425552368164,
    "max": 23.28985595703125,
    "all": [
      23.277856826782227,
      23.26425552368164,
      23.28985595703125,
      23.275455474853516,
      23.268352508544922
    ]
  },
  "test_latency_ms": {
    "avg": 16.14659881591797,
    "min": 16.04198455810547,
    "max": 16.524415969848633,
    "all": [
      16.524415969848633,
      16.074432373046875,
      16.04300880432129,
      16.049152374267578,
      16.04198455810547
    ]
  },
  "num_runs": 5,
  "model_init_args": [
    32,
    64,
    4,
    2,
    1,
    true,
    1e-05,
    1.0
  ],
  "model_init_kwargs": {},
  "seed": 100,
  "align_stats": {
    "pair_aligner": 1,
    "copied_same_shape": 1,
    "mapped_shape": 0,
    "skipped": 0,
    "pair_key": "Model->ModelNew"
  },
  "runnable": true,
  "phase": "stage4_advanced_memory",
  "pytorch_baseline_ms": 23.284524536132814,
  "score": 1.442069924545223
}