{
  "timestamp": "2025-12-28T11:16:59",
  "reference_file": "KernelBench/select2/9_Tall_skinny_matrix_multiplication_.py",
  "candidate_file": "/home/hyc/LLMKernel/run/20251228_103146_batch_range4to9_openai_deepseek/9_Tall_skinny_matrix_multiplication_/code/kernel_20251228_111655.py",
  "tolerance": 1,
  "max_abs_err": 0.009279251098632812,
  "mean_abs_err": 0.005440888926386833,
  "ref_latency_ms": {
    "avg": 5.500889587402344,
    "min": 5.490687847137451,
    "max": 5.51423978805542,
    "all": [
      5.510144233703613,
      5.490687847137451,
      5.4966721534729,
      5.51423978805542,
      5.492703914642334
    ]
  },
  "test_latency_ms": {
    "avg": 9.626419258117675,
    "min": 9.581567764282227,
    "max": 9.678848266601562,
    "all": [
      9.678848266601562,
      9.581567764282227,
      9.6245756149292,
      9.600000381469727,
      9.647104263305664
    ]
  },
  "num_runs": 5,
  "model_init_args": [],
  "model_init_kwargs": {},
  "seed": 100,
  "align_stats": {
    "copied_same_shape": 0,
    "unique_shape_copied": 0,
    "mapped_shape": 0,
    "skipped": 0,
    "pair_aligner": 0,
    "pair_key": "Model->ModelNew"
  },
  "runnable": true,
  "phase": "seed_0",
  "score": 0.5714367346678367
}