{
  "timestamp": "2025-12-28T11:17:46",
  "reference_file": "KernelBench/select2/9_Tall_skinny_matrix_multiplication_.py",
  "candidate_file": "/home/hyc/LLMKernel/run/20251228_103146_batch_range4to9_openai_deepseek/9_Tall_skinny_matrix_multiplication_/code/kernel_20251228_111741.py",
  "tolerance": 1,
  "max_abs_err": 0.009279251098632812,
  "mean_abs_err": 0.005440888926386833,
  "ref_latency_ms": {
    "avg": 5.49685754776001,
    "min": 5.490848064422607,
    "max": 5.5009918212890625,
    "all": [
      5.498879909515381,
      5.4967360496521,
      5.490848064422607,
      5.5009918212890625,
      5.496831893920898
    ]
  },
  "test_latency_ms": {
    "avg": 9.610886383056641,
    "min": 9.572352409362793,
    "max": 9.637887954711914,
    "all": [
      9.637887954711914,
      9.61961555480957,
      9.572352409362793,
      9.60102367401123,
      9.623552322387695
    ]
  },
  "num_runs": 5,
  "model_init_args": [],
  "model_init_kwargs": {},
  "seed": 100,
  "align_stats": {
    "copied_same_shape": 0,
    "unique_shape_copied": 0,
    "mapped_shape": 0,
    "skipped": 0,
    "pair_aligner": 0,
    "pair_key": "Model->ModelNew"
  },
  "runnable": true,
  "phase": "seed_1",
  "pytorch_baseline_ms": 5.500889587402344,
  "score": 0.5723602764777294
}