{
  "timestamp": "2025-12-28T11:29:26",
  "reference_file": "KernelBench/select2/9_Tall_skinny_matrix_multiplication_.py",
  "candidate_file": "/home/hyc/LLMKernel/run/20251228_103146_batch_range4to9_openai_deepseek/9_Tall_skinny_matrix_multiplication_/code/kernel_20251228_112921.py",
  "tolerance": 1,
  "max_abs_err": 0.009279251098632812,
  "mean_abs_err": 0.005440888926386833,
  "ref_latency_ms": {
    "avg": 5.503974437713623,
    "min": 5.498879909515381,
    "max": 5.516064167022705,
    "all": [
      5.516064167022705,
      5.500800132751465,
      5.501152038574219,
      5.502975940704346,
      5.498879909515381
    ]
  },
  "test_latency_ms": {
    "avg": 9.112166213989259,
    "min": 9.099264144897461,
    "max": 9.124863624572754,
    "all": [
      9.109503746032715,
      9.124863624572754,
      9.116671562194824,
      9.099264144897461,
      9.110527992248535
    ]
  },
  "num_runs": 5,
  "model_init_args": [],
  "model_init_kwargs": {},
  "seed": 100,
  "align_stats": {
    "copied_same_shape": 0,
    "unique_shape_copied": 0,
    "mapped_shape": 0,
    "skipped": 0,
    "pair_aligner": 0,
    "pair_key": "Model->ModelNew"
  },
  "runnable": true,
  "phase": "stage2_block_tiling",
  "pytorch_baseline_ms": 5.500889587402344,
  "score": 0.603686264958295
}