{
  "timestamp": "2025-12-28T11:20:10",
  "reference_file": "KernelBench/select2/9_Tall_skinny_matrix_multiplication_.py",
  "candidate_file": "/home/hyc/LLMKernel/run/20251228_103146_batch_range4to9_openai_deepseek/9_Tall_skinny_matrix_multiplication_/code/kernel_20251228_112006.py",
  "tolerance": 1,
  "max_abs_err": 0.009279251098632812,
  "mean_abs_err": 0.005440888926386833,
  "ref_latency_ms": {
    "avg": 5.498233604431152,
    "min": 5.493599891662598,
    "max": 5.5070719718933105,
    "all": [
      5.493599891662598,
      5.493760108947754,
      5.500927925109863,
      5.5070719718933105,
      5.495808124542236
    ]
  },
  "test_latency_ms": {
    "avg": 10.92817268371582,
    "min": 10.918911933898926,
    "max": 10.93734359741211,
    "all": [
      10.930399894714355,
      10.920960426330566,
      10.918911933898926,
      10.93734359741211,
      10.933247566223145
    ]
  },
  "num_runs": 5,
  "model_init_args": [],
  "model_init_kwargs": {},
  "seed": 100,
  "align_stats": {
    "copied_same_shape": 0,
    "unique_shape_copied": 0,
    "mapped_shape": 0,
    "skipped": 0,
    "pair_aligner": 0,
    "pair_key": "Model->ModelNew"
  },
  "runnable": true,
  "phase": "algorithm_optimized_seed0",
  "pytorch_baseline_ms": 5.500889587402344,
  "score": 0.5033677401162662
}