{
  "timestamp": "2025-12-12T18:43:37",
  "reference_file": "KernelBench/level1/9_Tall_skinny_matrix_multiplication_.py",
  "candidate_file": "/home/hyc/LLMKernel/run/20251212_170043_batch_range5to40_deepseek_deepseek/9_Tall_skinny_matrix_multiplication_/code/kernel_20251212_184332.py",
  "tolerance": 0.001,
  "max_abs_err": 0.009279251098632812,
  "mean_abs_err": 0.005440888926386833,
  "ref_latency_ms": {
    "avg": 5.4284031867980955,
    "min": 5.319551944732666,
    "max": 5.678783893585205,
    "all": [
      5.678783893585205,
      5.492735862731934,
      5.32480001449585,
      5.326144218444824,
      5.319551944732666
    ]
  },
  "test_latency_ms": {
    "avg": 9.236307144165039,
    "min": 9.201631546020508,
    "max": 9.262080192565918,
    "all": [
      9.201631546020508,
      9.221216201782227,
      9.262080192565918,
      9.241600036621094,
      9.25500774383545
    ]
  },
  "num_runs": 5,
  "model_init_args": [],
  "model_init_kwargs": {},
  "seed": 100,
  "align_stats": {
    "copied_same_shape": 0,
    "unique_shape_copied": 0,
    "mapped_shape": 0,
    "skipped": 0,
    "pair_aligner": 0,
    "pair_key": "Model->ModelNew"
  },
  "runnable": true,
  "phase": "stage4_advanced_memory",
  "pytorch_baseline_ms": 5.730937671661377,
  "score": 0.6204793303438214
}