{
  "timestamp": "2025-12-12T18:21:48",
  "reference_file": "KernelBench/level1/9_Tall_skinny_matrix_multiplication_.py",
  "candidate_file": "/home/hyc/LLMKernel/run/20251212_170043_batch_range5to40_deepseek_deepseek/9_Tall_skinny_matrix_multiplication_/code/kernel_20251212_182144.py",
  "tolerance": 0.001,
  "max_abs_err": 0.0,
  "mean_abs_err": 0.0,
  "ref_latency_ms": {
    "avg": 5.730937671661377,
    "min": 5.71289587020874,
    "max": 5.770336151123047,
    "all": [
      5.770336151123047,
      5.723936080932617,
      5.727456092834473,
      5.71289587020874,
      5.720064163208008
    ]
  },
  "test_latency_ms": {
    "avg": 13.169868659973144,
    "min": 12.990464210510254,
    "max": 13.215744018554688,
    "all": [
      13.214719772338867,
      13.213695526123047,
      13.214719772338867,
      13.215744018554688,
      12.990464210510254
    ]
  },
  "num_runs": 5,
  "model_init_args": [],
  "model_init_kwargs": {},
  "seed": 100,
  "align_stats": {
    "copied_same_shape": 0,
    "unique_shape_copied": 0,
    "mapped_shape": 0,
    "skipped": 0,
    "pair_aligner": 0,
    "pair_key": "Model->ModelNew"
  },
  "runnable": true,
  "phase": "seed_repair",
  "score": 0.43515526385462555
}