{
  "timestamp": "2025-12-12T18:40:32",
  "reference_file": "KernelBench/level1/9_Tall_skinny_matrix_multiplication_.py",
  "candidate_file": "/home/hyc/LLMKernel/run/20251212_170043_batch_range5to40_deepseek_deepseek/9_Tall_skinny_matrix_multiplication_/code/kernel_20251212_184027.py",
  "tolerance": 0.001,
  "max_abs_err": 0.009279251098632812,
  "mean_abs_err": 0.005440888926386833,
  "ref_latency_ms": {
    "avg": 5.6079936027526855,
    "min": 5.413887977600098,
    "max": 5.660672187805176,
    "all": [
      5.660672187805176,
      5.65123176574707,
      5.653503894805908,
      5.660672187805176,
      5.413887977600098
    ]
  },
  "test_latency_ms": {
    "avg": 9.226438522338867,
    "min": 9.198528289794922,
    "max": 9.249792098999023,
    "all": [
      9.249792098999023,
      9.234432220458984,
      9.234432220458984,
      9.198528289794922,
      9.215007781982422
    ]
  },
  "num_runs": 5,
  "model_init_args": [],
  "model_init_kwargs": {},
  "seed": 100,
  "align_stats": {
    "copied_same_shape": 0,
    "unique_shape_copied": 0,
    "mapped_shape": 0,
    "skipped": 0,
    "pair_aligner": 0,
    "pair_key": "Model->ModelNew"
  },
  "runnable": true,
  "phase": "stage3_repair",
  "pytorch_baseline_ms": 5.730937671661377,
  "score": 0.6211429965945956
}