{
  "timestamp": "2025-12-12T18:33:47",
  "reference_file": "KernelBench/level1/9_Tall_skinny_matrix_multiplication_.py",
  "candidate_file": "/home/hyc/LLMKernel/run/20251212_170043_batch_range5to40_deepseek_deepseek/9_Tall_skinny_matrix_multiplication_/code/kernel_20251212_183342.py",
  "tolerance": 0.001,
  "max_abs_err": 0.0,
  "mean_abs_err": 0.0,
  "ref_latency_ms": {
    "avg": 5.679545593261719,
    "min": 5.67091178894043,
    "max": 5.6854400634765625,
    "all": [
      5.678080081939697,
      5.6854400634765625,
      5.682240009307861,
      5.681056022644043,
      5.67091178894043
    ]
  },
  "test_latency_ms": {
    "avg": 14.375359916687012,
    "min": 14.357503890991211,
    "max": 14.39846420288086,
    "all": [
      14.371007919311523,
      14.357503890991211,
      14.36569595336914,
      14.384127616882324,
      14.39846420288086
    ]
  },
  "num_runs": 5,
  "model_init_args": [],
  "model_init_kwargs": {},
  "seed": 100,
  "align_stats": {
    "copied_same_shape": 0,
    "unique_shape_copied": 0,
    "mapped_shape": 0,
    "skipped": 0,
    "pair_aligner": 0,
    "pair_key": "Model->ModelNew"
  },
  "runnable": true,
  "phase": "stage2_block_tiling",
  "pytorch_baseline_ms": 5.730937671661377,
  "score": 0.39866394336387134
}