{
  "timestamp": "2025-12-28T11:22:10",
  "reference_file": "KernelBench/select2/9_Tall_skinny_matrix_multiplication_.py",
  "candidate_file": "/home/hyc/LLMKernel/run/20251228_103146_batch_range4to9_openai_deepseek/9_Tall_skinny_matrix_multiplication_/code/kernel_20251228_112206.py",
  "tolerance": 1,
  "max_abs_err": 0.009279251098632812,
  "mean_abs_err": 0.005440888926386833,
  "ref_latency_ms": {
    "avg": 5.47840633392334,
    "min": 5.473408222198486,
    "max": 5.485695838928223,
    "all": [
      5.475327968597412,
      5.485695838928223,
      5.4824957847595215,
      5.475103855133057,
      5.473408222198486
    ]
  },
  "test_latency_ms": {
    "avg": 9.514182472229004,
    "min": 9.457663536071777,
    "max": 9.576448440551758,
    "all": [
      9.511903762817383,
      9.457663536071777,
      9.576448440551758,
      9.492480278015137,
      9.532416343688965
    ]
  },
  "num_runs": 5,
  "model_init_args": [],
  "model_init_kwargs": {},
  "seed": 100,
  "align_stats": {
    "copied_same_shape": 0,
    "unique_shape_copied": 0,
    "mapped_shape": 0,
    "skipped": 0,
    "pair_aligner": 0,
    "pair_key": "Model->ModelNew"
  },
  "runnable": true,
  "phase": "algorithm_optimized_seed1",
  "pytorch_baseline_ms": 5.500889587402344,
  "score": 0.5781778522178777
}