{
  "timestamp": "2025-12-28T11:23:49",
  "reference_file": "KernelBench/select2/9_Tall_skinny_matrix_multiplication_.py",
  "candidate_file": "/home/hyc/LLMKernel/run/20251228_103146_batch_range4to9_openai_deepseek/9_Tall_skinny_matrix_multiplication_/code/kernel_20251228_112343.py",
  "tolerance": 1,
  "max_abs_err": 0.009279251098632812,
  "mean_abs_err": 0.005440888926386833,
  "ref_latency_ms": {
    "avg": 5.496403217315674,
    "min": 5.4896321296691895,
    "max": 5.499904155731201,
    "all": [
      5.498879909515381,
      5.4896321296691895,
      5.499904155731201,
      5.498879909515381,
      5.494719982147217
    ]
  },
  "test_latency_ms": {
    "avg": 9.57603816986084,
    "min": 9.569279670715332,
    "max": 9.587552070617676,
    "all": [
      9.572511672973633,
      9.587552070617676,
      9.569279670715332,
      9.569279670715332,
      9.581567764282227
    ]
  },
  "num_runs": 5,
  "model_init_args": [],
  "model_init_kwargs": {},
  "seed": 100,
  "align_stats": {
    "copied_same_shape": 0,
    "unique_shape_copied": 0,
    "mapped_shape": 0,
    "skipped": 0,
    "pair_aligner": 0,
    "pair_key": "Model->ModelNew"
  },
  "runnable": true,
  "phase": "stage1_grid_and_parallel",
  "pytorch_baseline_ms": 5.500889587402344,
  "score": 0.5744431559092545
}