{
  "timestamp": "2025-12-15T05:38:47",
  "reference_file": "KernelBench/level2/14_Gemm_Divide_Sum_Scaling.py",
  "candidate_file": "/home/hyc/LLMKernel/run/20251215_045938_batch_range12to30_openai_deepseek/14_Gemm_Divide_Sum_Scaling/code/kernel_20251215_053843.py",
  "tolerance": 0.001,
  "max_abs_err": 0.0216064453125,
  "mean_abs_err": 0.004744991660118103,
  "ref_latency_ms": {
    "avg": 3.271839952468872,
    "min": 3.264512062072754,
    "max": 3.2788479328155518,
    "all": [
      3.2727038860321045,
      3.271615982055664,
      3.271519899368286,
      3.264512062072754,
      3.2788479328155518
    ]
  },
  "test_latency_ms": {
    "avg": 0.5666816115379334,
    "min": 0.5632320046424866,
    "max": 0.5722560286521912,
    "all": [
      0.5722560286521912,
      0.5662720203399658,
      0.5653759837150574,
      0.5632320046424866,
      0.5662720203399658
    ]
  },
  "num_runs": 5,
  "model_init_args": [
    8192,
    8192,
    1.5
  ],
  "model_init_kwargs": {},
  "seed": 100,
  "align_stats": {
    "copied_same_shape": 1,
    "unique_shape_copied": 0,
    "mapped_shape": 0,
    "skipped": 0,
    "pair_aligner": 0,
    "pair_key": "Model->ModelNew"
  },
  "runnable": true,
  "phase": "stage2_block_tiling",
  "pytorch_baseline_ms": 3.275328016281128,
  "score": 5.77983818354741
}