{
  "timestamp": "2025-12-15T05:34:52",
  "reference_file": "KernelBench/level2/14_Gemm_Divide_Sum_Scaling.py",
  "candidate_file": "/home/hyc/LLMKernel/run/20251215_045938_batch_range12to30_openai_deepseek/14_Gemm_Divide_Sum_Scaling/code/kernel_20251215_053448.py",
  "tolerance": 0.001,
  "max_abs_err": 0.0211181640625,
  "mean_abs_err": 0.004694495350122452,
  "ref_latency_ms": {
    "avg": 3.275328016281128,
    "min": 3.2716801166534424,
    "max": 3.279871940612793,
    "all": [
      3.2767999172210693,
      3.2716801166534424,
      3.279871940612793,
      3.2716801166534424,
      3.2766079902648926
    ]
  },
  "test_latency_ms": {
    "avg": 0.36922880411148074,
    "min": 0.36556801199913025,
    "max": 0.37491199374198914,
    "all": [
      0.37491199374198914,
      0.36953601241111755,
      0.36556801199913025,
      0.3664639890193939,
      0.3696640133857727
    ]
  },
  "num_runs": 5,
  "model_init_args": [
    8192,
    8192,
    1.5
  ],
  "model_init_kwargs": {},
  "seed": 100,
  "align_stats": {
    "copied_same_shape": 1,
    "unique_shape_copied": 0,
    "mapped_shape": 0,
    "skipped": 0,
    "pair_aligner": 0,
    "pair_key": "Model->ModelNew"
  },
  "runnable": true,
  "phase": "seed",
  "score": 8.87072725586223
}