{
  "timestamp": "2025-12-22T11:32:26",
  "reference_file": "KernelBench/level3/33_VanillaRNN.py",
  "candidate_file": "/home/hyc/LLMKernel/run/20251222_112230_33_VanillaRNN_openai_deepseek/33_VanillaRNN/code/kernel_20251222_113214.py",
  "tolerance": 0.1,
  "max_abs_err": 0.0013061761856079102,
  "mean_abs_err": 0.0002000339882215485,
  "ref_latency_ms": {
    "avg": 7.504403209686279,
    "min": 7.446400165557861,
    "max": 7.6991682052612305,
    "all": [
      7.6991682052612305,
      7.472127914428711,
      7.446400165557861,
      7.453695774078369,
      7.450623989105225
    ]
  },
  "test_latency_ms": {
    "avg": 5.932204818725586,
    "min": 5.8284478187561035,
    "max": 5.96889591217041,
    "all": [
      5.959680080413818,
      5.961728096008301,
      5.96889591217041,
      5.942272186279297,
      5.8284478187561035
    ]
  },
  "num_runs": 5,
  "model_init_args": [
    16384,
    16384,
    8192
  ],
  "model_init_kwargs": {},
  "seed": 100,
  "align_stats": {
    "copied_same_shape": 4,
    "unique_shape_copied": 0,
    "mapped_shape": 0,
    "skipped": 0,
    "pair_aligner": 0,
    "pair_key": "Model->ModelNew"
  },
  "runnable": true,
  "phase": "stage3_memory_and_tuning_cand0",
  "pytorch_baseline_ms": 7.296787166595459,
  "score": 1.23002954037636
}