{
  "timestamp": "2025-12-22T11:28:26",
  "reference_file": "KernelBench/level3/33_VanillaRNN.py",
  "candidate_file": "/home/hyc/LLMKernel/run/20251222_112230_33_VanillaRNN_openai_deepseek/33_VanillaRNN/code/kernel_20251222_112814.py",
  "tolerance": 0.1,
  "max_abs_err": 0.0013061761856079102,
  "mean_abs_err": 0.0002000333770411089,
  "ref_latency_ms": {
    "avg": 7.576915168762207,
    "min": 7.431295871734619,
    "max": 7.697216033935547,
    "all": [
      7.680736064910889,
      7.697216033935547,
      7.626751899719238,
      7.448575973510742,
      7.431295871734619
    ]
  },
  "test_latency_ms": {
    "avg": 6.046144008636475,
    "min": 5.769216060638428,
    "max": 6.220799922943115,
    "all": [
      6.220799922943115,
      6.211552143096924,
      6.108160018920898,
      5.920991897583008,
      5.769216060638428
    ]
  },
  "num_runs": 5,
  "model_init_args": [
    16384,
    16384,
    8192
  ],
  "model_init_kwargs": {},
  "seed": 100,
  "align_stats": {
    "copied_same_shape": 0,
    "unique_shape_copied": 4,
    "mapped_shape": 0,
    "skipped": 0,
    "pair_aligner": 0,
    "pair_key": "Model->ModelNew"
  },
  "runnable": true,
  "phase": "stage1_grid_and_parallel_cand0",
  "pytorch_baseline_ms": 7.296787166595459,
  "score": 1.2068497138295966
}