{
  "timestamp": "2025-12-12T18:03:52",
  "reference_file": "KernelBench/level1/42_Max_Pooling_2D.py",
  "candidate_file": "/home/hyc/LLMKernel/run/20251212_170112_batch_range40to70_deepseek_deepseek/42_Max_Pooling_2D/code/kernel_20251212_180345.py",
  "tolerance": 0.001,
  "max_abs_err": 0.0,
  "mean_abs_err": 0.0,
  "ref_latency_ms": {
    "avg": 9.469657707214356,
    "min": 9.466879844665527,
    "max": 9.477120399475098,
    "all": [
      9.477120399475098,
      9.468544006347656,
      9.467904090881348,
      9.466879844665527,
      9.467840194702148
    ]
  },
  "test_latency_ms": {
    "avg": 15.577446556091308,
    "min": 15.572992324829102,
    "max": 15.586112022399902,
    "all": [
      15.577024459838867,
      15.576064109802246,
      15.575039863586426,
      15.572992324829102,
      15.586112022399902
    ]
  },
  "num_runs": 5,
  "model_init_args": [
    4,
    1,
    1,
    1
  ],
  "model_init_kwargs": {},
  "seed": 100,
  "align_stats": {
    "copied_same_shape": 0,
    "unique_shape_copied": 0,
    "mapped_shape": 0,
    "skipped": 0,
    "pair_aligner": 0,
    "pair_key": "Model->ModelNew"
  },
  "runnable": true,
  "phase": "seed_repair",
  "score": 0.6079082135262662
}