{
  "timestamp": "2025-12-12T18:24:38",
  "reference_file": "KernelBench/level1/42_Max_Pooling_2D.py",
  "candidate_file": "/home/hyc/LLMKernel/run/20251212_170112_batch_range40to70_deepseek_deepseek/42_Max_Pooling_2D/code/kernel_20251212_182431.py",
  "tolerance": 0.001,
  "max_abs_err": 0.0,
  "mean_abs_err": 0.0,
  "ref_latency_ms": {
    "avg": 9.47571849822998,
    "min": 9.470975875854492,
    "max": 9.488384246826172,
    "all": [
      9.488384246826172,
      9.471808433532715,
      9.47439956665039,
      9.470975875854492,
      9.473024368286133
    ]
  },
  "test_latency_ms": {
    "avg": 6.88337287902832,
    "min": 6.88047981262207,
    "max": 6.88640022277832,
    "all": [
      6.88640022277832,
      6.8823041915893555,
      6.881279945373535,
      6.88047981262207,
      6.88640022277832
    ]
  },
  "num_runs": 5,
  "model_init_args": [
    4,
    1,
    1,
    1
  ],
  "model_init_kwargs": {},
  "seed": 100,
  "align_stats": {
    "copied_same_shape": 0,
    "unique_shape_copied": 0,
    "mapped_shape": 0,
    "skipped": 0,
    "pair_aligner": 0,
    "pair_key": "Model->ModelNew"
  },
  "runnable": true,
  "phase": "stage4_advanced_memory",
  "pytorch_baseline_ms": 9.469657707214356,
  "score": 1.3757292934203391
}