{
  "timestamp": "2025-12-12T18:06:42",
  "reference_file": "KernelBench/level1/42_Max_Pooling_2D.py",
  "candidate_file": "/home/hyc/LLMKernel/run/20251212_170112_batch_range40to70_deepseek_deepseek/42_Max_Pooling_2D/code/kernel_20251212_180636.py",
  "tolerance": 0.001,
  "max_abs_err": 0.0,
  "mean_abs_err": 0.0,
  "ref_latency_ms": {
    "avg": 9.46990737915039,
    "min": 9.463808059692383,
    "max": 9.477120399475098,
    "all": [
      9.477120399475098,
      9.466879844665527,
      9.468928337097168,
      9.463808059692383,
      9.472800254821777
    ]
  },
  "test_latency_ms": {
    "avg": 6.889343929290772,
    "min": 6.88640022277832,
    "max": 6.892543792724609,
    "all": [
      6.892543792724609,
      6.888735771179199,
      6.890495777130127,
      6.88640022277832,
      6.888544082641602
    ]
  },
  "num_runs": 5,
  "model_init_args": [
    4,
    1,
    1,
    1
  ],
  "model_init_kwargs": {},
  "seed": 100,
  "align_stats": {
    "copied_same_shape": 0,
    "unique_shape_copied": 0,
    "mapped_shape": 0,
    "skipped": 0,
    "pair_aligner": 0,
    "pair_key": "Model->ModelNew"
  },
  "runnable": true,
  "phase": "stage1_grid_and_parallel",
  "pytorch_baseline_ms": 9.469657707214356,
  "score": 1.3745369376832979
}