{
  "timestamp": "2025-12-12T18:12:49",
  "reference_file": "KernelBench/level1/42_Max_Pooling_2D.py",
  "candidate_file": "/home/hyc/LLMKernel/run/20251212_170112_batch_range40to70_deepseek_deepseek/42_Max_Pooling_2D/code/kernel_20251212_181238.py",
  "tolerance": 0.001,
  "max_abs_err": 0.0,
  "mean_abs_err": 0.0,
  "ref_latency_ms": {
    "avg": 9.470143890380859,
    "min": 9.463711738586426,
    "max": 9.482463836669922,
    "all": [
      9.482463836669922,
      9.463711738586426,
      9.469759941101074,
      9.464832305908203,
      9.469951629638672
    ]
  },
  "test_latency_ms": {
    "avg": 14.17610855102539,
    "min": 14.160767555236816,
    "max": 14.199872016906738,
    "all": [
      14.160767555236816,
      14.199872016906738,
      14.175871849060059,
      14.173919677734375,
      14.170111656188965
    ]
  },
  "num_runs": 5,
  "model_init_args": [
    4,
    1,
    1,
    1
  ],
  "model_init_kwargs": {},
  "seed": 100,
  "align_stats": {
    "copied_same_shape": 0,
    "unique_shape_copied": 0,
    "mapped_shape": 0,
    "skipped": 0,
    "pair_aligner": 0,
    "pair_key": "Model->ModelNew"
  },
  "runnable": true,
  "phase": "stage2_repair",
  "pytorch_baseline_ms": 9.469657707214356,
  "score": 0.6680012129654153
}