{
  "timestamp": "2025-12-12T18:20:35",
  "reference_file": "KernelBench/level1/42_Max_Pooling_2D.py",
  "candidate_file": "/home/hyc/LLMKernel/run/20251212_170112_batch_range40to70_deepseek_deepseek/42_Max_Pooling_2D/code/kernel_20251212_182027.py",
  "tolerance": 0.001,
  "max_abs_err": 0.0,
  "mean_abs_err": 0.0,
  "ref_latency_ms": {
    "avg": 9.469491004943848,
    "min": 9.465855598449707,
    "max": 9.47702407836914,
    "all": [
      9.47702407836914,
      9.467071533203125,
      9.465855598449707,
      9.465855598449707,
      9.471648216247559
    ]
  },
  "test_latency_ms": {
    "avg": 6.876787281036377,
    "min": 6.874048233032227,
    "max": 6.879231929779053,
    "all": [
      6.878208160400391,
      6.877280235290527,
      6.8751678466796875,
      6.874048233032227,
      6.879231929779053
    ]
  },
  "num_runs": 5,
  "model_init_args": [
    4,
    1,
    1,
    1
  ],
  "model_init_kwargs": {},
  "seed": 100,
  "align_stats": {
    "copied_same_shape": 0,
    "unique_shape_copied": 0,
    "mapped_shape": 0,
    "skipped": 0,
    "pair_aligner": 0,
    "pair_key": "Model->ModelNew"
  },
  "runnable": true,
  "phase": "stage3_repair",
  "pytorch_baseline_ms": 9.469657707214356,
  "score": 1.3770467691109411
}