{
  "timestamp": "2025-12-14T19:22:20",
  "reference_file": "KernelBench/level2/20_ConvTranspose3d_Sum_ResidualAdd_Multiply_ResidualAdd.py",
  "candidate_file": "/home/hyc/LLMKernel/run/20251214_114625_batch_range6to24_deepseek_deepseek/20_ConvTranspose3d_Sum_ResidualAdd_Multiply_ResidualAdd/code/kernel_20251214_192025.py",
  "tolerance": 0.001,
  "max_abs_err": 5.960464477539063e-08,
  "mean_abs_err": 3.6789811197479594e-09,
  "ref_latency_ms": {
    "avg": 11.78725757598877,
    "min": 11.781023979187012,
    "max": 11.799551963806152,
    "all": [
      11.799551963806152,
      11.786239624023438,
      11.781184196472168,
      11.788288116455078,
      11.781023979187012
    ]
  },
  "test_latency_ms": {
    "avg": 27.125120162963867,
    "min": 27.019264221191406,
    "max": 27.225088119506836,
    "all": [
      27.040767669677734,
      27.019264221191406,
      27.16044807434082,
      27.225088119506836,
      27.18003273010254
    ]
  },
  "num_runs": 5,
  "model_init_args": [
    32,
    64,
    3,
    2,
    1,
    1,
    [
      64,
      1,
      1,
      1
    ]
  ],
  "model_init_kwargs": {},
  "seed": 100,
  "align_stats": {
    "pair_aligner": 1,
    "copied_same_shape": 1,
    "mapped_shape": 0,
    "skipped": 0,
    "pair_key": "Model->ModelNew"
  },
  "runnable": true,
  "phase": "stage2_block_tiling",
  "pytorch_baseline_ms": 11.787916564941407,
  "score": 0.4345756440569214
}