{
  "timestamp": "2025-12-14T19:26:52",
  "reference_file": "KernelBench/level2/20_ConvTranspose3d_Sum_ResidualAdd_Multiply_ResidualAdd.py",
  "candidate_file": "/home/hyc/LLMKernel/run/20251214_114625_batch_range6to24_deepseek_deepseek/20_ConvTranspose3d_Sum_ResidualAdd_Multiply_ResidualAdd/code/kernel_20251214_192647.py",
  "tolerance": 0.001,
  "max_abs_err": 5.960464477539063e-08,
  "mean_abs_err": 3.2347173828384257e-09,
  "ref_latency_ms": {
    "avg": 11.803667068481445,
    "min": 11.798527717590332,
    "max": 11.815936088562012,
    "all": [
      11.815936088562012,
      11.802623748779297,
      11.800671577453613,
      11.800576210021973,
      11.798527717590332
    ]
  },
  "test_latency_ms": {
    "avg": 5.443097686767578,
    "min": 5.438464164733887,
    "max": 5.448703765869141,
    "all": [
      5.448703765869141,
      5.444352149963379,
      5.440512180328369,
      5.443456172943115,
      5.438464164733887
    ]
  },
  "num_runs": 5,
  "model_init_args": [
    32,
    64,
    3,
    2,
    1,
    1,
    [
      64,
      1,
      1,
      1
    ]
  ],
  "model_init_kwargs": {},
  "seed": 100,
  "align_stats": {
    "pair_aligner": 1,
    "copied_same_shape": 1,
    "mapped_shape": 0,
    "skipped": 0,
    "pair_key": "Model->ModelNew"
  },
  "runnable": true,
  "phase": "stage3_memory_access",
  "pytorch_baseline_ms": 11.787916564941407,
  "score": 2.1656632387102617
}