{
  "timestamp": "2025-12-14T19:12:06",
  "reference_file": "KernelBench/level2/20_ConvTranspose3d_Sum_ResidualAdd_Multiply_ResidualAdd.py",
  "candidate_file": "/home/hyc/LLMKernel/run/20251214_114625_batch_range6to24_deepseek_deepseek/20_ConvTranspose3d_Sum_ResidualAdd_Multiply_ResidualAdd/code/kernel_20251214_191201.py",
  "tolerance": 0.001,
  "max_abs_err": 5.960464477539063e-08,
  "mean_abs_err": 1.8553789615793903e-09,
  "ref_latency_ms": {
    "avg": 11.787916564941407,
    "min": 11.778047561645508,
    "max": 11.803647994995117,
    "all": [
      11.803647994995117,
      11.791359901428223,
      11.782143592834473,
      11.784383773803711,
      11.778047561645508
    ]
  },
  "test_latency_ms": {
    "avg": 5.505612850189209,
    "min": 5.501823902130127,
    "max": 5.509119987487793,
    "all": [
      5.509119987487793,
      5.505023956298828,
      5.506048202514648,
      5.506048202514648,
      5.501823902130127
    ]
  },
  "num_runs": 5,
  "model_init_args": [
    32,
    64,
    3,
    2,
    1,
    1,
    [
      64,
      1,
      1,
      1
    ]
  ],
  "model_init_kwargs": {},
  "seed": 100,
  "align_stats": {
    "pair_aligner": 1,
    "copied_same_shape": 1,
    "mapped_shape": 0,
    "skipped": 0,
    "pair_key": "Model->ModelNew"
  },
  "runnable": true,
  "phase": "seed_repair",
  "score": 2.1410725537187556
}