{
  "timestamp": "2025-12-14T19:30:38",
  "reference_file": "KernelBench/level2/20_ConvTranspose3d_Sum_ResidualAdd_Multiply_ResidualAdd.py",
  "candidate_file": "/home/hyc/LLMKernel/run/20251214_114625_batch_range6to24_deepseek_deepseek/20_ConvTranspose3d_Sum_ResidualAdd_Multiply_ResidualAdd/code/kernel_20251214_193034.py",
  "tolerance": 0.001,
  "max_abs_err": 5.960464477539063e-08,
  "mean_abs_err": 3.1236491171426906e-09,
  "ref_latency_ms": {
    "avg": 11.803993606567383,
    "min": 11.792384147644043,
    "max": 11.819007873535156,
    "all": [
      11.819007873535156,
      11.806655883789062,
      11.792384147644043,
      11.8024320602417,
      11.799488067626953
    ]
  },
  "test_latency_ms": {
    "avg": 5.444787311553955,
    "min": 5.440512180328369,
    "max": 5.455840110778809,
    "all": [
      5.455840110778809,
      5.444479942321777,
      5.440512180328369,
      5.440512180328369,
      5.442592144012451
    ]
  },
  "num_runs": 5,
  "model_init_args": [
    32,
    64,
    3,
    2,
    1,
    1,
    [
      64,
      1,
      1,
      1
    ]
  ],
  "model_init_kwargs": {},
  "seed": 100,
  "align_stats": {
    "pair_aligner": 1,
    "copied_same_shape": 1,
    "mapped_shape": 0,
    "skipped": 0,
    "pair_key": "Model->ModelNew"
  },
  "runnable": true,
  "phase": "stage4_advanced_memory",
  "pytorch_baseline_ms": 11.787916564941407,
  "score": 2.1649911907352553
}