{
  "timestamp": "2025-12-14T19:16:25",
  "reference_file": "KernelBench/level2/20_ConvTranspose3d_Sum_ResidualAdd_Multiply_ResidualAdd.py",
  "candidate_file": "/home/hyc/LLMKernel/run/20251214_114625_batch_range6to24_deepseek_deepseek/20_ConvTranspose3d_Sum_ResidualAdd_Multiply_ResidualAdd/code/kernel_20251214_191620.py",
  "tolerance": 0.001,
  "max_abs_err": 5.960464477539063e-08,
  "mean_abs_err": 3.2347173828384257e-09,
  "ref_latency_ms": {
    "avg": 11.796748733520507,
    "min": 11.789407730102539,
    "max": 11.810815811157227,
    "all": [
      11.810815811157227,
      11.789407730102539,
      11.796704292297363,
      11.794431686401367,
      11.792384147644043
    ]
  },
  "test_latency_ms": {
    "avg": 4.539801692962646,
    "min": 4.536320209503174,
    "max": 4.547584056854248,
    "all": [
      4.547584056854248,
      4.538368225097656,
      4.536320209503174,
      4.539391994476318,
      4.537343978881836
    ]
  },
  "num_runs": 5,
  "model_init_args": [
    32,
    64,
    3,
    2,
    1,
    1,
    [
      64,
      1,
      1,
      1
    ]
  ],
  "model_init_kwargs": {},
  "seed": 100,
  "align_stats": {
    "pair_aligner": 1,
    "copied_same_shape": 1,
    "mapped_shape": 0,
    "skipped": 0,
    "pair_key": "Model->ModelNew"
  },
  "runnable": true,
  "phase": "stage1_grid_and_parallel",
  "pytorch_baseline_ms": 11.787916564941407,
  "score": 2.596570811278914
}