{
  "timestamp": "2025-12-28T16:39:11",
  "reference_file": "KernelBench/tt/71_Conv2d_Divide_LeakyReLU.py",
  "candidate_file": "/home/hyc/LLMKernel/run/20251228_161743_batch_range68to77_openai_deepseek/71_Conv2d_Divide_LeakyReLU/code/kernel_20251228_163906.py",
  "tolerance": 1,
  "max_abs_err": 0.0003153085708618164,
  "mean_abs_err": 3.755330908461474e-05,
  "ref_latency_ms": {
    "avg": 4.161536026000976,
    "min": 4.147200107574463,
    "max": 4.176896095275879,
    "all": [
      4.1748480796813965,
      4.158463954925537,
      4.150271892547607,
      4.147200107574463,
      4.176896095275879
    ]
  },
  "test_latency_ms": {
    "avg": 1.4499840259552002,
    "min": 1.4458880424499512,
    "max": 1.453984022140503,
    "all": [
      1.453984022140503,
      1.4479360580444336,
      1.4490560293197632,
      1.4458880424499512,
      1.45305597782135
    ]
  },
  "num_runs": 5,
  "model_init_args": [
    8,
    64,
    3,
    2
  ],
  "model_init_kwargs": {},
  "seed": 100,
  "align_stats": {
    "pair_aligner": 1,
    "copied_same_shape": 1,
    "mapped_shape": 0,
    "skipped": 0,
    "pair_key": "Model->ModelNew"
  },
  "runnable": true,
  "phase": "stage2_block_tiling",
  "pytorch_baseline_ms": 4.1428672790527346,
  "score": 2.8571813239966932
}