{
  "timestamp": "2025-12-28T16:37:57",
  "reference_file": "KernelBench/tt/71_Conv2d_Divide_LeakyReLU.py",
  "candidate_file": "/home/hyc/LLMKernel/run/20251228_161743_batch_range68to77_openai_deepseek/71_Conv2d_Divide_LeakyReLU/code/kernel_20251228_163749.py",
  "tolerance": 1,
  "max_abs_err": 0.0003153085708618164,
  "mean_abs_err": 3.755330908461474e-05,
  "ref_latency_ms": {
    "avg": 4.158476829528809,
    "min": 4.15334415435791,
    "max": 4.168704032897949,
    "all": [
      4.168704032897949,
      4.157440185546875,
      4.15334415435791,
      4.156415939331055,
      4.156479835510254
    ]
  },
  "test_latency_ms": {
    "avg": 1.4690688133239747,
    "min": 1.4632960557937622,
    "max": 1.4735360145568848,
    "all": [
      1.4714879989624023,
      1.4686720371246338,
      1.46835196018219,
      1.4632960557937622,
      1.4735360145568848
    ]
  },
  "num_runs": 5,
  "model_init_args": [
    8,
    64,
    3,
    2
  ],
  "model_init_kwargs": {},
  "seed": 100,
  "align_stats": {
    "pair_aligner": 1,
    "copied_same_shape": 1,
    "mapped_shape": 0,
    "skipped": 0,
    "pair_key": "Model->ModelNew"
  },
  "runnable": true,
  "phase": "stage1_grid_and_parallel",
  "pytorch_baseline_ms": 4.1428672790527346,
  "score": 2.820063458891973
}