{
  "timestamp": "2025-12-13T08:27:09",
  "reference_file": "KernelBench/level2/71_Conv2d_Divide_LeakyReLU.py",
  "candidate_file": "/home/hyc/LLMKernel/run/20251213_080749_batch_range71to100_deepseek_deepseek/71_Conv2d_Divide_LeakyReLU/code/kernel_20251213_082704.py",
  "tolerance": 0.001,
  "max_abs_err": 0.0,
  "mean_abs_err": 0.0,
  "ref_latency_ms": {
    "avg": 4.10313606262207,
    "min": 4.088831901550293,
    "max": 4.1113600730896,
    "all": [
      4.1113600730896,
      4.100096225738525,
      4.088831901550293,
      4.108160018920898,
      4.107232093811035
    ]
  },
  "test_latency_ms": {
    "avg": 3.189913606643677,
    "min": 3.185408115386963,
    "max": 3.191807985305786,
    "all": [
      3.191807985305786,
      3.1897599697113037,
      3.191807985305786,
      3.185408115386963,
      3.190783977508545
    ]
  },
  "num_runs": 5,
  "model_init_args": [
    8,
    64,
    3,
    2
  ],
  "model_init_kwargs": {},
  "seed": 100,
  "align_stats": {
    "pair_aligner": 1,
    "copied_same_shape": 1,
    "mapped_shape": 0,
    "skipped": 0,
    "pair_key": "Model->ModelNew"
  },
  "runnable": true,
  "phase": "stage1_repair",
  "pytorch_baseline_ms": 4.1000831604003904,
  "score": 1.2853273367219384
}