{
  "timestamp": "2025-12-13T08:21:48",
  "reference_file": "KernelBench/level2/71_Conv2d_Divide_LeakyReLU.py",
  "candidate_file": "/home/hyc/LLMKernel/run/20251213_080749_batch_range71to100_deepseek_deepseek/71_Conv2d_Divide_LeakyReLU/code/kernel_20251213_082144.py",
  "tolerance": 0.001,
  "max_abs_err": 1.9371509552001953e-07,
  "mean_abs_err": 1.0652394522026043e-08,
  "ref_latency_ms": {
    "avg": 4.1000831604003904,
    "min": 4.094912052154541,
    "max": 4.114751815795898,
    "all": [
      4.114751815795898,
      4.097023963928223,
      4.097023963928223,
      4.094912052154541,
      4.096704006195068
    ]
  },
  "test_latency_ms": {
    "avg": 4.414272022247315,
    "min": 4.410367965698242,
    "max": 4.4194560050964355,
    "all": [
      4.413631916046143,
      4.4194560050964355,
      4.410367965698242,
      4.413440227508545,
      4.414463996887207
    ]
  },
  "num_runs": 5,
  "model_init_args": [
    8,
    64,
    3,
    2
  ],
  "model_init_kwargs": {},
  "seed": 100,
  "align_stats": {
    "pair_aligner": 1,
    "copied_same_shape": 1,
    "mapped_shape": 0,
    "skipped": 0,
    "pair_key": "Model->ModelNew"
  },
  "runnable": true,
  "phase": "seed_repair",
  "score": 0.9288243089090441
}