{
  "timestamp": "2025-12-28T16:40:12",
  "reference_file": "KernelBench/tt/71_Conv2d_Divide_LeakyReLU.py",
  "candidate_file": "/home/hyc/LLMKernel/run/20251228_161743_batch_range68to77_openai_deepseek/71_Conv2d_Divide_LeakyReLU/code/kernel_20251228_164006.py",
  "tolerance": 1,
  "max_abs_err": 0.0003153085708618164,
  "mean_abs_err": 3.755330908461474e-05,
  "ref_latency_ms": {
    "avg": 4.160697746276855,
    "min": 4.149248123168945,
    "max": 4.1715521812438965,
    "all": [
      4.1715521812438965,
      4.163584232330322,
      4.149248123168945,
      4.163712024688721,
      4.155392169952393
    ]
  },
  "test_latency_ms": {
    "avg": 1.4546367883682252,
    "min": 1.450719952583313,
    "max": 1.4581760168075562,
    "all": [
      1.4581760168075562,
      1.4520319700241089,
      1.4540799856185913,
      1.450719952583313,
      1.4581760168075562
    ]
  },
  "num_runs": 5,
  "model_init_args": [
    8,
    64,
    3,
    2
  ],
  "model_init_kwargs": {},
  "seed": 100,
  "align_stats": {
    "pair_aligner": 1,
    "copied_same_shape": 1,
    "mapped_shape": 0,
    "skipped": 0,
    "pair_key": "Model->ModelNew"
  },
  "runnable": true,
  "phase": "stage3_memory_and_tuning",
  "pytorch_baseline_ms": 4.1428672790527346,
  "score": 2.8480424200601298
}