{
  "timestamp": "2025-12-28T16:26:13",
  "reference_file": "KernelBench/tt/71_Conv2d_Divide_LeakyReLU.py",
  "candidate_file": "/home/hyc/LLMKernel/run/20251228_161743_batch_range68to77_openai_deepseek/71_Conv2d_Divide_LeakyReLU/code/kernel_20251228_162609.py",
  "tolerance": 1,
  "max_abs_err": 0.0003153085708618164,
  "mean_abs_err": 3.755330908461474e-05,
  "ref_latency_ms": {
    "avg": 4.140883159637451,
    "min": 4.125696182250977,
    "max": 4.158463954925537,
    "all": [
      4.158463954925537,
      4.137983798980713,
      4.133887767791748,
      4.148384094238281,
      4.125696182250977
    ]
  },
  "test_latency_ms": {
    "avg": 1.6444992065429687,
    "min": 1.6414719820022583,
    "max": 1.6465920209884644,
    "all": [
      1.6455680131912231,
      1.644544005393982,
      1.644320011138916,
      1.6414719820022583,
      1.6465920209884644
    ]
  },
  "num_runs": 5,
  "model_init_args": [
    8,
    64,
    3,
    2
  ],
  "model_init_kwargs": {},
  "seed": 100,
  "align_stats": {
    "pair_aligner": 1,
    "copied_same_shape": 1,
    "mapped_shape": 0,
    "skipped": 0,
    "pair_key": "Model->ModelNew"
  },
  "runnable": true,
  "phase": "seed_1",
  "pytorch_baseline_ms": 4.1428672790527346,
  "score": 2.5192272897241357
}