{
  "timestamp": "2025-12-28T16:25:09",
  "reference_file": "KernelBench/tt/71_Conv2d_Divide_LeakyReLU.py",
  "candidate_file": "/home/hyc/LLMKernel/run/20251228_161743_batch_range68to77_openai_deepseek/71_Conv2d_Divide_LeakyReLU/code/kernel_20251228_162505.py",
  "tolerance": 1,
  "max_abs_err": 0.0003153085708618164,
  "mean_abs_err": 3.755330908461474e-05,
  "ref_latency_ms": {
    "avg": 4.1428672790527346,
    "min": 4.1308159828186035,
    "max": 4.157440185546875,
    "all": [
      4.157440185546875,
      4.151264190673828,
      4.131840229034424,
      4.1308159828186035,
      4.142975807189941
    ]
  },
  "test_latency_ms": {
    "avg": 1.517951989173889,
    "min": 1.5147199630737305,
    "max": 1.5206400156021118,
    "all": [
      1.5206400156021118,
      1.5185920000076294,
      1.5147199630737305,
      1.5162559747695923,
      1.5195519924163818
    ]
  },
  "num_runs": 5,
  "model_init_args": [
    8,
    64,
    3,
    2
  ],
  "model_init_kwargs": {},
  "seed": 100,
  "align_stats": {
    "pair_aligner": 1,
    "copied_same_shape": 1,
    "mapped_shape": 0,
    "skipped": 0,
    "pair_key": "Model->ModelNew"
  },
  "runnable": true,
  "phase": "seed_0",
  "score": 2.7292479001970253
}