{
  "timestamp": "2025-12-13T08:44:24",
  "reference_file": "KernelBench/level2/71_Conv2d_Divide_LeakyReLU.py",
  "candidate_file": "/home/hyc/LLMKernel/run/20251213_080749_batch_range71to100_deepseek_deepseek/71_Conv2d_Divide_LeakyReLU/code/kernel_20251213_084410.py",
  "tolerance": 0.001,
  "max_abs_err": 0.0,
  "mean_abs_err": 0.0,
  "ref_latency_ms": {
    "avg": 4.108031940460205,
    "min": 4.099071979522705,
    "max": 4.131775856018066,
    "all": [
      4.131775856018066,
      4.106048107147217,
      4.10214376449585,
      4.099071979522705,
      4.1011199951171875
    ]
  },
  "test_latency_ms": {
    "avg": 842.50205078125,
    "min": 838.6519165039062,
    "max": 847.3320922851562,
    "all": [
      843.490234375,
      838.6519165039062,
      840.1867065429688,
      847.3320922851562,
      842.8493041992188
    ]
  },
  "num_runs": 5,
  "model_init_args": [
    8,
    64,
    3,
    2
  ],
  "model_init_kwargs": {},
  "seed": 100,
  "align_stats": {
    "pair_aligner": 1,
    "copied_same_shape": 1,
    "mapped_shape": 0,
    "skipped": 0,
    "pair_key": "Model->ModelNew"
  },
  "runnable": true,
  "phase": "stage4_repair",
  "pytorch_baseline_ms": 4.1000831604003904,
  "score": 0.004866555703453059
}