{
  "timestamp": "2025-12-13T08:38:53",
  "reference_file": "KernelBench/level2/71_Conv2d_Divide_LeakyReLU.py",
  "candidate_file": "/home/hyc/LLMKernel/run/20251213_080749_batch_range71to100_deepseek_deepseek/71_Conv2d_Divide_LeakyReLU/code/kernel_20251213_083848.py",
  "tolerance": 0.001,
  "max_abs_err": 0.0,
  "mean_abs_err": 0.0,
  "ref_latency_ms": {
    "avg": 4.115603065490722,
    "min": 4.104191780090332,
    "max": 4.143104076385498,
    "all": [
      4.143104076385498,
      4.114431858062744,
      4.110047817230225,
      4.104191780090332,
      4.1062397956848145
    ]
  },
  "test_latency_ms": {
    "avg": 11.242963218688965,
    "min": 10.606592178344727,
    "max": 11.521023750305176,
    "all": [
      11.521023750305176,
      11.511808395385742,
      11.513855934143066,
      11.061535835266113,
      10.606592178344727
    ]
  },
  "num_runs": 5,
  "model_init_args": [
    8,
    64,
    3,
    2
  ],
  "model_init_kwargs": {},
  "seed": 100,
  "align_stats": {
    "pair_aligner": 1,
    "copied_same_shape": 1,
    "mapped_shape": 0,
    "skipped": 0,
    "pair_key": "Model->ModelNew"
  },
  "runnable": true,
  "phase": "stage3_memory_access",
  "pytorch_baseline_ms": 4.1000831604003904,
  "score": 0.3646799407459503
}