{
  "timestamp": "2025-12-12T14:02:19",
  "reference_file": "KernelBench/level1/96_HuberLoss.py",
  "candidate_file": "/home/hyc/LLMKernel/run/20251212_130526_batch_range90to100_deepseek_deepseek/96_HuberLoss/code/kernel_20251212_140200.py",
  "tolerance": 0.001,
  "max_abs_err": 0.0,
  "mean_abs_err": 0.0,
  "ref_latency_ms": {
    "avg": 22.36777534484863,
    "min": 22.351871490478516,
    "max": 22.389503479003906,
    "all": [
      22.389503479003906,
      22.375423431396484,
      22.351871490478516,
      22.355871200561523,
      22.366207122802734
    ]
  },
  "test_latency_ms": {
    "avg": 8.823789024353028,
    "min": 8.820416450500488,
    "max": 8.827903747558594,
    "all": [
      8.827903747558594,
      8.822784423828125,
      8.820416450500488,
      8.82198429107666,
      8.82585620880127
    ]
  },
  "num_runs": 5,
  "model_init_args": [],
  "model_init_kwargs": {},
  "seed": 100,
  "align_stats": {
    "copied_same_shape": 0,
    "unique_shape_copied": 0,
    "mapped_shape": 0,
    "skipped": 0,
    "pair_aligner": 0,
    "pair_key": "Model->ModelNew"
  },
  "runnable": true,
  "phase": "stage3_repair",
  "pytorch_baseline_ms": 22.38917770385742,
  "score": 2.5373654834748303
}