{
  "timestamp": "2025-12-12T13:37:02",
  "reference_file": "KernelBench/level1/96_HuberLoss.py",
  "candidate_file": "/home/hyc/LLMKernel/run/20251212_130526_batch_range90to100_deepseek_deepseek/96_HuberLoss/code/kernel_20251212_133643.py",
  "tolerance": 0.001,
  "max_abs_err": 5.260109901428223e-06,
  "mean_abs_err": 5.260109901428223e-06,
  "ref_latency_ms": {
    "avg": 22.38917770385742,
    "min": 22.378496170043945,
    "max": 22.411264419555664,
    "all": [
      22.384639739990234,
      22.378496170043945,
      22.3919677734375,
      22.379520416259766,
      22.411264419555664
    ]
  },
  "test_latency_ms": {
    "avg": 8.778099060058594,
    "min": 8.773632049560547,
    "max": 8.783679962158203,
    "all": [
      8.783679962158203,
      8.779775619506836,
      8.773632049560547,
      8.775679588317871,
      8.777728080749512
    ]
  },
  "num_runs": 5,
  "model_init_args": [],
  "model_init_kwargs": {},
  "seed": 100,
  "align_stats": {
    "copied_same_shape": 0,
    "unique_shape_copied": 0,
    "mapped_shape": 0,
    "skipped": 0,
    "pair_aligner": 0,
    "pair_key": "Model->ModelNew"
  },
  "runnable": true,
  "phase": "seed_repair",
  "score": 2.5505724588744814
}