{
  "timestamp": "2025-12-28T09:24:15",
  "reference_file": "KernelBench/select/28_VisionTransformer.py",
  "candidate_file": "/home/hyc/LLMKernel/run/20251228_085521_batch_range26to32_openai_deepseek/28_VisionTransformer/code/kernel_20251228_092407.py",
  "tolerance": 1,
  "max_abs_err": 13.579269409179688,
  "mean_abs_err": 6.110135078430176,
  "ref_latency_ms": {
    "avg": 4.326790380477905,
    "min": 3.980288028717041,
    "max": 5.668960094451904,
    "all": [
      3.9872639179229736,
      3.9935998916625977,
      3.980288028717041,
      5.668960094451904,
      4.00383996963501
    ]
  },
  "test_latency_ms": {
    "avg": 2.7144447803497314,
    "min": 2.7002880573272705,
    "max": 2.7277119159698486,
    "all": [
      2.7149760723114014,
      2.713599920272827,
      2.7277119159698486,
      2.7002880573272705,
      2.7156479358673096
    ]
  },
  "num_runs": 5,
  "model_init_args": [
    224,
    16,
    10,
    512,
    6,
    8,
    2048,
    3,
    0.0,
    0.0
  ],
  "model_init_kwargs": {},
  "seed": 100,
  "align_stats": {
    "copied_same_shape": 2,
    "unique_shape_copied": 3,
    "mapped_shape": 0,
    "skipped": 75,
    "pair_aligner": 0,
    "pair_key": "Model->ModelNew"
  },
  "runnable": true,
  "phase": "stage2_block_tiling",
  "pytorch_baseline_ms": 3.977804756164551,
  "score": 1.4654211369339578
}