{
  "timestamp": "2025-12-16T05:49:13",
  "reference_file": "KernelBench/level3/28_VisionTransformer.py",
  "candidate_file": "/home/hyc/LLMKernel/run/20251216_051549_batch_range18to33_openai_deepseek/28_VisionTransformer/code/kernel_20251216_054907.py",
  "tolerance": 0.1,
  "max_abs_err": 0.0007726550102233887,
  "mean_abs_err": 0.00022696331143379211,
  "ref_latency_ms": {
    "avg": 6.034752082824707,
    "min": 5.989120006561279,
    "max": 6.071167945861816,
    "all": [
      6.071167945861816,
      6.033408164978027,
      5.989120006561279,
      6.025216102600098,
      6.0548481941223145
    ]
  },
  "test_latency_ms": {
    "avg": 6.103040027618408,
    "min": 6.066175937652588,
    "max": 6.159359931945801,
    "all": [
      6.159359931945801,
      6.066175937652588,
      6.105088233947754,
      6.0938239097595215,
      6.090752124786377
    ]
  },
  "num_runs": 5,
  "model_init_args": [
    224,
    16,
    10,
    512,
    6,
    8,
    2048,
    3,
    0.0,
    0.0
  ],
  "model_init_kwargs": {},
  "seed": 100,
  "align_stats": {
    "copied_same_shape": 74,
    "unique_shape_copied": 1,
    "mapped_shape": 0,
    "skipped": 5,
    "pair_aligner": 0,
    "pair_key": "Model->ModelNew"
  },
  "runnable": true,
  "phase": "stage2_block_tiling",
  "pytorch_baseline_ms": 4.794400024414062,
  "score": 0.785575713532553
}