{
  "timestamp": "2025-12-28T09:23:37",
  "reference_file": "KernelBench/select/28_VisionTransformer.py",
  "candidate_file": "/home/hyc/LLMKernel/run/20251228_085521_batch_range26to32_openai_deepseek/28_VisionTransformer/code/kernel_20251228_092325.py",
  "tolerance": 1,
  "max_abs_err": 13.579269409179688,
  "mean_abs_err": 6.110135078430176,
  "ref_latency_ms": {
    "avg": 3.9439743995666503,
    "min": 3.929759979248047,
    "max": 3.9588160514831543,
    "all": [
      3.9587841033935547,
      3.9331839084625244,
      3.9588160514831543,
      3.929759979248047,
      3.9393279552459717
    ]
  },
  "test_latency_ms": {
    "avg": 2.601907157897949,
    "min": 2.576159954071045,
    "max": 2.659327983856201,
    "all": [
      2.597759962081909,
      2.659327983856201,
      2.5894079208374023,
      2.576159954071045,
      2.5868799686431885
    ]
  },
  "num_runs": 5,
  "model_init_args": [
    224,
    16,
    10,
    512,
    6,
    8,
    2048,
    3,
    0.0,
    0.0
  ],
  "model_init_kwargs": {},
  "seed": 100,
  "align_stats": {
    "copied_same_shape": 2,
    "unique_shape_copied": 3,
    "mapped_shape": 0,
    "skipped": 75,
    "pair_aligner": 0,
    "pair_key": "Model->ModelNew"
  },
  "runnable": true,
  "phase": "stage1_grid_and_parallel",
  "pytorch_baseline_ms": 3.977804756164551,
  "score": 1.52880349480962
}