{
  "timestamp": "2025-12-16T05:46:47",
  "reference_file": "KernelBench/level3/28_VisionTransformer.py",
  "candidate_file": "/home/hyc/LLMKernel/run/20251216_051549_batch_range18to33_openai_deepseek/28_VisionTransformer/code/kernel_20251216_054642.py",
  "tolerance": 0.1,
  "max_abs_err": 0.0007726550102233887,
  "mean_abs_err": 0.00022696331143379211,
  "ref_latency_ms": {
    "avg": 4.794400024414062,
    "min": 4.752384185791016,
    "max": 4.838399887084961,
    "all": [
      4.795392036437988,
      4.838399887084961,
      4.8066558837890625,
      4.779168128967285,
      4.752384185791016
    ]
  },
  "test_latency_ms": {
    "avg": 4.887135982513428,
    "min": 4.860960006713867,
    "max": 4.914175987243652,
    "all": [
      4.914175987243652,
      4.860960006713867,
      4.893631935119629,
      4.896768093109131,
      4.870143890380859
    ]
  },
  "num_runs": 5,
  "model_init_args": [
    224,
    16,
    10,
    512,
    6,
    8,
    2048,
    3,
    0.0,
    0.0
  ],
  "model_init_kwargs": {},
  "seed": 100,
  "align_stats": {
    "copied_same_shape": 74,
    "unique_shape_copied": 1,
    "mapped_shape": 0,
    "skipped": 5,
    "pair_aligner": 0,
    "pair_key": "Model->ModelNew"
  },
  "runnable": true,
  "phase": "seed",
  "score": 0.9810244776426966
}