{
  "timestamp": "2025-12-28T09:25:16",
  "reference_file": "KernelBench/select/28_VisionTransformer.py",
  "candidate_file": "/home/hyc/LLMKernel/run/20251228_085521_batch_range26to32_openai_deepseek/28_VisionTransformer/code/kernel_20251228_092506.py",
  "tolerance": 1,
  "max_abs_err": 13.579269409179688,
  "mean_abs_err": 6.110135078430176,
  "ref_latency_ms": {
    "avg": 3.9803135871887205,
    "min": 3.9495038986206055,
    "max": 4.037631988525391,
    "all": [
      4.037631988525391,
      3.9977920055389404,
      3.9495038986206055,
      3.9567999839782715,
      3.9598400592803955
    ]
  },
  "test_latency_ms": {
    "avg": 2.685279941558838,
    "min": 2.648063898086548,
    "max": 2.7143359184265137,
    "all": [
      2.713599920272827,
      2.7143359184265137,
      2.6808319091796875,
      2.648063898086548,
      2.6695680618286133
    ]
  },
  "num_runs": 5,
  "model_init_args": [
    224,
    16,
    10,
    512,
    6,
    8,
    2048,
    3,
    0.0,
    0.0
  ],
  "model_init_kwargs": {},
  "seed": 100,
  "align_stats": {
    "copied_same_shape": 2,
    "unique_shape_copied": 3,
    "mapped_shape": 0,
    "skipped": 75,
    "pair_aligner": 0,
    "pair_key": "Model->ModelNew"
  },
  "runnable": true,
  "phase": "stage3_memory_and_tuning",
  "pytorch_baseline_ms": 3.977804756164551,
  "score": 1.4813370831852215
}