{
  "timestamp": "2025-12-28T09:18:42",
  "reference_file": "KernelBench/select/28_VisionTransformer.py",
  "candidate_file": "/home/hyc/LLMKernel/run/20251228_085521_batch_range26to32_openai_deepseek/28_VisionTransformer/code/kernel_20251228_091838.py",
  "tolerance": 1,
  "max_abs_err": 17.29636573791504,
  "mean_abs_err": 7.6560773849487305,
  "ref_latency_ms": {
    "avg": 3.87640323638916,
    "min": 3.837984085083008,
    "max": 3.930111885070801,
    "all": [
      3.930111885070801,
      3.896320104598999,
      3.85097599029541,
      3.837984085083008,
      3.866624116897583
    ]
  },
  "test_latency_ms": {
    "avg": 3.9177855968475344,
    "min": 3.8993918895721436,
    "max": 3.9280641078948975,
    "all": [
      3.9268479347229004,
      3.9127039909362793,
      3.9280641078948975,
      3.8993918895721436,
      3.92192006111145
    ]
  },
  "num_runs": 5,
  "model_init_args": [
    224,
    16,
    10,
    512,
    6,
    8,
    2048,
    3,
    0.0,
    0.0
  ],
  "model_init_kwargs": {},
  "seed": 100,
  "align_stats": {
    "copied_same_shape": 74,
    "unique_shape_copied": 3,
    "mapped_shape": 0,
    "skipped": 3,
    "pair_aligner": 0,
    "pair_key": "Model->ModelNew"
  },
  "runnable": true,
  "phase": "seed_0_repair_1",
  "score": 0.9894373085419292
}