{
  "timestamp": "2025-12-28T09:22:21",
  "reference_file": "KernelBench/select/28_VisionTransformer.py",
  "candidate_file": "/home/hyc/LLMKernel/run/20251228_085521_batch_range26to32_openai_deepseek/28_VisionTransformer/code/kernel_20251228_092218.py",
  "tolerance": 1,
  "max_abs_err": 0.0007726550102233887,
  "mean_abs_err": 0.00022696331143379211,
  "ref_latency_ms": {
    "avg": 3.8885311603546144,
    "min": 3.863584041595459,
    "max": 3.9288320541381836,
    "all": [
      3.9288320541381836,
      3.901439905166626,
      3.87174391746521,
      3.8770558834075928,
      3.863584041595459
    ]
  },
  "test_latency_ms": {
    "avg": 3.976780891418457,
    "min": 3.9485440254211426,
    "max": 4.0069122314453125,
    "all": [
      3.983232021331787,
      3.9915521144866943,
      4.0069122314453125,
      3.9485440254211426,
      3.9536640644073486
    ]
  },
  "num_runs": 5,
  "model_init_args": [
    224,
    16,
    10,
    512,
    6,
    8,
    2048,
    3,
    0.0,
    0.0
  ],
  "model_init_kwargs": {},
  "seed": 100,
  "align_stats": {
    "copied_same_shape": 80,
    "unique_shape_copied": 0,
    "mapped_shape": 0,
    "skipped": 0,
    "pair_aligner": 0,
    "pair_key": "Model->ModelNew"
  },
  "runnable": true,
  "phase": "algorithm_optimized_seed1",
  "pytorch_baseline_ms": 3.977804756164551,
  "score": 1.0002574606884436
}