{
  "timestamp": "2025-12-28T09:20:44",
  "reference_file": "KernelBench/select/28_VisionTransformer.py",
  "candidate_file": "/home/hyc/LLMKernel/run/20251228_085521_batch_range26to32_openai_deepseek/28_VisionTransformer/code/kernel_20251228_092040.py",
  "tolerance": 1,
  "max_abs_err": 13.579269409179688,
  "mean_abs_err": 6.110135078430176,
  "ref_latency_ms": {
    "avg": 3.8594048023223877,
    "min": 3.8260159492492676,
    "max": 3.882143974304199,
    "all": [
      3.882143974304199,
      3.865600109100342,
      3.8748159408569336,
      3.8484480381011963,
      3.8260159492492676
    ]
  },
  "test_latency_ms": {
    "avg": 2.1842623710632325,
    "min": 2.1616640090942383,
    "max": 2.2118399143218994,
    "all": [
      2.2118399143218994,
      2.169856071472168,
      2.195807933807373,
      2.1821439266204834,
      2.1616640090942383
    ]
  },
  "num_runs": 5,
  "model_init_args": [
    224,
    16,
    10,
    512,
    6,
    8,
    2048,
    3,
    0.0,
    0.0
  ],
  "model_init_kwargs": {},
  "seed": 100,
  "align_stats": {
    "copied_same_shape": 2,
    "unique_shape_copied": 3,
    "mapped_shape": 0,
    "skipped": 75,
    "pair_aligner": 0,
    "pair_key": "Model->ModelNew"
  },
  "runnable": true,
  "phase": "algorithm_optimized_seed0",
  "pytorch_baseline_ms": 3.977804756164551,
  "score": 1.8211203969183778
}