{
  "timestamp": "2025-12-28T09:19:32",
  "reference_file": "KernelBench/select/28_VisionTransformer.py",
  "candidate_file": "/home/hyc/LLMKernel/run/20251228_085521_batch_range26to32_openai_deepseek/28_VisionTransformer/code/kernel_20251228_091928.py",
  "tolerance": 1,
  "max_abs_err": 0.0007726550102233887,
  "mean_abs_err": 0.00022696331143379211,
  "ref_latency_ms": {
    "avg": 3.977804756164551,
    "min": 3.93286395072937,
    "max": 4.025343894958496,
    "all": [
      3.9669759273529053,
      4.025343894958496,
      3.980384111404419,
      3.93286395072937,
      3.9834558963775635
    ]
  },
  "test_latency_ms": {
    "avg": 4.142425632476806,
    "min": 4.105216026306152,
    "max": 4.172800064086914,
    "all": [
      4.142911911010742,
      4.144896030426025,
      4.172800064086914,
      4.105216026306152,
      4.146304130554199
    ]
  },
  "num_runs": 5,
  "model_init_args": [
    224,
    16,
    10,
    512,
    6,
    8,
    2048,
    3,
    0.0,
    0.0
  ],
  "model_init_kwargs": {},
  "seed": 100,
  "align_stats": {
    "copied_same_shape": 80,
    "unique_shape_copied": 0,
    "mapped_shape": 0,
    "skipped": 0,
    "pair_aligner": 0,
    "pair_key": "Model->ModelNew"
  },
  "runnable": true,
  "phase": "seed_1",
  "score": 0.9602597871590934
}