{
  "timestamp": "2025-12-14T11:52:07",
  "reference_file": "KernelBench/level2/5_ConvTranspose2d_Subtract_Tanh.py",
  "candidate_file": "/home/hyc/LLMKernel/run/20251214_114318_batch_range5to5_openai_deepseek/5_ConvTranspose2d_Subtract_Tanh/code/kernel_20251214_115203.py",
  "tolerance": 0.001,
  "max_abs_err": 1.7881393432617188e-07,
  "mean_abs_err": 3.114166702289367e-08,
  "ref_latency_ms": {
    "avg": 26.472857666015624,
    "min": 26.460159301757812,
    "max": 26.494976043701172,
    "all": [
      26.494976043701172,
      26.464256286621094,
      26.460159301757812,
      26.470399856567383,
      26.474496841430664
    ]
  },
  "test_latency_ms": {
    "avg": 22.126585388183592,
    "min": 22.10406494140625,
    "max": 22.157087326049805,
    "all": [
      22.157087326049805,
      22.11244773864746,
      22.106111526489258,
      22.10406494140625,
      22.153215408325195
    ]
  },
  "num_runs": 5,
  "model_init_args": [
    64,
    64,
    4,
    [
      64,
      1,
      1
    ]
  ],
  "model_init_kwargs": {},
  "seed": 100,
  "align_stats": {
    "pair_aligner": 1,
    "copied_same_shape": 1,
    "mapped_shape": 0,
    "skipped": 0,
    "pair_key": "Model->ModelNew"
  },
  "runnable": true,
  "phase": "stage3_memory_access",
  "pytorch_baseline_ms": 26.483712005615235,
  "score": 1.1969181661332393
}