{
  "timestamp": "2025-12-14T11:44:13",
  "reference_file": "KernelBench/level2/5_ConvTranspose2d_Subtract_Tanh.py",
  "candidate_file": "/home/hyc/LLMKernel/run/20251214_114318_batch_range5to5_openai_deepseek/5_ConvTranspose2d_Subtract_Tanh/code/kernel_20251214_114409.py",
  "tolerance": 0.001,
  "max_abs_err": 1.7881393432617188e-07,
  "mean_abs_err": 3.114166702289367e-08,
  "ref_latency_ms": {
    "avg": 26.483712005615235,
    "min": 26.474496841430664,
    "max": 26.486783981323242,
    "all": [
      26.486783981323242,
      26.486783981323242,
      26.474496841430664,
      26.485759735107422,
      26.4847354888916
    ]
  },
  "test_latency_ms": {
    "avg": 22.03279342651367,
    "min": 22.003711700439453,
    "max": 22.107135772705078,
    "all": [
      22.0262393951416,
      22.013952255249023,
      22.107135772705078,
      22.003711700439453,
      22.012928009033203
    ]
  },
  "num_runs": 5,
  "model_init_args": [
    64,
    64,
    4,
    [
      64,
      1,
      1
    ]
  ],
  "model_init_kwargs": {},
  "seed": 100,
  "align_stats": {
    "pair_aligner": 1,
    "copied_same_shape": 1,
    "mapped_shape": 0,
    "skipped": 0,
    "pair_key": "Model->ModelNew"
  },
  "runnable": true,
  "phase": "seed",
  "score": 1.2020133576773542
}