{
  "timestamp": "2025-12-13T15:47:36",
  "reference_file": "KernelBench/level1_low_score/91_cumsum_reverse.py",
  "candidate_file": "/home/hyc/LLMKernel/run/20251213_154017_batch_range91to92_openai_deepseek/91_cumsum_reverse/code/kernel_20251213_154725.py",
  "tolerance": 0.001,
  "max_abs_err": 0.0361328125,
  "mean_abs_err": 0.007297550793737173,
  "ref_latency_ms": {
    "avg": 39.23973770141602,
    "min": 39.216129302978516,
    "max": 39.28985595703125,
    "all": [
      39.216129302978516,
      39.25094223022461,
      39.28985595703125,
      39.21744155883789,
      39.22431945800781
    ]
  },
  "test_latency_ms": {
    "avg": 46.537977600097655,
    "min": 46.527488708496094,
    "max": 46.54569625854492,
    "all": [
      46.545631408691406,
      46.534400939941406,
      46.527488708496094,
      46.53667068481445,
      46.54569625854492
    ]
  },
  "num_runs": 5,
  "model_init_args": [
    1
  ],
  "model_init_kwargs": {},
  "seed": 100,
  "align_stats": {
    "copied_same_shape": 0,
    "unique_shape_copied": 0,
    "mapped_shape": 0,
    "skipped": 0,
    "pair_aligner": 0,
    "pair_key": "Model->ModelNew"
  },
  "runnable": true,
  "phase": "stage1_grid_and_parallel",
  "pytorch_baseline_ms": 39.253779602050784,
  "score": 0.843478415399994
}