{
  "timestamp": "2025-12-13T15:41:54",
  "reference_file": "KernelBench/level1_low_score/91_cumsum_reverse.py",
  "candidate_file": "/home/hyc/LLMKernel/run/20251213_154017_batch_range91to92_openai_deepseek/91_cumsum_reverse/code/kernel_20251213_154141.py",
  "tolerance": 0.001,
  "max_abs_err": 0.0361328125,
  "mean_abs_err": 0.007297550793737173,
  "ref_latency_ms": {
    "avg": 39.253779602050784,
    "min": 39.221248626708984,
    "max": 39.27443313598633,
    "all": [
      39.26927947998047,
      39.24787139892578,
      39.256065368652344,
      39.27443313598633,
      39.221248626708984
    ]
  },
  "test_latency_ms": {
    "avg": 51.680870056152344,
    "min": 51.66694259643555,
    "max": 51.69868850708008,
    "all": [
      51.681278228759766,
      51.67718505859375,
      51.66694259643555,
      51.69868850708008,
      51.68025588989258
    ]
  },
  "num_runs": 5,
  "model_init_args": [
    1
  ],
  "model_init_kwargs": {},
  "seed": 100,
  "align_stats": {
    "copied_same_shape": 0,
    "unique_shape_copied": 0,
    "mapped_shape": 0,
    "skipped": 0,
    "pair_aligner": 0,
    "pair_key": "Model->ModelNew"
  },
  "runnable": true,
  "phase": "seed",
  "score": 0.7595417716342765
}