{
  "timestamp": "2025-12-12T23:12:55",
  "reference_file": "KernelBench/level1/25_Swish.py",
  "candidate_file": "/home/hyc/LLMKernel/run/20251212_170043_batch_range5to40_deepseek_deepseek/25_Swish/code/kernel_20251212_231243.py",
  "tolerance": 0.001,
  "max_abs_err": 1.1920928955078125e-07,
  "mean_abs_err": 8.236958670693184e-09,
  "ref_latency_ms": {
    "avg": 34.884620666503906,
    "min": 34.874366760253906,
    "max": 34.890750885009766,
    "all": [
      34.88492965698242,
      34.886558532714844,
      34.874366760253906,
      34.886497497558594,
      34.890750885009766
    ]
  },
  "test_latency_ms": {
    "avg": 20.72498550415039,
    "min": 20.716768264770508,
    "max": 20.733951568603516,
    "all": [
      20.724735260009766,
      20.733951568603516,
      20.716768264770508,
      20.719615936279297,
      20.729856491088867
    ]
  },
  "num_runs": 5,
  "model_init_args": [],
  "model_init_kwargs": {},
  "seed": 100,
  "align_stats": {
    "copied_same_shape": 0,
    "unique_shape_copied": 0,
    "mapped_shape": 0,
    "skipped": 0,
    "pair_aligner": 0,
    "pair_key": "Model->ModelNew"
  },
  "runnable": true,
  "phase": "stage1_repair",
  "pytorch_baseline_ms": 34.88616943359375,
  "score": 1.6832904142011313
}