{
  "timestamp": "2025-12-12T23:07:28",
  "reference_file": "KernelBench/level1/25_Swish.py",
  "candidate_file": "/home/hyc/LLMKernel/run/20251212_170043_batch_range5to40_deepseek_deepseek/25_Swish/code/kernel_20251212_230715.py",
  "tolerance": 0.001,
  "max_abs_err": 1.1920928955078125e-07,
  "mean_abs_err": 8.236958670693184e-09,
  "ref_latency_ms": {
    "avg": 34.88616943359375,
    "min": 34.883262634277344,
    "max": 34.88768005371094,
    "all": [
      34.88665771484375,
      34.8856315612793,
      34.883262634277344,
      34.88761520385742,
      34.88768005371094
    ]
  },
  "test_latency_ms": {
    "avg": 20.71737594604492,
    "min": 20.709375381469727,
    "max": 20.721664428710938,
    "all": [
      20.717567443847656,
      20.709375381469727,
      20.721664428710938,
      20.721664428710938,
      20.71660804748535
    ]
  },
  "num_runs": 5,
  "model_init_args": [],
  "model_init_kwargs": {},
  "seed": 100,
  "align_stats": {
    "copied_same_shape": 0,
    "unique_shape_copied": 0,
    "mapped_shape": 0,
    "skipped": 0,
    "pair_aligner": 0,
    "pair_key": "Model->ModelNew"
  },
  "runnable": true,
  "phase": "seed",
  "score": 1.6839086921263182
}