{
  "timestamp": "2025-12-12T23:15:49",
  "reference_file": "KernelBench/level1/25_Swish.py",
  "candidate_file": "/home/hyc/LLMKernel/run/20251212_170043_batch_range5to40_deepseek_deepseek/25_Swish/code/kernel_20251212_231536.py",
  "tolerance": 0.001,
  "max_abs_err": 1.1920928955078125e-07,
  "mean_abs_err": 8.236958670693184e-09,
  "ref_latency_ms": {
    "avg": 34.88394317626953,
    "min": 34.87744140625,
    "max": 34.88972854614258,
    "all": [
      34.8853759765625,
      34.88972854614258,
      34.88256072998047,
      34.88460922241211,
      34.87744140625
    ]
  },
  "test_latency_ms": {
    "avg": 20.68679733276367,
    "min": 20.68275260925293,
    "max": 20.68889617919922,
    "all": [
      20.688640594482422,
      20.68889617919922,
      20.68275260925293,
      20.685632705688477,
      20.688064575195312
    ]
  },
  "num_runs": 5,
  "model_init_args": [],
  "model_init_kwargs": {},
  "seed": 100,
  "align_stats": {
    "copied_same_shape": 0,
    "unique_shape_copied": 0,
    "mapped_shape": 0,
    "skipped": 0,
    "pair_aligner": 0,
    "pair_key": "Model->ModelNew"
  },
  "runnable": true,
  "phase": "stage3_memory_access",
  "pytorch_baseline_ms": 34.88616943359375,
  "score": 1.6863977962572856
}