{
  "timestamp": "2025-12-12T23:22:44",
  "reference_file": "KernelBench/level1/25_Swish.py",
  "candidate_file": "/home/hyc/LLMKernel/run/20251212_170043_batch_range5to40_deepseek_deepseek/25_Swish/code/kernel_20251212_232230.py",
  "tolerance": 0.001,
  "max_abs_err": 1.1920928955078125e-07,
  "mean_abs_err": 8.236958670693184e-09,
  "ref_latency_ms": {
    "avg": 34.886207580566406,
    "min": 34.881534576416016,
    "max": 34.888702392578125,
    "all": [
      34.888702392578125,
      34.887359619140625,
      34.881534576416016,
      34.88768005371094,
      34.88576126098633
    ]
  },
  "test_latency_ms": {
    "avg": 20.71698570251465,
    "min": 20.712448120117188,
    "max": 20.720640182495117,
    "all": [
      20.720640182495117,
      20.71651268005371,
      20.719615936279297,
      20.712448120117188,
      20.71571159362793
    ]
  },
  "num_runs": 5,
  "model_init_args": [],
  "model_init_kwargs": {},
  "seed": 100,
  "align_stats": {
    "copied_same_shape": 0,
    "unique_shape_copied": 0,
    "mapped_shape": 0,
    "skipped": 0,
    "pair_aligner": 0,
    "pair_key": "Model->ModelNew"
  },
  "runnable": true,
  "phase": "stage4_repair",
  "pytorch_baseline_ms": 34.88616943359375,
  "score": 1.6839404117250143
}