{
  "timestamp": "2025-12-15T06:37:18",
  "reference_file": "KernelBench/level2/17_Conv2d_InstanceNorm_Divide.py",
  "candidate_file": "/home/hyc/LLMKernel/run/20251215_062803_batch_range16to30_openai_deepseek/17_Conv2d_InstanceNorm_Divide/code/kernel_20251215_063709.py",
  "tolerance": 0.001,
  "max_abs_err": 0.0009322166442871094,
  "mean_abs_err": 0.00017205116455443203,
  "ref_latency_ms": {
    "avg": 13.79307518005371,
    "min": 13.784000396728516,
    "max": 13.803327560424805,
    "all": [
      13.795328140258789,
      13.784000396728516,
      13.789440155029297,
      13.793279647827148,
      13.803327560424805
    ]
  },
  "test_latency_ms": {
    "avg": 58.52197113037109,
    "min": 58.32601547241211,
    "max": 58.79091262817383,
    "all": [
      58.32601547241211,
      58.55641555786133,
      58.79091262817383,
      58.436607360839844,
      58.49990463256836
    ]
  },
  "num_runs": 5,
  "model_init_args": [
    64,
    128,
    3,
    2.0
  ],
  "model_init_kwargs": {},
  "seed": 100,
  "align_stats": {
    "pair_aligner": 1,
    "copied_same_shape": 1,
    "mapped_shape": 0,
    "skipped": 0,
    "pair_key": "Model->ModelNew"
  },
  "runnable": true,
  "phase": "stage3_memory_access",
  "pytorch_baseline_ms": 13.773548889160157,
  "score": 0.23535688602279686
}