{
  "timestamp": "2025-12-23T08:56:53",
  "reference_file": "KernelBench/level2/17_Conv2d_InstanceNorm_Divide.py",
  "candidate_file": "/home/hyc/LLMKernel/run/20251223_085025_17_Conv2d_InstanceNorm_Divide_openai_deepseek/17_Conv2d_InstanceNorm_Divide/code/kernel_20251223_085646.py",
  "tolerance": 1,
  "max_abs_err": 0.0019187107682228088,
  "mean_abs_err": 0.0003017966519109905,
  "ref_latency_ms": {
    "avg": 13.994783973693847,
    "min": 13.987839698791504,
    "max": 14.007295608520508,
    "all": [
      14.007295608520508,
      13.991935729980469,
      13.987968444824219,
      13.987839698791504,
      13.998880386352539
    ]
  },
  "test_latency_ms": {
    "avg": 14.313414382934571,
    "min": 14.304256439208984,
    "max": 14.320639610290527,
    "all": [
      14.312224388122559,
      14.317567825317383,
      14.320639610290527,
      14.312383651733398,
      14.304256439208984
    ]
  },
  "num_runs": 5,
  "model_init_args": [
    64,
    128,
    3,
    2.0
  ],
  "model_init_kwargs": {},
  "seed": 100,
  "align_stats": {
    "pair_aligner": 1,
    "copied_same_shape": 1,
    "mapped_shape": 0,
    "skipped": 0,
    "pair_key": "Model->ModelNew"
  },
  "runnable": true,
  "phase": "stage2_block_tiling",
  "pytorch_baseline_ms": 13.97978229522705,
  "score": 0.9766909502665346
}