{
  "timestamp": "2025-12-23T08:54:04",
  "reference_file": "KernelBench/level2/17_Conv2d_InstanceNorm_Divide.py",
  "candidate_file": "/home/hyc/LLMKernel/run/20251223_085025_17_Conv2d_InstanceNorm_Divide_openai_deepseek/17_Conv2d_InstanceNorm_Divide/code/kernel_20251223_085358.py",
  "tolerance": 1,
  "max_abs_err": 0.004358768463134766,
  "mean_abs_err": 0.0005525334272533655,
  "ref_latency_ms": {
    "avg": 14.438988876342773,
    "min": 14.417920112609863,
    "max": 14.460927963256836,
    "all": [
      14.460927963256836,
      14.437376022338867,
      14.438400268554688,
      14.440320014953613,
      14.417920112609863
    ]
  },
  "test_latency_ms": {
    "avg": 35.27919235229492,
    "min": 35.23686218261719,
    "max": 35.316734313964844,
    "all": [
      35.316734313964844,
      35.300350189208984,
      35.268287658691406,
      35.23686218261719,
      35.27372741699219
    ]
  },
  "num_runs": 5,
  "model_init_args": [
    64,
    128,
    3,
    2.0
  ],
  "model_init_kwargs": {},
  "seed": 100,
  "align_stats": {
    "pair_aligner": 1,
    "copied_same_shape": 1,
    "mapped_shape": 0,
    "skipped": 0,
    "pair_key": "Model->ModelNew"
  },
  "runnable": true,
  "phase": "algorithm_optimized_seed0",
  "pytorch_baseline_ms": 13.97978229522705,
  "score": 0.396261404048771
}