{
  "timestamp": "2025-12-15T06:39:52",
  "reference_file": "KernelBench/level2/17_Conv2d_InstanceNorm_Divide.py",
  "candidate_file": "/home/hyc/LLMKernel/run/20251215_062803_batch_range16to30_openai_deepseek/17_Conv2d_InstanceNorm_Divide/code/kernel_20251215_063944.py",
  "tolerance": 0.001,
  "max_abs_err": 0.0009322166442871094,
  "mean_abs_err": 0.00017205116455443203,
  "ref_latency_ms": {
    "avg": 13.793894386291504,
    "min": 13.78713607788086,
    "max": 13.806591987609863,
    "all": [
      13.806591987609863,
      13.78713607788086,
      13.78713607788086,
      13.789183616638184,
      13.799424171447754
    ]
  },
  "test_latency_ms": {
    "avg": 62.81966705322266,
    "min": 62.81011199951172,
    "max": 62.83059310913086,
    "all": [
      62.8221435546875,
      62.81011199951172,
      62.81718444824219,
      62.818302154541016,
      62.83059310913086
    ]
  },
  "num_runs": 5,
  "model_init_args": [
    64,
    128,
    3,
    2.0
  ],
  "model_init_kwargs": {},
  "seed": 100,
  "align_stats": {
    "pair_aligner": 1,
    "copied_same_shape": 1,
    "mapped_shape": 0,
    "skipped": 0,
    "pair_key": "Model->ModelNew"
  },
  "runnable": true,
  "phase": "stage4_advanced_memory",
  "pytorch_baseline_ms": 13.773548889160157,
  "score": 0.21925536277501764
}