{
  "timestamp": "2025-12-23T08:52:25",
  "reference_file": "KernelBench/level2/17_Conv2d_InstanceNorm_Divide.py",
  "candidate_file": "/home/hyc/LLMKernel/run/20251223_085025_17_Conv2d_InstanceNorm_Divide_openai_deepseek/17_Conv2d_InstanceNorm_Divide/code/kernel_20251223_085220.py",
  "tolerance": 1,
  "max_abs_err": 0.001918591558933258,
  "mean_abs_err": 0.0003017987182829529,
  "ref_latency_ms": {
    "avg": 13.97978229522705,
    "min": 13.972479820251465,
    "max": 13.991935729980469,
    "all": [
      13.991935729980469,
      13.976415634155273,
      13.980480194091797,
      13.972479820251465,
      13.97760009765625
    ]
  },
  "test_latency_ms": {
    "avg": 13.9789888381958,
    "min": 13.947680473327637,
    "max": 14.050304412841797,
    "all": [
      13.965312004089355,
      13.947680473327637,
      13.96019172668457,
      13.971455574035645,
      14.050304412841797
    ]
  },
  "num_runs": 5,
  "model_init_args": [
    64,
    128,
    3,
    2.0
  ],
  "model_init_kwargs": {},
  "seed": 100,
  "align_stats": {
    "pair_aligner": 1,
    "copied_same_shape": 1,
    "mapped_shape": 0,
    "skipped": 0,
    "pair_key": "Model->ModelNew"
  },
  "runnable": true,
  "phase": "seed_0",
  "score": 1.0000567606885187
}