{
  "timestamp": "2025-12-23T08:55:42",
  "reference_file": "KernelBench/level2/17_Conv2d_InstanceNorm_Divide.py",
  "candidate_file": "/home/hyc/LLMKernel/run/20251223_085025_17_Conv2d_InstanceNorm_Divide_openai_deepseek/17_Conv2d_InstanceNorm_Divide/code/kernel_20251223_085534.py",
  "tolerance": 1,
  "max_abs_err": 0.001918591558933258,
  "mean_abs_err": 0.0003017987182829529,
  "ref_latency_ms": {
    "avg": 14.00562572479248,
    "min": 13.998080253601074,
    "max": 14.018400192260742,
    "all": [
      14.018400192260742,
      13.998080253601074,
      14.002176284790039,
      14.000127792358398,
      14.009344100952148
    ]
  },
  "test_latency_ms": {
    "avg": 13.66550407409668,
    "min": 13.643775939941406,
    "max": 13.68166446685791,
    "all": [
      13.643775939941406,
      13.66096019744873,
      13.664511680603027,
      13.68166446685791,
      13.676608085632324
    ]
  },
  "num_runs": 5,
  "model_init_args": [
    64,
    128,
    3,
    2.0
  ],
  "model_init_kwargs": {},
  "seed": 100,
  "align_stats": {
    "pair_aligner": 1,
    "copied_same_shape": 1,
    "mapped_shape": 0,
    "skipped": 0,
    "pair_key": "Model->ModelNew"
  },
  "runnable": true,
  "phase": "stage1_grid_and_parallel",
  "pytorch_baseline_ms": 13.97978229522705,
  "score": 1.0229979237813915
}