{
  "timestamp": "2025-12-15T06:32:46",
  "reference_file": "KernelBench/level2/17_Conv2d_InstanceNorm_Divide.py",
  "candidate_file": "/home/hyc/LLMKernel/run/20251215_062803_batch_range16to30_openai_deepseek/17_Conv2d_InstanceNorm_Divide/code/kernel_20251215_063240.py",
  "tolerance": 0.001,
  "max_abs_err": 0.0009320080280303955,
  "mean_abs_err": 0.000172051863046363,
  "ref_latency_ms": {
    "avg": 14.012006187438965,
    "min": 13.999103546142578,
    "max": 14.030847549438477,
    "all": [
      14.030847549438477,
      14.016511917114258,
      14.014464378356934,
      13.999103546142578,
      13.999103546142578
    ]
  },
  "test_latency_ms": {
    "avg": 75.74342346191406,
    "min": 75.73884582519531,
    "max": 75.74652862548828,
    "all": [
      75.74425506591797,
      75.73884582519531,
      75.74527740478516,
      75.74652862548828,
      75.7422103881836
    ]
  },
  "num_runs": 5,
  "model_init_args": [
    64,
    128,
    3,
    2.0
  ],
  "model_init_kwargs": {},
  "seed": 100,
  "align_stats": {
    "pair_aligner": 1,
    "copied_same_shape": 1,
    "mapped_shape": 0,
    "skipped": 0,
    "pair_key": "Model->ModelNew"
  },
  "runnable": true,
  "phase": "stage1_grid_and_parallel",
  "pytorch_baseline_ms": 13.773548889160157,
  "score": 0.18184481582200845
}