{
  "timestamp": "2025-12-15T06:30:19",
  "reference_file": "KernelBench/level2/17_Conv2d_InstanceNorm_Divide.py",
  "candidate_file": "/home/hyc/LLMKernel/run/20251215_062803_batch_range16to30_openai_deepseek/17_Conv2d_InstanceNorm_Divide/code/kernel_20251215_063013.py",
  "tolerance": 0.001,
  "max_abs_err": 0.0009320080280303955,
  "mean_abs_err": 0.000172051863046363,
  "ref_latency_ms": {
    "avg": 13.773548889160157,
    "min": 13.769408226013184,
    "max": 13.77996826171875,
    "all": [
      13.77996826171875,
      13.775872230529785,
      13.769408226013184,
      13.76972770690918,
      13.772768020629883
    ]
  },
  "test_latency_ms": {
    "avg": 104.47857360839843,
    "min": 104.43059539794922,
    "max": 104.55859375,
    "all": [
      104.55859375,
      104.5002212524414,
      104.44083404541016,
      104.4626235961914,
      104.43059539794922
    ]
  },
  "num_runs": 5,
  "model_init_args": [
    64,
    128,
    3,
    2.0
  ],
  "model_init_kwargs": {},
  "seed": 100,
  "align_stats": {
    "pair_aligner": 1,
    "copied_same_shape": 1,
    "mapped_shape": 0,
    "skipped": 0,
    "pair_key": "Model->ModelNew"
  },
  "runnable": true,
  "phase": "seed",
  "score": 0.131831325921289
}