{
  "timestamp": "2025-12-15T06:34:37",
  "reference_file": "KernelBench/level2/17_Conv2d_InstanceNorm_Divide.py",
  "candidate_file": "/home/hyc/LLMKernel/run/20251215_062803_batch_range16to30_openai_deepseek/17_Conv2d_InstanceNorm_Divide/code/kernel_20251215_063428.py",
  "tolerance": 0.001,
  "max_abs_err": 0.0009320080280303955,
  "mean_abs_err": 0.000172051863046363,
  "ref_latency_ms": {
    "avg": 13.795161628723145,
    "min": 13.78816032409668,
    "max": 13.804736137390137,
    "all": [
      13.804736137390137,
      13.795328140258789,
      13.78816032409668,
      13.789183616638184,
      13.798399925231934
    ]
  },
  "test_latency_ms": {
    "avg": 62.680390167236325,
    "min": 62.67116928100586,
    "max": 62.688255310058594,
    "all": [
      62.688255310058594,
      62.681087493896484,
      62.679039001464844,
      62.67116928100586,
      62.68239974975586
    ]
  },
  "num_runs": 5,
  "model_init_args": [
    64,
    128,
    3,
    2.0
  ],
  "model_init_kwargs": {},
  "seed": 100,
  "align_stats": {
    "pair_aligner": 1,
    "copied_same_shape": 1,
    "mapped_shape": 0,
    "skipped": 0,
    "pair_key": "Model->ModelNew"
  },
  "runnable": true,
  "phase": "stage2_block_tiling",
  "pytorch_baseline_ms": 13.773548889160157,
  "score": 0.21974255189559638
}