{
  "timestamp": "2025-12-13T08:43:56",
  "reference_file": "KernelBench/level1_low_score/46_Average_Pooling_3D.py",
  "candidate_file": "/home/hyc/LLMKernel/run/20251213_080538_batch_range6to66_openai_deepseek/46_Average_Pooling_3D/code/kernel_20251213_084333.py",
  "tolerance": 0.001,
  "max_abs_err": 5.960464477539063e-08,
  "mean_abs_err": 3.554146976725292e-09,
  "ref_latency_ms": {
    "avg": 10.390342330932617,
    "min": 10.378239631652832,
    "max": 10.405887603759766,
    "all": [
      10.405887603759766,
      10.378239631652832,
      10.384480476379395,
      10.387455940246582,
      10.395648002624512
    ]
  },
  "test_latency_ms": {
    "avg": 11.559923362731933,
    "min": 11.503616333007812,
    "max": 11.626496315002441,
    "all": [
      11.511808395385742,
      11.503616333007812,
      11.626496315002441,
      11.569151878356934,
      11.588543891906738
    ]
  },
  "num_runs": 5,
  "model_init_args": [
    3,
    2,
    1
  ],
  "model_init_kwargs": {},
  "seed": 100,
  "align_stats": {
    "copied_same_shape": 0,
    "unique_shape_copied": 0,
    "mapped_shape": 0,
    "skipped": 0,
    "pair_aligner": 0,
    "pair_key": "Model->ModelNew"
  },
  "runnable": true,
  "phase": "stage4_repair",
  "pytorch_baseline_ms": 10.359424209594726,
  "score": 0.8961499038127277
}