{
  "timestamp": "2025-12-13T08:36:02",
  "reference_file": "KernelBench/level1_low_score/46_Average_Pooling_3D.py",
  "candidate_file": "/home/hyc/LLMKernel/run/20251213_080538_batch_range6to66_openai_deepseek/46_Average_Pooling_3D/code/kernel_20251213_083546.py",
  "tolerance": 0.001,
  "max_abs_err": 5.960464477539063e-08,
  "mean_abs_err": 3.554146976725292e-09,
  "ref_latency_ms": {
    "avg": 10.359424209594726,
    "min": 10.356736183166504,
    "max": 10.365951538085938,
    "all": [
      10.365951538085938,
      10.358912467956543,
      10.357760429382324,
      10.356736183166504,
      10.357760429382324
    ]
  },
  "test_latency_ms": {
    "avg": 11.503168106079102,
    "min": 11.500384330749512,
    "max": 11.507712364196777,
    "all": [
      11.504639625549316,
      11.501567840576172,
      11.500384330749512,
      11.50153636932373,
      11.507712364196777
    ]
  },
  "num_runs": 5,
  "model_init_args": [
    3,
    2,
    1
  ],
  "model_init_kwargs": {},
  "seed": 100,
  "align_stats": {
    "copied_same_shape": 0,
    "unique_shape_copied": 0,
    "mapped_shape": 0,
    "skipped": 0,
    "pair_aligner": 0,
    "pair_key": "Model->ModelNew"
  },
  "runnable": true,
  "phase": "seed_repair",
  "score": 0.900571400336231
}