{
  "timestamp": "2025-12-13T08:38:21",
  "reference_file": "KernelBench/level1_low_score/46_Average_Pooling_3D.py",
  "candidate_file": "/home/hyc/LLMKernel/run/20251213_080538_batch_range6to66_openai_deepseek/46_Average_Pooling_3D/code/kernel_20251213_083805.py",
  "tolerance": 0.001,
  "max_abs_err": 5.960464477539063e-08,
  "mean_abs_err": 3.554146976725292e-09,
  "ref_latency_ms": {
    "avg": 10.360633659362794,
    "min": 10.356736183166504,
    "max": 10.369024276733398,
    "all": [
      10.369024276733398,
      10.358016014099121,
      10.359807968139648,
      10.356736183166504,
      10.359583854675293
    ]
  },
  "test_latency_ms": {
    "avg": 16.13093147277832,
    "min": 16.126976013183594,
    "max": 16.135168075561523,
    "all": [
      16.135168075561523,
      16.130048751831055,
      16.129344940185547,
      16.126976013183594,
      16.133119583129883
    ]
  },
  "num_runs": 5,
  "model_init_args": [
    3,
    2,
    1
  ],
  "model_init_kwargs": {},
  "seed": 100,
  "align_stats": {
    "copied_same_shape": 0,
    "unique_shape_copied": 0,
    "mapped_shape": 0,
    "skipped": 0,
    "pair_aligner": 0,
    "pair_key": "Model->ModelNew"
  },
  "runnable": true,
  "phase": "stage1_grid_and_parallel",
  "pytorch_baseline_ms": 10.359424209594726,
  "score": 0.6422086800800514
}