{
  "timestamp": "2025-12-13T08:41:27",
  "reference_file": "KernelBench/level1_low_score/46_Average_Pooling_3D.py",
  "candidate_file": "/home/hyc/LLMKernel/run/20251213_080538_batch_range6to66_openai_deepseek/46_Average_Pooling_3D/code/kernel_20251213_084100.py",
  "tolerance": 0.001,
  "max_abs_err": 5.960464477539063e-08,
  "mean_abs_err": 3.554146976725292e-09,
  "ref_latency_ms": {
    "avg": 10.371641540527344,
    "min": 10.358783721923828,
    "max": 10.403840065002441,
    "all": [
      10.374143600463867,
      10.403840065002441,
      10.361856460571289,
      10.358783721923828,
      10.359583854675293
    ]
  },
  "test_latency_ms": {
    "avg": 11.537984085083007,
    "min": 11.506591796875,
    "max": 11.559840202331543,
    "all": [
      11.55072021484375,
      11.506591796875,
      11.559840202331543,
      11.533535957336426,
      11.53923225402832
    ]
  },
  "num_runs": 5,
  "model_init_args": [
    3,
    2,
    1
  ],
  "model_init_kwargs": {},
  "seed": 100,
  "align_stats": {
    "copied_same_shape": 0,
    "unique_shape_copied": 0,
    "mapped_shape": 0,
    "skipped": 0,
    "pair_aligner": 0,
    "pair_key": "Model->ModelNew"
  },
  "runnable": true,
  "phase": "stage3_memory_access",
  "pytorch_baseline_ms": 10.359424209594726,
  "score": 0.8978539173916877
}