{
  "timestamp": "2025-12-12T09:21:12",
  "reference_file": "KernelBench/level1/32_HardTanh.py",
  "candidate_file": "/home/hyc/LLMKernel/run/20251212_085222_batch_range20to30_deepseek_deepseek/32_HardTanh/code/kernel_20251212_092049.py",
  "tolerance": 0.001,
  "max_abs_err": 0.0,
  "mean_abs_err": 0.0,
  "ref_latency_ms": {
    "avg": 20.302681350708006,
    "min": 20.279455184936523,
    "max": 20.380672454833984,
    "all": [
      20.380672454833984,
      20.282367706298828,
      20.279455184936523,
      20.282400131225586,
      20.288511276245117
    ]
  },
  "test_latency_ms": {
    "avg": 27.115520095825197,
    "min": 27.099136352539062,
    "max": 27.12883186340332,
    "all": [
      27.12883186340332,
      27.11347198486328,
      27.12371253967285,
      27.11244773864746,
      27.099136352539062
    ]
  },
  "num_runs": 5,
  "model_init_args": [],
  "model_init_kwargs": {},
  "seed": 100,
  "align_stats": {
    "copied_same_shape": 0,
    "unique_shape_copied": 0,
    "mapped_shape": 0,
    "skipped": 0,
    "pair_aligner": 0,
    "pair_key": "Model->ModelNew"
  },
  "runnable": true,
  "phase": "stage1_repair",
  "pytorch_baseline_ms": 20.282982635498048,
  "score": 0.748021154077767
}