{
  "timestamp": "2025-12-12T09:34:37",
  "reference_file": "KernelBench/level1/32_HardTanh.py",
  "candidate_file": "/home/hyc/LLMKernel/run/20251212_085222_batch_range20to30_deepseek_deepseek/32_HardTanh/code/kernel_20251212_093419.py",
  "tolerance": 0.001,
  "max_abs_err": 0.0,
  "mean_abs_err": 0.0,
  "ref_latency_ms": {
    "avg": 20.244614028930663,
    "min": 20.230815887451172,
    "max": 20.263935089111328,
    "all": [
      20.263935089111328,
      20.23628807067871,
      20.230815887451172,
      20.24857521057129,
      20.24345588684082
    ]
  },
  "test_latency_ms": {
    "avg": 9.966713523864746,
    "min": 9.962495803833008,
    "max": 9.97059154510498,
    "all": [
      9.97059154510498,
      9.9683198928833,
      9.964544296264648,
      9.967616081237793,
      9.962495803833008
    ]
  },
  "num_runs": 5,
  "model_init_args": [],
  "model_init_kwargs": {},
  "seed": 100,
  "align_stats": {
    "copied_same_shape": 0,
    "unique_shape_copied": 0,
    "mapped_shape": 0,
    "skipped": 0,
    "pair_aligner": 0,
    "pair_key": "Model->ModelNew"
  },
  "runnable": true,
  "phase": "stage3_repair",
  "pytorch_baseline_ms": 20.282982635498048,
  "score": 2.03507230211158
}