{
  "timestamp": "2025-12-12T09:51:02",
  "reference_file": "KernelBench/level1/32_HardTanh.py",
  "candidate_file": "/home/hyc/LLMKernel/run/20251212_085222_batch_range20to30_deepseek_deepseek/32_HardTanh/code/kernel_20251212_095046.py",
  "tolerance": 0.001,
  "max_abs_err": 0.0,
  "mean_abs_err": 0.0,
  "ref_latency_ms": {
    "avg": 20.238911819458007,
    "min": 20.23219108581543,
    "max": 20.242431640625,
    "all": [
      20.242431640625,
      20.238367080688477,
      20.23219108581543,
      20.24224090576172,
      20.239328384399414
    ]
  },
  "test_latency_ms": {
    "avg": 20.16053123474121,
    "min": 20.158687591552734,
    "max": 20.162559509277344,
    "all": [
      20.162559509277344,
      20.160512924194336,
      20.160512924194336,
      20.158687591552734,
      20.160383224487305
    ]
  },
  "num_runs": 5,
  "model_init_args": [],
  "model_init_kwargs": {},
  "seed": 100,
  "align_stats": {
    "copied_same_shape": 0,
    "unique_shape_copied": 0,
    "mapped_shape": 0,
    "skipped": 0,
    "pair_aligner": 0,
    "pair_key": "Model->ModelNew"
  },
  "runnable": true,
  "phase": "stage4_advanced_memory",
  "pytorch_baseline_ms": 20.282982635498048,
  "score": 1.0060738181613897
}