{
  "timestamp": "2025-12-12T09:13:31",
  "reference_file": "KernelBench/level1/32_HardTanh.py",
  "candidate_file": "/home/hyc/LLMKernel/run/20251212_085222_batch_range20to30_deepseek_deepseek/32_HardTanh/code/kernel_20251212_091317.py",
  "tolerance": 0.001,
  "max_abs_err": 0.0,
  "mean_abs_err": 0.0,
  "ref_latency_ms": {
    "avg": 20.282982635498048,
    "min": 20.279296875,
    "max": 20.288511276245117,
    "all": [
      20.279296875,
      20.280319213867188,
      20.279296875,
      20.288511276245117,
      20.28748893737793
    ]
  },
  "test_latency_ms": {
    "avg": 20.230348968505858,
    "min": 20.21887969970703,
    "max": 20.23833656311035,
    "all": [
      20.23833656311035,
      20.231168746948242,
      20.23219108581543,
      20.231168746948242,
      20.21887969970703
    ]
  },
  "num_runs": 5,
  "model_init_args": [],
  "model_init_kwargs": {},
  "seed": 100,
  "align_stats": {
    "copied_same_shape": 0,
    "unique_shape_copied": 0,
    "mapped_shape": 0,
    "skipped": 0,
    "pair_aligner": 0,
    "pair_key": "Model->ModelNew"
  },
  "runnable": true,
  "phase": "seed",
  "score": 1.0026017181944873
}