{
  "timestamp": "2025-12-13T16:41:52",
  "reference_file": "KernelBench/level1_low_score/45_Average_Pooling_2D.py",
  "candidate_file": "/home/hyc/LLMKernel/run/20251213_163638_batch_range45to45_openai_deepseek/45_Average_Pooling_2D/code/kernel_20251213_164057.py",
  "tolerance": 0.001,
  "max_abs_err": 5.960464477539063e-08,
  "mean_abs_err": 2.0968737857174347e-08,
  "ref_latency_ms": {
    "avg": 20.30118408203125,
    "min": 20.282623291015625,
    "max": 20.326400756835938,
    "all": [
      20.300607681274414,
      20.2893123626709,
      20.326400756835938,
      20.282623291015625,
      20.306976318359375
    ]
  },
  "test_latency_ms": {
    "avg": 18.774374389648436,
    "min": 18.760704040527344,
    "max": 18.802688598632812,
    "all": [
      18.773759841918945,
      18.761728286743164,
      18.760704040527344,
      18.802688598632812,
      18.772991180419922
    ]
  },
  "num_runs": 5,
  "model_init_args": [
    11
  ],
  "model_init_kwargs": {},
  "seed": 100,
  "align_stats": {
    "copied_same_shape": 0,
    "unique_shape_copied": 0,
    "mapped_shape": 0,
    "skipped": 0,
    "pair_aligner": 0,
    "pair_key": "Model->ModelNew"
  },
  "runnable": true,
  "phase": "stage1_grid_and_parallel",
  "pytorch_baseline_ms": 20.278093338012695,
  "score": 1.080094224028757
}