{
  "timestamp": "2025-12-13T16:38:15",
  "reference_file": "KernelBench/level1_low_score/45_Average_Pooling_2D.py",
  "candidate_file": "/home/hyc/LLMKernel/run/20251213_163638_batch_range45to45_openai_deepseek/45_Average_Pooling_2D/code/kernel_20251213_163745.py",
  "tolerance": 0.001,
  "max_abs_err": 5.960464477539063e-08,
  "mean_abs_err": 2.0968737857174347e-08,
  "ref_latency_ms": {
    "avg": 20.278093338012695,
    "min": 20.27225685119629,
    "max": 20.28646469116211,
    "all": [
      20.28646469116211,
      20.27827262878418,
      20.279296875,
      20.2741756439209,
      20.27225685119629
    ]
  },
  "test_latency_ms": {
    "avg": 18.86279716491699,
    "min": 18.843488693237305,
    "max": 18.911231994628906,
    "all": [
      18.911231994628906,
      18.85491180419922,
      18.84979248046875,
      18.843488693237305,
      18.85456085205078
    ]
  },
  "num_runs": 5,
  "model_init_args": [
    11
  ],
  "model_init_kwargs": {},
  "seed": 100,
  "align_stats": {
    "copied_same_shape": 0,
    "unique_shape_copied": 0,
    "mapped_shape": 0,
    "skipped": 0,
    "pair_aligner": 0,
    "pair_key": "Model->ModelNew"
  },
  "runnable": true,
  "phase": "seed",
  "score": 1.0750310868913981
}