{
  "timestamp": "2025-12-13T17:12:51",
  "reference_file": "KernelBench/level1_low_score/45_Average_Pooling_2D.py",
  "candidate_file": "/home/hyc/LLMKernel/run/20251213_163638_batch_range45to45_openai_deepseek/45_Average_Pooling_2D/code/kernel_20251213_171213.py",
  "tolerance": 0.001,
  "max_abs_err": 5.960464477539063e-08,
  "mean_abs_err": 2.0968737857174347e-08,
  "ref_latency_ms": {
    "avg": 20.27820816040039,
    "min": 20.272127151489258,
    "max": 20.28441619873047,
    "all": [
      20.28441619873047,
      20.278976440429688,
      20.27622413635254,
      20.272127151489258,
      20.279296875
    ]
  },
  "test_latency_ms": {
    "avg": 18.777171325683593,
    "min": 18.767776489257812,
    "max": 18.79961585998535,
    "all": [
      18.772640228271484,
      18.771808624267578,
      18.767776489257812,
      18.79961585998535,
      18.774015426635742
    ]
  },
  "num_runs": 5,
  "model_init_args": [
    11
  ],
  "model_init_kwargs": {},
  "seed": 100,
  "align_stats": {
    "copied_same_shape": 0,
    "unique_shape_copied": 0,
    "mapped_shape": 0,
    "skipped": 0,
    "pair_aligner": 0,
    "pair_key": "Model->ModelNew"
  },
  "runnable": true,
  "phase": "stage4_advanced_memory",
  "pytorch_baseline_ms": 20.278093338012695,
  "score": 1.0799333396013768
}