{
  "timestamp": "2025-12-28T11:05:16",
  "reference_file": "KernelBench/select2/34_InstanceNorm.py",
  "candidate_file": "/home/hyc/LLMKernel/run/20251228_110340_34_InstanceNorm_openai_deepseek/34_InstanceNorm/code/kernel_20251228_110455.py",
  "tolerance": 1,
  "max_abs_err": 2.384185791015625e-07,
  "mean_abs_err": 8.416481733775072e-08,
  "ref_latency_ms": {
    "avg": 32.907328033447264,
    "min": 32.88297653198242,
    "max": 32.947200775146484,
    "all": [
      32.907264709472656,
      32.900062561035156,
      32.947200775146484,
      32.88297653198242,
      32.89913558959961
    ]
  },
  "test_latency_ms": {
    "avg": 33.607904052734376,
    "min": 33.58822250366211,
    "max": 33.625343322753906,
    "all": [
      33.625343322753906,
      33.61171340942383,
      33.603553771972656,
      33.58822250366211,
      33.610687255859375
    ]
  },
  "num_runs": 5,
  "model_init_args": [
    64
  ],
  "model_init_kwargs": {},
  "seed": 100,
  "align_stats": {
    "copied_same_shape": 0,
    "unique_shape_copied": 0,
    "mapped_shape": 0,
    "skipped": 0,
    "pair_aligner": 0,
    "pair_key": "Model->ModelNew"
  },
  "runnable": true,
  "phase": "seed_0",
  "score": 0.9791544269411198
}