{
  "timestamp": "2025-12-12T10:51:58",
  "reference_file": "KernelBench/level1/34_InstanceNorm.py",
  "candidate_file": "/home/hyc/LLMKernel/run/20251212_085222_batch_range20to30_deepseek_deepseek/34_InstanceNorm/code/kernel_20251212_105143.py",
  "tolerance": 0.001,
  "max_abs_err": 3.2186508178710938e-06,
  "mean_abs_err": 9.664953495303052e-07,
  "ref_latency_ms": {
    "avg": 32.221971130371095,
    "min": 32.15155029296875,
    "max": 32.34099197387695,
    "all": [
      32.34099197387695,
      32.26521682739258,
      32.185184478759766,
      32.15155029296875,
      32.16691207885742
    ]
  },
  "test_latency_ms": {
    "avg": 31.776300811767577,
    "min": 31.75212860107422,
    "max": 31.80953598022461,
    "all": [
      31.773696899414062,
      31.76755142211914,
      31.80953598022461,
      31.77859115600586,
      31.75212860107422
    ]
  },
  "num_runs": 5,
  "model_init_args": [
    64
  ],
  "model_init_kwargs": {},
  "seed": 100,
  "align_stats": {
    "copied_same_shape": 0,
    "unique_shape_copied": 0,
    "mapped_shape": 0,
    "skipped": 0,
    "pair_aligner": 0,
    "pair_key": "Model->ModelNew"
  },
  "runnable": true,
  "phase": "stage1_repair",
  "pytorch_baseline_ms": 32.30938873291016,
  "score": 1.0167762737488049
}