{
  "timestamp": "2025-12-28T11:16:13",
  "reference_file": "KernelBench/select2/34_InstanceNorm.py",
  "candidate_file": "/home/hyc/LLMKernel/run/20251228_110340_34_InstanceNorm_openai_deepseek/34_InstanceNorm/code/kernel_20251228_111556.py",
  "tolerance": 1,
  "max_abs_err": 0.9601776599884033,
  "mean_abs_err": 0.3880018889904022,
  "ref_latency_ms": {
    "avg": 32.906226348876956,
    "min": 32.876766204833984,
    "max": 32.94403076171875,
    "all": [
      32.92057418823242,
      32.94403076171875,
      32.90643310546875,
      32.876766204833984,
      32.88332748413086
    ]
  },
  "test_latency_ms": {
    "avg": 20.574995040893555,
    "min": 20.553632736206055,
    "max": 20.600767135620117,
    "all": [
      20.600767135620117,
      20.553632736206055,
      20.573183059692383,
      20.567039489746094,
      20.580352783203125
    ]
  },
  "num_runs": 5,
  "model_init_args": [
    64
  ],
  "model_init_kwargs": {},
  "seed": 100,
  "align_stats": {
    "copied_same_shape": 0,
    "unique_shape_copied": 0,
    "mapped_shape": 0,
    "skipped": 0,
    "pair_aligner": 0,
    "pair_key": "Model->ModelNew"
  },
  "runnable": true,
  "phase": "stage1_grid_and_parallel",
  "pytorch_baseline_ms": 32.907328033447264,
  "score": 1.599384494044482
}