{
  "timestamp": "2025-12-12T11:09:38",
  "reference_file": "KernelBench/level1/34_InstanceNorm.py",
  "candidate_file": "/home/hyc/LLMKernel/run/20251212_085222_batch_range20to30_deepseek_deepseek/34_InstanceNorm/code/kernel_20251212_110921.py",
  "tolerance": 0.001,
  "max_abs_err": 3.2186508178710938e-06,
  "mean_abs_err": 9.664953495303052e-07,
  "ref_latency_ms": {
    "avg": 32.157701873779295,
    "min": 32.126976013183594,
    "max": 32.174110412597656,
    "all": [
      32.1607666015625,
      32.174110412597656,
      32.16896057128906,
      32.126976013183594,
      32.15769577026367
    ]
  },
  "test_latency_ms": {
    "avg": 31.68007049560547,
    "min": 31.653888702392578,
    "max": 31.70207977294922,
    "all": [
      31.688703536987305,
      31.70207977294922,
      31.658784866333008,
      31.696895599365234,
      31.653888702392578
    ]
  },
  "num_runs": 5,
  "model_init_args": [
    64
  ],
  "model_init_kwargs": {},
  "seed": 100,
  "align_stats": {
    "copied_same_shape": 0,
    "unique_shape_copied": 0,
    "mapped_shape": 0,
    "skipped": 0,
    "pair_aligner": 0,
    "pair_key": "Model->ModelNew"
  },
  "runnable": true,
  "phase": "stage4_advanced_memory",
  "pytorch_baseline_ms": 32.30938873291016,
  "score": 1.0198647991453171
}