{
  "timestamp": "2025-12-12T11:03:43",
  "reference_file": "KernelBench/level1/34_InstanceNorm.py",
  "candidate_file": "/home/hyc/LLMKernel/run/20251212_085222_batch_range20to30_deepseek_deepseek/34_InstanceNorm/code/kernel_20251212_110310.py",
  "tolerance": 0.001,
  "max_abs_err": 1.9073486328125e-06,
  "mean_abs_err": 4.295419842037518e-07,
  "ref_latency_ms": {
    "avg": 32.165734100341794,
    "min": 32.13004684448242,
    "max": 32.17987060546875,
    "all": [
      32.16886520385742,
      32.17808151245117,
      32.13004684448242,
      32.17180633544922,
      32.17987060546875
    ]
  },
  "test_latency_ms": {
    "avg": 2175.237451171875,
    "min": 2174.153564453125,
    "max": 2177.379150390625,
    "all": [
      2174.153564453125,
      2174.685302734375,
      2177.379150390625,
      2174.93603515625,
      2175.033203125
    ]
  },
  "num_runs": 5,
  "model_init_args": [
    64
  ],
  "model_init_kwargs": {},
  "seed": 100,
  "align_stats": {
    "copied_same_shape": 0,
    "unique_shape_copied": 0,
    "mapped_shape": 0,
    "skipped": 0,
    "pair_aligner": 0,
    "pair_key": "Model->ModelNew"
  },
  "runnable": true,
  "phase": "stage3_repair",
  "pytorch_baseline_ms": 32.30938873291016,
  "score": 0.014853269796133743
}