{
  "timestamp": "2025-12-12T10:35:50",
  "reference_file": "KernelBench/level1/34_InstanceNorm.py",
  "candidate_file": "/home/hyc/LLMKernel/run/20251212_085222_batch_range20to30_deepseek_deepseek/34_InstanceNorm/code/kernel_20251212_103530.py",
  "tolerance": 0.001,
  "max_abs_err": 2.384185791015625e-07,
  "mean_abs_err": 1.1790702103553485e-07,
  "ref_latency_ms": {
    "avg": 32.30938873291016,
    "min": 32.25190353393555,
    "max": 32.370689392089844,
    "all": [
      32.36249542236328,
      32.25190353393555,
      32.30380630493164,
      32.370689392089844,
      32.25804901123047
    ]
  },
  "test_latency_ms": {
    "avg": 32.058401107788086,
    "min": 31.944704055786133,
    "max": 32.14851379394531,
    "all": [
      32.06982421875,
      32.08601760864258,
      32.042945861816406,
      32.14851379394531,
      31.944704055786133
    ]
  },
  "num_runs": 5,
  "model_init_args": [
    64
  ],
  "model_init_kwargs": {},
  "seed": 100,
  "align_stats": {
    "copied_same_shape": 0,
    "unique_shape_copied": 0,
    "mapped_shape": 0,
    "skipped": 0,
    "pair_aligner": 0,
    "pair_key": "Model->ModelNew"
  },
  "runnable": true,
  "phase": "seed",
  "score": 1.007829074952247
}