{
  "timestamp": "2025-12-28T11:14:11",
  "reference_file": "KernelBench/select2/34_InstanceNorm.py",
  "candidate_file": "/home/hyc/LLMKernel/run/20251228_110340_34_InstanceNorm_openai_deepseek/34_InstanceNorm/code/kernel_20251228_111354.py",
  "tolerance": 1,
  "max_abs_err": 4.76837158203125e-07,
  "mean_abs_err": 1.4454158758780977e-07,
  "ref_latency_ms": {
    "avg": 32.936711120605466,
    "min": 32.876609802246094,
    "max": 33.04550552368164,
    "all": [
      33.04550552368164,
      32.95920181274414,
      32.921600341796875,
      32.880638122558594,
      32.876609802246094
    ]
  },
  "test_latency_ms": {
    "avg": 32.678182983398436,
    "min": 32.66764831542969,
    "max": 32.688961029052734,
    "all": [
      32.688961029052734,
      32.66764831542969,
      32.674495697021484,
      32.675777435302734,
      32.68403244018555
    ]
  },
  "num_runs": 5,
  "model_init_args": [
    64
  ],
  "model_init_kwargs": {},
  "seed": 100,
  "align_stats": {
    "copied_same_shape": 0,
    "unique_shape_copied": 0,
    "mapped_shape": 0,
    "skipped": 0,
    "pair_aligner": 0,
    "pair_key": "Model->ModelNew"
  },
  "runnable": true,
  "phase": "algorithm_optimized_seed1",
  "pytorch_baseline_ms": 32.907328033447264,
  "score": 1.0070121723158612
}