{
  "timestamp": "2025-12-28T11:21:09",
  "reference_file": "KernelBench/select2/34_InstanceNorm.py",
  "candidate_file": "/home/hyc/LLMKernel/run/20251228_110340_34_InstanceNorm_openai_deepseek/34_InstanceNorm/code/kernel_20251228_112046.py",
  "tolerance": 1,
  "max_abs_err": 4.76837158203125e-07,
  "mean_abs_err": 1.4454158758780977e-07,
  "ref_latency_ms": {
    "avg": 32.93441925048828,
    "min": 32.894622802734375,
    "max": 33.06489562988281,
    "all": [
      32.903167724609375,
      32.907264709472656,
      33.06489562988281,
      32.894622802734375,
      32.90214538574219
    ]
  },
  "test_latency_ms": {
    "avg": 32.69274215698242,
    "min": 32.6748161315918,
    "max": 32.712318420410156,
    "all": [
      32.6748161315918,
      32.68096160888672,
      32.685054779052734,
      32.712318420410156,
      32.7105598449707
    ]
  },
  "num_runs": 5,
  "model_init_args": [
    64
  ],
  "model_init_kwargs": {},
  "seed": 100,
  "align_stats": {
    "copied_same_shape": 0,
    "unique_shape_copied": 0,
    "mapped_shape": 0,
    "skipped": 0,
    "pair_aligner": 0,
    "pair_key": "Model->ModelNew"
  },
  "runnable": true,
  "phase": "stage2_block_tiling",
  "pytorch_baseline_ms": 32.907328033447264,
  "score": 1.0065637160515462
}