{
  "timestamp": "2025-12-28T11:06:50",
  "reference_file": "KernelBench/select2/34_InstanceNorm.py",
  "candidate_file": "/home/hyc/LLMKernel/run/20251228_110340_34_InstanceNorm_openai_deepseek/34_InstanceNorm/code/kernel_20251228_110629.py",
  "tolerance": 1,
  "max_abs_err": 6.4373016357421875e-06,
  "mean_abs_err": 1.5371421113741235e-06,
  "ref_latency_ms": {
    "avg": 32.87913589477539,
    "min": 32.86528015136719,
    "max": 32.892704010009766,
    "all": [
      32.8724479675293,
      32.879615783691406,
      32.8856315612793,
      32.892704010009766,
      32.86528015136719
    ]
  },
  "test_latency_ms": {
    "avg": 33.68668823242187,
    "min": 33.673118591308594,
    "max": 33.734657287597656,
    "all": [
      33.67513656616211,
      33.673118591308594,
      33.734657287597656,
      33.67424011230469,
      33.67628860473633
    ]
  },
  "num_runs": 5,
  "model_init_args": [
    64
  ],
  "model_init_kwargs": {},
  "seed": 100,
  "align_stats": {
    "copied_same_shape": 0,
    "unique_shape_copied": 0,
    "mapped_shape": 0,
    "skipped": 0,
    "pair_aligner": 0,
    "pair_key": "Model->ModelNew"
  },
  "runnable": true,
  "phase": "seed_1",
  "pytorch_baseline_ms": 32.907328033447264,
  "score": 0.9768644458725833
}