{
  "timestamp": "2025-12-28T15:51:35",
  "reference_file": "KernelBench/tt/44_ConvTranspose2d_Multiply_GlobalAvgPool_GlobalAvgPool_Mean.py",
  "candidate_file": "/home/hyc/LLMKernel/run/20251228_142941_batch_range36to44_openai_deepseek/44_ConvTranspose2d_Multiply_GlobalAvgPool_GlobalAvgPool_Mean/code/kernel_20251228_155130.py",
  "tolerance": 1,
  "max_abs_err": 1.2997537851333618e-05,
  "mean_abs_err": 3.849235781672178e-06,
  "ref_latency_ms": {
    "avg": 5.657644844055175,
    "min": 5.647359848022461,
    "max": 5.669087886810303,
    "all": [
      5.669087886810303,
      5.660672187805176,
      5.652480125427246,
      5.647359848022461,
      5.658624172210693
    ]
  },
  "test_latency_ms": {
    "avg": 0.21662079989910127,
    "min": 0.21276800334453583,
    "max": 0.22323200106620789,
    "all": [
      0.22323200106620789,
      0.2149759978055954,
      0.21299199759960175,
      0.21276800334453583,
      0.21913599967956543
    ]
  },
  "num_runs": 5,
  "model_init_args": [
    64,
    128,
    3,
    2,
    1,
    1,
    0.5
  ],
  "model_init_kwargs": {},
  "seed": 100,
  "align_stats": {
    "pair_aligner": 1,
    "copied_same_shape": 1,
    "mapped_shape": 0,
    "skipped": 0,
    "pair_key": "Model->ModelNew"
  },
  "runnable": true,
  "phase": "stage2_block_tiling",
  "pytorch_baseline_ms": 5.657753562927246,
  "score": 26.118237794166316
}