{
  "timestamp": "2025-12-28T15:50:18",
  "reference_file": "KernelBench/tt/44_ConvTranspose2d_Multiply_GlobalAvgPool_GlobalAvgPool_Mean.py",
  "candidate_file": "/home/hyc/LLMKernel/run/20251228_142941_batch_range36to44_openai_deepseek/44_ConvTranspose2d_Multiply_GlobalAvgPool_GlobalAvgPool_Mean/code/kernel_20251228_155014.py",
  "tolerance": 1,
  "max_abs_err": 1.2997537851333618e-05,
  "mean_abs_err": 3.8492412386403885e-06,
  "ref_latency_ms": {
    "avg": 5.656371307373047,
    "min": 5.649407863616943,
    "max": 5.666816234588623,
    "all": [
      5.666816234588623,
      5.652480125427246,
      5.649407863616943,
      5.652480125427246,
      5.660672187805176
    ]
  },
  "test_latency_ms": {
    "avg": 0.2990527987480164,
    "min": 0.2941119968891144,
    "max": 0.3041279911994934,
    "all": [
      0.3041279911994934,
      0.29900801181793213,
      0.2959359884262085,
      0.2941119968891144,
      0.3020800054073334
    ]
  },
  "num_runs": 5,
  "model_init_args": [
    64,
    128,
    3,
    2,
    1,
    1,
    0.5
  ],
  "model_init_kwargs": {},
  "seed": 100,
  "align_stats": {
    "pair_aligner": 1,
    "copied_same_shape": 1,
    "mapped_shape": 0,
    "skipped": 0,
    "pair_key": "Model->ModelNew"
  },
  "runnable": true,
  "phase": "stage1_grid_and_parallel",
  "pytorch_baseline_ms": 5.657753562927246,
  "score": 18.91891193332219
}