{
  "timestamp": "2025-12-28T15:42:06",
  "reference_file": "KernelBench/tt/44_ConvTranspose2d_Multiply_GlobalAvgPool_GlobalAvgPool_Mean.py",
  "candidate_file": "/home/hyc/LLMKernel/run/20251228_142941_batch_range36to44_openai_deepseek/44_ConvTranspose2d_Multiply_GlobalAvgPool_GlobalAvgPool_Mean/code/kernel_20251228_154202.py",
  "tolerance": 1,
  "max_abs_err": 1.2984499335289001e-05,
  "mean_abs_err": 3.849807399092242e-06,
  "ref_latency_ms": {
    "avg": 5.661235237121582,
    "min": 5.653503894805908,
    "max": 5.67193603515625,
    "all": [
      5.67193603515625,
      5.657343864440918,
      5.660672187805176,
      5.653503894805908,
      5.662720203399658
    ]
  },
  "test_latency_ms": {
    "avg": 13.911769676208497,
    "min": 13.908991813659668,
    "max": 13.914112091064453,
    "all": [
      13.912832260131836,
      13.914112091064453,
      13.908991813659668,
      13.908991813659668,
      13.913920402526855
    ]
  },
  "num_runs": 5,
  "model_init_args": [
    64,
    128,
    3,
    2,
    1,
    1,
    0.5
  ],
  "model_init_kwargs": {},
  "seed": 100,
  "align_stats": {
    "pair_aligner": 1,
    "copied_same_shape": 1,
    "mapped_shape": 0,
    "skipped": 0,
    "pair_key": "Model->ModelNew"
  },
  "runnable": true,
  "phase": "seed_1_repair_1",
  "pytorch_baseline_ms": 5.657753562927246,
  "score": 0.40668827148590386
}