{
  "timestamp": "2025-12-14T21:14:03",
  "reference_file": "KernelBench/level2/44_ConvTranspose2d_Multiply_GlobalAvgPool_GlobalAvgPool_Mean.py",
  "candidate_file": "/home/hyc/LLMKernel/run/20251214_114657_batch_range25to55_deepseek_deepseek/44_ConvTranspose2d_Multiply_GlobalAvgPool_GlobalAvgPool_Mean/code/kernel_20251214_211400.py",
  "tolerance": 0.001,
  "max_abs_err": 2.60770320892334e-08,
  "mean_abs_err": 2.8818742947578357e-09,
  "ref_latency_ms": {
    "avg": 5.429222297668457,
    "min": 5.419007778167725,
    "max": 5.437439918518066,
    "all": [
      5.436416149139404,
      5.4301438331604,
      5.4231038093566895,
      5.437439918518066,
      5.419007778167725
    ]
  },
  "test_latency_ms": {
    "avg": 4.245024013519287,
    "min": 4.237567901611328,
    "max": 4.247744083404541,
    "all": [
      4.245759963989258,
      4.246496200561523,
      4.247551918029785,
      4.237567901611328,
      4.247744083404541
    ]
  },
  "num_runs": 5,
  "model_init_args": [
    64,
    128,
    3,
    2,
    1,
    1,
    0.5
  ],
  "model_init_kwargs": {},
  "seed": 100,
  "align_stats": {
    "pair_aligner": 1,
    "copied_same_shape": 1,
    "mapped_shape": 0,
    "skipped": 0,
    "pair_key": "Model->ModelNew"
  },
  "runnable": true,
  "phase": "stage3_memory_access",
  "pytorch_baseline_ms": 5.428806304931641,
  "score": 1.2788635088146305
}