{
  "timestamp": "2025-12-28T15:45:08",
  "reference_file": "KernelBench/tt/44_ConvTranspose2d_Multiply_GlobalAvgPool_GlobalAvgPool_Mean.py",
  "candidate_file": "/home/hyc/LLMKernel/run/20251228_142941_batch_range36to44_openai_deepseek/44_ConvTranspose2d_Multiply_GlobalAvgPool_GlobalAvgPool_Mean/code/kernel_20251228_154504.py",
  "tolerance": 1,
  "max_abs_err": 3.1810253858566284e-05,
  "mean_abs_err": 5.987124495732132e-06,
  "ref_latency_ms": {
    "avg": 5.667737579345703,
    "min": 5.658368110656738,
    "max": 5.675871849060059,
    "all": [
      5.669888019561768,
      5.672031879425049,
      5.658368110656738,
      5.662528038024902,
      5.675871849060059
    ]
  },
  "test_latency_ms": {
    "avg": 87.00787963867188,
    "min": 86.9928970336914,
    "max": 87.03913879394531,
    "all": [
      87.01030731201172,
      86.99801635742188,
      86.9928970336914,
      86.99903869628906,
      87.03913879394531
    ]
  },
  "num_runs": 5,
  "model_init_args": [
    64,
    128,
    3,
    2,
    1,
    1,
    0.5
  ],
  "model_init_kwargs": {},
  "seed": 100,
  "align_stats": {
    "pair_aligner": 1,
    "copied_same_shape": 1,
    "mapped_shape": 0,
    "skipped": 0,
    "pair_key": "Model->ModelNew"
  },
  "runnable": true,
  "phase": "algorithm_optimized_seed0",
  "pytorch_baseline_ms": 5.657753562927246,
  "score": 0.06502576072906134
}