{
  "timestamp": "2025-12-14T21:00:59",
  "reference_file": "KernelBench/level2/44_ConvTranspose2d_Multiply_GlobalAvgPool_GlobalAvgPool_Mean.py",
  "candidate_file": "/home/hyc/LLMKernel/run/20251214_114657_batch_range25to55_deepseek_deepseek/44_ConvTranspose2d_Multiply_GlobalAvgPool_GlobalAvgPool_Mean/code/kernel_20251214_210056.py",
  "tolerance": 0.001,
  "max_abs_err": 7.450580596923828e-09,
  "mean_abs_err": 8.071872059645102e-10,
  "ref_latency_ms": {
    "avg": 5.425728034973145,
    "min": 5.414656162261963,
    "max": 5.433343887329102,
    "all": [
      5.433343887329102,
      5.430304050445557,
      5.425055980682373,
      5.414656162261963,
      5.4252800941467285
    ]
  },
  "test_latency_ms": {
    "avg": 4.271078395843506,
    "min": 4.267039775848389,
    "max": 4.27507209777832,
    "all": [
      4.27507209777832,
      4.267039775848389,
      4.271103858947754,
      4.268032073974609,
      4.274144172668457
    ]
  },
  "num_runs": 5,
  "model_init_args": [
    64,
    128,
    3,
    2,
    1,
    1,
    0.5
  ],
  "model_init_kwargs": {},
  "seed": 100,
  "align_stats": {
    "pair_aligner": 1,
    "copied_same_shape": 1,
    "mapped_shape": 0,
    "skipped": 0,
    "pair_key": "Model->ModelNew"
  },
  "runnable": true,
  "phase": "stage1_grid_and_parallel",
  "pytorch_baseline_ms": 5.428806304931641,
  "score": 1.2710622006411316
}