{
  "timestamp": "2025-12-14T20:57:41",
  "reference_file": "KernelBench/level2/44_ConvTranspose2d_Multiply_GlobalAvgPool_GlobalAvgPool_Mean.py",
  "candidate_file": "/home/hyc/LLMKernel/run/20251214_114657_batch_range25to55_deepseek_deepseek/44_ConvTranspose2d_Multiply_GlobalAvgPool_GlobalAvgPool_Mean/code/kernel_20251214_205737.py",
  "tolerance": 0.001,
  "max_abs_err": 1.5273690223693848e-07,
  "mean_abs_err": 1.5661534291666612e-08,
  "ref_latency_ms": {
    "avg": 5.428806304931641,
    "min": 5.422080039978027,
    "max": 5.432191848754883,
    "all": [
      5.4312639236450195,
      5.429247856140137,
      5.429247856140137,
      5.432191848754883,
      5.422080039978027
    ]
  },
  "test_latency_ms": {
    "avg": 7.7882304191589355,
    "min": 7.7770562171936035,
    "max": 7.811808109283447,
    "all": [
      7.79366397857666,
      7.777279853820801,
      7.7770562171936035,
      7.811808109283447,
      7.781343936920166
    ]
  },
  "num_runs": 5,
  "model_init_args": [
    64,
    128,
    3,
    2,
    1,
    1,
    0.5
  ],
  "model_init_kwargs": {},
  "seed": 100,
  "align_stats": {
    "pair_aligner": 1,
    "copied_same_shape": 1,
    "mapped_shape": 0,
    "skipped": 0,
    "pair_key": "Model->ModelNew"
  },
  "runnable": true,
  "phase": "seed_repair",
  "score": 0.6970526053744962
}