{
  "timestamp": "2025-12-28T15:39:29",
  "reference_file": "KernelBench/tt/44_ConvTranspose2d_Multiply_GlobalAvgPool_GlobalAvgPool_Mean.py",
  "candidate_file": "/home/hyc/LLMKernel/run/20251228_142941_batch_range36to44_openai_deepseek/44_ConvTranspose2d_Multiply_GlobalAvgPool_GlobalAvgPool_Mean/code/kernel_20251228_153925.py",
  "tolerance": 1,
  "max_abs_err": 3.725290298461914e-08,
  "mean_abs_err": 4.27904645050603e-09,
  "ref_latency_ms": {
    "avg": 5.657753562927246,
    "min": 5.644063949584961,
    "max": 5.67087984085083,
    "all": [
      5.67087984085083,
      5.644063949584961,
      5.655551910400391,
      5.669888019561768,
      5.648384094238281
    ]
  },
  "test_latency_ms": {
    "avg": 4.503980731964111,
    "min": 4.5004801750183105,
    "max": 4.505727767944336,
    "all": [
      4.505727767944336,
      4.504479885101318,
      4.503615856170654,
      4.5055999755859375,
      4.5004801750183105
    ]
  },
  "num_runs": 5,
  "model_init_args": [
    64,
    128,
    3,
    2,
    1,
    1,
    0.5
  ],
  "model_init_kwargs": {},
  "seed": 100,
  "align_stats": {
    "pair_aligner": 1,
    "copied_same_shape": 1,
    "mapped_shape": 0,
    "skipped": 0,
    "pair_key": "Model->ModelNew"
  },
  "runnable": true,
  "phase": "seed_0",
  "score": 1.2561673549744503
}