{
  "timestamp": "2025-12-14T21:19:59",
  "reference_file": "KernelBench/level2/44_ConvTranspose2d_Multiply_GlobalAvgPool_GlobalAvgPool_Mean.py",
  "candidate_file": "/home/hyc/LLMKernel/run/20251214_114657_batch_range25to55_deepseek_deepseek/44_ConvTranspose2d_Multiply_GlobalAvgPool_GlobalAvgPool_Mean/code/kernel_20251214_211955.py",
  "tolerance": 0.001,
  "max_abs_err": 7.450580596923828e-09,
  "mean_abs_err": 7.757030573429802e-10,
  "ref_latency_ms": {
    "avg": 5.425145626068115,
    "min": 5.4200639724731445,
    "max": 5.430463790893555,
    "all": [
      5.430463790893555,
      5.426176071166992,
      5.422944068908691,
      5.426080226898193,
      5.4200639724731445
    ]
  },
  "test_latency_ms": {
    "avg": 4.228966426849365,
    "min": 4.221024036407471,
    "max": 4.240384101867676,
    "all": [
      4.240384101867676,
      4.227136135101318,
      4.226304054260254,
      4.229983806610107,
      4.221024036407471
    ]
  },
  "num_runs": 5,
  "model_init_args": [
    64,
    128,
    3,
    2,
    1,
    1,
    0.5
  ],
  "model_init_kwargs": {},
  "seed": 100,
  "align_stats": {
    "pair_aligner": 1,
    "copied_same_shape": 1,
    "mapped_shape": 0,
    "skipped": 0,
    "pair_key": "Model->ModelNew"
  },
  "runnable": true,
  "phase": "stage4_repair",
  "pytorch_baseline_ms": 5.428806304931641,
  "score": 1.2837194143856496
}