{
  "timestamp": "2025-12-28T15:49:13",
  "reference_file": "KernelBench/tt/44_ConvTranspose2d_Multiply_GlobalAvgPool_GlobalAvgPool_Mean.py",
  "candidate_file": "/home/hyc/LLMKernel/run/20251228_142941_batch_range36to44_openai_deepseek/44_ConvTranspose2d_Multiply_GlobalAvgPool_GlobalAvgPool_Mean/code/kernel_20251228_154909.py",
  "tolerance": 1,
  "max_abs_err": 1.2997537851333618e-05,
  "mean_abs_err": 3.8492412386403885e-06,
  "ref_latency_ms": {
    "avg": 5.6587776184082035,
    "min": 5.654272079467773,
    "max": 5.669888019561768,
    "all": [
      5.669888019561768,
      5.657599925994873,
      5.655551910400391,
      5.656576156616211,
      5.654272079467773
    ]
  },
  "test_latency_ms": {
    "avg": 0.251462396979332,
    "min": 0.24662399291992188,
    "max": 0.25804799795150757,
    "all": [
      0.25804799795150757,
      0.24985599517822266,
      0.24883200228214264,
      0.24662399291992188,
      0.2539519965648651
    ]
  },
  "num_runs": 5,
  "model_init_args": [
    64,
    128,
    3,
    2,
    1,
    1,
    0.5
  ],
  "model_init_kwargs": {},
  "seed": 100,
  "align_stats": {
    "pair_aligner": 1,
    "copied_same_shape": 1,
    "mapped_shape": 0,
    "skipped": 0,
    "pair_key": "Model->ModelNew"
  },
  "runnable": true,
  "phase": "algorithm_optimized_seed1_repair1",
  "pytorch_baseline_ms": 5.657753562927246,
  "score": 22.49940202149693
}