{
  "timestamp": "2025-12-15T07:40:48",
  "reference_file": "KernelBench/level2/30_Gemm_GroupNorm_Hardtanh.py",
  "candidate_file": "/home/hyc/LLMKernel/run/20251215_070855_batch_range26to30_openai_deepseek/30_Gemm_GroupNorm_Hardtanh/code/kernel_20251215_074042.py",
  "tolerance": 0.001,
  "max_abs_err": 0.0013704299926757812,
  "mean_abs_err": 0.00021756831847596914,
  "ref_latency_ms": {
    "avg": 3.487948846817017,
    "min": 3.482624053955078,
    "max": 3.4949119091033936,
    "all": [
      3.4949119091033936,
      3.486720085144043,
      3.490816116333008,
      3.482624053955078,
      3.4846720695495605
    ]
  },
  "test_latency_ms": {
    "avg": 1.9795583963394165,
    "min": 1.9722239971160889,
    "max": 1.9824639558792114,
    "all": [
      1.981376051902771,
      1.9824320077896118,
      1.9722239971160889,
      1.9824639558792114,
      1.9792959690093994
    ]
  },
  "num_runs": 5,
  "model_init_args": [
    8192,
    8192,
    16,
    -2.0,
    2.0
  ],
  "model_init_kwargs": {},
  "seed": 100,
  "align_stats": {
    "copied_same_shape": 4,
    "unique_shape_copied": 0,
    "mapped_shape": 0,
    "skipped": 0,
    "pair_aligner": 0,
    "pair_key": "Model->ModelNew"
  },
  "runnable": true,
  "phase": "stage4_advanced_memory",
  "pytorch_baseline_ms": 3.4782976150512694,
  "score": 1.7571078587443085
}