{
  "timestamp": "2025-12-15T07:36:45",
  "reference_file": "KernelBench/level2/30_Gemm_GroupNorm_Hardtanh.py",
  "candidate_file": "/home/hyc/LLMKernel/run/20251215_070855_batch_range26to30_openai_deepseek/30_Gemm_GroupNorm_Hardtanh/code/kernel_20251215_073634.py",
  "tolerance": 0.001,
  "max_abs_err": 0.0013704299926757812,
  "mean_abs_err": 0.00021756817295681685,
  "ref_latency_ms": {
    "avg": 3.486732769012451,
    "min": 3.4747519493103027,
    "max": 3.492863893508911,
    "all": [
      3.490816116333008,
      3.482367992401123,
      3.4747519493103027,
      3.492863893508911,
      3.492863893508911
    ]
  },
  "test_latency_ms": {
    "avg": 4.681299304962158,
    "min": 4.377600193023682,
    "max": 4.780032157897949,
    "all": [
      4.780032157897949,
      4.755360126495361,
      4.757503986358643,
      4.736000061035156,
      4.377600193023682
    ]
  },
  "num_runs": 5,
  "model_init_args": [
    8192,
    8192,
    16,
    -2.0,
    2.0
  ],
  "model_init_kwargs": {},
  "seed": 100,
  "align_stats": {
    "copied_same_shape": 4,
    "unique_shape_copied": 0,
    "mapped_shape": 0,
    "skipped": 0,
    "pair_aligner": 0,
    "pair_key": "Model->ModelNew"
  },
  "runnable": true,
  "phase": "stage1_repair",
  "pytorch_baseline_ms": 3.4782976150512694,
  "score": 0.7430197021079785
}