{
  "timestamp": "2025-12-15T07:34:25",
  "reference_file": "KernelBench/level2/30_Gemm_GroupNorm_Hardtanh.py",
  "candidate_file": "/home/hyc/LLMKernel/run/20251215_070855_batch_range26to30_openai_deepseek/30_Gemm_GroupNorm_Hardtanh/code/kernel_20251215_073420.py",
  "tolerance": 0.001,
  "max_abs_err": 0.0013704299926757812,
  "mean_abs_err": 0.00021756817295681685,
  "ref_latency_ms": {
    "avg": 3.4782976150512694,
    "min": 3.4703359603881836,
    "max": 3.490816116333008,
    "all": [
      3.490816116333008,
      3.482624053955078,
      3.4703359603881836,
      3.475327968597412,
      3.472383975982666
    ]
  },
  "test_latency_ms": {
    "avg": 3.992179203033447,
    "min": 3.985408067703247,
    "max": 3.999743938446045,
    "all": [
      3.990528106689453,
      3.999743938446045,
      3.9966719150543213,
      3.98854398727417,
      3.985408067703247
    ]
  },
  "num_runs": 5,
  "model_init_args": [
    8192,
    8192,
    16,
    -2.0,
    2.0
  ],
  "model_init_kwargs": {},
  "seed": 100,
  "align_stats": {
    "copied_same_shape": 4,
    "unique_shape_copied": 0,
    "mapped_shape": 0,
    "skipped": 0,
    "pair_aligner": 0,
    "pair_key": "Model->ModelNew"
  },
  "runnable": true,
  "phase": "seed",
  "score": 0.8712779257024068
}