{
  "timestamp": "2025-12-15T07:38:11",
  "reference_file": "KernelBench/level2/30_Gemm_GroupNorm_Hardtanh.py",
  "candidate_file": "/home/hyc/LLMKernel/run/20251215_070855_batch_range26to30_openai_deepseek/30_Gemm_GroupNorm_Hardtanh/code/kernel_20251215_073805.py",
  "tolerance": 0.001,
  "max_abs_err": 0.0013704299926757812,
  "mean_abs_err": 0.00021756818750873208,
  "ref_latency_ms": {
    "avg": 3.478118419647217,
    "min": 3.4734079837799072,
    "max": 3.487744092941284,
    "all": [
      3.487744092941284,
      3.477504014968872,
      3.476480007171631,
      3.4734079837799072,
      3.4754559993743896
    ]
  },
  "test_latency_ms": {
    "avg": 2.040819215774536,
    "min": 2.032639980316162,
    "max": 2.0490241050720215,
    "all": [
      2.0398080348968506,
      2.0349440574645996,
      2.0490241050720215,
      2.047679901123047,
      2.032639980316162
    ]
  },
  "num_runs": 5,
  "model_init_args": [
    8192,
    8192,
    16,
    -2.0,
    2.0
  ],
  "model_init_kwargs": {},
  "seed": 100,
  "align_stats": {
    "copied_same_shape": 4,
    "unique_shape_copied": 0,
    "mapped_shape": 0,
    "skipped": 0,
    "pair_aligner": 0,
    "pair_key": "Model->ModelNew"
  },
  "runnable": true,
  "phase": "stage2_block_tiling",
  "pytorch_baseline_ms": 3.4782976150512694,
  "score": 1.7043634184575132
}