{
  "timestamp": "2025-12-15T07:39:27",
  "reference_file": "KernelBench/level2/30_Gemm_GroupNorm_Hardtanh.py",
  "candidate_file": "/home/hyc/LLMKernel/run/20251215_070855_batch_range26to30_openai_deepseek/30_Gemm_GroupNorm_Hardtanh/code/kernel_20251215_073920.py",
  "tolerance": 0.001,
  "max_abs_err": 0.0013704299926757812,
  "mean_abs_err": 0.00021756831847596914,
  "ref_latency_ms": {
    "avg": 3.4864768028259276,
    "min": 3.4805760383605957,
    "max": 3.4938879013061523,
    "all": [
      3.4938879013061523,
      3.4806079864501953,
      3.4897921085357666,
      3.4875199794769287,
      3.4805760383605957
    ]
  },
  "test_latency_ms": {
    "avg": 1.9792576074600219,
    "min": 1.9698879718780518,
    "max": 1.9916800260543823,
    "all": [
      1.986464023590088,
      1.9780800342559814,
      1.9698879718780518,
      1.9701759815216064,
      1.9916800260543823
    ]
  },
  "num_runs": 5,
  "model_init_args": [
    8192,
    8192,
    16,
    -2.0,
    2.0
  ],
  "model_init_kwargs": {},
  "seed": 100,
  "align_stats": {
    "copied_same_shape": 4,
    "unique_shape_copied": 0,
    "mapped_shape": 0,
    "skipped": 0,
    "pair_aligner": 0,
    "pair_key": "Model->ModelNew"
  },
  "runnable": true,
  "phase": "stage3_memory_access",
  "pytorch_baseline_ms": 3.4782976150512694,
  "score": 1.7573748874028394
}