{
  "timestamp": "2025-12-16T08:57:06",
  "reference_file": "KernelBench/level3/45_UNetSoftmax.py",
  "candidate_file": "/home/hyc/LLMKernel/run/20251216_085416_batch_range45to50_openai_deepseek/45_UNetSoftmax/code/kernel_20251216_085659.py",
  "tolerance": 0.1,
  "max_abs_err": 1.862645149230957e-09,
  "mean_abs_err": 3.2460967247516237e-10,
  "ref_latency_ms": {
    "avg": 10.808960151672363,
    "min": 10.802176475524902,
    "max": 10.816512107849121,
    "all": [
      10.816512107849121,
      10.802176475524902,
      10.808511734008789,
      10.809280395507812,
      10.808320045471191
    ]
  },
  "test_latency_ms": {
    "avg": 11.52752628326416,
    "min": 11.52409553527832,
    "max": 11.531264305114746,
    "all": [
      11.526144027709961,
      11.52409553527832,
      11.531264305114746,
      11.528191566467285,
      11.527935981750488
    ]
  },
  "num_runs": 5,
  "model_init_args": [
    8,
    4,
    64
  ],
  "model_init_kwargs": {},
  "seed": 100,
  "align_stats": {
    "copied_same_shape": 10,
    "unique_shape_copied": 10,
    "mapped_shape": 0,
    "skipped": 116,
    "pair_aligner": 0,
    "pair_key": "Model->ModelNew"
  },
  "runnable": true,
  "phase": "stage1_grid_and_parallel",
  "pytorch_baseline_ms": 10.8326847076416,
  "score": 0.9397232711903385
}