{
  "timestamp": "2025-12-28T09:26:51",
  "reference_file": "KernelBench/select/45_UNetSoftmax.py",
  "candidate_file": "/home/hyc/LLMKernel/run/20251228_085547_batch_range35to50_openai_deepseek/45_UNetSoftmax/code/kernel_20251228_092647.py",
  "tolerance": 1,
  "max_abs_err": 1.862645149230957e-09,
  "mean_abs_err": 3.245910484839243e-10,
  "ref_latency_ms": {
    "avg": 10.074246215820313,
    "min": 10.0546236038208,
    "max": 10.096639633178711,
    "all": [
      10.096639633178711,
      10.081279754638672,
      10.079071998596191,
      10.059616088867188,
      10.0546236038208
    ]
  },
  "test_latency_ms": {
    "avg": 10.815891075134278,
    "min": 10.81334400177002,
    "max": 10.819583892822266,
    "all": [
      10.819583892822266,
      10.813407897949219,
      10.817631721496582,
      10.81334400177002,
      10.8154878616333
    ]
  },
  "num_runs": 5,
  "model_init_args": [
    8,
    4,
    64
  ],
  "model_init_kwargs": {},
  "seed": 100,
  "align_stats": {
    "copied_same_shape": 10,
    "unique_shape_copied": 10,
    "mapped_shape": 0,
    "skipped": 116,
    "pair_aligner": 0,
    "pair_key": "Model->ModelNew"
  },
  "runnable": true,
  "phase": "seed_0",
  "score": 0.9314300731985915
}