{
  "timestamp": "2025-12-28T09:29:37",
  "reference_file": "KernelBench/select/45_UNetSoftmax.py",
  "candidate_file": "/home/hyc/LLMKernel/run/20251228_085547_batch_range35to50_openai_deepseek/45_UNetSoftmax/code/kernel_20251228_092933.py",
  "tolerance": 1,
  "max_abs_err": 1.862645149230957e-09,
  "mean_abs_err": 3.2460967247516237e-10,
  "ref_latency_ms": {
    "avg": 10.074521446228028,
    "min": 10.067968368530273,
    "max": 10.084351539611816,
    "all": [
      10.084351539611816,
      10.067968368530273,
      10.068991661071777,
      10.074912071228027,
      10.076383590698242
    ]
  },
  "test_latency_ms": {
    "avg": 10.945465850830079,
    "min": 10.938272476196289,
    "max": 10.951680183410645,
    "all": [
      10.94758415222168,
      10.945280075073242,
      10.944512367248535,
      10.938272476196289,
      10.951680183410645
    ]
  },
  "num_runs": 5,
  "model_init_args": [
    8,
    4,
    64
  ],
  "model_init_kwargs": {},
  "seed": 100,
  "align_stats": {
    "copied_same_shape": 10,
    "unique_shape_copied": 10,
    "mapped_shape": 0,
    "skipped": 116,
    "pair_aligner": 0,
    "pair_key": "Model->ModelNew"
  },
  "runnable": true,
  "phase": "algorithm_optimized_seed0",
  "pytorch_baseline_ms": 10.074246215820313,
  "score": 0.9204036039321529
}