{
  "timestamp": "2025-12-16T08:55:53",
  "reference_file": "KernelBench/level3/45_UNetSoftmax.py",
  "candidate_file": "/home/hyc/LLMKernel/run/20251216_085416_batch_range45to50_openai_deepseek/45_UNetSoftmax/code/kernel_20251216_085547.py",
  "tolerance": 0.1,
  "max_abs_err": 1.862645149230957e-09,
  "mean_abs_err": 3.245910484839243e-10,
  "ref_latency_ms": {
    "avg": 10.8326847076416,
    "min": 10.828800201416016,
    "max": 10.835968017578125,
    "all": [
      10.835968017578125,
      10.829792022705078,
      10.833919525146484,
      10.828800201416016,
      10.834943771362305
    ]
  },
  "test_latency_ms": {
    "avg": 11.613235092163086,
    "min": 11.604991912841797,
    "max": 11.618304252624512,
    "all": [
      11.618304252624512,
      11.616255760192871,
      11.617535591125488,
      11.609087944030762,
      11.604991912841797
    ]
  },
  "num_runs": 5,
  "model_init_args": [
    8,
    4,
    64
  ],
  "model_init_kwargs": {},
  "seed": 100,
  "align_stats": {
    "copied_same_shape": 10,
    "unique_shape_copied": 10,
    "mapped_shape": 0,
    "skipped": 116,
    "pair_aligner": 0,
    "pair_key": "Model->ModelNew"
  },
  "runnable": true,
  "phase": "seed",
  "score": 0.9327878598575671
}