{
  "timestamp": "2025-12-16T09:00:18",
  "reference_file": "KernelBench/level3/45_UNetSoftmax.py",
  "candidate_file": "/home/hyc/LLMKernel/run/20251216_085416_batch_range45to50_openai_deepseek/45_UNetSoftmax/code/kernel_20251216_090011.py",
  "tolerance": 0.1,
  "max_abs_err": 1.862645149230957e-09,
  "mean_abs_err": 3.2460967247516237e-10,
  "ref_latency_ms": {
    "avg": 10.807449531555175,
    "min": 10.799103736877441,
    "max": 10.812416076660156,
    "all": [
      10.807295799255371,
      10.811136245727539,
      10.807295799255371,
      10.812416076660156,
      10.799103736877441
    ]
  },
  "test_latency_ms": {
    "avg": 11.480243110656739,
    "min": 11.476896286010742,
    "max": 11.486175537109375,
    "all": [
      11.486175537109375,
      11.479040145874023,
      11.476896286010742,
      11.478015899658203,
      11.481087684631348
    ]
  },
  "num_runs": 5,
  "model_init_args": [
    8,
    4,
    64
  ],
  "model_init_kwargs": {},
  "seed": 100,
  "align_stats": {
    "copied_same_shape": 10,
    "unique_shape_copied": 10,
    "mapped_shape": 0,
    "skipped": 116,
    "pair_aligner": 0,
    "pair_key": "Model->ModelNew"
  },
  "runnable": true,
  "phase": "stage4_advanced_memory",
  "pytorch_baseline_ms": 10.8326847076416,
  "score": 0.94359366811544
}