{
  "timestamp": "2025-12-16T08:58:13",
  "reference_file": "KernelBench/level3/45_UNetSoftmax.py",
  "candidate_file": "/home/hyc/LLMKernel/run/20251216_085416_batch_range45to50_openai_deepseek/45_UNetSoftmax/code/kernel_20251216_085806.py",
  "tolerance": 0.1,
  "max_abs_err": 1.862645149230957e-09,
  "mean_abs_err": 3.2460967247516237e-10,
  "ref_latency_ms": {
    "avg": 10.808940887451172,
    "min": 10.805248260498047,
    "max": 10.81446361541748,
    "all": [
      10.81446361541748,
      10.805248260498047,
      10.805248260498047,
      10.808320045471191,
      10.811424255371094
    ]
  },
  "test_latency_ms": {
    "avg": 11.445414352416993,
    "min": 11.443167686462402,
    "max": 11.447135925292969,
    "all": [
      11.446271896362305,
      11.443167686462402,
      11.447135925292969,
      11.44422435760498,
      11.446271896362305
    ]
  },
  "num_runs": 5,
  "model_init_args": [
    8,
    4,
    64
  ],
  "model_init_kwargs": {},
  "seed": 100,
  "align_stats": {
    "copied_same_shape": 10,
    "unique_shape_copied": 10,
    "mapped_shape": 0,
    "skipped": 116,
    "pair_aligner": 0,
    "pair_key": "Model->ModelNew"
  },
  "runnable": true,
  "phase": "stage2_block_tiling",
  "pytorch_baseline_ms": 10.8326847076416,
  "score": 0.9464650535219812
}