{
  "timestamp": "2025-12-16T08:59:11",
  "reference_file": "KernelBench/level3/45_UNetSoftmax.py",
  "candidate_file": "/home/hyc/LLMKernel/run/20251216_085416_batch_range45to50_openai_deepseek/45_UNetSoftmax/code/kernel_20251216_085904.py",
  "tolerance": 0.1,
  "max_abs_err": 1.862645149230957e-09,
  "mean_abs_err": 3.2460967247516237e-10,
  "ref_latency_ms": {
    "avg": 10.816044807434082,
    "min": 10.808320045471191,
    "max": 10.83084774017334,
    "all": [
      10.83084774017334,
      10.813407897949219,
      10.814208030700684,
      10.808320045471191,
      10.813440322875977
    ]
  },
  "test_latency_ms": {
    "avg": 11.454630279541016,
    "min": 11.447296142578125,
    "max": 11.474944114685059,
    "all": [
      11.474944114685059,
      11.451199531555176,
      11.45036792755127,
      11.447296142578125,
      11.44934368133545
    ]
  },
  "num_runs": 5,
  "model_init_args": [
    8,
    4,
    64
  ],
  "model_init_kwargs": {},
  "seed": 100,
  "align_stats": {
    "copied_same_shape": 10,
    "unique_shape_copied": 10,
    "mapped_shape": 0,
    "skipped": 116,
    "pair_aligner": 0,
    "pair_key": "Model->ModelNew"
  },
  "runnable": true,
  "phase": "stage3_memory_access",
  "pytorch_baseline_ms": 10.8326847076416,
  "score": 0.9457035664424486
}