{
  "timestamp": "2025-12-28T09:28:40",
  "reference_file": "KernelBench/select/45_UNetSoftmax.py",
  "candidate_file": "/home/hyc/LLMKernel/run/20251228_085547_batch_range35to50_openai_deepseek/45_UNetSoftmax/code/kernel_20251228_092836.py",
  "tolerance": 1,
  "max_abs_err": 1.862645149230957e-09,
  "mean_abs_err": 3.2460967247516237e-10,
  "ref_latency_ms": {
    "avg": 10.07314567565918,
    "min": 10.064736366271973,
    "max": 10.084192276000977,
    "all": [
      10.084192276000977,
      10.078207969665527,
      10.069791793823242,
      10.064736366271973,
      10.06879997253418
    ]
  },
  "test_latency_ms": {
    "avg": 10.434111785888671,
    "min": 10.346495628356934,
    "max": 10.737664222717285,
    "all": [
      10.737664222717285,
      10.385343551635742,
      10.351615905761719,
      10.34943962097168,
      10.346495628356934
    ]
  },
  "num_runs": 5,
  "model_init_args": [
    8,
    4,
    64
  ],
  "model_init_kwargs": {},
  "seed": 100,
  "align_stats": {
    "copied_same_shape": 10,
    "unique_shape_copied": 10,
    "mapped_shape": 0,
    "skipped": 116,
    "pair_aligner": 0,
    "pair_key": "Model->ModelNew"
  },
  "runnable": true,
  "phase": "seed_1_repair_1",
  "pytorch_baseline_ms": 10.074246215820313,
  "score": 0.9655106656462078
}