{
  "timestamp": "2025-12-28T09:30:59",
  "reference_file": "KernelBench/select/45_UNetSoftmax.py",
  "candidate_file": "/home/hyc/LLMKernel/run/20251228_085547_batch_range35to50_openai_deepseek/45_UNetSoftmax/code/kernel_20251228_093054.py",
  "tolerance": 1,
  "max_abs_err": 1.862645149230957e-09,
  "mean_abs_err": 3.341000254231119e-10,
  "ref_latency_ms": {
    "avg": 10.059737586975098,
    "min": 10.053631782531738,
    "max": 10.071871757507324,
    "all": [
      10.071871757507324,
      10.055680274963379,
      10.062848091125488,
      10.053631782531738,
      10.054656028747559
    ]
  },
  "test_latency_ms": {
    "avg": 8.691679954528809,
    "min": 8.687456130981445,
    "max": 8.697855949401855,
    "all": [
      8.697855949401855,
      8.691712379455566,
      8.69273567199707,
      8.688639640808105,
      8.687456130981445
    ]
  },
  "num_runs": 5,
  "model_init_args": [
    8,
    4,
    64
  ],
  "model_init_kwargs": {},
  "seed": 100,
  "align_stats": {
    "copied_same_shape": 10,
    "unique_shape_copied": 10,
    "mapped_shape": 0,
    "skipped": 116,
    "pair_aligner": 0,
    "pair_key": "Model->ModelNew"
  },
  "runnable": true,
  "phase": "algorithm_optimized_seed1",
  "pytorch_baseline_ms": 10.074246215820313,
  "score": 1.1590677830436125
}