{
  "timestamp": "2025-12-12T17:44:31",
  "reference_file": "KernelBench/level1/7_Matmul_with_small_K_dimension_.py",
  "candidate_file": "/home/hyc/LLMKernel/run/20251212_170043_batch_range5to40_deepseek_deepseek/7_Matmul_with_small_K_dimension_/code/kernel_20251212_174427.py",
  "tolerance": 0.001,
  "max_abs_err": 0.017896652221679688,
  "mean_abs_err": 0.011257724836468697,
  "ref_latency_ms": {
    "avg": 5.888959980010986,
    "min": 5.597023963928223,
    "max": 5.974016189575195,
    "all": [
      5.96668815612793,
      5.974016189575195,
      5.956607818603516,
      5.950463771820068,
      5.597023963928223
    ]
  },
  "test_latency_ms": {
    "avg": 9.222489738464356,
    "min": 9.215999603271484,
    "max": 9.229280471801758,
    "all": [
      9.220864295959473,
      9.221088409423828,
      9.225215911865234,
      9.229280471801758,
      9.215999603271484
    ]
  },
  "num_runs": 5,
  "model_init_args": [],
  "model_init_kwargs": {},
  "seed": 100,
  "align_stats": {
    "copied_same_shape": 0,
    "unique_shape_copied": 0,
    "mapped_shape": 0,
    "skipped": 0,
    "pair_aligner": 0,
    "pair_key": "Model->ModelNew"
  },
  "runnable": true,
  "phase": "seed_repair",
  "score": 0.6385434028134317
}