{
  "timestamp": "2025-12-12T17:49:52",
  "reference_file": "KernelBench/level1/7_Matmul_with_small_K_dimension_.py",
  "candidate_file": "/home/hyc/LLMKernel/run/20251212_170043_batch_range5to40_deepseek_deepseek/7_Matmul_with_small_K_dimension_/code/kernel_20251212_174947.py",
  "tolerance": 0.001,
  "max_abs_err": 0.017896652221679688,
  "mean_abs_err": 0.011257724836468697,
  "ref_latency_ms": {
    "avg": 5.893177509307861,
    "min": 5.7927680015563965,
    "max": 5.922815799713135,
    "all": [
      5.91871976852417,
      5.909791946411133,
      5.921792030334473,
      5.922815799713135,
      5.7927680015563965
    ]
  },
  "test_latency_ms": {
    "avg": 9.0176513671875,
    "min": 9.012288093566895,
    "max": 9.02348804473877,
    "all": [
      9.016096115112305,
      9.02121639251709,
      9.02348804473877,
      9.012288093566895,
      9.015168190002441
    ]
  },
  "num_runs": 5,
  "model_init_args": [],
  "model_init_kwargs": {},
  "seed": 100,
  "align_stats": {
    "copied_same_shape": 0,
    "unique_shape_copied": 0,
    "mapped_shape": 0,
    "skipped": 0,
    "pair_aligner": 0,
    "pair_key": "Model->ModelNew"
  },
  "runnable": true,
  "phase": "stage2_block_tiling",
  "pytorch_baseline_ms": 5.888959980010986,
  "score": 0.6530480876028459
}