{
  "timestamp": "2025-12-12T17:51:56",
  "reference_file": "KernelBench/level1/7_Matmul_with_small_K_dimension_.py",
  "candidate_file": "/home/hyc/LLMKernel/run/20251212_170043_batch_range5to40_deepseek_deepseek/7_Matmul_with_small_K_dimension_/code/kernel_20251212_175149.py",
  "tolerance": 0.001,
  "max_abs_err": 0.017896652221679688,
  "mean_abs_err": 0.011257724836468697,
  "ref_latency_ms": {
    "avg": 5.623635196685791,
    "min": 5.6156158447265625,
    "max": 5.633024215698242,
    "all": [
      5.63097620010376,
      5.618527889251709,
      5.6156158447265625,
      5.620031833648682,
      5.633024215698242
    ]
  },
  "test_latency_ms": {
    "avg": 9.043762969970704,
    "min": 9.01529598236084,
    "max": 9.134079933166504,
    "all": [
      9.134079933166504,
      9.025535583496094,
      9.025535583496094,
      9.01529598236084,
      9.018367767333984
    ]
  },
  "num_runs": 5,
  "model_init_args": [],
  "model_init_kwargs": {},
  "seed": 100,
  "align_stats": {
    "copied_same_shape": 0,
    "unique_shape_copied": 0,
    "mapped_shape": 0,
    "skipped": 0,
    "pair_aligner": 0,
    "pair_key": "Model->ModelNew"
  },
  "runnable": true,
  "phase": "stage3_memory_access",
  "pytorch_baseline_ms": 5.888959980010986,
  "score": 0.6511625746456359
}