{
  "timestamp": "2025-12-12T17:47:43",
  "reference_file": "KernelBench/level1/7_Matmul_with_small_K_dimension_.py",
  "candidate_file": "/home/hyc/LLMKernel/run/20251212_170043_batch_range5to40_deepseek_deepseek/7_Matmul_with_small_K_dimension_/code/kernel_20251212_174736.py",
  "tolerance": 0.001,
  "max_abs_err": 0.017896652221679688,
  "mean_abs_err": 0.011257724836468697,
  "ref_latency_ms": {
    "avg": 5.9152576446533205,
    "min": 5.903359889984131,
    "max": 5.9258880615234375,
    "all": [
      5.9258880615234375,
      5.903359889984131,
      5.904384136199951,
      5.923840045928955,
      5.918816089630127
    ]
  },
  "test_latency_ms": {
    "avg": 9.18421745300293,
    "min": 9.172991752624512,
    "max": 9.196415901184082,
    "all": [
      9.185215950012207,
      9.196415901184082,
      9.172991752624512,
      9.174015998840332,
      9.192447662353516
    ]
  },
  "num_runs": 5,
  "model_init_args": [],
  "model_init_kwargs": {},
  "seed": 100,
  "align_stats": {
    "copied_same_shape": 0,
    "unique_shape_copied": 0,
    "mapped_shape": 0,
    "skipped": 0,
    "pair_aligner": 0,
    "pair_key": "Model->ModelNew"
  },
  "runnable": true,
  "phase": "stage1_grid_and_parallel",
  "pytorch_baseline_ms": 5.888959980010986,
  "score": 0.6412043279839258
}