{
  "timestamp": "2025-12-12T17:54:43",
  "reference_file": "KernelBench/level1/7_Matmul_with_small_K_dimension_.py",
  "candidate_file": "/home/hyc/LLMKernel/run/20251212_170043_batch_range5to40_deepseek_deepseek/7_Matmul_with_small_K_dimension_/code/kernel_20251212_175437.py",
  "tolerance": 0.001,
  "max_abs_err": 0.017896652221679688,
  "mean_abs_err": 0.011257724836468697,
  "ref_latency_ms": {
    "avg": 5.597184085845948,
    "min": 5.592063903808594,
    "max": 5.603328227996826,
    "all": [
      5.597184181213379,
      5.600255966186523,
      5.592063903808594,
      5.603328227996826,
      5.593088150024414
    ]
  },
  "test_latency_ms": {
    "avg": 9.037964630126954,
    "min": 9.01529598236084,
    "max": 9.110207557678223,
    "all": [
      9.110207557678223,
      9.02246379852295,
      9.018303871154785,
      9.01529598236084,
      9.023551940917969
    ]
  },
  "num_runs": 5,
  "model_init_args": [],
  "model_init_kwargs": {},
  "seed": 100,
  "align_stats": {
    "copied_same_shape": 0,
    "unique_shape_copied": 0,
    "mapped_shape": 0,
    "skipped": 0,
    "pair_aligner": 0,
    "pair_key": "Model->ModelNew"
  },
  "runnable": true,
  "phase": "stage4_advanced_memory",
  "pytorch_baseline_ms": 5.888959980010986,
  "score": 0.6515803304187378
}