{
  "timestamp": "2025-12-13T15:12:13",
  "reference_file": "KernelBench/level1_low_score/81_conv_transposed_2D_asymmetric_input_square_kernel___dilated____padded____strided__.py",
  "candidate_file": "/home/hyc/LLMKernel/run/20251213_140652_batch_range66to87_openai_deepseek/81_conv_transposed_2D_asymmetric_input_square_kernel___dilated____padded____strided__/code/kernel_20251213_151208.py",
  "tolerance": 0.001,
  "max_abs_err": 0.0002021193504333496,
  "mean_abs_err": 1.3397559087025002e-05,
  "ref_latency_ms": {
    "avg": 3.77260799407959,
    "min": 3.7680320739746094,
    "max": 3.7795839309692383,
    "all": [
      3.7795839309692383,
      3.7703680992126465,
      3.7685439586639404,
      3.7680320739746094,
      3.7765119075775146
    ]
  },
  "test_latency_ms": {
    "avg": 8.380275344848632,
    "min": 8.365056037902832,
    "max": 8.413344383239746,
    "all": [
      8.377344131469727,
      8.413344383239746,
      8.365056037902832,
      8.368191719055176,
      8.377440452575684
    ]
  },
  "num_runs": 5,
  "model_init_args": [
    32,
    64,
    3,
    5,
    1,
    2
  ],
  "model_init_kwargs": {},
  "seed": 100,
  "align_stats": {
    "pair_aligner": 1,
    "copied_same_shape": 1,
    "mapped_shape": 0,
    "skipped": 0,
    "pair_key": "Model->ModelNew"
  },
  "runnable": true,
  "phase": "seed",
  "score": 0.4501770930949921
}