{
  "timestamp": "2025-12-28T12:21:49",
  "reference_file": "KernelBench/select2/81_conv_transposed_2D_asymmetric_input_square_kernel___dilated____padded____strided__.py",
  "candidate_file": "/home/hyc/LLMKernel/run/20251228_121550_batch_range81to86_openai_deepseek/81_conv_transposed_2D_asymmetric_input_square_kernel___dilated____padded____strided__/code/kernel_20251228_122145.py",
  "tolerance": 1,
  "max_abs_err": 0.0002202838659286499,
  "mean_abs_err": 1.4975958038121462e-05,
  "ref_latency_ms": {
    "avg": 2.986944055557251,
    "min": 2.9777920246124268,
    "max": 2.999135971069336,
    "all": [
      2.999135971069336,
      2.9900801181793213,
      2.9858241081237793,
      2.9777920246124268,
      2.9818880558013916
    ]
  },
  "test_latency_ms": {
    "avg": 3.810553550720215,
    "min": 3.8062078952789307,
    "max": 3.8176639080047607,
    "all": [
      3.810336112976074,
      3.808255910873413,
      3.8062078952789307,
      3.8103039264678955,
      3.8176639080047607
    ]
  },
  "num_runs": 5,
  "model_init_args": [
    32,
    64,
    3,
    5,
    1,
    2
  ],
  "model_init_kwargs": {},
  "seed": 100,
  "align_stats": {
    "pair_aligner": 1,
    "copied_same_shape": 1,
    "mapped_shape": 0,
    "skipped": 0,
    "pair_key": "Model->ModelNew"
  },
  "runnable": true,
  "phase": "algorithm_optimized_seed0",
  "pytorch_baseline_ms": 2.982092809677124,
  "score": 0.7825878235233023
}