{
  "timestamp": "2025-12-28T12:17:54",
  "reference_file": "KernelBench/select2/81_conv_transposed_2D_asymmetric_input_square_kernel___dilated____padded____strided__.py",
  "candidate_file": "/home/hyc/LLMKernel/run/20251228_121550_batch_range81to86_openai_deepseek/81_conv_transposed_2D_asymmetric_input_square_kernel___dilated____padded____strided__/code/kernel_20251228_121750.py",
  "tolerance": 1,
  "max_abs_err": 9.414181113243103e-05,
  "mean_abs_err": 5.8436503422854e-06,
  "ref_latency_ms": {
    "avg": 2.982092809677124,
    "min": 2.973695993423462,
    "max": 2.994175910949707,
    "all": [
      2.994175910949707,
      2.973695993423462,
      2.9818880558013916,
      2.978816032409668,
      2.9818880558013916
    ]
  },
  "test_latency_ms": {
    "avg": 37.25475845336914,
    "min": 37.25107192993164,
    "max": 37.2592658996582,
    "all": [
      37.2592658996582,
      37.25209426879883,
      37.25107192993164,
      37.25312042236328,
      37.25823974609375
    ]
  },
  "num_runs": 5,
  "model_init_args": [
    32,
    64,
    3,
    5,
    1,
    2
  ],
  "model_init_kwargs": {},
  "seed": 100,
  "align_stats": {
    "pair_aligner": 1,
    "copied_same_shape": 1,
    "mapped_shape": 0,
    "skipped": 0,
    "pair_key": "Model->ModelNew"
  },
  "runnable": true,
  "phase": "seed_0",
  "score": 0.08004595744218114
}