{
  "timestamp": "2025-12-28T12:26:55",
  "reference_file": "KernelBench/select2/81_conv_transposed_2D_asymmetric_input_square_kernel___dilated____padded____strided__.py",
  "candidate_file": "/home/hyc/LLMKernel/run/20251228_121550_batch_range81to86_openai_deepseek/81_conv_transposed_2D_asymmetric_input_square_kernel___dilated____padded____strided__/code/kernel_20251228_122650.py",
  "tolerance": 1,
  "max_abs_err": 0.0002202838659286499,
  "mean_abs_err": 1.4975958038121462e-05,
  "ref_latency_ms": {
    "avg": 2.985536003112793,
    "min": 2.9806718826293945,
    "max": 2.9962239265441895,
    "all": [
      2.9962239265441895,
      2.9806718826293945,
      2.9808640480041504,
      2.9808640480041504,
      2.98905611038208
    ]
  },
  "test_latency_ms": {
    "avg": 3.80862078666687,
    "min": 3.8041601181030273,
    "max": 3.812191963195801,
    "all": [
      3.8113279342651367,
      3.808192014694214,
      3.807231903076172,
      3.8041601181030273,
      3.812191963195801
    ]
  },
  "num_runs": 5,
  "model_init_args": [
    32,
    64,
    3,
    5,
    1,
    2
  ],
  "model_init_kwargs": {},
  "seed": 100,
  "align_stats": {
    "pair_aligner": 1,
    "copied_same_shape": 1,
    "mapped_shape": 0,
    "skipped": 0,
    "pair_key": "Model->ModelNew"
  },
  "runnable": true,
  "phase": "stage2_block_tiling",
  "pytorch_baseline_ms": 2.982092809677124,
  "score": 0.7829849640365258
}