{
  "timestamp": "2025-12-28T12:19:54",
  "reference_file": "KernelBench/select2/81_conv_transposed_2D_asymmetric_input_square_kernel___dilated____padded____strided__.py",
  "candidate_file": "/home/hyc/LLMKernel/run/20251228_121550_batch_range81to86_openai_deepseek/81_conv_transposed_2D_asymmetric_input_square_kernel___dilated____padded____strided__/code/kernel_20251228_121950.py",
  "tolerance": 1,
  "max_abs_err": 9.414181113243103e-05,
  "mean_abs_err": 5.8436503422854e-06,
  "ref_latency_ms": {
    "avg": 2.9855744361877443,
    "min": 2.979840040206909,
    "max": 2.994175910949707,
    "all": [
      2.994175910949707,
      2.979840040206909,
      2.9859840869903564,
      2.979840040206909,
      2.988032102584839
    ]
  },
  "test_latency_ms": {
    "avg": 57.32741012573242,
    "min": 57.32454299926758,
    "max": 57.33171081542969,
    "all": [
      57.33171081542969,
      57.32659149169922,
      57.32454299926758,
      57.32454299926758,
      57.32966232299805
    ]
  },
  "num_runs": 5,
  "model_init_args": [
    32,
    64,
    3,
    5,
    1,
    2
  ],
  "model_init_kwargs": {},
  "seed": 100,
  "align_stats": {
    "pair_aligner": 1,
    "copied_same_shape": 1,
    "mapped_shape": 0,
    "skipped": 0,
    "pair_key": "Model->ModelNew"
  },
  "runnable": true,
  "phase": "seed_1",
  "pytorch_baseline_ms": 2.982092809677124,
  "score": 0.052018620815709224
}