{
  "timestamp": "2025-12-13T15:13:39",
  "reference_file": "KernelBench/level1_low_score/81_conv_transposed_2D_asymmetric_input_square_kernel___dilated____padded____strided__.py",
  "candidate_file": "/home/hyc/LLMKernel/run/20251213_140652_batch_range66to87_openai_deepseek/81_conv_transposed_2D_asymmetric_input_square_kernel___dilated____padded____strided__/code/kernel_20251213_151331.py",
  "tolerance": 0.001,
  "max_abs_err": 9.414181113243103e-05,
  "mean_abs_err": 5.844226961926324e-06,
  "ref_latency_ms": {
    "avg": 3.616639995574951,
    "min": 3.6088640689849854,
    "max": 3.625983953475952,
    "all": [
      3.625983953475952,
      3.609600067138672,
      3.6088640689849854,
      3.616863965988159,
      3.6218879222869873
    ]
  },
  "test_latency_ms": {
    "avg": 7.871769618988037,
    "min": 7.865344047546387,
    "max": 7.878655910491943,
    "all": [
      7.878655910491943,
      7.865344047546387,
      7.8706560134887695,
      7.873536109924316,
      7.8706560134887695
    ]
  },
  "num_runs": 5,
  "model_init_args": [
    32,
    64,
    3,
    5,
    1,
    2
  ],
  "model_init_kwargs": {},
  "seed": 100,
  "align_stats": {
    "pair_aligner": 1,
    "copied_same_shape": 1,
    "mapped_shape": 0,
    "skipped": 0,
    "pair_key": "Model->ModelNew"
  },
  "runnable": true,
  "phase": "stage2_block_tiling",
  "pytorch_baseline_ms": 3.77260799407959,
  "score": 0.47925792759221797
}