{
  "timestamp": "2025-12-28T12:24:16",
  "reference_file": "KernelBench/select2/81_conv_transposed_2D_asymmetric_input_square_kernel___dilated____padded____strided__.py",
  "candidate_file": "/home/hyc/LLMKernel/run/20251228_121550_batch_range81to86_openai_deepseek/81_conv_transposed_2D_asymmetric_input_square_kernel___dilated____padded____strided__/code/kernel_20251228_122413.py",
  "tolerance": 1,
  "max_abs_err": 0.0002202838659286499,
  "mean_abs_err": 1.4975958038121462e-05,
  "ref_latency_ms": {
    "avg": 2.9820799827575684,
    "min": 2.9726719856262207,
    "max": 2.9951999187469482,
    "all": [
      2.9951999187469482,
      2.9777278900146484,
      2.9726719856262207,
      2.979840040206909,
      2.9849600791931152
    ]
  },
  "test_latency_ms": {
    "avg": 4.567212867736816,
    "min": 4.565023899078369,
    "max": 4.571135997772217,
    "all": [
      4.568064212799072,
      4.565824031829834,
      4.565023899078369,
      4.56601619720459,
      4.571135997772217
    ]
  },
  "num_runs": 5,
  "model_init_args": [
    32,
    64,
    3,
    5,
    1,
    2
  ],
  "model_init_kwargs": {},
  "seed": 100,
  "align_stats": {
    "pair_aligner": 1,
    "copied_same_shape": 1,
    "mapped_shape": 0,
    "skipped": 0,
    "pair_key": "Model->ModelNew"
  },
  "runnable": true,
  "phase": "algorithm_optimized_seed1",
  "pytorch_baseline_ms": 2.982092809677124,
  "score": 0.6529349290336091
}