{
  "timestamp": "2025-12-13T15:12:55",
  "reference_file": "KernelBench/level1_low_score/81_conv_transposed_2D_asymmetric_input_square_kernel___dilated____padded____strided__.py",
  "candidate_file": "/home/hyc/LLMKernel/run/20251213_140652_batch_range66to87_openai_deepseek/81_conv_transposed_2D_asymmetric_input_square_kernel___dilated____padded____strided__/code/kernel_20251213_151250.py",
  "tolerance": 0.001,
  "max_abs_err": 0.0002021193504333496,
  "mean_abs_err": 1.3397559087025002e-05,
  "ref_latency_ms": {
    "avg": 3.77543683052063,
    "min": 3.7713921070098877,
    "max": 3.783679962158203,
    "all": [
      3.783679962158203,
      3.7754878997802734,
      3.7713921070098877,
      3.772416114807129,
      3.7742080688476562
    ]
  },
  "test_latency_ms": {
    "avg": 8.331097602844238,
    "min": 8.327168464660645,
    "max": 8.334303855895996,
    "all": [
      8.332287788391113,
      8.331263542175293,
      8.330464363098145,
      8.327168464660645,
      8.334303855895996
    ]
  },
  "num_runs": 5,
  "model_init_args": [
    32,
    64,
    3,
    5,
    1,
    2
  ],
  "model_init_kwargs": {},
  "seed": 100,
  "align_stats": {
    "pair_aligner": 1,
    "copied_same_shape": 1,
    "mapped_shape": 0,
    "skipped": 0,
    "pair_key": "Model->ModelNew"
  },
  "runnable": true,
  "phase": "stage1_grid_and_parallel",
  "pytorch_baseline_ms": 3.77260799407959,
  "score": 0.4528344491836971
}