{
  "timestamp": "2025-12-28T12:25:57",
  "reference_file": "KernelBench/select2/81_conv_transposed_2D_asymmetric_input_square_kernel___dilated____padded____strided__.py",
  "candidate_file": "/home/hyc/LLMKernel/run/20251228_121550_batch_range81to86_openai_deepseek/81_conv_transposed_2D_asymmetric_input_square_kernel___dilated____padded____strided__/code/kernel_20251228_122552.py",
  "tolerance": 1,
  "max_abs_err": 0.0002202838659286499,
  "mean_abs_err": 1.4975958038121462e-05,
  "ref_latency_ms": {
    "avg": 2.98437762260437,
    "min": 2.9767680168151855,
    "max": 2.998271942138672,
    "all": [
      2.998271942138672,
      2.9767680168151855,
      2.978816032409668,
      2.977952003479004,
      2.9900801181793213
    ]
  },
  "test_latency_ms": {
    "avg": 3.6556863307952883,
    "min": 3.6526079177856445,
    "max": 3.6598079204559326,
    "all": [
      3.6567039489746094,
      3.655679941177368,
      3.6536319255828857,
      3.6526079177856445,
      3.6598079204559326
    ]
  },
  "num_runs": 5,
  "model_init_args": [
    32,
    64,
    3,
    5,
    1,
    2
  ],
  "model_init_kwargs": {},
  "seed": 100,
  "align_stats": {
    "pair_aligner": 1,
    "copied_same_shape": 1,
    "mapped_shape": 0,
    "skipped": 0,
    "pair_key": "Model->ModelNew"
  },
  "runnable": true,
  "phase": "stage1_grid_and_parallel",
  "pytorch_baseline_ms": 2.982092809677124,
  "score": 0.8157408868906909
}