{
  "timestamp": "2025-12-13T15:17:15",
  "reference_file": "KernelBench/level1_low_score/81_conv_transposed_2D_asymmetric_input_square_kernel___dilated____padded____strided__.py",
  "candidate_file": "/home/hyc/LLMKernel/run/20251213_140652_batch_range66to87_openai_deepseek/81_conv_transposed_2D_asymmetric_input_square_kernel___dilated____padded____strided__/code/kernel_20251213_151707.py",
  "tolerance": 0.001,
  "max_abs_err": 9.414181113243103e-05,
  "mean_abs_err": 5.844226961926324e-06,
  "ref_latency_ms": {
    "avg": 3.6470144271850584,
    "min": 3.638240098953247,
    "max": 3.663872003555298,
    "all": [
      3.663872003555298,
      3.643104076385498,
      3.639296054840088,
      3.638240098953247,
      3.650559902191162
    ]
  },
  "test_latency_ms": {
    "avg": 8.500499153137207,
    "min": 8.496288299560547,
    "max": 8.50534439086914,
    "all": [
      8.5032958984375,
      8.498175621032715,
      8.499391555786133,
      8.496288299560547,
      8.50534439086914
    ]
  },
  "num_runs": 5,
  "model_init_args": [
    32,
    64,
    3,
    5,
    1,
    2
  ],
  "model_init_kwargs": {},
  "seed": 100,
  "align_stats": {
    "pair_aligner": 1,
    "copied_same_shape": 1,
    "mapped_shape": 0,
    "skipped": 0,
    "pair_key": "Model->ModelNew"
  },
  "runnable": true,
  "phase": "stage4_advanced_memory",
  "pytorch_baseline_ms": 3.77260799407959,
  "score": 0.44381017233408765
}