{
  "timestamp": "2025-12-22T13:23:55",
  "reference_file": "KernelBench/level3/22_EfficientNetB0.py",
  "candidate_file": "/home/hyc/LLMKernel/run/20251222_131853_22_EfficientNetB0_openai_deepseek/22_EfficientNetB0/code/kernel_20251222_132348.py",
  "tolerance": 1,
  "max_abs_err": 3.0212104320526123e-06,
  "mean_abs_err": 7.301854338948033e-07,
  "ref_latency_ms": {
    "avg": 2.7107072353363035,
    "min": 2.673664093017578,
    "max": 2.756608009338379,
    "all": [
      2.73907208442688,
      2.756608009338379,
      2.7095038890838623,
      2.673664093017578,
      2.6746881008148193
    ]
  },
  "test_latency_ms": {
    "avg": 3.5797183990478514,
    "min": 3.5451838970184326,
    "max": 3.6116480827331543,
    "all": [
      3.6034560203552246,
      3.6116480827331543,
      3.5645439624786377,
      3.5451838970184326,
      3.5737600326538086
    ]
  },
  "num_runs": 5,
  "model_init_args": [
    1000
  ],
  "model_init_kwargs": {},
  "seed": 100,
  "align_stats": {
    "copied_same_shape": 10,
    "unique_shape_copied": 25,
    "mapped_shape": 0,
    "skipped": 207,
    "pair_aligner": 0,
    "pair_key": "Model->ModelNew"
  },
  "runnable": true,
  "phase": "seed_1",
  "score": 0.7572403561289371
}