{
  "timestamp": "2025-12-22T13:26:46",
  "reference_file": "KernelBench/level3/22_EfficientNetB0.py",
  "candidate_file": "/home/hyc/LLMKernel/run/20251222_131853_22_EfficientNetB0_openai_deepseek/22_EfficientNetB0/code/kernel_20251222_132632.py",
  "tolerance": 1,
  "max_abs_err": 1.862645149230957e-09,
  "mean_abs_err": 6.5425412483499645e-12,
  "ref_latency_ms": {
    "avg": 3.91429123878479,
    "min": 3.8645761013031006,
    "max": 3.938591957092285,
    "all": [
      3.938591957092285,
      3.9376320838928223,
      3.923072099685669,
      3.8645761013031006,
      3.9075839519500732
    ]
  },
  "test_latency_ms": {
    "avg": 6.947264003753662,
    "min": 6.881216049194336,
    "max": 7.004159927368164,
    "all": [
      6.996096134185791,
      7.004159927368164,
      6.881216049194336,
      6.92303991317749,
      6.931807994842529
    ]
  },
  "num_runs": 5,
  "model_init_args": [
    1000
  ],
  "model_init_kwargs": {},
  "seed": 100,
  "align_stats": {
    "copied_same_shape": 242,
    "unique_shape_copied": 0,
    "mapped_shape": 0,
    "skipped": 26,
    "pair_aligner": 0,
    "pair_key": "Model->ModelNew"
  },
  "runnable": true,
  "phase": "stage1_grid_and_parallel_cand0",
  "pytorch_baseline_ms": 2.7107072353363035,
  "score": 0.3901834209656761
}