{
  "timestamp": "2025-12-22T13:31:47",
  "reference_file": "KernelBench/level3/22_EfficientNetB0.py",
  "candidate_file": "/home/hyc/LLMKernel/run/20251222_131853_22_EfficientNetB0_openai_deepseek/22_EfficientNetB0/code/kernel_20251222_133130.py",
  "tolerance": 1,
  "max_abs_err": 3.0212104320526123e-06,
  "mean_abs_err": 7.301854338948033e-07,
  "ref_latency_ms": {
    "avg": 2.727660799026489,
    "min": 2.7061760425567627,
    "max": 2.7586560249328613,
    "all": [
      2.7586560249328613,
      2.742111921310425,
      2.707520008087158,
      2.7238399982452393,
      2.7061760425567627
    ]
  },
  "test_latency_ms": {
    "avg": 4.0066368103027346,
    "min": 3.9811201095581055,
    "max": 4.0272321701049805,
    "all": [
      3.9811201095581055,
      4.009984016418457,
      4.008959770202637,
      4.005887985229492,
      4.0272321701049805
    ]
  },
  "num_runs": 5,
  "model_init_args": [
    1000
  ],
  "model_init_kwargs": {},
  "seed": 100,
  "align_stats": {
    "copied_same_shape": 10,
    "unique_shape_copied": 25,
    "mapped_shape": 0,
    "skipped": 207,
    "pair_aligner": 0,
    "pair_key": "Model->ModelNew"
  },
  "runnable": true,
  "phase": "stage3_memory_and_tuning_cand0",
  "pytorch_baseline_ms": 2.7107072353363035,
  "score": 0.6765542682496064
}