{
  "timestamp": "2025-12-22T13:25:24",
  "reference_file": "KernelBench/level3/22_EfficientNetB0.py",
  "candidate_file": "/home/hyc/LLMKernel/run/20251222_131853_22_EfficientNetB0_openai_deepseek/22_EfficientNetB0/code/kernel_20251222_132519.py",
  "tolerance": 1,
  "max_abs_err": 1.862645149230957e-09,
  "mean_abs_err": 6.5425412483499645e-12,
  "ref_latency_ms": {
    "avg": 2.66778244972229,
    "min": 2.6328001022338867,
    "max": 2.7392001152038574,
    "all": [
      2.7392001152038574,
      2.6591999530792236,
      2.6328001022338867,
      2.663424015045166,
      2.6442880630493164
    ]
  },
  "test_latency_ms": {
    "avg": 4.61776647567749,
    "min": 4.584127902984619,
    "max": 4.670464038848877,
    "all": [
      4.591616153717041,
      4.614016056060791,
      4.584127902984619,
      4.670464038848877,
      4.628608226776123
    ]
  },
  "num_runs": 5,
  "model_init_args": [
    1000
  ],
  "model_init_kwargs": {},
  "seed": 100,
  "align_stats": {
    "copied_same_shape": 242,
    "unique_shape_copied": 0,
    "mapped_shape": 0,
    "skipped": 0,
    "pair_aligner": 0,
    "pair_key": "Model->ModelNew"
  },
  "runnable": true,
  "phase": "seed_0_repair",
  "pytorch_baseline_ms": 2.7107072353363035,
  "score": 0.587016959305766
}