{
  "timestamp": "2025-12-22T13:29:59",
  "reference_file": "KernelBench/level3/22_EfficientNetB0.py",
  "candidate_file": "/home/hyc/LLMKernel/run/20251222_131853_22_EfficientNetB0_openai_deepseek/22_EfficientNetB0/code/kernel_20251222_132940.py",
  "tolerance": 1,
  "max_abs_err": 3.0212104320526123e-06,
  "mean_abs_err": 7.301854338948033e-07,
  "ref_latency_ms": {
    "avg": 2.6527424335479735,
    "min": 2.6222400665283203,
    "max": 2.682176113128662,
    "all": [
      2.67958402633667,
      2.682176113128662,
      2.630496025085449,
      2.6492159366607666,
      2.6222400665283203
    ]
  },
  "test_latency_ms": {
    "avg": 3.965708780288696,
    "min": 3.944511890411377,
    "max": 3.99564790725708,
    "all": [
      3.968991994857788,
      3.9587841033935547,
      3.944511890411377,
      3.99564790725708,
      3.9606080055236816
    ]
  },
  "num_runs": 5,
  "model_init_args": [
    1000
  ],
  "model_init_kwargs": {},
  "seed": 100,
  "align_stats": {
    "copied_same_shape": 10,
    "unique_shape_copied": 25,
    "mapped_shape": 0,
    "skipped": 207,
    "pair_aligner": 0,
    "pair_key": "Model->ModelNew"
  },
  "runnable": true,
  "phase": "stage2_block_tiling_cand0",
  "pytorch_baseline_ms": 2.7107072353363035,
  "score": 0.6835366350675324
}