{
  "timestamp": "2025-12-22T13:28:05",
  "reference_file": "KernelBench/level3/22_EfficientNetB0.py",
  "candidate_file": "/home/hyc/LLMKernel/run/20251222_131853_22_EfficientNetB0_openai_deepseek/22_EfficientNetB0/code/kernel_20251222_132759.py",
  "tolerance": 1,
  "max_abs_err": 3.0212104320526123e-06,
  "mean_abs_err": 7.301854338948033e-07,
  "ref_latency_ms": {
    "avg": 2.6603456497192384,
    "min": 2.6094400882720947,
    "max": 2.7637760639190674,
    "all": [
      2.7637760639190674,
      2.668544054031372,
      2.6316800117492676,
      2.6094400882720947,
      2.6282880306243896
    ]
  },
  "test_latency_ms": {
    "avg": 3.4340224266052246,
    "min": 3.401439905166626,
    "max": 3.4662721157073975,
    "all": [
      3.4662721157073975,
      3.451904058456421,
      3.428287982940674,
      3.401439905166626,
      3.422208070755005
    ]
  },
  "num_runs": 5,
  "model_init_args": [
    1000
  ],
  "model_init_kwargs": {},
  "seed": 100,
  "align_stats": {
    "copied_same_shape": 10,
    "unique_shape_copied": 25,
    "mapped_shape": 0,
    "skipped": 207,
    "pair_aligner": 0,
    "pair_key": "Model->ModelNew"
  },
  "runnable": true,
  "phase": "stage1_grid_and_parallel_cand1",
  "pytorch_baseline_ms": 2.7107072353363035,
  "score": 0.7893679477265472
}