{
  "timestamp": "2025-12-23T07:43:57",
  "reference_file": "KernelBench/level3/30_SwinTransformerV2.py",
  "candidate_file": "/home/hyc/LLMKernel/run/20251223_073605_30_SwinTransformerV2_openai_deepseek/30_SwinTransformerV2/code/kernel_20251223_074336.py",
  "tolerance": 1,
  "max_abs_err": 0.0026650428771972656,
  "mean_abs_err": 0.0005656018038280308,
  "ref_latency_ms": {
    "avg": 16.086764907836915,
    "min": 16.056320190429688,
    "max": 16.111616134643555,
    "all": [
      16.105440139770508,
      16.08902359008789,
      16.056320190429688,
      16.111616134643555,
      16.07142448425293
    ]
  },
  "test_latency_ms": {
    "avg": 13.760729598999024,
    "min": 13.692928314208984,
    "max": 13.820927619934082,
    "all": [
      13.820927619934082,
      13.753439903259277,
      13.764575958251953,
      13.77177619934082,
      13.692928314208984
    ]
  },
  "num_runs": 5,
  "model_init_args": [],
  "model_init_kwargs": {},
  "seed": 100,
  "align_stats": {
    "pair_aligner": 1,
    "copied_same_shape": 1,
    "mapped_shape": 0,
    "skipped": 0,
    "pair_key": "Model->ModelNew"
  },
  "runnable": true,
  "phase": "stage1_grid_and_parallel",
  "pytorch_baseline_ms": 15.967052841186524,
  "score": 1.1603347574207106
}