{
  "timestamp": "2025-12-23T07:41:56",
  "reference_file": "KernelBench/level3/30_SwinTransformerV2.py",
  "candidate_file": "/home/hyc/LLMKernel/run/20251223_073605_30_SwinTransformerV2_openai_deepseek/30_SwinTransformerV2/code/kernel_20251223_074146.py",
  "tolerance": 1,
  "max_abs_err": 0.0026650428771972656,
  "mean_abs_err": 0.0005656018038280308,
  "ref_latency_ms": {
    "avg": 16.43423385620117,
    "min": 16.332799911499023,
    "max": 16.55824089050293,
    "all": [
      16.51193618774414,
      16.3635196685791,
      16.55824089050293,
      16.332799911499023,
      16.404672622680664
    ]
  },
  "test_latency_ms": {
    "avg": 13.1299072265625,
    "min": 13.073280334472656,
    "max": 13.174783706665039,
    "all": [
      13.154303550720215,
      13.174783706665039,
      13.149184226989746,
      13.073280334472656,
      13.097984313964844
    ]
  },
  "num_runs": 5,
  "model_init_args": [],
  "model_init_kwargs": {},
  "seed": 100,
  "align_stats": {
    "pair_aligner": 1,
    "copied_same_shape": 1,
    "mapped_shape": 0,
    "skipped": 0,
    "pair_key": "Model->ModelNew"
  },
  "runnable": true,
  "phase": "algorithm_optimized_seed0",
  "pytorch_baseline_ms": 15.967052841186524,
  "score": 1.2160826855565534
}