{
  "timestamp": "2025-12-15T03:04:22",
  "reference_file": "KernelBench/level2/10_ConvTranspose2d_MaxPool_Hardtanh_Mean_Tanh.py",
  "candidate_file": "/home/hyc/LLMKernel/run/20251215_024708_batch_range6to30_openai_deepseek/10_ConvTranspose2d_MaxPool_Hardtanh_Mean_Tanh/code/kernel_20251215_030414.py",
  "tolerance": 0.001,
  "max_abs_err": 3.5762786865234375e-07,
  "mean_abs_err": 3.844013463094598e-08,
  "ref_latency_ms": {
    "avg": 26.798456954956055,
    "min": 26.604511260986328,
    "max": 27.022335052490234,
    "all": [
      26.899328231811523,
      27.022335052490234,
      26.649599075317383,
      26.816511154174805,
      26.604511260986328
    ]
  },
  "test_latency_ms": {
    "avg": 24.430578994750977,
    "min": 24.11417579650879,
    "max": 25.000959396362305,
    "all": [
      25.000959396362305,
      24.40595245361328,
      24.472576141357422,
      24.159231185913086,
      24.11417579650879
    ]
  },
  "num_runs": 5,
  "model_init_args": [
    64,
    64,
    3,
    1,
    1,
    2,
    2,
    -1,
    1
  ],
  "model_init_kwargs": {},
  "seed": 100,
  "align_stats": {
    "pair_aligner": 1,
    "copied_same_shape": 1,
    "mapped_shape": 0,
    "skipped": 0,
    "pair_key": "Model->ModelNew"
  },
  "runnable": true,
  "phase": "seed",
  "score": 1.0969227115212385
}