{
  "timestamp": "2025-12-15T03:16:56",
  "reference_file": "KernelBench/level2/10_ConvTranspose2d_MaxPool_Hardtanh_Mean_Tanh.py",
  "candidate_file": "/home/hyc/LLMKernel/run/20251215_024708_batch_range6to30_openai_deepseek/10_ConvTranspose2d_MaxPool_Hardtanh_Mean_Tanh/code/kernel_20251215_031646.py",
  "tolerance": 0.001,
  "max_abs_err": 1.7881393432617188e-07,
  "mean_abs_err": 2.773799678834621e-08,
  "ref_latency_ms": {
    "avg": 26.628070449829103,
    "min": 26.255136489868164,
    "max": 27.035871505737305,
    "all": [
      27.035871505737305,
      26.693632125854492,
      26.636287689208984,
      26.255136489868164,
      26.519424438476562
    ]
  },
  "test_latency_ms": {
    "avg": 24.122758865356445,
    "min": 23.950336456298828,
    "max": 24.466432571411133,
    "all": [
      24.2390079498291,
      23.950336456298828,
      23.982080459594727,
      23.975936889648438,
      24.466432571411133
    ]
  },
  "num_runs": 5,
  "model_init_args": [
    64,
    64,
    3,
    1,
    1,
    2,
    2,
    -1,
    1
  ],
  "model_init_kwargs": {},
  "seed": 100,
  "align_stats": {
    "pair_aligner": 1,
    "copied_same_shape": 1,
    "mapped_shape": 0,
    "skipped": 0,
    "pair_key": "Model->ModelNew"
  },
  "runnable": true,
  "phase": "stage1_grid_and_parallel",
  "pytorch_baseline_ms": 26.798456954956055,
  "score": 1.1109200694884978
}