{
  "timestamp": "2025-12-15T03:54:48",
  "reference_file": "KernelBench/level2/10_ConvTranspose2d_MaxPool_Hardtanh_Mean_Tanh.py",
  "candidate_file": "/home/hyc/LLMKernel/run/20251215_024708_batch_range6to30_openai_deepseek/10_ConvTranspose2d_MaxPool_Hardtanh_Mean_Tanh/code/kernel_20251215_035441.py",
  "tolerance": 0.001,
  "max_abs_err": 2.384185791015625e-07,
  "mean_abs_err": 3.134977077934309e-08,
  "ref_latency_ms": {
    "avg": 26.493907165527343,
    "min": 25.983999252319336,
    "max": 27.28118324279785,
    "all": [
      27.28118324279785,
      25.983999252319336,
      26.013696670532227,
      26.609664916992188,
      26.580991744995117
    ]
  },
  "test_latency_ms": {
    "avg": 22.442745208740234,
    "min": 21.88390350341797,
    "max": 23.221248626708984,
    "all": [
      23.221248626708984,
      23.06844711303711,
      21.986303329467773,
      21.88390350341797,
      22.053823471069336
    ]
  },
  "num_runs": 5,
  "model_init_args": [
    64,
    64,
    3,
    1,
    1,
    2,
    2,
    -1,
    1
  ],
  "model_init_kwargs": {},
  "seed": 100,
  "align_stats": {
    "pair_aligner": 1,
    "copied_same_shape": 1,
    "mapped_shape": 0,
    "skipped": 0,
    "pair_key": "Model->ModelNew"
  },
  "runnable": true,
  "phase": "stage4_advanced_memory",
  "pytorch_baseline_ms": 26.798456954956055,
  "score": 1.1940810585203947
}