{
  "timestamp": "2025-12-15T03:46:30",
  "reference_file": "KernelBench/level2/10_ConvTranspose2d_MaxPool_Hardtanh_Mean_Tanh.py",
  "candidate_file": "/home/hyc/LLMKernel/run/20251215_024708_batch_range6to30_openai_deepseek/10_ConvTranspose2d_MaxPool_Hardtanh_Mean_Tanh/code/kernel_20251215_034622.py",
  "tolerance": 0.001,
  "max_abs_err": 2.384185791015625e-07,
  "mean_abs_err": 3.1346132800536e-08,
  "ref_latency_ms": {
    "avg": 26.887578201293945,
    "min": 26.77350425720215,
    "max": 27.037696838378906,
    "all": [
      27.037696838378906,
      26.894336700439453,
      26.902528762817383,
      26.829824447631836,
      26.77350425720215
    ]
  },
  "test_latency_ms": {
    "avg": 22.34881248474121,
    "min": 22.193151473999023,
    "max": 22.886463165283203,
    "all": [
      22.886463165283203,
      22.193151473999023,
      22.202367782592773,
      22.225919723510742,
      22.236160278320312
    ]
  },
  "num_runs": 5,
  "model_init_args": [
    64,
    64,
    3,
    1,
    1,
    2,
    2,
    -1,
    1
  ],
  "model_init_kwargs": {},
  "seed": 100,
  "align_stats": {
    "pair_aligner": 1,
    "copied_same_shape": 1,
    "mapped_shape": 0,
    "skipped": 0,
    "pair_key": "Model->ModelNew"
  },
  "runnable": true,
  "phase": "stage3_memory_access",
  "pytorch_baseline_ms": 26.798456954956055,
  "score": 1.1990998167465439
}