{
  "timestamp": "2025-12-15T05:09:14",
  "reference_file": "KernelBench/level2/41_Gemm_BatchNorm_GELU_ReLU.py",
  "candidate_file": "/home/hyc/LLMKernel/run/20251215_024803_batch_range31to55_openai_deepseek/41_Gemm_BatchNorm_GELU_ReLU/code/kernel_20251215_050907.py",
  "tolerance": 0.001,
  "max_abs_err": 0.006604194641113281,
  "mean_abs_err": 7.337878923863173e-05,
  "ref_latency_ms": {
    "avg": 14.415564918518067,
    "min": 14.325504302978516,
    "max": 14.498559951782227,
    "all": [
      14.498559951782227,
      14.325504302978516,
      14.326784133911133,
      14.476287841796875,
      14.450688362121582
    ]
  },
  "test_latency_ms": {
    "avg": 9.44703369140625,
    "min": 8.865792274475098,
    "max": 9.769984245300293,
    "all": [
      9.761728286743164,
      9.769984245300293,
      9.756832122802734,
      9.080831527709961,
      8.865792274475098
    ]
  },
  "num_runs": 5,
  "model_init_args": [
    4096,
    4096
  ],
  "model_init_kwargs": {},
  "seed": 100,
  "align_stats": {
    "copied_same_shape": 7,
    "unique_shape_copied": 0,
    "mapped_shape": 0,
    "skipped": 0,
    "pair_aligner": 0,
    "pair_key": "Model->ModelNew"
  },
  "runnable": true,
  "phase": "stage1_grid_and_parallel",
  "pytorch_baseline_ms": 14.226399803161621,
  "score": 1.5059118309383241
}