{
  "timestamp": "2025-12-15T05:14:29",
  "reference_file": "KernelBench/level2/41_Gemm_BatchNorm_GELU_ReLU.py",
  "candidate_file": "/home/hyc/LLMKernel/run/20251215_024803_batch_range31to55_openai_deepseek/41_Gemm_BatchNorm_GELU_ReLU/code/kernel_20251215_051418.py",
  "tolerance": 0.001,
  "max_abs_err": 0.006604194641113281,
  "mean_abs_err": 7.337878923863173e-05,
  "ref_latency_ms": {
    "avg": 14.342963218688965,
    "min": 14.310400009155273,
    "max": 14.420991897583008,
    "all": [
      14.353407859802246,
      14.310400009155273,
      14.314496040344238,
      14.315520286560059,
      14.420991897583008
    ]
  },
  "test_latency_ms": {
    "avg": 10.078195190429687,
    "min": 10.02393627166748,
    "max": 10.134464263916016,
    "all": [
      10.037247657775879,
      10.02393627166748,
      10.134464263916016,
      10.094592094421387,
      10.100735664367676
    ]
  },
  "num_runs": 5,
  "model_init_args": [
    4096,
    4096
  ],
  "model_init_kwargs": {},
  "seed": 100,
  "align_stats": {
    "copied_same_shape": 7,
    "unique_shape_copied": 0,
    "mapped_shape": 0,
    "skipped": 0,
    "pair_aligner": 0,
    "pair_key": "Model->ModelNew"
  },
  "runnable": true,
  "phase": "stage3_memory_access",
  "pytorch_baseline_ms": 14.226399803161621,
  "score": 1.4116019321268052
}