{
  "timestamp": "2025-12-15T05:11:42",
  "reference_file": "KernelBench/level2/41_Gemm_BatchNorm_GELU_ReLU.py",
  "candidate_file": "/home/hyc/LLMKernel/run/20251215_024803_batch_range31to55_openai_deepseek/41_Gemm_BatchNorm_GELU_ReLU/code/kernel_20251215_051136.py",
  "tolerance": 0.001,
  "max_abs_err": 0.006604194641113281,
  "mean_abs_err": 7.337834540521726e-05,
  "ref_latency_ms": {
    "avg": 14.7056640625,
    "min": 14.68723201751709,
    "max": 14.715904235839844,
    "all": [
      14.68723201751709,
      14.708736419677734,
      14.715904235839844,
      14.704607963562012,
      14.71183967590332
    ]
  },
  "test_latency_ms": {
    "avg": 10.745593643188476,
    "min": 10.198016166687012,
    "max": 11.126688003540039,
    "all": [
      11.126688003540039,
      11.014143943786621,
      11.006912231445312,
      10.382207870483398,
      10.198016166687012
    ]
  },
  "num_runs": 5,
  "model_init_args": [
    4096,
    4096
  ],
  "model_init_kwargs": {},
  "seed": 100,
  "align_stats": {
    "copied_same_shape": 7,
    "unique_shape_copied": 0,
    "mapped_shape": 0,
    "skipped": 0,
    "pair_aligner": 0,
    "pair_key": "Model->ModelNew"
  },
  "runnable": true,
  "phase": "stage2_repair",
  "pytorch_baseline_ms": 14.226399803161621,
  "score": 1.323928698176633
}