{
  "timestamp": "2025-12-29T02:34:56",
  "reference_file": "KernelBench/t/41_Gemm_BatchNorm_GELU_ReLU.py",
  "candidate_file": "/home/hyc/LLMKernel/run/20251229_022911_batch_range41to51_openai_deepseek/41_Gemm_BatchNorm_GELU_ReLU/code/kernel_20251229_023451.py",
  "tolerance": 1,
  "max_abs_err": 0.006603240966796875,
  "mean_abs_err": 7.337229180848226e-05,
  "ref_latency_ms": {
    "avg": 16.87941131591797,
    "min": 15.81056022644043,
    "max": 21.108736038208008,
    "all": [
      21.108736038208008,
      15.831040382385254,
      15.81056022644043,
      15.819775581359863,
      15.826944351196289
    ]
  },
  "test_latency_ms": {
    "avg": 10.946623802185059,
    "min": 10.91209602355957,
    "max": 11.00175952911377,
    "all": [
      10.91209602355957,
      10.928159713745117,
      11.00175952911377,
      10.943488121032715,
      10.947615623474121
    ]
  },
  "num_runs": 5,
  "model_init_args": [
    4096,
    4096
  ],
  "model_init_kwargs": {},
  "seed": 100,
  "align_stats": {
    "copied_same_shape": 7,
    "unique_shape_copied": 0,
    "mapped_shape": 0,
    "skipped": 0,
    "pair_aligner": 0,
    "pair_key": "Model->ModelNew"
  },
  "runnable": true,
  "phase": "seed_1_repair_1",
  "score": 1.5419741850038426
}