{
  "timestamp": "2025-12-15T05:07:11",
  "reference_file": "KernelBench/level2/41_Gemm_BatchNorm_GELU_ReLU.py",
  "candidate_file": "/home/hyc/LLMKernel/run/20251215_024803_batch_range31to55_openai_deepseek/41_Gemm_BatchNorm_GELU_ReLU/code/kernel_20251215_050705.py",
  "tolerance": 0.001,
  "max_abs_err": 0.006604194641113281,
  "mean_abs_err": 7.337878923863173e-05,
  "ref_latency_ms": {
    "avg": 14.226399803161621,
    "min": 14.17625617980957,
    "max": 14.306207656860352,
    "all": [
      14.241791725158691,
      14.225407600402832,
      14.18233585357666,
      14.17625617980957,
      14.306207656860352
    ]
  },
  "test_latency_ms": {
    "avg": 17.727884674072264,
    "min": 17.696767807006836,
    "max": 17.776575088500977,
    "all": [
      17.776575088500977,
      17.696767807006836,
      17.727487564086914,
      17.714176177978516,
      17.724416732788086
    ]
  },
  "num_runs": 5,
  "model_init_args": [
    4096,
    4096
  ],
  "model_init_kwargs": {},
  "seed": 100,
  "align_stats": {
    "copied_same_shape": 7,
    "unique_shape_copied": 0,
    "mapped_shape": 0,
    "skipped": 0,
    "pair_aligner": 0,
    "pair_key": "Model->ModelNew"
  },
  "runnable": true,
  "phase": "seed_repair",
  "score": 0.8024871587735618
}