{
  "timestamp": "2025-12-29T02:39:54",
  "reference_file": "KernelBench/t/41_Gemm_BatchNorm_GELU_ReLU.py",
  "candidate_file": "/home/hyc/LLMKernel/run/20251229_022911_batch_range41to51_openai_deepseek/41_Gemm_BatchNorm_GELU_ReLU/code/kernel_20251229_023948.py",
  "tolerance": 1,
  "max_abs_err": 0.00029414892196655273,
  "mean_abs_err": 2.4407230739598162e-05,
  "ref_latency_ms": {
    "avg": 15.230431747436523,
    "min": 14.422304153442383,
    "max": 16.332895278930664,
    "all": [
      15.62553596496582,
      14.423263549804688,
      14.422304153442383,
      16.332895278930664,
      15.348159790039062
    ]
  },
  "test_latency_ms": {
    "avg": 18.98801956176758,
    "min": 18.068479537963867,
    "max": 19.75974464416504,
    "all": [
      18.908544540405273,
      19.75974464416504,
      18.068479537963867,
      18.5631046295166,
      19.64022445678711
    ]
  },
  "num_runs": 5,
  "model_init_args": [
    4096,
    4096
  ],
  "model_init_kwargs": {},
  "seed": 100,
  "align_stats": {
    "copied_same_shape": 7,
    "unique_shape_copied": 0,
    "mapped_shape": 0,
    "skipped": 0,
    "pair_aligner": 0,
    "pair_key": "Model->ModelNew"
  },
  "runnable": true,
  "phase": "stage2_block_tiling",
  "score": 0.8021074392667591
}