{
  "timestamp": "2025-12-29T02:36:17",
  "reference_file": "KernelBench/t/41_Gemm_BatchNorm_GELU_ReLU.py",
  "candidate_file": "/home/hyc/LLMKernel/run/20251229_022911_batch_range41to51_openai_deepseek/41_Gemm_BatchNorm_GELU_ReLU/code/kernel_20251229_023610.py",
  "tolerance": 1,
  "max_abs_err": 47.32986068725586,
  "mean_abs_err": 0.27202674746513367,
  "ref_latency_ms": {
    "avg": 14.558156967163086,
    "min": 14.438400268554688,
    "max": 14.897151947021484,
    "all": [
      14.438400268554688,
      14.453760147094727,
      14.509056091308594,
      14.897151947021484,
      14.492416381835938
    ]
  },
  "test_latency_ms": {
    "avg": 11.874329757690429,
    "min": 11.815872192382812,
    "max": 11.928640365600586,
    "all": [
      11.815872192382812,
      11.848896026611328,
      11.86508846282959,
      11.928640365600586,
      11.913151741027832
    ]
  },
  "num_runs": 5,
  "model_init_args": [
    4096,
    4096
  ],
  "model_init_kwargs": {},
  "seed": 100,
  "align_stats": {
    "copied_same_shape": 0,
    "unique_shape_copied": 1,
    "mapped_shape": 0,
    "skipped": 3,
    "pair_aligner": 0,
    "pair_key": "Model->ModelNew"
  },
  "runnable": true,
  "phase": "algorithm_optimized_seed0",
  "score": 1.2260192587067469
}