{
  "timestamp": "2025-12-29T02:32:32",
  "reference_file": "KernelBench/t/41_Gemm_BatchNorm_GELU_ReLU.py",
  "candidate_file": "/home/hyc/LLMKernel/run/20251229_022911_batch_range41to51_openai_deepseek/41_Gemm_BatchNorm_GELU_ReLU/code/kernel_20251229_023224.py",
  "tolerance": 1,
  "max_abs_err": 47.32894515991211,
  "mean_abs_err": 0.2720245122909546,
  "ref_latency_ms": {
    "avg": 15.782349014282227,
    "min": 15.592448234558105,
    "max": 15.852800369262695,
    "all": [
      15.592448234558105,
      15.852800369262695,
      15.826944351196289,
      15.827967643737793,
      15.81158447265625
    ]
  },
  "test_latency_ms": {
    "avg": 35.26004409790039,
    "min": 33.016319274902344,
    "max": 37.26380920410156,
    "all": [
      34.20598220825195,
      35.924095153808594,
      35.8900146484375,
      37.26380920410156,
      33.016319274902344
    ]
  },
  "num_runs": 5,
  "model_init_args": [
    4096,
    4096
  ],
  "model_init_kwargs": {},
  "seed": 100,
  "align_stats": {
    "copied_same_shape": 0,
    "unique_shape_copied": 1,
    "mapped_shape": 0,
    "skipped": 3,
    "pair_aligner": 0,
    "pair_key": "Model->ModelNew"
  },
  "runnable": true,
  "phase": "seed_0_repair_1",
  "score": 0.4475986748757926
}