{
  "timestamp": "2025-12-29T02:41:16",
  "reference_file": "KernelBench/t/41_Gemm_BatchNorm_GELU_ReLU.py",
  "candidate_file": "/home/hyc/LLMKernel/run/20251229_022911_batch_range41to51_openai_deepseek/41_Gemm_BatchNorm_GELU_ReLU/code/kernel_20251229_024110.py",
  "tolerance": 1,
  "max_abs_err": 0.00029414892196655273,
  "mean_abs_err": 2.4407230739598162e-05,
  "ref_latency_ms": {
    "avg": 15.865855979919434,
    "min": 15.822848320007324,
    "max": 15.935487747192383,
    "all": [
      15.935487747192383,
      15.822848320007324,
      15.88326358795166,
      15.844351768493652,
      15.843328475952148
    ]
  },
  "test_latency_ms": {
    "avg": 8.054336071014404,
    "min": 7.845888137817383,
    "max": 8.832672119140625,
    "all": [
      8.832672119140625,
      7.845888137817383,
      7.861728191375732,
      7.863935947418213,
      7.867455959320068
    ]
  },
  "num_runs": 5,
  "model_init_args": [
    4096,
    4096
  ],
  "model_init_kwargs": {},
  "seed": 100,
  "align_stats": {
    "copied_same_shape": 7,
    "unique_shape_copied": 0,
    "mapped_shape": 0,
    "skipped": 0,
    "pair_aligner": 0,
    "pair_key": "Model->ModelNew"
  },
  "runnable": true,
  "phase": "stage3_memory_and_tuning",
  "score": 1.9698527401925516
}