{
  "timestamp": "2025-12-29T02:38:51",
  "reference_file": "KernelBench/t/41_Gemm_BatchNorm_GELU_ReLU.py",
  "candidate_file": "/home/hyc/LLMKernel/run/20251229_022911_batch_range41to51_openai_deepseek/41_Gemm_BatchNorm_GELU_ReLU/code/kernel_20251229_023845.py",
  "tolerance": 1,
  "max_abs_err": 0.0002942085266113281,
  "mean_abs_err": 2.4407097953371704e-05,
  "ref_latency_ms": {
    "avg": 14.350528144836426,
    "min": 14.336000442504883,
    "max": 14.39737606048584,
    "all": [
      14.338047981262207,
      14.336000442504883,
      14.338047981262207,
      14.343168258666992,
      14.39737606048584
    ]
  },
  "test_latency_ms": {
    "avg": 10.448307228088378,
    "min": 10.43455982208252,
    "max": 10.462080001831055,
    "all": [
      10.455039978027344,
      10.445055961608887,
      10.44480037689209,
      10.43455982208252,
      10.462080001831055
    ]
  },
  "num_runs": 5,
  "model_init_args": [
    4096,
    4096
  ],
  "model_init_kwargs": {},
  "seed": 100,
  "align_stats": {
    "copied_same_shape": 7,
    "unique_shape_copied": 0,
    "mapped_shape": 0,
    "skipped": 0,
    "pair_aligner": 0,
    "pair_key": "Model->ModelNew"
  },
  "runnable": true,
  "phase": "stage1_grid_and_parallel",
  "score": 1.3734787685279426
}