{
  "timestamp": "2025-12-15T05:17:22",
  "reference_file": "KernelBench/level2/41_Gemm_BatchNorm_GELU_ReLU.py",
  "candidate_file": "/home/hyc/LLMKernel/run/20251215_024803_batch_range31to55_openai_deepseek/41_Gemm_BatchNorm_GELU_ReLU/code/kernel_20251215_051716.py",
  "tolerance": 0.001,
  "max_abs_err": 0.006604194641113281,
  "mean_abs_err": 7.337876013480127e-05,
  "ref_latency_ms": {
    "avg": 14.56879997253418,
    "min": 14.328831672668457,
    "max": 14.637951850891113,
    "all": [
      14.627840042114258,
      14.625632286071777,
      14.623744010925293,
      14.637951850891113,
      14.328831672668457
    ]
  },
  "test_latency_ms": {
    "avg": 10.697504043579102,
    "min": 10.583040237426758,
    "max": 10.736543655395508,
    "all": [
      10.583040237426758,
      10.720255851745605,
      10.736543655395508,
      10.713088035583496,
      10.73459243774414
    ]
  },
  "num_runs": 5,
  "model_init_args": [
    4096,
    4096
  ],
  "model_init_kwargs": {},
  "seed": 100,
  "align_stats": {
    "copied_same_shape": 7,
    "unique_shape_copied": 0,
    "mapped_shape": 0,
    "skipped": 0,
    "pair_aligner": 0,
    "pair_key": "Model->ModelNew"
  },
  "runnable": true,
  "phase": "stage4_advanced_memory",
  "pytorch_baseline_ms": 14.226399803161621,
  "score": 1.3298802921884052
}