{
  "timestamp": "2025-12-29T02:37:48",
  "reference_file": "KernelBench/t/41_Gemm_BatchNorm_GELU_ReLU.py",
  "candidate_file": "/home/hyc/LLMKernel/run/20251229_022911_batch_range41to51_openai_deepseek/41_Gemm_BatchNorm_GELU_ReLU/code/kernel_20251229_023743.py",
  "tolerance": 1,
  "max_abs_err": 0.0002942085266113281,
  "mean_abs_err": 2.4407097953371704e-05,
  "ref_latency_ms": {
    "avg": 14.332262420654297,
    "min": 14.317567825317383,
    "max": 14.340096473693848,
    "all": [
      14.340096473693848,
      14.317567825317383,
      14.337023735046387,
      14.330623626708984,
      14.336000442504883
    ]
  },
  "test_latency_ms": {
    "avg": 6.186323261260986,
    "min": 6.163424015045166,
    "max": 6.213376045227051,
    "all": [
      6.203360080718994,
      6.169504165649414,
      6.213376045227051,
      6.181951999664307,
      6.163424015045166
    ]
  },
  "num_runs": 5,
  "model_init_args": [
    4096,
    4096
  ],
  "model_init_kwargs": {},
  "seed": 100,
  "align_stats": {
    "copied_same_shape": 7,
    "unique_shape_copied": 0,
    "mapped_shape": 0,
    "skipped": 0,
    "pair_aligner": 0,
    "pair_key": "Model->ModelNew"
  },
  "runnable": true,
  "phase": "algorithm_optimized_seed1",
  "score": 2.3167658422254656
}