{
  "timestamp": "2025-12-23T12:07:03",
  "reference_file": "KernelBench/t/56_conv_standard_2D__asymmetric_input__asymmetric_kernel.py",
  "candidate_file": "/home/hyc/LLMKernel/run/20251223_112828_batch_range49to58_openai_deepseek/56_conv_standard_2D__asymmetric_input__asymmetric_kernel/code/kernel_20251223_120657.py",
  "tolerance": 1,
  "max_abs_err": 0.0014840364456176758,
  "mean_abs_err": 0.0005678166053257883,
  "ref_latency_ms": {
    "avg": 10.1974271774292,
    "min": 10.12940788269043,
    "max": 10.279935836791992,
    "all": [
      10.279935836791992,
      10.261504173278809,
      10.185855865478516,
      10.12940788269043,
      10.13043212890625
    ]
  },
  "test_latency_ms": {
    "avg": 20.505804824829102,
    "min": 20.489215850830078,
    "max": 20.546560287475586,
    "all": [
      20.546560287475586,
      20.507648468017578,
      20.489215850830078,
      20.4902400970459,
      20.495359420776367
    ]
  },
  "num_runs": 5,
  "model_init_args": [
    64,
    128,
    [
      5,
      7
    ]
  ],
  "model_init_kwargs": {},
  "seed": 100,
  "align_stats": {
    "pair_aligner": 1,
    "copied_same_shape": 1,
    "mapped_shape": 0,
    "skipped": 0,
    "pair_key": "Model->ModelNew"
  },
  "runnable": true,
  "phase": "stage1_grid_and_parallel",
  "pytorch_baseline_ms": 10.140876770019531,
  "score": 0.4945368814659069
}