{
  "timestamp": "2025-12-23T12:07:56",
  "reference_file": "KernelBench/t/56_conv_standard_2D__asymmetric_input__asymmetric_kernel.py",
  "candidate_file": "/home/hyc/LLMKernel/run/20251223_112828_batch_range49to58_openai_deepseek/56_conv_standard_2D__asymmetric_input__asymmetric_kernel/code/kernel_20251223_120751.py",
  "tolerance": 1,
  "max_abs_err": 0.0014840364456176758,
  "mean_abs_err": 0.0005678166053257883,
  "ref_latency_ms": {
    "avg": 10.167616271972657,
    "min": 10.155808448791504,
    "max": 10.175488471984863,
    "all": [
      10.174240112304688,
      10.167296409606934,
      10.155808448791504,
      10.165247917175293,
      10.175488471984863
    ]
  },
  "test_latency_ms": {
    "avg": 18.93170585632324,
    "min": 18.893823623657227,
    "max": 18.946048736572266,
    "all": [
      18.938880920410156,
      18.943071365356445,
      18.936704635620117,
      18.946048736572266,
      18.893823623657227
    ]
  },
  "num_runs": 5,
  "model_init_args": [
    64,
    128,
    [
      5,
      7
    ]
  ],
  "model_init_kwargs": {},
  "seed": 100,
  "align_stats": {
    "pair_aligner": 1,
    "copied_same_shape": 1,
    "mapped_shape": 0,
    "skipped": 0,
    "pair_key": "Model->ModelNew"
  },
  "runnable": true,
  "phase": "stage2_block_tiling",
  "pytorch_baseline_ms": 10.140876770019531,
  "score": 0.535655732609666
}