{
  "timestamp": "2025-12-23T12:09:10",
  "reference_file": "KernelBench/t/56_conv_standard_2D__asymmetric_input__asymmetric_kernel.py",
  "candidate_file": "/home/hyc/LLMKernel/run/20251223_112828_batch_range49to58_openai_deepseek/56_conv_standard_2D__asymmetric_input__asymmetric_kernel/code/kernel_20251223_120904.py",
  "tolerance": 1,
  "max_abs_err": 0.0014840364456176758,
  "mean_abs_err": 0.0005678166053257883,
  "ref_latency_ms": {
    "avg": 10.145305824279784,
    "min": 10.13862419128418,
    "max": 10.158080101013184,
    "all": [
      10.158080101013184,
      10.149888038635254,
      10.13862419128418,
      10.140512466430664,
      10.139424324035645
    ]
  },
  "test_latency_ms": {
    "avg": 18.196121597290038,
    "min": 18.174976348876953,
    "max": 18.24563217163086,
    "all": [
      18.24563217163086,
      18.20262336730957,
      18.174976348876953,
      18.174976348876953,
      18.18239974975586
    ]
  },
  "num_runs": 5,
  "model_init_args": [
    64,
    128,
    [
      5,
      7
    ]
  ],
  "model_init_kwargs": {},
  "seed": 100,
  "align_stats": {
    "pair_aligner": 1,
    "copied_same_shape": 1,
    "mapped_shape": 0,
    "skipped": 0,
    "pair_key": "Model->ModelNew"
  },
  "runnable": true,
  "phase": "stage3_memory_and_tuning",
  "pytorch_baseline_ms": 10.140876770019531,
  "score": 0.5573097935073054
}