{
  "timestamp": "2025-12-23T12:01:55",
  "reference_file": "KernelBench/t/56_conv_standard_2D__asymmetric_input__asymmetric_kernel.py",
  "candidate_file": "/home/hyc/LLMKernel/run/20251223_112828_batch_range49to58_openai_deepseek/56_conv_standard_2D__asymmetric_input__asymmetric_kernel/code/kernel_20251223_120150.py",
  "tolerance": 1,
  "max_abs_err": 0.0014840364456176758,
  "mean_abs_err": 0.0005678166053257883,
  "ref_latency_ms": {
    "avg": 10.140876770019531,
    "min": 10.134528160095215,
    "max": 10.156031608581543,
    "all": [
      10.156031608581543,
      10.1396484375,
      10.136575698852539,
      10.134528160095215,
      10.13759994506836
    ]
  },
  "test_latency_ms": {
    "avg": 20.032307434082032,
    "min": 20.02943992614746,
    "max": 20.03968048095703,
    "all": [
      20.032512664794922,
      20.03046417236328,
      20.02943992614746,
      20.02943992614746,
      20.03968048095703
    ]
  },
  "num_runs": 5,
  "model_init_args": [
    64,
    128,
    [
      5,
      7
    ]
  ],
  "model_init_kwargs": {},
  "seed": 100,
  "align_stats": {
    "pair_aligner": 1,
    "copied_same_shape": 1,
    "mapped_shape": 0,
    "skipped": 0,
    "pair_key": "Model->ModelNew"
  },
  "runnable": true,
  "phase": "seed_0",
  "score": 0.5062260951909273
}