{
  "timestamp": "2025-12-13T10:53:38",
  "reference_file": "KernelBench/level1_low_score/56_conv_standard_2D__asymmetric_input__asymmetric_kernel.py",
  "candidate_file": "/home/hyc/LLMKernel/run/20251213_092218_batch_range49to66_openai_deepseek/56_conv_standard_2D__asymmetric_input__asymmetric_kernel/code/kernel_20251213_105330.py",
  "tolerance": 0.001,
  "max_abs_err": 0.000483095645904541,
  "mean_abs_err": 0.000123888865346089,
  "ref_latency_ms": {
    "avg": 7.896083164215088,
    "min": 7.862271785736084,
    "max": 7.91644811630249,
    "all": [
      7.9042558670043945,
      7.862271785736084,
      7.8849921226501465,
      7.912447929382324,
      7.91644811630249
    ]
  },
  "test_latency_ms": {
    "avg": 293.3090026855469,
    "min": 293.2561950683594,
    "max": 293.3719177246094,
    "all": [
      293.3391418457031,
      293.31036376953125,
      293.2561950683594,
      293.26739501953125,
      293.3719177246094
    ]
  },
  "num_runs": 5,
  "model_init_args": [
    64,
    128,
    [
      5,
      7
    ]
  ],
  "model_init_kwargs": {},
  "seed": 100,
  "align_stats": {
    "pair_aligner": 1,
    "copied_same_shape": 1,
    "mapped_shape": 0,
    "skipped": 0,
    "pair_key": "Model->ModelNew"
  },
  "runnable": true,
  "phase": "seed",
  "score": 0.026920698280374248
}