{
  "timestamp": "2025-12-12T09:01:00",
  "reference_file": "KernelBench/level1/31_ELU.py",
  "candidate_file": "/home/hyc/LLMKernel/run/20251212_085222_batch_range20to30_deepseek_deepseek/31_ELU/code/kernel_20251212_090040.py",
  "tolerance": 0.001,
  "max_abs_err": 0.0,
  "mean_abs_err": 0.0,
  "ref_latency_ms": {
    "avg": 13.732422256469727,
    "min": 13.729791641235352,
    "max": 13.736800193786621,
    "all": [
      13.730815887451172,
      13.729791641235352,
      13.730815887451172,
      13.733887672424316,
      13.736800193786621
    ]
  },
  "test_latency_ms": {
    "avg": 20.270348739624023,
    "min": 20.26495933532715,
    "max": 20.287456512451172,
    "all": [
      20.26838493347168,
      20.26495933532715,
      20.26495933532715,
      20.26598358154297,
      20.287456512451172
    ]
  },
  "num_runs": 5,
  "model_init_args": [
    1.0
  ],
  "model_init_kwargs": {},
  "seed": 100,
  "align_stats": {
    "copied_same_shape": 0,
    "unique_shape_copied": 0,
    "mapped_shape": 0,
    "skipped": 0,
    "pair_aligner": 0,
    "pair_key": "Model->ModelNew"
  },
  "runnable": true,
  "phase": "stage1_repair",
  "pytorch_baseline_ms": 13.774432182312012,
  "score": 0.6795360237382626
}