{
  "timestamp": "2025-12-12T09:05:21",
  "reference_file": "KernelBench/level1/31_ELU.py",
  "candidate_file": "/home/hyc/LLMKernel/run/20251212_085222_batch_range20to30_deepseek_deepseek/31_ELU/code/kernel_20251212_090505.py",
  "tolerance": 0.001,
  "max_abs_err": 0.0,
  "mean_abs_err": 0.0,
  "ref_latency_ms": {
    "avg": 13.695315170288087,
    "min": 13.691904067993164,
    "max": 13.700096130371094,
    "all": [
      13.700096130371094,
      13.692768096923828,
      13.693951606750488,
      13.697855949401855,
      13.691904067993164
    ]
  },
  "test_latency_ms": {
    "avg": 20.250777816772462,
    "min": 20.24448013305664,
    "max": 20.267776489257812,
    "all": [
      20.267776489257812,
      20.2475528717041,
      20.24550437927246,
      20.24857521057129,
      20.24448013305664
    ]
  },
  "num_runs": 5,
  "model_init_args": [
    1.0
  ],
  "model_init_kwargs": {},
  "seed": 100,
  "align_stats": {
    "copied_same_shape": 0,
    "unique_shape_copied": 0,
    "mapped_shape": 0,
    "skipped": 0,
    "pair_aligner": 0,
    "pair_key": "Model->ModelNew"
  },
  "runnable": true,
  "phase": "stage3_memory_access",
  "pytorch_baseline_ms": 13.774432182312012,
  "score": 0.6801927465177907
}