{
  "timestamp": "2025-12-12T08:55:11",
  "reference_file": "KernelBench/level1/31_ELU.py",
  "candidate_file": "/home/hyc/LLMKernel/run/20251212_085222_batch_range20to30_deepseek_deepseek/31_ELU/code/kernel_20251212_085446.py",
  "tolerance": 0.001,
  "max_abs_err": 0.0,
  "mean_abs_err": 0.0,
  "ref_latency_ms": {
    "avg": 13.774432182312012,
    "min": 13.767616271972656,
    "max": 13.783136367797852,
    "all": [
      13.783136367797852,
      13.77177619934082,
      13.77280044555664,
      13.77683162689209,
      13.767616271972656
    ]
  },
  "test_latency_ms": {
    "avg": 20.270285034179686,
    "min": 20.25574493408203,
    "max": 20.289535522460938,
    "all": [
      20.27622413635254,
      20.27110481262207,
      20.25574493408203,
      20.25881576538086,
      20.289535522460938
    ]
  },
  "num_runs": 5,
  "model_init_args": [
    1.0
  ],
  "model_init_kwargs": {},
  "seed": 100,
  "align_stats": {
    "copied_same_shape": 0,
    "unique_shape_copied": 0,
    "mapped_shape": 0,
    "skipped": 0,
    "pair_aligner": 0,
    "pair_key": "Model->ModelNew"
  },
  "runnable": true,
  "phase": "seed_repair",
  "score": 0.6795381593838277
}