{
  "timestamp": "2025-12-12T09:12:02",
  "reference_file": "KernelBench/level1/31_ELU.py",
  "candidate_file": "/home/hyc/LLMKernel/run/20251212_085222_batch_range20to30_deepseek_deepseek/31_ELU/code/kernel_20251212_091138.py",
  "tolerance": 0.001,
  "max_abs_err": 0.0,
  "mean_abs_err": 0.0,
  "ref_latency_ms": {
    "avg": 13.859372901916505,
    "min": 13.747296333312988,
    "max": 14.020607948303223,
    "all": [
      13.980671882629395,
      14.020607948303223,
      13.795136451721191,
      13.747296333312988,
      13.753151893615723
    ]
  },
  "test_latency_ms": {
    "avg": 20.276972198486327,
    "min": 20.24140739440918,
    "max": 20.321279525756836,
    "all": [
      20.321279525756836,
      20.263935089111328,
      20.24412727355957,
      20.24140739440918,
      20.314111709594727
    ]
  },
  "num_runs": 5,
  "model_init_args": [
    1.0
  ],
  "model_init_kwargs": {},
  "seed": 100,
  "align_stats": {
    "copied_same_shape": 0,
    "unique_shape_copied": 0,
    "mapped_shape": 0,
    "skipped": 0,
    "pair_aligner": 0,
    "pair_key": "Model->ModelNew"
  },
  "runnable": true,
  "phase": "stage4_advanced_memory",
  "pytorch_baseline_ms": 13.774432182312012,
  "score": 0.6793140537688497
}