{
  "timestamp": "2025-12-14T14:09:16",
  "reference_file": "KernelBench/level2/12_Gemm_Multiply_LeakyReLU.py",
  "candidate_file": "/home/hyc/LLMKernel/run/20251214_114625_batch_range6to24_deepseek_deepseek/12_Gemm_Multiply_LeakyReLU/code/kernel_20251214_140910.py",
  "tolerance": 0.001,
  "max_abs_err": 0.0212249755859375,
  "mean_abs_err": 0.00022767524933442473,
  "ref_latency_ms": {
    "avg": 3.1317376613616945,
    "min": 3.126176118850708,
    "max": 3.136512041091919,
    "all": [
      3.136512041091919,
      3.129120111465454,
      3.126176118850708,
      3.1303679943084717,
      3.136512041091919
    ]
  },
  "test_latency_ms": {
    "avg": 22.10429458618164,
    "min": 21.733503341674805,
    "max": 22.198272705078125,
    "all": [
      22.198272705078125,
      22.198272705078125,
      22.193151473999023,
      22.198272705078125,
      21.733503341674805
    ]
  },
  "num_runs": 5,
  "model_init_args": [
    8192,
    8192,
    2.0,
    0.1
  ],
  "model_init_kwargs": {},
  "seed": 100,
  "align_stats": {
    "copied_same_shape": 0,
    "unique_shape_copied": 2,
    "mapped_shape": 0,
    "skipped": 0,
    "pair_aligner": 0,
    "pair_key": "Model->ModelNew"
  },
  "runnable": true,
  "phase": "stage1_grid_and_parallel",
  "pytorch_baseline_ms": 3.1479615688323976,
  "score": 0.14241402531797262
}