{
  "timestamp": "2025-12-23T08:54:30",
  "reference_file": "KernelBench/level2/12_Gemm_Multiply_LeakyReLU.py",
  "candidate_file": "/home/hyc/LLMKernel/run/20251223_085240_12_Gemm_Multiply_LeakyReLU_openai_deepseek/12_Gemm_Multiply_LeakyReLU/code/kernel_20251223_085426.py",
  "tolerance": 1,
  "max_abs_err": 0.0,
  "mean_abs_err": 0.0,
  "ref_latency_ms": {
    "avg": 3.0854207992553713,
    "min": 3.0780160427093506,
    "max": 3.093503952026367,
    "all": [
      3.093503952026367,
      3.082240104675293,
      3.0780160427093506,
      3.0822079181671143,
      3.0911359786987305
    ]
  },
  "test_latency_ms": {
    "avg": 2.982662391662598,
    "min": 2.974720001220703,
    "max": 3.0022079944610596,
    "all": [
      2.9807679653167725,
      2.9757440090179443,
      2.974720001220703,
      2.979871988296509,
      3.0022079944610596
    ]
  },
  "num_runs": 5,
  "model_init_args": [
    8192,
    8192,
    2.0,
    0.1
  ],
  "model_init_kwargs": {},
  "seed": 100,
  "align_stats": {
    "copied_same_shape": 0,
    "unique_shape_copied": 2,
    "mapped_shape": 0,
    "skipped": 0,
    "pair_aligner": 0,
    "pair_key": "Model->ModelNew"
  },
  "runnable": true,
  "phase": "algorithm_optimized_seed0",
  "pytorch_baseline_ms": 3.090969514846802,
  "score": 1.0363122301360534
}