{
  "timestamp": "2025-12-14T14:06:47",
  "reference_file": "KernelBench/level2/12_Gemm_Multiply_LeakyReLU.py",
  "candidate_file": "/home/hyc/LLMKernel/run/20251214_114625_batch_range6to24_deepseek_deepseek/12_Gemm_Multiply_LeakyReLU/code/kernel_20251214_140642.py",
  "tolerance": 0.001,
  "max_abs_err": 0.0212249755859375,
  "mean_abs_err": 0.00022767524933442473,
  "ref_latency_ms": {
    "avg": 3.1479615688323976,
    "min": 3.132416009902954,
    "max": 3.156991958618164,
    "all": [
      3.156991958618164,
      3.150847911834717,
      3.147775888442993,
      3.151776075363159,
      3.132416009902954
    ]
  },
  "test_latency_ms": {
    "avg": 3.9063103675842283,
    "min": 3.9022719860076904,
    "max": 3.9127039909362793,
    "all": [
      3.9075839519500732,
      3.9127039909362793,
      3.9022719860076904,
      3.903455972671509,
      3.905535936355591
    ]
  },
  "num_runs": 5,
  "model_init_args": [
    8192,
    8192,
    2.0,
    0.1
  ],
  "model_init_kwargs": {},
  "seed": 100,
  "align_stats": {
    "copied_same_shape": 0,
    "unique_shape_copied": 2,
    "mapped_shape": 0,
    "skipped": 0,
    "pair_aligner": 0,
    "pair_key": "Model->ModelNew"
  },
  "runnable": true,
  "phase": "seed_repair",
  "score": 0.8058657076906014
}