{
  "timestamp": "2025-12-23T08:54:04",
  "reference_file": "KernelBench/level2/12_Gemm_Multiply_LeakyReLU.py",
  "candidate_file": "/home/hyc/LLMKernel/run/20251223_085240_12_Gemm_Multiply_LeakyReLU_openai_deepseek/12_Gemm_Multiply_LeakyReLU/code/kernel_20251223_085400.py",
  "tolerance": 1,
  "max_abs_err": 0.0212249755859375,
  "mean_abs_err": 0.00022767524933442473,
  "ref_latency_ms": {
    "avg": 3.09682559967041,
    "min": 3.0906879901885986,
    "max": 3.1088640689849854,
    "all": [
      3.1088640689849854,
      3.092576026916504,
      3.0906879901885986,
      3.0914559364318848,
      3.100543975830078
    ]
  },
  "test_latency_ms": {
    "avg": 3.8473791599273683,
    "min": 3.8410239219665527,
    "max": 3.851263999938965,
    "all": [
      3.8502399921417236,
      3.8461759090423584,
      3.8410239219665527,
      3.851263999938965,
      3.848191976547241
    ]
  },
  "num_runs": 5,
  "model_init_args": [
    8192,
    8192,
    2.0,
    0.1
  ],
  "model_init_kwargs": {},
  "seed": 100,
  "align_stats": {
    "copied_same_shape": 0,
    "unique_shape_copied": 2,
    "mapped_shape": 0,
    "skipped": 0,
    "pair_aligner": 0,
    "pair_key": "Model->ModelNew"
  },
  "runnable": true,
  "phase": "seed_1",
  "pytorch_baseline_ms": 3.090969514846802,
  "score": 0.8033961266518774
}