{
  "timestamp": "2025-12-23T08:57:54",
  "reference_file": "KernelBench/level2/12_Gemm_Multiply_LeakyReLU.py",
  "candidate_file": "/home/hyc/LLMKernel/run/20251223_085240_12_Gemm_Multiply_LeakyReLU_openai_deepseek/12_Gemm_Multiply_LeakyReLU/code/kernel_20251223_085750.py",
  "tolerance": 1,
  "max_abs_err": 7.62939453125e-05,
  "mean_abs_err": 4.4115910213804455e-07,
  "ref_latency_ms": {
    "avg": 3.09716477394104,
    "min": 3.0904319286346436,
    "max": 3.101696014404297,
    "all": [
      3.101696014404297,
      3.0957119464874268,
      3.096575975418091,
      3.0904319286346436,
      3.101408004760742
    ]
  },
  "test_latency_ms": {
    "avg": 3.2724672317504884,
    "min": 3.2675840854644775,
    "max": 3.285856008529663,
    "all": [
      3.285856008529663,
      3.2727038860321045,
      3.2675840854644775,
      3.2675840854644775,
      3.2686080932617188
    ]
  },
  "num_runs": 5,
  "model_init_args": [
    8192,
    8192,
    2.0,
    0.1
  ],
  "model_init_kwargs": {},
  "seed": 100,
  "align_stats": {
    "copied_same_shape": 0,
    "unique_shape_copied": 2,
    "mapped_shape": 0,
    "skipped": 0,
    "pair_aligner": 0,
    "pair_key": "Model->ModelNew"
  },
  "runnable": true,
  "phase": "algorithm_optimized_seed1_repair2",
  "pytorch_baseline_ms": 3.090969514846802,
  "score": 0.944537957433847
}