{
  "timestamp": "2025-12-23T08:53:23",
  "reference_file": "KernelBench/level2/12_Gemm_Multiply_LeakyReLU.py",
  "candidate_file": "/home/hyc/LLMKernel/run/20251223_085240_12_Gemm_Multiply_LeakyReLU_openai_deepseek/12_Gemm_Multiply_LeakyReLU/code/kernel_20251223_085319.py",
  "tolerance": 1,
  "max_abs_err": 0.0212249755859375,
  "mean_abs_err": 0.00022767524933442473,
  "ref_latency_ms": {
    "avg": 3.090969514846802,
    "min": 3.0853118896484375,
    "max": 3.092479944229126,
    "all": [
      3.092479944229126,
      3.0853118896484375,
      3.0923519134521484,
      3.092479944229126,
      3.092223882675171
    ]
  },
  "test_latency_ms": {
    "avg": 3.6224255561828613,
    "min": 3.6188158988952637,
    "max": 3.6248960494995117,
    "all": [
      3.6246399879455566,
      3.620863914489746,
      3.6229119300842285,
      3.6248960494995117,
      3.6188158988952637
    ]
  },
  "num_runs": 5,
  "model_init_args": [
    8192,
    8192,
    2.0,
    0.1
  ],
  "model_init_kwargs": {},
  "seed": 100,
  "align_stats": {
    "copied_same_shape": 0,
    "unique_shape_copied": 2,
    "mapped_shape": 0,
    "skipped": 0,
    "pair_aligner": 0,
    "pair_key": "Model->ModelNew"
  },
  "runnable": true,
  "phase": "seed_0",
  "score": 0.8532872427346492
}