{
  "timestamp": "2025-12-28T17:44:12",
  "reference_file": "KernelBench/tt/85_Conv2d_GroupNorm_Scale_MaxPool_Clamp.py",
  "candidate_file": "/home/hyc/LLMKernel/run/20251228_161811_batch_range79to85_openai_deepseek/85_Conv2d_GroupNorm_Scale_MaxPool_Clamp/code/kernel_20251228_174408.py",
  "tolerance": 1,
  "max_abs_err": 0.0018947124481201172,
  "mean_abs_err": 0.00010942640074063092,
  "ref_latency_ms": {
    "avg": 6.01661434173584,
    "min": 6.006783962249756,
    "max": 6.033408164978027,
    "all": [
      6.033408164978027,
      6.006783962249756,
      6.015999794006348,
      6.012928009033203,
      6.013951778411865
    ]
  },
  "test_latency_ms": {
    "avg": 3.000595235824585,
    "min": 2.990976095199585,
    "max": 3.0067200660705566,
    "all": [
      2.990976095199585,
      3.0067200660705566,
      2.9984960556030273,
      3.0013439655303955,
      3.0054399967193604
    ]
  },
  "num_runs": 5,
  "model_init_args": [
    8,
    64,
    3,
    16,
    [
      64,
      1,
      1
    ],
    4,
    0.0,
    1.0
  ],
  "model_init_kwargs": {},
  "seed": 100,
  "align_stats": {
    "pair_aligner": 1,
    "copied_same_shape": 1,
    "mapped_shape": 0,
    "skipped": 0,
    "pair_key": "Model->ModelNew"
  },
  "runnable": true,
  "phase": "seed_1_repair_1",
  "score": 2.005140270137912
}