{
  "timestamp": "2025-12-28T17:52:50",
  "reference_file": "KernelBench/tt/85_Conv2d_GroupNorm_Scale_MaxPool_Clamp.py",
  "candidate_file": "/home/hyc/LLMKernel/run/20251228_161811_batch_range79to85_openai_deepseek/85_Conv2d_GroupNorm_Scale_MaxPool_Clamp/code/kernel_20251228_175243.py",
  "tolerance": 1,
  "max_abs_err": 0.0018953382968902588,
  "mean_abs_err": 0.00010940831271000206,
  "ref_latency_ms": {
    "avg": 6.013747215270996,
    "min": 5.997568130493164,
    "max": 6.02623987197876,
    "all": [
      6.021120071411133,
      6.0149760246276855,
      6.008831977844238,
      5.997568130493164,
      6.02623987197876
    ]
  },
  "test_latency_ms": {
    "avg": 2.764147233963013,
    "min": 2.7607040405273438,
    "max": 2.7678720951080322,
    "all": [
      2.76582407951355,
      2.7648000717163086,
      2.7607040405273438,
      2.761535882949829,
      2.7678720951080322
    ]
  },
  "num_runs": 5,
  "model_init_args": [
    8,
    64,
    3,
    16,
    [
      64,
      1,
      1
    ],
    4,
    0.0,
    1.0
  ],
  "model_init_kwargs": {},
  "seed": 100,
  "align_stats": {
    "pair_aligner": 1,
    "copied_same_shape": 1,
    "mapped_shape": 0,
    "skipped": 0,
    "pair_key": "Model->ModelNew"
  },
  "runnable": true,
  "phase": "stage3_memory_and_tuning",
  "score": 2.1756247790928875
}