{
  "timestamp": "2025-12-15T04:53:41",
  "reference_file": "KernelBench/level2/85_Conv2d_GroupNorm_Scale_MaxPool_Clamp.py",
  "candidate_file": "/home/hyc/LLMKernel/run/20251215_024837_batch_range56to88_openai_deepseek/85_Conv2d_GroupNorm_Scale_MaxPool_Clamp/code/kernel_20251215_045334.py",
  "tolerance": 0.001,
  "max_abs_err": 1.2516975402832031e-06,
  "mean_abs_err": 5.966277427660316e-08,
  "ref_latency_ms": {
    "avg": 5.96933126449585,
    "min": 5.9607038497924805,
    "max": 5.9852800369262695,
    "all": [
      5.9852800369262695,
      5.963776111602783,
      5.961952209472656,
      5.9607038497924805,
      5.974944114685059
    ]
  },
  "test_latency_ms": {
    "avg": 5.8072511672973635,
    "min": 5.803008079528809,
    "max": 5.811007976531982,
    "all": [
      5.811007976531982,
      5.807104110717773,
      5.808159828186035,
      5.803008079528809,
      5.806975841522217
    ]
  },
  "num_runs": 5,
  "model_init_args": [
    8,
    64,
    3,
    16,
    [
      64,
      1,
      1
    ],
    4,
    0.0,
    1.0
  ],
  "model_init_kwargs": {},
  "seed": 100,
  "align_stats": {
    "pair_aligner": 1,
    "copied_same_shape": 1,
    "mapped_shape": 0,
    "skipped": 0,
    "pair_key": "Model->ModelNew"
  },
  "runnable": true,
  "phase": "stage3_memory_access",
  "pytorch_baseline_ms": 5.9821696281433105,
  "score": 1.0301206983832512
}