{
  "timestamp": "2025-12-28T17:48:05",
  "reference_file": "KernelBench/tt/85_Conv2d_GroupNorm_Scale_MaxPool_Clamp.py",
  "candidate_file": "/home/hyc/LLMKernel/run/20251228_161811_batch_range79to85_openai_deepseek/85_Conv2d_GroupNorm_Scale_MaxPool_Clamp/code/kernel_20251228_174801.py",
  "tolerance": 1,
  "max_abs_err": 0.0018947124481201172,
  "mean_abs_err": 0.00010942640074063092,
  "ref_latency_ms": {
    "avg": 6.013753604888916,
    "min": 6.005760192871094,
    "max": 6.01804780960083,
    "all": [
      6.01804780960083,
      6.015007972717285,
      6.005760192871094,
      6.0149760246276855,
      6.0149760246276855
    ]
  },
  "test_latency_ms": {
    "avg": 2.8897088527679444,
    "min": 2.8876800537109375,
    "max": 2.8916800022125244,
    "all": [
      2.890752077102661,
      2.8916800022125244,
      2.88972806930542,
      2.8887040615081787,
      2.8876800537109375
    ]
  },
  "num_runs": 5,
  "model_init_args": [
    8,
    64,
    3,
    16,
    [
      64,
      1,
      1
    ],
    4,
    0.0,
    1.0
  ],
  "model_init_kwargs": {},
  "seed": 100,
  "align_stats": {
    "pair_aligner": 1,
    "copied_same_shape": 1,
    "mapped_shape": 0,
    "skipped": 0,
    "pair_key": "Model->ModelNew"
  },
  "runnable": true,
  "phase": "algorithm_optimized_seed1",
  "score": 2.0810932558581343
}