{
  "timestamp": "2025-12-28T17:50:53",
  "reference_file": "KernelBench/tt/85_Conv2d_GroupNorm_Scale_MaxPool_Clamp.py",
  "candidate_file": "/home/hyc/LLMKernel/run/20251228_161811_batch_range79to85_openai_deepseek/85_Conv2d_GroupNorm_Scale_MaxPool_Clamp/code/kernel_20251228_175047.py",
  "tolerance": 1,
  "max_abs_err": 0.001895308494567871,
  "mean_abs_err": 0.0001094092513085343,
  "ref_latency_ms": {
    "avg": 6.0106175422668455,
    "min": 6.00764799118042,
    "max": 6.015903949737549,
    "all": [
      6.015903949737549,
      6.012928009033203,
      6.00764799118042,
      6.008831977844238,
      6.007775783538818
    ]
  },
  "test_latency_ms": {
    "avg": 2.872902345657349,
    "min": 2.8671998977661133,
    "max": 2.8772799968719482,
    "all": [
      2.8772799968719482,
      2.8733439445495605,
      2.8671998977661133,
      2.8733439445495605,
      2.8733439445495605
    ]
  },
  "num_runs": 5,
  "model_init_args": [
    8,
    64,
    3,
    16,
    [
      64,
      1,
      1
    ],
    4,
    0.0,
    1.0
  ],
  "model_init_kwargs": {},
  "seed": 100,
  "align_stats": {
    "pair_aligner": 1,
    "copied_same_shape": 1,
    "mapped_shape": 0,
    "skipped": 0,
    "pair_key": "Model->ModelNew"
  },
  "runnable": true,
  "phase": "stage2_block_tiling",
  "score": 2.0921760711262727
}