{
  "timestamp": "2025-12-15T04:51:12",
  "reference_file": "KernelBench/level2/85_Conv2d_GroupNorm_Scale_MaxPool_Clamp.py",
  "candidate_file": "/home/hyc/LLMKernel/run/20251215_024837_batch_range56to88_openai_deepseek/85_Conv2d_GroupNorm_Scale_MaxPool_Clamp/code/kernel_20251215_045105.py",
  "tolerance": 0.001,
  "max_abs_err": 1.2516975402832031e-06,
  "mean_abs_err": 5.966277427660316e-08,
  "ref_latency_ms": {
    "avg": 5.964588737487793,
    "min": 5.950463771820068,
    "max": 5.983232021331787,
    "all": [
      5.983232021331787,
      5.958623886108398,
      5.950463771820068,
      5.962751865386963,
      5.967872142791748
    ]
  },
  "test_latency_ms": {
    "avg": 7.441433525085449,
    "min": 7.434239864349365,
    "max": 7.453951835632324,
    "all": [
      7.4403839111328125,
      7.434239864349365,
      7.434239864349365,
      7.453951835632324,
      7.444352149963379
    ]
  },
  "num_runs": 5,
  "model_init_args": [
    8,
    64,
    3,
    16,
    [
      64,
      1,
      1
    ],
    4,
    0.0,
    1.0
  ],
  "model_init_kwargs": {},
  "seed": 100,
  "align_stats": {
    "pair_aligner": 1,
    "copied_same_shape": 1,
    "mapped_shape": 0,
    "skipped": 0,
    "pair_key": "Model->ModelNew"
  },
  "runnable": true,
  "phase": "stage2_block_tiling",
  "pytorch_baseline_ms": 5.9821696281433105,
  "score": 0.8039001635877165
}