{
  "timestamp": "2025-12-28T17:49:47",
  "reference_file": "KernelBench/tt/85_Conv2d_GroupNorm_Scale_MaxPool_Clamp.py",
  "candidate_file": "/home/hyc/LLMKernel/run/20251228_161811_batch_range79to85_openai_deepseek/85_Conv2d_GroupNorm_Scale_MaxPool_Clamp/code/kernel_20251228_174942.py",
  "tolerance": 1,
  "max_abs_err": 0.0018947124481201172,
  "mean_abs_err": 0.00010942640074063092,
  "ref_latency_ms": {
    "avg": 6.0126463890075685,
    "min": 5.998335838317871,
    "max": 6.026048183441162,
    "all": [
      6.016223907470703,
      6.026048183441162,
      6.009856224060059,
      6.012767791748047,
      5.998335838317871
    ]
  },
  "test_latency_ms": {
    "avg": 3.919827175140381,
    "min": 3.910559892654419,
    "max": 3.931135892868042,
    "all": [
      3.9310081005096436,
      3.931135892868042,
      3.9147520065307617,
      3.910559892654419,
      3.911679983139038
    ]
  },
  "num_runs": 5,
  "model_init_args": [
    8,
    64,
    3,
    16,
    [
      64,
      1,
      1
    ],
    4,
    0.0,
    1.0
  ],
  "model_init_kwargs": {},
  "seed": 100,
  "align_stats": {
    "pair_aligner": 1,
    "copied_same_shape": 1,
    "mapped_shape": 0,
    "skipped": 0,
    "pair_key": "Model->ModelNew"
  },
  "runnable": true,
  "phase": "stage1_grid_and_parallel",
  "score": 1.5339059913508144
}