{
  "timestamp": "2025-12-28T17:41:21",
  "reference_file": "KernelBench/tt/85_Conv2d_GroupNorm_Scale_MaxPool_Clamp.py",
  "candidate_file": "/home/hyc/LLMKernel/run/20251228_161811_batch_range79to85_openai_deepseek/85_Conv2d_GroupNorm_Scale_MaxPool_Clamp/code/kernel_20251228_174116.py",
  "tolerance": 1,
  "max_abs_err": 1.0,
  "mean_abs_err": 0.39132723212242126,
  "ref_latency_ms": {
    "avg": 6.019660758972168,
    "min": 5.995327949523926,
    "max": 6.036479949951172,
    "all": [
      6.036479949951172,
      6.030335903167725,
      5.995327949523926,
      6.01913595199585,
      6.017024040222168
    ]
  },
  "test_latency_ms": {
    "avg": 7.231257534027099,
    "min": 7.219071865081787,
    "max": 7.245823860168457,
    "all": [
      7.219071865081787,
      7.219200134277344,
      7.23967981338501,
      7.2325119972229,
      7.245823860168457
    ]
  },
  "num_runs": 5,
  "model_init_args": [
    8,
    64,
    3,
    16,
    [
      64,
      1,
      1
    ],
    4,
    0.0,
    1.0
  ],
  "model_init_kwargs": {},
  "seed": 100,
  "align_stats": {
    "pair_aligner": 1,
    "copied_same_shape": 1,
    "mapped_shape": 0,
    "skipped": 0,
    "pair_key": "Model->ModelNew"
  },
  "runnable": true,
  "phase": "seed_0_repair_2",
  "score": 0.8324500587410014
}