{
  "timestamp": "2025-12-28T17:46:41",
  "reference_file": "KernelBench/tt/85_Conv2d_GroupNorm_Scale_MaxPool_Clamp.py",
  "candidate_file": "/home/hyc/LLMKernel/run/20251228_161811_batch_range79to85_openai_deepseek/85_Conv2d_GroupNorm_Scale_MaxPool_Clamp/code/kernel_20251228_174636.py",
  "tolerance": 1,
  "max_abs_err": 1.0,
  "mean_abs_err": 0.39132723212242126,
  "ref_latency_ms": {
    "avg": 6.020691299438477,
    "min": 6.003712177276611,
    "max": 6.039552211761475,
    "all": [
      6.039552211761475,
      6.0292158126831055,
      6.003712177276611,
      6.023168087005615,
      6.007808208465576
    ]
  },
  "test_latency_ms": {
    "avg": 8.334335899353027,
    "min": 8.329216003417969,
    "max": 8.337408065795898,
    "all": [
      8.333312034606934,
      8.335359573364258,
      8.329216003417969,
      8.337408065795898,
      8.336383819580078
    ]
  },
  "num_runs": 5,
  "model_init_args": [
    8,
    64,
    3,
    16,
    [
      64,
      1,
      1
    ],
    4,
    0.0,
    1.0
  ],
  "model_init_kwargs": {},
  "seed": 100,
  "align_stats": {
    "pair_aligner": 1,
    "copied_same_shape": 1,
    "mapped_shape": 0,
    "skipped": 0,
    "pair_key": "Model->ModelNew"
  },
  "runnable": true,
  "phase": "algorithm_optimized_seed0",
  "score": 0.7223960459652038
}