{
  "timestamp": "2025-12-15T04:47:16",
  "reference_file": "KernelBench/level2/85_Conv2d_GroupNorm_Scale_MaxPool_Clamp.py",
  "candidate_file": "/home/hyc/LLMKernel/run/20251215_024837_batch_range56to88_openai_deepseek/85_Conv2d_GroupNorm_Scale_MaxPool_Clamp/code/kernel_20251215_044711.py",
  "tolerance": 0.001,
  "max_abs_err": 7.748603820800781e-07,
  "mean_abs_err": 7.003811219874478e-08,
  "ref_latency_ms": {
    "avg": 5.9821696281433105,
    "min": 5.971968173980713,
    "max": 5.993472099304199,
    "all": [
      5.993472099304199,
      5.982207775115967,
      5.971968173980713,
      5.982016086578369,
      5.981184005737305
    ]
  },
  "test_latency_ms": {
    "avg": 8.35725440979004,
    "min": 8.349696159362793,
    "max": 8.360960006713867,
    "all": [
      8.357888221740723,
      8.360960006713867,
      8.357791900634766,
      8.349696159362793,
      8.359935760498047
    ]
  },
  "num_runs": 5,
  "model_init_args": [
    8,
    64,
    3,
    16,
    [
      64,
      1,
      1
    ],
    4,
    0.0,
    1.0
  ],
  "model_init_kwargs": {},
  "seed": 100,
  "align_stats": {
    "pair_aligner": 1,
    "copied_same_shape": 1,
    "mapped_shape": 0,
    "skipped": 0,
    "pair_key": "Model->ModelNew"
  },
  "runnable": true,
  "phase": "seed",
  "score": 0.715805614477351
}