{
  "timestamp": "2025-12-15T04:56:08",
  "reference_file": "KernelBench/level2/85_Conv2d_GroupNorm_Scale_MaxPool_Clamp.py",
  "candidate_file": "/home/hyc/LLMKernel/run/20251215_024837_batch_range56to88_openai_deepseek/85_Conv2d_GroupNorm_Scale_MaxPool_Clamp/code/kernel_20251215_045601.py",
  "tolerance": 0.001,
  "max_abs_err": 1.2516975402832031e-06,
  "mean_abs_err": 5.966277427660316e-08,
  "ref_latency_ms": {
    "avg": 5.969023990631103,
    "min": 5.959680080413818,
    "max": 5.9852800369262695,
    "all": [
      5.9852800369262695,
      5.968639850616455,
      5.963776111602783,
      5.959680080413818,
      5.967743873596191
    ]
  },
  "test_latency_ms": {
    "avg": 4.686387157440185,
    "min": 4.679679870605469,
    "max": 4.6927361488342285,
    "all": [
      4.683775901794434,
      4.6927361488342285,
      4.679679870605469,
      4.687871932983398,
      4.687871932983398
    ]
  },
  "num_runs": 5,
  "model_init_args": [
    8,
    64,
    3,
    16,
    [
      64,
      1,
      1
    ],
    4,
    0.0,
    1.0
  ],
  "model_init_kwargs": {},
  "seed": 100,
  "align_stats": {
    "pair_aligner": 1,
    "copied_same_shape": 1,
    "mapped_shape": 0,
    "skipped": 0,
    "pair_key": "Model->ModelNew"
  },
  "runnable": true,
  "phase": "stage4_repair",
  "pytorch_baseline_ms": 5.9821696281433105,
  "score": 1.2764992364418548
}