{
  "timestamp": "2025-12-22T13:13:17",
  "reference_file": "KernelBench/level3/19_MobileNetV1.py",
  "candidate_file": "/home/hyc/LLMKernel/run/20251222_131041_19_MobileNetV1_openai_deepseek/19_MobileNetV1/code/kernel_20251222_131311.py",
  "tolerance": 1,
  "max_abs_err": 7.275957614183426e-12,
  "mean_abs_err": 1.3505996248144338e-14,
  "ref_latency_ms": {
    "avg": 1.5716543912887573,
    "min": 1.5360000133514404,
    "max": 1.6261119842529297,
    "all": [
      1.6261119842529297,
      1.59225594997406,
      1.5677440166473389,
      1.5361599922180176,
      1.5360000133514404
    ]
  },
  "test_latency_ms": {
    "avg": 36.96736602783203,
    "min": 34.288352966308594,
    "max": 37.912574768066406,
    "all": [
      37.87980651855469,
      37.912574768066406,
      37.826560974121094,
      36.929534912109375,
      34.288352966308594
    ]
  },
  "num_runs": 5,
  "model_init_args": [
    1000,
    3,
    1.0
  ],
  "model_init_kwargs": {},
  "seed": 100,
  "align_stats": {
    "copied_same_shape": 0,
    "unique_shape_copied": 14,
    "mapped_shape": 0,
    "skipped": 150,
    "pair_aligner": 0,
    "pair_key": "Model->ModelNew"
  },
  "runnable": true,
  "phase": "seed_0",
  "score": 0.04251464359417678
}