{
  "timestamp": "2025-12-22T13:17:05",
  "reference_file": "KernelBench/level3/19_MobileNetV1.py",
  "candidate_file": "/home/hyc/LLMKernel/run/20251222_131041_19_MobileNetV1_openai_deepseek/19_MobileNetV1/code/kernel_20251222_131700.py",
  "tolerance": 1,
  "max_abs_err": 7.275957614183426e-12,
  "mean_abs_err": 1.3505996248144338e-14,
  "ref_latency_ms": {
    "avg": 1.5975615978240967,
    "min": 1.551360011100769,
    "max": 1.6660480499267578,
    "all": [
      1.6660480499267578,
      1.6136319637298584,
      1.575711965560913,
      1.551360011100769,
      1.581055998802185
    ]
  },
  "test_latency_ms": {
    "avg": 23.261689758300783,
    "min": 21.960704803466797,
    "max": 24.48076820373535,
    "all": [
      24.48076820373535,
      24.46028709411621,
      23.440576553344727,
      21.960704803466797,
      21.96611213684082
    ]
  },
  "num_runs": 5,
  "model_init_args": [
    1000,
    3,
    1.0
  ],
  "model_init_kwargs": {},
  "seed": 100,
  "align_stats": {
    "copied_same_shape": 0,
    "unique_shape_copied": 14,
    "mapped_shape": 0,
    "skipped": 150,
    "pair_aligner": 0,
    "pair_key": "Model->ModelNew"
  },
  "runnable": true,
  "phase": "stage1_grid_and_parallel_cand0",
  "pytorch_baseline_ms": 1.5716543912887573,
  "score": 0.06756406811452391
}