{
  "timestamp": "2025-12-22T13:15:32",
  "reference_file": "KernelBench/level3/19_MobileNetV1.py",
  "candidate_file": "/home/hyc/LLMKernel/run/20251222_131041_19_MobileNetV1_openai_deepseek/19_MobileNetV1/code/kernel_20251222_131524.py",
  "tolerance": 1,
  "max_abs_err": 7.275957614183426e-12,
  "mean_abs_err": 1.3505996248144338e-14,
  "ref_latency_ms": {
    "avg": 1.584780788421631,
    "min": 1.5634880065917969,
    "max": 1.6167680025100708,
    "all": [
      1.6167680025100708,
      1.5814080238342285,
      1.5749119520187378,
      1.5873279571533203,
      1.5634880065917969
    ]
  },
  "test_latency_ms": {
    "avg": 2.1733248233795166,
    "min": 2.1452159881591797,
    "max": 2.2056961059570312,
    "all": [
      2.2056961059570312,
      2.184191942214966,
      2.1452159881591797,
      2.1688320636749268,
      2.1626880168914795
    ]
  },
  "num_runs": 5,
  "model_init_args": [
    1000,
    3,
    1.0
  ],
  "model_init_kwargs": {},
  "seed": 100,
  "align_stats": {
    "copied_same_shape": 0,
    "unique_shape_copied": 14,
    "mapped_shape": 0,
    "skipped": 150,
    "pair_aligner": 0,
    "pair_key": "Model->ModelNew"
  },
  "runnable": true,
  "phase": "seed_1",
  "pytorch_baseline_ms": 1.5716543912887573,
  "score": 0.7231566926313561
}