{
  "timestamp": "2025-12-13T16:39:21",
  "reference_file": "KernelBench/level1_low_score/97_ScaledDotProductAttention.py",
  "candidate_file": "/home/hyc/LLMKernel/run/20251213_163716_97_ScaledDotProductAttention_openai_deepseek/97_ScaledDotProductAttention/code/kernel_20251213_163917.py",
  "tolerance": 0.001,
  "max_abs_err": 0.00048828125,
  "mean_abs_err": 2.2190384697751142e-05,
  "ref_latency_ms": {
    "avg": 17.231609344482422,
    "min": 17.060863494873047,
    "max": 17.392351150512695,
    "all": [
      17.346399307250977,
      17.392351150512695,
      17.164640426635742,
      17.060863494873047,
      17.19379234313965
    ]
  },
  "test_latency_ms": {
    "avg": 11.711871719360351,
    "min": 11.53228759765625,
    "max": 11.928319931030273,
    "all": [
      11.928319931030273,
      11.927583694458008,
      11.626591682434082,
      11.53228759765625,
      11.544575691223145
    ]
  },
  "num_runs": 5,
  "model_init_args": [],
  "model_init_kwargs": {},
  "seed": 100,
  "align_stats": {
    "copied_same_shape": 0,
    "unique_shape_copied": 0,
    "mapped_shape": 0,
    "skipped": 0,
    "pair_aligner": 0,
    "pair_key": "Model->ModelNew"
  },
  "runnable": true,
  "phase": "seed",
  "score": 1.471294235232926
}