{
  "timestamp": "2025-12-13T16:42:13",
  "reference_file": "KernelBench/level1_low_score/97_ScaledDotProductAttention.py",
  "candidate_file": "/home/hyc/LLMKernel/run/20251213_163716_97_ScaledDotProductAttention_openai_deepseek/97_ScaledDotProductAttention/code/kernel_20251213_164207.py",
  "tolerance": 0.001,
  "max_abs_err": 0.00048828125,
  "mean_abs_err": 2.2190384697751142e-05,
  "ref_latency_ms": {
    "avg": 17.251679992675783,
    "min": 17.168256759643555,
    "max": 17.29110336303711,
    "all": [
      17.26464080810547,
      17.29110336303711,
      17.275903701782227,
      17.168256759643555,
      17.258495330810547
    ]
  },
  "test_latency_ms": {
    "avg": 11.328473472595215,
    "min": 11.231167793273926,
    "max": 11.385855674743652,
    "all": [
      11.373567581176758,
      11.300736427307129,
      11.35103988647461,
      11.385855674743652,
      11.231167793273926
    ]
  },
  "num_runs": 5,
  "model_init_args": [],
  "model_init_kwargs": {},
  "seed": 100,
  "align_stats": {
    "copied_same_shape": 0,
    "unique_shape_copied": 0,
    "mapped_shape": 0,
    "skipped": 0,
    "pair_aligner": 0,
    "pair_key": "Model->ModelNew"
  },
  "runnable": true,
  "phase": "stage2_block_tiling",
  "pytorch_baseline_ms": 17.231609344482422,
  "score": 1.5210883784269364
}