{
  "timestamp": "2025-12-13T17:02:06",
  "reference_file": "KernelBench/level1_low_score/97_ScaledDotProductAttention.py",
  "candidate_file": "/home/hyc/LLMKernel/run/20251213_163716_97_ScaledDotProductAttention_openai_deepseek/97_ScaledDotProductAttention/code/kernel_20251213_170150.py",
  "tolerance": 0.001,
  "max_abs_err": 0.00048828125,
  "mean_abs_err": 0.0001767393696354702,
  "ref_latency_ms": {
    "avg": 17.019174575805664,
    "min": 16.918272018432617,
    "max": 17.18988800048828,
    "all": [
      17.18988800048828,
      16.918272018432617,
      16.962560653686523,
      17.02777671813965,
      16.99737548828125
    ]
  },
  "test_latency_ms": {
    "avg": 50.78744964599609,
    "min": 50.69414520263672,
    "max": 50.855934143066406,
    "all": [
      50.69414520263672,
      50.784095764160156,
      50.763519287109375,
      50.855934143066406,
      50.83955383300781
    ]
  },
  "num_runs": 5,
  "model_init_args": [],
  "model_init_kwargs": {},
  "seed": 100,
  "align_stats": {
    "copied_same_shape": 0,
    "unique_shape_copied": 0,
    "mapped_shape": 0,
    "skipped": 0,
    "pair_aligner": 0,
    "pair_key": "Model->ModelNew"
  },
  "runnable": true,
  "phase": "stage4_repair",
  "pytorch_baseline_ms": 17.231609344482422,
  "score": 0.3392887310662764
}