{
  "timestamp": "2025-12-13T16:41:03",
  "reference_file": "KernelBench/level1_low_score/97_ScaledDotProductAttention.py",
  "candidate_file": "/home/hyc/LLMKernel/run/20251213_163716_97_ScaledDotProductAttention_openai_deepseek/97_ScaledDotProductAttention/code/kernel_20251213_164054.py",
  "tolerance": 0.001,
  "max_abs_err": 0.00048828125,
  "mean_abs_err": 2.2187943613971584e-05,
  "ref_latency_ms": {
    "avg": 17.06552925109863,
    "min": 16.788288116455078,
    "max": 17.321983337402344,
    "all": [
      16.788288116455078,
      16.991199493408203,
      17.321983337402344,
      17.19808006286621,
      17.028095245361328
    ]
  },
  "test_latency_ms": {
    "avg": 63.923604583740236,
    "min": 62.7691535949707,
    "max": 64.5723876953125,
    "all": [
      64.06963348388672,
      62.7691535949707,
      64.5723876953125,
      63.726593017578125,
      64.48025512695312
    ]
  },
  "num_runs": 5,
  "model_init_args": [],
  "model_init_kwargs": {},
  "seed": 100,
  "align_stats": {
    "copied_same_shape": 0,
    "unique_shape_copied": 0,
    "mapped_shape": 0,
    "skipped": 0,
    "pair_aligner": 0,
    "pair_key": "Model->ModelNew"
  },
  "runnable": true,
  "phase": "stage1_grid_and_parallel",
  "pytorch_baseline_ms": 17.231609344482422,
  "score": 0.26956567072041326
}