{
  "timestamp": "2025-12-28T15:02:27",
  "reference_file": "KernelBench/tt/4_Conv2d_Mish_Mish.py",
  "candidate_file": "/home/hyc/LLMKernel/run/20251228_142837_batch_range3to11_openai_deepseek/4_Conv2d_Mish_Mish/code/kernel_20251228_150222.py",
  "tolerance": 1,
  "max_abs_err": 1.4901161193847656e-07,
  "mean_abs_err": 2.0893359931051236e-08,
  "ref_latency_ms": {
    "avg": 25.82779541015625,
    "min": 25.818111419677734,
    "max": 25.841663360595703,
    "all": [
      25.841663360595703,
      25.82352066040039,
      25.824256896972656,
      25.818111419677734,
      25.831424713134766
    ]
  },
  "test_latency_ms": {
    "avg": 21.178156661987305,
    "min": 21.169151306152344,
    "max": 21.187583923339844,
    "all": [
      21.174240112304688,
      21.184511184692383,
      21.169151306152344,
      21.175296783447266,
      21.187583923339844
    ]
  },
  "num_runs": 5,
  "model_init_args": [
    64,
    128,
    3
  ],
  "model_init_kwargs": {},
  "seed": 100,
  "align_stats": {
    "pair_aligner": 1,
    "copied_same_shape": 1,
    "mapped_shape": 0,
    "skipped": 0,
    "pair_key": "Model->ModelNew"
  },
  "runnable": true,
  "phase": "algorithm_optimized_seed0",
  "pytorch_baseline_ms": 25.827500534057616,
  "score": 1.2195348701152742
}