{
  "timestamp": "2025-12-28T15:10:06",
  "reference_file": "KernelBench/tt/4_Conv2d_Mish_Mish.py",
  "candidate_file": "/home/hyc/LLMKernel/run/20251228_142837_batch_range3to11_openai_deepseek/4_Conv2d_Mish_Mish/code/kernel_20251228_151000.py",
  "tolerance": 1,
  "max_abs_err": 0.15472152829170227,
  "mean_abs_err": 0.12145968526601791,
  "ref_latency_ms": {
    "avg": 25.828755187988282,
    "min": 25.817087173461914,
    "max": 25.84783935546875,
    "all": [
      25.84783935546875,
      25.817087173461914,
      25.830400466918945,
      25.823232650756836,
      25.82521629333496
    ]
  },
  "test_latency_ms": {
    "avg": 21.13550682067871,
    "min": 21.11871910095215,
    "max": 21.147647857666016,
    "all": [
      21.14044761657715,
      21.147647857666016,
      21.11871910095215,
      21.129215240478516,
      21.141504287719727
    ]
  },
  "num_runs": 5,
  "model_init_args": [
    64,
    128,
    3
  ],
  "model_init_kwargs": {},
  "seed": 100,
  "align_stats": {
    "pair_aligner": 1,
    "copied_same_shape": 1,
    "mapped_shape": 0,
    "skipped": 0,
    "pair_key": "Model->ModelNew"
  },
  "runnable": true,
  "phase": "stage1_grid_and_parallel",
  "pytorch_baseline_ms": 25.827500534057616,
  "score": 1.2219957985009529
}