{
  "timestamp": "2025-12-28T15:14:23",
  "reference_file": "KernelBench/tt/4_Conv2d_Mish_Mish.py",
  "candidate_file": "/home/hyc/LLMKernel/run/20251228_142837_batch_range3to11_openai_deepseek/4_Conv2d_Mish_Mish/code/kernel_20251228_151418.py",
  "tolerance": 1,
  "max_abs_err": 0.15472152829170227,
  "mean_abs_err": 0.12145968526601791,
  "ref_latency_ms": {
    "avg": 25.828915405273438,
    "min": 25.817920684814453,
    "max": 25.843711853027344,
    "all": [
      25.843711853027344,
      25.82806396484375,
      25.83238410949707,
      25.817920684814453,
      25.82249641418457
    ]
  },
  "test_latency_ms": {
    "avg": 21.141913604736327,
    "min": 21.134336471557617,
    "max": 21.149696350097656,
    "all": [
      21.144575119018555,
      21.137407302856445,
      21.143552780151367,
      21.134336471557617,
      21.149696350097656
    ]
  },
  "num_runs": 5,
  "model_init_args": [
    64,
    128,
    3
  ],
  "model_init_kwargs": {},
  "seed": 100,
  "align_stats": {
    "pair_aligner": 1,
    "copied_same_shape": 1,
    "mapped_shape": 0,
    "skipped": 0,
    "pair_key": "Model->ModelNew"
  },
  "runnable": true,
  "phase": "stage2_block_tiling",
  "pytorch_baseline_ms": 25.827500534057616,
  "score": 1.2216254884454545
}