{
  "timestamp": "2025-12-28T15:05:59",
  "reference_file": "KernelBench/tt/4_Conv2d_Mish_Mish.py",
  "candidate_file": "/home/hyc/LLMKernel/run/20251228_142837_batch_range3to11_openai_deepseek/4_Conv2d_Mish_Mish/code/kernel_20251228_150544.py",
  "tolerance": 1,
  "max_abs_err": 0.00010379217565059662,
  "mean_abs_err": 1.0178890988754574e-05,
  "ref_latency_ms": {
    "avg": 25.827519989013673,
    "min": 25.819135665893555,
    "max": 25.836511611938477,
    "all": [
      25.830400466918945,
      25.826303482055664,
      25.819135665893555,
      25.82524871826172,
      25.836511611938477
    ]
  },
  "test_latency_ms": {
    "avg": 1172.412646484375,
    "min": 1172.1275634765625,
    "max": 1172.79931640625,
    "all": [
      1172.7667236328125,
      1172.1275634765625,
      1172.2005615234375,
      1172.79931640625,
      1172.1690673828125
    ]
  },
  "num_runs": 5,
  "model_init_args": [
    64,
    128,
    3
  ],
  "model_init_kwargs": {},
  "seed": 100,
  "align_stats": {
    "pair_aligner": 1,
    "copied_same_shape": 1,
    "mapped_shape": 0,
    "skipped": 0,
    "pair_key": "Model->ModelNew"
  },
  "runnable": true,
  "phase": "algorithm_optimized_seed1_repair1",
  "pytorch_baseline_ms": 25.827500534057616,
  "score": 0.022029360235497786
}