{
  "timestamp": "2025-12-13T09:51:20",
  "reference_file": "KernelBench/level2/4_Conv2d_Mish_Mish.py",
  "candidate_file": "/home/hyc/LLMKernel/run/20251213_080709_batch_range1to40_deepseek_deepseek/4_Conv2d_Mish_Mish/code/kernel_20251213_095115.py",
  "tolerance": 0.001,
  "max_abs_err": 1.043081283569336e-07,
  "mean_abs_err": 1.4975498174862878e-08,
  "ref_latency_ms": {
    "avg": 23.339859008789062,
    "min": 23.33286476135254,
    "max": 23.347103118896484,
    "all": [
      23.33286476135254,
      23.342336654663086,
      23.347103118896484,
      23.343103408813477,
      23.333887100219727
    ]
  },
  "test_latency_ms": {
    "avg": 20.949606323242186,
    "min": 20.936800003051758,
    "max": 20.969472885131836,
    "all": [
      20.941823959350586,
      20.936800003051758,
      20.957279205322266,
      20.942655563354492,
      20.969472885131836
    ]
  },
  "num_runs": 5,
  "model_init_args": [
    64,
    128,
    3
  ],
  "model_init_kwargs": {},
  "seed": 100,
  "align_stats": {
    "pair_aligner": 1,
    "copied_same_shape": 1,
    "mapped_shape": 0,
    "skipped": 0,
    "pair_key": "Model->ModelNew"
  },
  "runnable": true,
  "phase": "seed_repair",
  "score": 1.1140953509419913
}