{
  "timestamp": "2025-12-13T09:58:27",
  "reference_file": "KernelBench/level2/4_Conv2d_Mish_Mish.py",
  "candidate_file": "/home/hyc/LLMKernel/run/20251213_080709_batch_range1to40_deepseek_deepseek/4_Conv2d_Mish_Mish/code/kernel_20251213_095817.py",
  "tolerance": 0.001,
  "max_abs_err": 1.043081283569336e-07,
  "mean_abs_err": 1.4975498174862878e-08,
  "ref_latency_ms": {
    "avg": 23.354604721069336,
    "min": 23.327743530273438,
    "max": 23.371776580810547,
    "all": [
      23.355615615844727,
      23.327743530273438,
      23.352256774902344,
      23.365631103515625,
      23.371776580810547
    ]
  },
  "test_latency_ms": {
    "avg": 670.6494140625,
    "min": 668.243896484375,
    "max": 672.8388671875,
    "all": [
      672.8388671875,
      670.9976806640625,
      668.243896484375,
      670.8142700195312,
      670.3523559570312
    ]
  },
  "num_runs": 5,
  "model_init_args": [
    64,
    128,
    3
  ],
  "model_init_kwargs": {},
  "seed": 100,
  "align_stats": {
    "pair_aligner": 1,
    "copied_same_shape": 1,
    "mapped_shape": 0,
    "skipped": 0,
    "pair_key": "Model->ModelNew"
  },
  "runnable": true,
  "phase": "stage1_grid_and_parallel",
  "pytorch_baseline_ms": 23.339859008789062,
  "score": 0.03480187788043597
}