{
  "timestamp": "2025-12-28T15:00:12",
  "reference_file": "KernelBench/tt/4_Conv2d_Mish_Mish.py",
  "candidate_file": "/home/hyc/LLMKernel/run/20251228_142837_batch_range3to11_openai_deepseek/4_Conv2d_Mish_Mish/code/kernel_20251228_150006.py",
  "tolerance": 1,
  "max_abs_err": 0.0001602116972208023,
  "mean_abs_err": 3.3341344533255324e-05,
  "ref_latency_ms": {
    "avg": 25.827500534057616,
    "min": 25.817087173461914,
    "max": 25.852928161621094,
    "all": [
      25.852928161621094,
      25.82102394104004,
      25.817087173461914,
      25.826303482055664,
      25.820159912109375
    ]
  },
  "test_latency_ms": {
    "avg": 30.491417694091798,
    "min": 30.487552642822266,
    "max": 30.494720458984375,
    "all": [
      30.494720458984375,
      30.490623474121094,
      30.487552642822266,
      30.489599227905273,
      30.494592666625977
    ]
  },
  "num_runs": 5,
  "model_init_args": [
    64,
    128,
    3
  ],
  "model_init_kwargs": {},
  "seed": 100,
  "align_stats": {
    "pair_aligner": 1,
    "copied_same_shape": 1,
    "mapped_shape": 0,
    "skipped": 0,
    "pair_key": "Model->ModelNew"
  },
  "runnable": true,
  "phase": "seed_0",
  "score": 0.8470416427722254
}