{
  "timestamp": "2025-12-28T15:01:03",
  "reference_file": "KernelBench/tt/4_Conv2d_Mish_Mish.py",
  "candidate_file": "/home/hyc/LLMKernel/run/20251228_142837_batch_range3to11_openai_deepseek/4_Conv2d_Mish_Mish/code/kernel_20251228_150055.py",
  "tolerance": 1,
  "max_abs_err": 0.0001602116972208023,
  "mean_abs_err": 3.3341344533255324e-05,
  "ref_latency_ms": {
    "avg": 25.825606536865234,
    "min": 25.81590461730957,
    "max": 25.849855422973633,
    "all": [
      25.849855422973633,
      25.823232650756836,
      25.8209285736084,
      25.81590461730957,
      25.818111419677734
    ]
  },
  "test_latency_ms": {
    "avg": 24.153267288208006,
    "min": 24.14899253845215,
    "max": 24.15603256225586,
    "all": [
      24.155136108398438,
      24.152063369750977,
      24.154111862182617,
      24.14899253845215,
      24.15603256225586
    ]
  },
  "num_runs": 5,
  "model_init_args": [
    64,
    128,
    3
  ],
  "model_init_kwargs": {},
  "seed": 100,
  "align_stats": {
    "pair_aligner": 1,
    "copied_same_shape": 1,
    "mapped_shape": 0,
    "skipped": 0,
    "pair_key": "Model->ModelNew"
  },
  "runnable": true,
  "phase": "seed_1",
  "pytorch_baseline_ms": 25.827500534057616,
  "score": 1.0693170503962002
}