{
  "timestamp": "2025-12-13T10:09:35",
  "reference_file": "KernelBench/level2/4_Conv2d_Mish_Mish.py",
  "candidate_file": "/home/hyc/LLMKernel/run/20251213_080709_batch_range1to40_deepseek_deepseek/4_Conv2d_Mish_Mish/code/kernel_20251213_100930.py",
  "tolerance": 0.001,
  "max_abs_err": 1.043081283569336e-07,
  "mean_abs_err": 1.396283977328494e-08,
  "ref_latency_ms": {
    "avg": 23.349459075927733,
    "min": 23.345151901245117,
    "max": 23.353343963623047,
    "all": [
      23.350271224975586,
      23.348224639892578,
      23.345151901245117,
      23.353343963623047,
      23.350303649902344
    ]
  },
  "test_latency_ms": {
    "avg": 20.951200485229492,
    "min": 20.944896697998047,
    "max": 20.956960678100586,
    "all": [
      20.950016021728516,
      20.951040267944336,
      20.953088760375977,
      20.956960678100586,
      20.944896697998047
    ]
  },
  "num_runs": 5,
  "model_init_args": [
    64,
    128,
    3
  ],
  "model_init_kwargs": {},
  "seed": 100,
  "align_stats": {
    "pair_aligner": 1,
    "copied_same_shape": 1,
    "mapped_shape": 0,
    "skipped": 0,
    "pair_key": "Model->ModelNew"
  },
  "runnable": true,
  "phase": "stage3_memory_access",
  "pytorch_baseline_ms": 23.339859008789062,
  "score": 1.1140105802168025
}