{
  "timestamp": "2025-12-15T05:37:40",
  "reference_file": "KernelBench/level2/42_ConvTranspose2d_GlobalAvgPool_BiasAdd_LogSumExp_Sum_Multiply.py",
  "candidate_file": "/home/hyc/LLMKernel/run/20251215_024803_batch_range31to55_openai_deepseek/42_ConvTranspose2d_GlobalAvgPool_BiasAdd_LogSumExp_Sum_Multiply/code/kernel_20251215_053734.py",
  "tolerance": 0.001,
  "max_abs_err": 0.0,
  "mean_abs_err": 0.0,
  "ref_latency_ms": {
    "avg": 19.832185745239258,
    "min": 19.808095932006836,
    "max": 19.868671417236328,
    "all": [
      19.84102439880371,
      19.825664520263672,
      19.817472457885742,
      19.868671417236328,
      19.808095932006836
    ]
  },
  "test_latency_ms": {
    "avg": 19.943373107910155,
    "min": 19.917823791503906,
    "max": 19.976192474365234,
    "all": [
      19.976192474365234,
      19.973888397216797,
      19.929088592529297,
      19.919872283935547,
      19.917823791503906
    ]
  },
  "num_runs": 5,
  "model_init_args": [
    64,
    128,
    3,
    [
      128,
      1,
      1
    ]
  ],
  "model_init_kwargs": {},
  "seed": 100,
  "align_stats": {
    "pair_aligner": 1,
    "copied_same_shape": 1,
    "mapped_shape": 0,
    "skipped": 0,
    "pair_key": "Model->ModelNew"
  },
  "runnable": true,
  "phase": "stage4_advanced_memory",
  "pytorch_baseline_ms": 19.844300842285158,
  "score": 0.995032321509058
}