{
  "timestamp": "2025-12-28T15:17:13",
  "reference_file": "KernelBench/tt/42_ConvTranspose2d_GlobalAvgPool_BiasAdd_LogSumExp_Sum_Multiply.py",
  "candidate_file": "/home/hyc/LLMKernel/run/20251228_142941_batch_range36to44_openai_deepseek/42_ConvTranspose2d_GlobalAvgPool_BiasAdd_LogSumExp_Sum_Multiply/code/kernel_20251228_151707.py",
  "tolerance": 1,
  "max_abs_err": 0.000431060791015625,
  "mean_abs_err": 0.0003027915954589844,
  "ref_latency_ms": {
    "avg": 22.154201889038085,
    "min": 22.131711959838867,
    "max": 22.164480209350586,
    "all": [
      22.151168823242188,
      22.164480209350586,
      22.164287567138672,
      22.159360885620117,
      22.131711959838867
    ]
  },
  "test_latency_ms": {
    "avg": 1.1711999893188476,
    "min": 1.1683839559555054,
    "max": 1.176576018333435,
    "all": [
      1.176576018333435,
      1.1683839559555054,
      1.1694079637527466,
      1.1701760292053223,
      1.171455979347229
    ]
  },
  "num_runs": 5,
  "model_init_args": [
    64,
    128,
    3,
    [
      128,
      1,
      1
    ]
  ],
  "model_init_kwargs": {},
  "seed": 100,
  "align_stats": {
    "pair_aligner": 1,
    "copied_same_shape": 1,
    "mapped_shape": 0,
    "skipped": 0,
    "pair_key": "Model->ModelNew"
  },
  "runnable": true,
  "phase": "seed_1",
  "score": 18.91581462694739
}