{
  "timestamp": "2025-12-15T05:25:27",
  "reference_file": "KernelBench/level2/42_ConvTranspose2d_GlobalAvgPool_BiasAdd_LogSumExp_Sum_Multiply.py",
  "candidate_file": "/home/hyc/LLMKernel/run/20251215_024803_batch_range31to55_openai_deepseek/42_ConvTranspose2d_GlobalAvgPool_BiasAdd_LogSumExp_Sum_Multiply/code/kernel_20251215_052521.py",
  "tolerance": 0.001,
  "max_abs_err": 7.62939453125e-06,
  "mean_abs_err": 4.76837158203125e-07,
  "ref_latency_ms": {
    "avg": 19.905471801757812,
    "min": 19.82464027404785,
    "max": 19.975168228149414,
    "all": [
      19.975168228149414,
      19.973087310791016,
      19.886079788208008,
      19.82464027404785,
      19.868383407592773
    ]
  },
  "test_latency_ms": {
    "avg": 22.27138557434082,
    "min": 22.24742317199707,
    "max": 22.2873592376709,
    "all": [
      22.28633689880371,
      22.2873592376709,
      22.24742317199707,
      22.261760711669922,
      22.2740478515625
    ]
  },
  "num_runs": 5,
  "model_init_args": [
    64,
    128,
    3,
    [
      128,
      1,
      1
    ]
  ],
  "model_init_kwargs": {},
  "seed": 100,
  "align_stats": {
    "pair_aligner": 1,
    "copied_same_shape": 1,
    "mapped_shape": 0,
    "skipped": 0,
    "pair_key": "Model->ModelNew"
  },
  "runnable": true,
  "phase": "stage1_grid_and_parallel",
  "pytorch_baseline_ms": 19.844300842285158,
  "score": 0.8910222839996116
}