{
  "timestamp": "2025-12-28T15:24:01",
  "reference_file": "KernelBench/tt/42_ConvTranspose2d_GlobalAvgPool_BiasAdd_LogSumExp_Sum_Multiply.py",
  "candidate_file": "/home/hyc/LLMKernel/run/20251228_142941_batch_range36to44_openai_deepseek/42_ConvTranspose2d_GlobalAvgPool_BiasAdd_LogSumExp_Sum_Multiply/code/kernel_20251228_152354.py",
  "tolerance": 1,
  "max_abs_err": 0.000431060791015625,
  "mean_abs_err": 0.00030231475830078125,
  "ref_latency_ms": {
    "avg": 22.201753234863283,
    "min": 22.129663467407227,
    "max": 22.4532470703125,
    "all": [
      22.137855529785156,
      22.146047592163086,
      22.129663467407227,
      22.141952514648438,
      22.4532470703125
    ]
  },
  "test_latency_ms": {
    "avg": 1.175110411643982,
    "min": 1.1724799871444702,
    "max": 1.176576018333435,
    "all": [
      1.176416039466858,
      1.176576018333435,
      1.176576018333435,
      1.1724799871444702,
      1.1735039949417114
    ]
  },
  "num_runs": 5,
  "model_init_args": [
    64,
    128,
    3,
    [
      128,
      1,
      1
    ]
  ],
  "model_init_kwargs": {},
  "seed": 100,
  "align_stats": {
    "pair_aligner": 1,
    "copied_same_shape": 1,
    "mapped_shape": 0,
    "skipped": 0,
    "pair_key": "Model->ModelNew"
  },
  "runnable": true,
  "phase": "stage1_grid_and_parallel",
  "pytorch_baseline_ms": 22.154201889038085,
  "score": 18.852868351361394
}