{
  "timestamp": "2025-12-15T05:30:05",
  "reference_file": "KernelBench/level2/42_ConvTranspose2d_GlobalAvgPool_BiasAdd_LogSumExp_Sum_Multiply.py",
  "candidate_file": "/home/hyc/LLMKernel/run/20251215_024803_batch_range31to55_openai_deepseek/42_ConvTranspose2d_GlobalAvgPool_BiasAdd_LogSumExp_Sum_Multiply/code/kernel_20251215_052958.py",
  "tolerance": 0.001,
  "max_abs_err": 0.0,
  "mean_abs_err": 0.0,
  "ref_latency_ms": {
    "avg": 19.856582641601562,
    "min": 19.8338565826416,
    "max": 19.877887725830078,
    "all": [
      19.8338565826416,
      19.846431732177734,
      19.85625648498535,
      19.877887725830078,
      19.868480682373047
    ]
  },
  "test_latency_ms": {
    "avg": 19.98548469543457,
    "min": 19.953535079956055,
    "max": 20.032320022583008,
    "all": [
      19.966655731201172,
      19.959808349609375,
      20.015104293823242,
      19.953535079956055,
      20.032320022583008
    ]
  },
  "num_runs": 5,
  "model_init_args": [
    64,
    128,
    3,
    [
      128,
      1,
      1
    ]
  ],
  "model_init_kwargs": {},
  "seed": 100,
  "align_stats": {
    "pair_aligner": 1,
    "copied_same_shape": 1,
    "mapped_shape": 0,
    "skipped": 0,
    "pair_key": "Model->ModelNew"
  },
  "runnable": true,
  "phase": "stage2_block_tiling",
  "pytorch_baseline_ms": 19.844300842285158,
  "score": 0.9929356803049332
}