{
  "timestamp": "2025-12-28T15:21:53",
  "reference_file": "KernelBench/tt/42_ConvTranspose2d_GlobalAvgPool_BiasAdd_LogSumExp_Sum_Multiply.py",
  "candidate_file": "/home/hyc/LLMKernel/run/20251228_142941_batch_range36to44_openai_deepseek/42_ConvTranspose2d_GlobalAvgPool_BiasAdd_LogSumExp_Sum_Multiply/code/kernel_20251228_152148.py",
  "tolerance": 1,
  "max_abs_err": 0.000431060791015625,
  "mean_abs_err": 0.0003025531768798828,
  "ref_latency_ms": {
    "avg": 22.16222724914551,
    "min": 22.132736206054688,
    "max": 22.228992462158203,
    "all": [
      22.228992462158203,
      22.161407470703125,
      22.132736206054688,
      22.13580894470215,
      22.152191162109375
    ]
  },
  "test_latency_ms": {
    "avg": 1.1711167812347412,
    "min": 1.1673599481582642,
    "max": 1.1766719818115234,
    "all": [
      1.1766719818115234,
      1.1704319715499878,
      1.1683839559555054,
      1.1673599481582642,
      1.1727360486984253
    ]
  },
  "num_runs": 5,
  "model_init_args": [
    64,
    128,
    3,
    [
      128,
      1,
      1
    ]
  ],
  "model_init_kwargs": {},
  "seed": 100,
  "align_stats": {
    "pair_aligner": 1,
    "copied_same_shape": 1,
    "mapped_shape": 0,
    "skipped": 0,
    "pair_key": "Model->ModelNew"
  },
  "runnable": true,
  "phase": "algorithm_optimized_seed1",
  "pytorch_baseline_ms": 22.154201889038085,
  "score": 18.91715859940141
}