{
  "timestamp": "2025-12-28T15:25:07",
  "reference_file": "KernelBench/tt/42_ConvTranspose2d_GlobalAvgPool_BiasAdd_LogSumExp_Sum_Multiply.py",
  "candidate_file": "/home/hyc/LLMKernel/run/20251228_142941_batch_range36to44_openai_deepseek/42_ConvTranspose2d_GlobalAvgPool_BiasAdd_LogSumExp_Sum_Multiply/code/kernel_20251228_152500.py",
  "tolerance": 1,
  "max_abs_err": 0.000431060791015625,
  "mean_abs_err": 0.00030231475830078125,
  "ref_latency_ms": {
    "avg": 22.1513729095459,
    "min": 22.137855529785156,
    "max": 22.169599533081055,
    "all": [
      22.155263900756836,
      22.151168823242188,
      22.137855529785156,
      22.142976760864258,
      22.169599533081055
    ]
  },
  "test_latency_ms": {
    "avg": 1.1812544345855713,
    "min": 1.1786240339279175,
    "max": 1.183616042137146,
    "all": [
      1.183616042137146,
      1.181663990020752,
      1.1806720495224,
      1.1786240339279175,
      1.1816960573196411
    ]
  },
  "num_runs": 5,
  "model_init_args": [
    64,
    128,
    3,
    [
      128,
      1,
      1
    ]
  ],
  "model_init_kwargs": {},
  "seed": 100,
  "align_stats": {
    "pair_aligner": 1,
    "copied_same_shape": 1,
    "mapped_shape": 0,
    "skipped": 0,
    "pair_key": "Model->ModelNew"
  },
  "runnable": true,
  "phase": "stage2_block_tiling",
  "pytorch_baseline_ms": 22.154201889038085,
  "score": 18.754809497761265
}