{
  "timestamp": "2025-12-15T05:18:02",
  "reference_file": "KernelBench/level2/42_ConvTranspose2d_GlobalAvgPool_BiasAdd_LogSumExp_Sum_Multiply.py",
  "candidate_file": "/home/hyc/LLMKernel/run/20251215_024803_batch_range31to55_openai_deepseek/42_ConvTranspose2d_GlobalAvgPool_BiasAdd_LogSumExp_Sum_Multiply/code/kernel_20251215_051757.py",
  "tolerance": 0.001,
  "max_abs_err": 7.62939453125e-06,
  "mean_abs_err": 7.152557373046875e-07,
  "ref_latency_ms": {
    "avg": 19.844300842285158,
    "min": 19.82156753540039,
    "max": 19.88096046447754,
    "all": [
      19.83795166015625,
      19.83897590637207,
      19.84204864501953,
      19.88096046447754,
      19.82156753540039
    ]
  },
  "test_latency_ms": {
    "avg": 41.393567657470705,
    "min": 41.35935974121094,
    "max": 41.430015563964844,
    "all": [
      41.35935974121094,
      41.430015563964844,
      41.40137481689453,
      41.36345672607422,
      41.413631439208984
    ]
  },
  "num_runs": 5,
  "model_init_args": [
    64,
    128,
    3,
    [
      128,
      1,
      1
    ]
  ],
  "model_init_kwargs": {},
  "seed": 100,
  "align_stats": {
    "pair_aligner": 1,
    "copied_same_shape": 1,
    "mapped_shape": 0,
    "skipped": 0,
    "pair_key": "Model->ModelNew"
  },
  "runnable": true,
  "phase": "seed",
  "score": 0.4794054237241776
}