{
  "timestamp": "2025-12-28T15:20:17",
  "reference_file": "KernelBench/tt/42_ConvTranspose2d_GlobalAvgPool_BiasAdd_LogSumExp_Sum_Multiply.py",
  "candidate_file": "/home/hyc/LLMKernel/run/20251228_142941_batch_range36to44_openai_deepseek/42_ConvTranspose2d_GlobalAvgPool_BiasAdd_LogSumExp_Sum_Multiply/code/kernel_20251228_152011.py",
  "tolerance": 1,
  "max_abs_err": 0.0,
  "mean_abs_err": 0.0,
  "ref_latency_ms": {
    "avg": 22.143795013427734,
    "min": 22.137855529785156,
    "max": 22.149120330810547,
    "all": [
      22.147071838378906,
      22.137855529785156,
      22.149120330810547,
      22.137855529785156,
      22.147071838378906
    ]
  },
  "test_latency_ms": {
    "avg": 1.1863807678222655,
    "min": 1.1796799898147583,
    "max": 1.1980799436569214,
    "all": [
      1.1980799436569214,
      1.1847679615020752,
      1.181439995765686,
      1.1796799898147583,
      1.1879359483718872
    ]
  },
  "num_runs": 5,
  "model_init_args": [
    64,
    128,
    3,
    [
      128,
      1,
      1
    ]
  ],
  "model_init_kwargs": {},
  "seed": 100,
  "align_stats": {
    "pair_aligner": 1,
    "copied_same_shape": 1,
    "mapped_shape": 0,
    "skipped": 0,
    "pair_key": "Model->ModelNew"
  },
  "runnable": true,
  "phase": "algorithm_optimized_seed0",
  "pytorch_baseline_ms": 22.154201889038085,
  "score": 18.673770251438413
}