{
  "timestamp": "2025-12-15T05:34:56",
  "reference_file": "KernelBench/level2/42_ConvTranspose2d_GlobalAvgPool_BiasAdd_LogSumExp_Sum_Multiply.py",
  "candidate_file": "/home/hyc/LLMKernel/run/20251215_024803_batch_range31to55_openai_deepseek/42_ConvTranspose2d_GlobalAvgPool_BiasAdd_LogSumExp_Sum_Multiply/code/kernel_20251215_053449.py",
  "tolerance": 0.001,
  "max_abs_err": 0.0,
  "mean_abs_err": 0.0,
  "ref_latency_ms": {
    "avg": 19.869549179077147,
    "min": 19.862720489501953,
    "max": 19.88198471069336,
    "all": [
      19.862720489501953,
      19.86457633972168,
      19.870624542236328,
      19.88198471069336,
      19.867839813232422
    ]
  },
  "test_latency_ms": {
    "avg": 20.135321807861327,
    "min": 20.101119995117188,
    "max": 20.186111450195312,
    "all": [
      20.120576858520508,
      20.186111450195312,
      20.133888244628906,
      20.134912490844727,
      20.101119995117188
    ]
  },
  "num_runs": 5,
  "model_init_args": [
    64,
    128,
    3,
    [
      128,
      1,
      1
    ]
  ],
  "model_init_kwargs": {},
  "seed": 100,
  "align_stats": {
    "pair_aligner": 1,
    "copied_same_shape": 1,
    "mapped_shape": 0,
    "skipped": 0,
    "pair_key": "Model->ModelNew"
  },
  "runnable": true,
  "phase": "stage3_memory_access",
  "pytorch_baseline_ms": 19.844300842285158,
  "score": 0.9855467437593897
}