{
  "timestamp": "2025-12-28T15:15:27",
  "reference_file": "KernelBench/tt/42_ConvTranspose2d_GlobalAvgPool_BiasAdd_LogSumExp_Sum_Multiply.py",
  "candidate_file": "/home/hyc/LLMKernel/run/20251228_142941_batch_range36to44_openai_deepseek/42_ConvTranspose2d_GlobalAvgPool_BiasAdd_LogSumExp_Sum_Multiply/code/kernel_20251228_151522.py",
  "tolerance": 1,
  "max_abs_err": 0.0,
  "mean_abs_err": 0.0,
  "ref_latency_ms": {
    "avg": 22.222521591186524,
    "min": 22.153215408325195,
    "max": 22.268800735473633,
    "all": [
      22.264543533325195,
      22.244159698486328,
      22.268800735473633,
      22.181888580322266,
      22.153215408325195
    ]
  },
  "test_latency_ms": {
    "avg": 22.236729431152344,
    "min": 22.220991134643555,
    "max": 22.258399963378906,
    "all": [
      22.258399963378906,
      22.243328094482422,
      22.220991134643555,
      22.223743438720703,
      22.237184524536133
    ]
  },
  "num_runs": 5,
  "model_init_args": [
    64,
    128,
    3,
    [
      128,
      1,
      1
    ]
  ],
  "model_init_kwargs": {},
  "seed": 100,
  "align_stats": {
    "pair_aligner": 1,
    "copied_same_shape": 1,
    "mapped_shape": 0,
    "skipped": 0,
    "pair_key": "Model->ModelNew"
  },
  "runnable": true,
  "phase": "seed_0_repair_1",
  "score": 0.9993610643143449
}