{
  "timestamp": "2025-12-15T07:23:01",
  "reference_file": "KernelBench/level2/28_BMM_InstanceNorm_Sum_ResidualAdd_Multiply.py",
  "candidate_file": "/home/hyc/LLMKernel/run/20251215_070855_batch_range26to30_openai_deepseek/28_BMM_InstanceNorm_Sum_ResidualAdd_Multiply/code/kernel_20251215_072254.py",
  "tolerance": 0.001,
  "max_abs_err": 0.00131988525390625,
  "mean_abs_err": 0.00010566200216999277,
  "ref_latency_ms": {
    "avg": 3.525881624221802,
    "min": 3.518752098083496,
    "max": 3.5399680137634277,
    "all": [
      3.5399680137634277,
      3.522495985031128,
      3.521536111831665,
      3.518752098083496,
      3.526655912399292
    ]
  },
  "test_latency_ms": {
    "avg": 3.977375936508179,
    "min": 3.8686718940734863,
    "max": 4.019199848175049,
    "all": [
      4.014080047607422,
      4.015999794006348,
      4.019199848175049,
      3.968928098678589,
      3.8686718940734863
    ]
  },
  "num_runs": 5,
  "model_init_args": [
    8192,
    8192
  ],
  "model_init_kwargs": {},
  "seed": 100,
  "align_stats": {
    "copied_same_shape": 0,
    "unique_shape_copied": 2,
    "mapped_shape": 0,
    "skipped": 0,
    "pair_aligner": 0,
    "pair_key": "Model->ModelNew"
  },
  "runnable": true,
  "phase": "stage3_memory_access",
  "pytorch_baseline_ms": 3.5673599243164062,
  "score": 0.8969129348754158
}