{
  "timestamp": "2025-12-15T07:24:24",
  "reference_file": "KernelBench/level2/28_BMM_InstanceNorm_Sum_ResidualAdd_Multiply.py",
  "candidate_file": "/home/hyc/LLMKernel/run/20251215_070855_batch_range26to30_openai_deepseek/28_BMM_InstanceNorm_Sum_ResidualAdd_Multiply/code/kernel_20251215_072418.py",
  "tolerance": 0.001,
  "max_abs_err": 0.001323699951171875,
  "mean_abs_err": 0.00010566214768914506,
  "ref_latency_ms": {
    "avg": 3.531289577484131,
    "min": 3.523519992828369,
    "max": 3.5439999103546143,
    "all": [
      3.5439999103546143,
      3.5294721126556396,
      3.523519992828369,
      3.5246078968048096,
      3.5348479747772217
    ]
  },
  "test_latency_ms": {
    "avg": 3.8604735851287844,
    "min": 3.8502399921417236,
    "max": 3.8696959018707275,
    "all": [
      3.8502399921417236,
      3.8613760471343994,
      3.8595519065856934,
      3.861504077911377,
      3.8696959018707275
    ]
  },
  "num_runs": 5,
  "model_init_args": [
    8192,
    8192
  ],
  "model_init_kwargs": {},
  "seed": 100,
  "align_stats": {
    "copied_same_shape": 0,
    "unique_shape_copied": 2,
    "mapped_shape": 0,
    "skipped": 0,
    "pair_aligner": 0,
    "pair_key": "Model->ModelNew"
  },
  "runnable": true,
  "phase": "stage4_advanced_memory",
  "pytorch_baseline_ms": 3.5673599243164062,
  "score": 0.924073133943591
}