{
  "timestamp": "2025-12-15T07:18:14",
  "reference_file": "KernelBench/level2/28_BMM_InstanceNorm_Sum_ResidualAdd_Multiply.py",
  "candidate_file": "/home/hyc/LLMKernel/run/20251215_070855_batch_range26to30_openai_deepseek/28_BMM_InstanceNorm_Sum_ResidualAdd_Multiply/code/kernel_20251215_071808.py",
  "tolerance": 0.001,
  "max_abs_err": 0.00131988525390625,
  "mean_abs_err": 0.00010566213313722983,
  "ref_latency_ms": {
    "avg": 3.5673599243164062,
    "min": 3.560447931289673,
    "max": 3.5880959033966064,
    "all": [
      3.5880959033966064,
      3.561471939086914,
      3.560447931289673,
      3.561471939086914,
      3.565311908721924
    ]
  },
  "test_latency_ms": {
    "avg": 4.981196784973145,
    "min": 4.8957438468933105,
    "max": 5.108960151672363,
    "all": [
      5.108960151672363,
      5.100543975830078,
      4.8957438468933105,
      4.898848056793213,
      4.901887893676758
    ]
  },
  "num_runs": 5,
  "model_init_args": [
    8192,
    8192
  ],
  "model_init_kwargs": {},
  "seed": 100,
  "align_stats": {
    "copied_same_shape": 0,
    "unique_shape_copied": 2,
    "mapped_shape": 0,
    "skipped": 0,
    "pair_aligner": 0,
    "pair_key": "Model->ModelNew"
  },
  "runnable": true,
  "phase": "seed",
  "score": 0.7161652266134351
}