{
  "timestamp": "2025-12-15T07:21:08",
  "reference_file": "KernelBench/level2/28_BMM_InstanceNorm_Sum_ResidualAdd_Multiply.py",
  "candidate_file": "/home/hyc/LLMKernel/run/20251215_070855_batch_range26to30_openai_deepseek/28_BMM_InstanceNorm_Sum_ResidualAdd_Multiply/code/kernel_20251215_072102.py",
  "tolerance": 0.001,
  "max_abs_err": 0.001323699951171875,
  "mean_abs_err": 0.00010566214768914506,
  "ref_latency_ms": {
    "avg": 3.528940773010254,
    "min": 3.525536060333252,
    "max": 3.537152051925659,
    "all": [
      3.537152051925659,
      3.527679920196533,
      3.525536060333252,
      3.525631904602051,
      3.5287039279937744
    ]
  },
  "test_latency_ms": {
    "avg": 5.201369571685791,
    "min": 5.091328144073486,
    "max": 5.264383792877197,
    "all": [
      5.264383792877197,
      5.219327926635742,
      5.218495845794678,
      5.213312149047852,
      5.091328144073486
    ]
  },
  "num_runs": 5,
  "model_init_args": [
    8192,
    8192
  ],
  "model_init_kwargs": {},
  "seed": 100,
  "align_stats": {
    "copied_same_shape": 0,
    "unique_shape_copied": 2,
    "mapped_shape": 0,
    "skipped": 0,
    "pair_aligner": 0,
    "pair_key": "Model->ModelNew"
  },
  "runnable": true,
  "phase": "stage2_block_tiling",
  "pytorch_baseline_ms": 3.5673599243164062,
  "score": 0.6858501160416883
}