{
  "timestamp": "2025-12-15T07:20:08",
  "reference_file": "KernelBench/level2/28_BMM_InstanceNorm_Sum_ResidualAdd_Multiply.py",
  "candidate_file": "/home/hyc/LLMKernel/run/20251215_070855_batch_range26to30_openai_deepseek/28_BMM_InstanceNorm_Sum_ResidualAdd_Multiply/code/kernel_20251215_072003.py",
  "tolerance": 0.001,
  "max_abs_err": 0.001323699951171875,
  "mean_abs_err": 0.00010566214768914506,
  "ref_latency_ms": {
    "avg": 3.440223979949951,
    "min": 3.4314239025115967,
    "max": 3.457024097442627,
    "all": [
      3.457024097442627,
      3.438591957092285,
      3.4385600090026855,
      3.4314239025115967,
      3.4355199337005615
    ]
  },
  "test_latency_ms": {
    "avg": 4.937894439697265,
    "min": 4.882431983947754,
    "max": 5.142528057098389,
    "all": [
      5.142528057098389,
      4.882431983947754,
      4.886528015136719,
      4.888576030731201,
      4.889408111572266
    ]
  },
  "num_runs": 5,
  "model_init_args": [
    8192,
    8192
  ],
  "model_init_kwargs": {},
  "seed": 100,
  "align_stats": {
    "copied_same_shape": 0,
    "unique_shape_copied": 2,
    "mapped_shape": 0,
    "skipped": 0,
    "pair_aligner": 0,
    "pair_key": "Model->ModelNew"
  },
  "runnable": true,
  "phase": "stage1_grid_and_parallel",
  "pytorch_baseline_ms": 3.5673599243164062,
  "score": 0.722445562148371
}