{
  "timestamp": "2025-12-11T19:38:47",
  "reference_file": "KernelBench/level1/1_Square_matrix_multiplication_.py",
  "candidate_file": "/home/hyc/LLMKernel/run/20251211_193606_1_Square_matrix_multiplication__deepseek_deepseek/1_Square_matrix_multiplication_/code/kernel_20251211_193843.py",
  "tolerance": 0.001,
  "max_abs_err": 0.0615234375,
  "mean_abs_err": 0.04275870323181152,
  "ref_latency_ms": {
    "avg": 2.430297613143921,
    "min": 2.4248321056365967,
    "max": 2.4350719451904297,
    "all": [
      2.4248321056365967,
      2.426176071166992,
      2.4347519874572754,
      2.4350719451904297,
      2.4306559562683105
    ]
  },
  "test_latency_ms": {
    "avg": 1.2670591831207276,
    "min": 1.2615679502487183,
    "max": 1.2840960025787354,
    "all": [
      1.2615679502487183,
      1.2654720544815063,
      1.2615679502487183,
      1.2625919580459595,
      1.2840960025787354
    ]
  },
  "num_runs": 5,
  "model_init_args": [],
  "model_init_kwargs": {},
  "seed": 100,
  "align_stats": {
    "copied_same_shape": 0,
    "unique_shape_copied": 0,
    "mapped_shape": 0,
    "skipped": 0,
    "pair_aligner": 0,
    "pair_key": "Model->ModelNew"
  },
  "runnable": true,
  "phase": "seed",
  "score": 1.918061638729592
}