{
  "timestamp": "2025-12-11T19:55:14",
  "reference_file": "KernelBench/level1/1_Square_matrix_multiplication_.py",
  "candidate_file": "/home/hyc/LLMKernel/run/20251211_193606_1_Square_matrix_multiplication__deepseek_deepseek/1_Square_matrix_multiplication_/code/kernel_20251211_195509.py",
  "tolerance": 0.001,
  "max_abs_err": 0.0615234375,
  "mean_abs_err": 0.04275870323181152,
  "ref_latency_ms": {
    "avg": 2.5145023822784425,
    "min": 2.50163197517395,
    "max": 2.527071952819824,
    "all": [
      2.515968084335327,
      2.5036799907684326,
      2.527071952819824,
      2.5241599082946777,
      2.50163197517395
    ]
  },
  "test_latency_ms": {
    "avg": 1.2002879619598388,
    "min": 1.1978559494018555,
    "max": 1.2042239904403687,
    "all": [
      1.2021759748458862,
      1.1980799436569214,
      1.1991039514541626,
      1.1978559494018555,
      1.2042239904403687
    ]
  },
  "num_runs": 5,
  "model_init_args": [],
  "model_init_kwargs": {},
  "seed": 100,
  "align_stats": {
    "copied_same_shape": 0,
    "unique_shape_copied": 0,
    "mapped_shape": 0,
    "skipped": 0,
    "pair_aligner": 0,
    "pair_key": "Model->ModelNew"
  },
  "runnable": true,
  "phase": "stage3_memory_access",
  "pytorch_baseline_ms": 2.430297613143921,
  "score": 2.0247621322267646
}