{
  "timestamp": "2025-12-11T19:52:00",
  "reference_file": "KernelBench/level1/1_Square_matrix_multiplication_.py",
  "candidate_file": "/home/hyc/LLMKernel/run/20251211_193606_1_Square_matrix_multiplication__deepseek_deepseek/1_Square_matrix_multiplication_/code/kernel_20251211_195154.py",
  "tolerance": 0.001,
  "max_abs_err": 0.0615234375,
  "mean_abs_err": 0.04275870323181152,
  "ref_latency_ms": {
    "avg": 2.5114112377166746,
    "min": 2.503551959991455,
    "max": 2.520064115524292,
    "all": [
      2.5189120769500732,
      2.505728006362915,
      2.5088000297546387,
      2.520064115524292,
      2.503551959991455
    ]
  },
  "test_latency_ms": {
    "avg": 1.2241343975067138,
    "min": 1.1991039514541626,
    "max": 1.2451839447021484,
    "all": [
      1.2451839447021484,
      1.2423360347747803,
      1.2288000583648682,
      1.1991039514541626,
      1.2052479982376099
    ]
  },
  "num_runs": 5,
  "model_init_args": [],
  "model_init_kwargs": {},
  "seed": 100,
  "align_stats": {
    "copied_same_shape": 0,
    "unique_shape_copied": 0,
    "mapped_shape": 0,
    "skipped": 0,
    "pair_aligner": 0,
    "pair_key": "Model->ModelNew"
  },
  "runnable": true,
  "phase": "stage2_block_tiling",
  "pytorch_baseline_ms": 2.430297613143921,
  "score": 1.985319273842717
}