{
  "timestamp": "2025-12-11T19:49:23",
  "reference_file": "KernelBench/level1/1_Square_matrix_multiplication_.py",
  "candidate_file": "/home/hyc/LLMKernel/run/20251211_193606_1_Square_matrix_multiplication__deepseek_deepseek/1_Square_matrix_multiplication_/code/kernel_20251211_194917.py",
  "tolerance": 0.001,
  "max_abs_err": 0.7513427734375,
  "mean_abs_err": 0.7145992517471313,
  "ref_latency_ms": {
    "avg": 2.500153636932373,
    "min": 2.484096050262451,
    "max": 2.523008108139038,
    "all": [
      2.4893438816070557,
      2.491424083709717,
      2.484096050262451,
      2.5128960609436035,
      2.523008108139038
    ]
  },
  "test_latency_ms": {
    "avg": 1.7190016031265258,
    "min": 1.716480016708374,
    "max": 1.7223680019378662,
    "all": [
      1.7223680019378662,
      1.7192959785461426,
      1.716480016708374,
      1.7165440320968628,
      1.7203199863433838
    ]
  },
  "num_runs": 5,
  "model_init_args": [],
  "model_init_kwargs": {},
  "seed": 100,
  "align_stats": {
    "copied_same_shape": 0,
    "unique_shape_copied": 0,
    "mapped_shape": 0,
    "skipped": 0,
    "pair_aligner": 0,
    "pair_key": "Model->ModelNew"
  },
  "runnable": true,
  "phase": "stage1_repair",
  "pytorch_baseline_ms": 2.430297613143921,
  "score": 1.4137843785158126
}