{
  "timestamp": "2025-12-16T06:06:56",
  "reference_file": "KernelBench/level3/43_MinGPTCausalAttention.py",
  "candidate_file": "/home/hyc/LLMKernel/run/20251216_051553_batch_range34to50_openai_deepseek/43_MinGPTCausalAttention/code/kernel_20251216_060650.py",
  "tolerance": 0.1,
  "max_abs_err": 5.066394805908203e-07,
  "mean_abs_err": 5.226604926633627e-08,
  "ref_latency_ms": {
    "avg": 23.737471771240234,
    "min": 23.70457649230957,
    "max": 23.764991760253906,
    "all": [
      23.764991760253906,
      23.70457649230957,
      23.75766372680664,
      23.731199264526367,
      23.728927612304688
    ]
  },
  "test_latency_ms": {
    "avg": 43.04076156616211,
    "min": 42.91993713378906,
    "max": 43.09926223754883,
    "all": [
      43.01398468017578,
      43.09926223754883,
      43.094017028808594,
      42.91993713378906,
      43.07660675048828
    ]
  },
  "num_runs": 5,
  "model_init_args": [
    768,
    8,
    0.0,
    0.0,
    1024
  ],
  "model_init_kwargs": {},
  "seed": 100,
  "align_stats": {
    "copied_same_shape": 5,
    "unique_shape_copied": 0,
    "mapped_shape": 0,
    "skipped": 0,
    "pair_aligner": 0,
    "pair_key": "Model->ModelNew"
  },
  "runnable": true,
  "phase": "seed_repair",
  "score": 0.5515114256226873
}