{
  "timestamp": "2025-12-16T06:10:43",
  "reference_file": "KernelBench/level3/43_MinGPTCausalAttention.py",
  "candidate_file": "/home/hyc/LLMKernel/run/20251216_051553_batch_range34to50_openai_deepseek/43_MinGPTCausalAttention/code/kernel_20251216_061035.py",
  "tolerance": 0.1,
  "max_abs_err": 0.00033020973205566406,
  "mean_abs_err": 8.553890802431852e-05,
  "ref_latency_ms": {
    "avg": 23.75556526184082,
    "min": 23.73017692565918,
    "max": 23.772159576416016,
    "all": [
      23.772159576416016,
      23.758848190307617,
      23.76291275024414,
      23.73017692565918,
      23.75372886657715
    ]
  },
  "test_latency_ms": {
    "avg": 12.899443054199219,
    "min": 12.888799667358398,
    "max": 12.917759895324707,
    "all": [
      12.917759895324707,
      12.897279739379883,
      12.888799667358398,
      12.894047737121582,
      12.899328231811523
    ]
  },
  "num_runs": 5,
  "model_init_args": [
    768,
    8,
    0.0,
    0.0,
    1024
  ],
  "model_init_kwargs": {},
  "seed": 100,
  "align_stats": {
    "copied_same_shape": 5,
    "unique_shape_copied": 0,
    "mapped_shape": 0,
    "skipped": 0,
    "pair_aligner": 0,
    "pair_key": "Model->ModelNew"
  },
  "runnable": true,
  "phase": "stage2_repair",
  "pytorch_baseline_ms": 23.737471771240234,
  "score": 1.8401935394809823
}