{
  "timestamp": "2025-12-16T06:14:22",
  "reference_file": "KernelBench/level3/43_MinGPTCausalAttention.py",
  "candidate_file": "/home/hyc/LLMKernel/run/20251216_051553_batch_range34to50_openai_deepseek/43_MinGPTCausalAttention/code/kernel_20251216_061413.py",
  "tolerance": 0.1,
  "max_abs_err": 0.00033020973205566406,
  "mean_abs_err": 8.553890802431852e-05,
  "ref_latency_ms": {
    "avg": 23.76817970275879,
    "min": 23.752511978149414,
    "max": 23.793664932250977,
    "all": [
      23.793664932250977,
      23.757823944091797,
      23.752511978149414,
      23.777280807495117,
      23.75961685180664
    ]
  },
  "test_latency_ms": {
    "avg": 13.425830268859864,
    "min": 13.37343978881836,
    "max": 13.489248275756836,
    "all": [
      13.489248275756836,
      13.37343978881836,
      13.468671798706055,
      13.389727592468262,
      13.408063888549805
    ]
  },
  "num_runs": 5,
  "model_init_args": [
    768,
    8,
    0.0,
    0.0,
    1024
  ],
  "model_init_kwargs": {},
  "seed": 100,
  "align_stats": {
    "copied_same_shape": 5,
    "unique_shape_copied": 0,
    "mapped_shape": 0,
    "skipped": 0,
    "pair_aligner": 0,
    "pair_key": "Model->ModelNew"
  },
  "runnable": true,
  "phase": "stage4_repair",
  "pytorch_baseline_ms": 23.737471771240234,
  "score": 1.7680449771733966
}