{
  "timestamp": "2025-12-16T06:12:47",
  "reference_file": "KernelBench/level3/43_MinGPTCausalAttention.py",
  "candidate_file": "/home/hyc/LLMKernel/run/20251216_051553_batch_range34to50_openai_deepseek/43_MinGPTCausalAttention/code/kernel_20251216_061238.py",
  "tolerance": 0.1,
  "max_abs_err": 0.00033020973205566406,
  "mean_abs_err": 8.553890802431852e-05,
  "ref_latency_ms": {
    "avg": 23.731858825683595,
    "min": 23.70867156982422,
    "max": 23.765823364257812,
    "all": [
      23.765823364257812,
      23.742624282836914,
      23.719167709350586,
      23.723007202148438,
      23.70867156982422
    ]
  },
  "test_latency_ms": {
    "avg": 12.854476737976075,
    "min": 12.84607982635498,
    "max": 12.86348819732666,
    "all": [
      12.856255531311035,
      12.85632038116455,
      12.86348819732666,
      12.84607982635498,
      12.850239753723145
    ]
  },
  "num_runs": 5,
  "model_init_args": [
    768,
    8,
    0.0,
    0.0,
    1024
  ],
  "model_init_kwargs": {},
  "seed": 100,
  "align_stats": {
    "copied_same_shape": 5,
    "unique_shape_copied": 0,
    "mapped_shape": 0,
    "skipped": 0,
    "pair_aligner": 0,
    "pair_key": "Model->ModelNew"
  },
  "runnable": true,
  "phase": "stage3_repair",
  "pytorch_baseline_ms": 23.737471771240234,
  "score": 1.8466307306864111
}