{
  "timestamp": "2025-12-16T06:09:04",
  "reference_file": "KernelBench/level3/43_MinGPTCausalAttention.py",
  "candidate_file": "/home/hyc/LLMKernel/run/20251216_051553_batch_range34to50_openai_deepseek/43_MinGPTCausalAttention/code/kernel_20251216_060858.py",
  "tolerance": 0.1,
  "max_abs_err": 0.00033020973205566406,
  "mean_abs_err": 8.562488073948771e-05,
  "ref_latency_ms": {
    "avg": 23.783481979370116,
    "min": 23.78006362915039,
    "max": 23.789567947387695,
    "all": [
      23.780288696289062,
      23.78316879272461,
      23.784320831298828,
      23.789567947387695,
      23.78006362915039
    ]
  },
  "test_latency_ms": {
    "avg": 40.41401672363281,
    "min": 40.394752502441406,
    "max": 40.43475341796875,
    "all": [
      40.40806579589844,
      40.43475341796875,
      40.43059158325195,
      40.401920318603516,
      40.394752502441406
    ]
  },
  "num_runs": 5,
  "model_init_args": [
    768,
    8,
    0.0,
    0.0,
    1024
  ],
  "model_init_kwargs": {},
  "seed": 100,
  "align_stats": {
    "copied_same_shape": 5,
    "unique_shape_copied": 0,
    "mapped_shape": 0,
    "skipped": 0,
    "pair_aligner": 0,
    "pair_key": "Model->ModelNew"
  },
  "runnable": true,
  "phase": "stage1_repair",
  "pytorch_baseline_ms": 23.737471771240234,
  "score": 0.5873573996261383
}