{
  "timestamp": "2025-12-13T00:54:52",
  "reference_file": "KernelBench/level1/30_Softsign.py",
  "candidate_file": "/home/hyc/LLMKernel/run/20251212_170043_batch_range5to40_deepseek_deepseek/30_Softsign/code/kernel_20251213_005439.py",
  "tolerance": 0.001,
  "max_abs_err": 5.960464477539063e-08,
  "mean_abs_err": 8.333186585218755e-09,
  "ref_latency_ms": {
    "avg": 55.6170051574707,
    "min": 55.60835266113281,
    "max": 55.636993408203125,
    "all": [
      55.636993408203125,
      55.611263275146484,
      55.60835266113281,
      55.61520004272461,
      55.613216400146484
    ]
  },
  "test_latency_ms": {
    "avg": 24.234233093261718,
    "min": 24.229759216308594,
    "max": 24.24355125427246,
    "all": [
      24.24355125427246,
      24.235008239746094,
      24.231935501098633,
      24.229759216308594,
      24.230911254882812
    ]
  },
  "num_runs": 5,
  "model_init_args": [],
  "model_init_kwargs": {},
  "seed": 100,
  "align_stats": {
    "copied_same_shape": 0,
    "unique_shape_copied": 0,
    "mapped_shape": 0,
    "skipped": 0,
    "pair_aligner": 0,
    "pair_key": "Model->ModelNew"
  },
  "runnable": true,
  "phase": "stage1_repair",
  "pytorch_baseline_ms": 55.61880874633789,
  "score": 2.295051323980316
}