{
  "timestamp": "2025-12-13T00:48:14",
  "reference_file": "KernelBench/level1/30_Softsign.py",
  "candidate_file": "/home/hyc/LLMKernel/run/20251212_170043_batch_range5to40_deepseek_deepseek/30_Softsign/code/kernel_20251213_004801.py",
  "tolerance": 0.001,
  "max_abs_err": 5.960464477539063e-08,
  "mean_abs_err": 8.333186585218755e-09,
  "ref_latency_ms": {
    "avg": 55.61880874633789,
    "min": 55.601470947265625,
    "max": 55.63075256347656,
    "all": [
      55.63075256347656,
      55.62470245361328,
      55.61548614501953,
      55.62163162231445,
      55.601470947265625
    ]
  },
  "test_latency_ms": {
    "avg": 20.71714553833008,
    "min": 20.712383270263672,
    "max": 20.733951568603516,
    "all": [
      20.712448120117188,
      20.712383270263672,
      20.733951568603516,
      20.712448120117188,
      20.714496612548828
    ]
  },
  "num_runs": 5,
  "model_init_args": [],
  "model_init_kwargs": {},
  "seed": 100,
  "align_stats": {
    "copied_same_shape": 0,
    "unique_shape_copied": 0,
    "mapped_shape": 0,
    "skipped": 0,
    "pair_aligner": 0,
    "pair_key": "Model->ModelNew"
  },
  "runnable": true,
  "phase": "seed",
  "score": 2.6846752919428054
}