{
  "timestamp": "2025-12-13T01:09:08",
  "reference_file": "KernelBench/level1/30_Softsign.py",
  "candidate_file": "/home/hyc/LLMKernel/run/20251212_170043_batch_range5to40_deepseek_deepseek/30_Softsign/code/kernel_20251213_010855.py",
  "tolerance": 0.001,
  "max_abs_err": 5.960464477539063e-08,
  "mean_abs_err": 8.333186585218755e-09,
  "ref_latency_ms": {
    "avg": 55.61766357421875,
    "min": 55.609344482421875,
    "max": 55.63187026977539,
    "all": [
      55.63187026977539,
      55.61548614501953,
      55.609344482421875,
      55.61616134643555,
      55.615455627441406
    ]
  },
  "test_latency_ms": {
    "avg": 20.658092880249022,
    "min": 20.6561279296875,
    "max": 20.65987205505371,
    "all": [
      20.65920066833496,
      20.65987205505371,
      20.6561279296875,
      20.6561279296875,
      20.659135818481445
    ]
  },
  "num_runs": 5,
  "model_init_args": [],
  "model_init_kwargs": {},
  "seed": 100,
  "align_stats": {
    "copied_same_shape": 0,
    "unique_shape_copied": 0,
    "mapped_shape": 0,
    "skipped": 0,
    "pair_aligner": 0,
    "pair_key": "Model->ModelNew"
  },
  "runnable": true,
  "phase": "stage4_repair",
  "pytorch_baseline_ms": 55.61880874633789,
  "score": 2.69234963114695
}