{
  "timestamp": "2025-12-13T10:01:42",
  "reference_file": "KernelBench/level1_low_score/52_Argmin_over_a_dimension.py",
  "candidate_file": "/home/hyc/LLMKernel/run/20251213_092218_batch_range49to66_openai_deepseek/52_Argmin_over_a_dimension/code/kernel_20251213_100125.py",
  "tolerance": 0.001,
  "max_abs_err": 0,
  "mean_abs_err": 0.0,
  "ref_latency_ms": {
    "avg": 9.990566444396972,
    "min": 9.967616081237793,
    "max": 10.02291202545166,
    "all": [
      9.979904174804688,
      9.967616081237793,
      9.972800254821777,
      10.02291202545166,
      10.009599685668945
    ]
  },
  "test_latency_ms": {
    "avg": 10.673151969909668,
    "min": 10.65881633758545,
    "max": 10.681344032287598,
    "all": [
      10.676223754882812,
      10.681344032287598,
      10.65881633758545,
      10.679295539855957,
      10.670080184936523
    ]
  },
  "num_runs": 5,
  "model_init_args": [
    1
  ],
  "model_init_kwargs": {},
  "seed": 100,
  "align_stats": {
    "copied_same_shape": 0,
    "unique_shape_copied": 0,
    "mapped_shape": 0,
    "skipped": 0,
    "pair_aligner": 0,
    "pair_key": "Model->ModelNew"
  },
  "runnable": true,
  "phase": "stage1_repair",
  "pytorch_baseline_ms": 9.982137489318848,
  "score": 0.9352567561542302
}