{
  "timestamp": "2025-12-13T09:58:53",
  "reference_file": "KernelBench/level1_low_score/52_Argmin_over_a_dimension.py",
  "candidate_file": "/home/hyc/LLMKernel/run/20251213_092218_batch_range49to66_openai_deepseek/52_Argmin_over_a_dimension/code/kernel_20251213_095834.py",
  "tolerance": 0.001,
  "max_abs_err": 0,
  "mean_abs_err": 0.0,
  "ref_latency_ms": {
    "avg": 9.982137489318848,
    "min": 9.94918441772461,
    "max": 10.014623641967773,
    "all": [
      9.94918441772461,
      9.955327987670898,
      10.014623641967773,
      9.993215560913086,
      9.998335838317871
    ]
  },
  "test_latency_ms": {
    "avg": 11.24567699432373,
    "min": 11.225088119506836,
    "max": 11.29145622253418,
    "all": [
      11.239423751831055,
      11.234304428100586,
      11.225088119506836,
      11.29145622253418,
      11.238112449645996
    ]
  },
  "num_runs": 5,
  "model_init_args": [
    1
  ],
  "model_init_kwargs": {},
  "seed": 100,
  "align_stats": {
    "copied_same_shape": 0,
    "unique_shape_copied": 0,
    "mapped_shape": 0,
    "skipped": 0,
    "pair_aligner": 0,
    "pair_key": "Model->ModelNew"
  },
  "runnable": true,
  "phase": "seed",
  "score": 0.8876422019196661
}