{
  "timestamp": "2025-12-23T07:47:41",
  "reference_file": "KernelBench/level3/30_SwinTransformerV2.py",
  "candidate_file": "/home/hyc/LLMKernel/run/20251223_073605_30_SwinTransformerV2_openai_deepseek/30_SwinTransformerV2/code/kernel_20251223_074721.py",
  "tolerance": 1,
  "max_abs_err": 0.0026764869689941406,
  "mean_abs_err": 0.0005636427085846663,
  "ref_latency_ms": {
    "avg": 16.41323585510254,
    "min": 16.312320709228516,
    "max": 16.468992233276367,
    "all": [
      16.468992233276367,
      16.382720947265625,
      16.312320709228516,
      16.462848663330078,
      16.43929672241211
    ]
  },
  "test_latency_ms": {
    "avg": 14.161881637573241,
    "min": 14.070783615112305,
    "max": 14.278656005859375,
    "all": [
      14.244864463806152,
      14.278656005859375,
      14.070783615112305,
      14.088191986083984,
      14.126912117004395
    ]
  },
  "num_runs": 5,
  "model_init_args": [],
  "model_init_kwargs": {},
  "seed": 100,
  "align_stats": {
    "pair_aligner": 1,
    "copied_same_shape": 1,
    "mapped_shape": 0,
    "skipped": 0,
    "pair_key": "Model->ModelNew"
  },
  "runnable": true,
  "phase": "stage2_block_tiling_repair",
  "pytorch_baseline_ms": 15.967052841186524,
  "score": 1.1274669037498475
}