{
  "timestamp": "2025-12-23T07:38:43",
  "reference_file": "KernelBench/level3/30_SwinTransformerV2.py",
  "candidate_file": "/home/hyc/LLMKernel/run/20251223_073605_30_SwinTransformerV2_openai_deepseek/30_SwinTransformerV2/code/kernel_20251223_073837.py",
  "tolerance": 1,
  "max_abs_err": 0.0027234554290771484,
  "mean_abs_err": 0.0005532302893698215,
  "ref_latency_ms": {
    "avg": 15.967052841186524,
    "min": 15.943679809570312,
    "max": 15.98857593536377,
    "all": [
      15.965184211730957,
      15.98857593536377,
      15.955103874206543,
      15.943679809570312,
      15.982720375061035
    ]
  },
  "test_latency_ms": {
    "avg": 15.880633544921874,
    "min": 15.848447799682617,
    "max": 15.902848243713379,
    "all": [
      15.902848243713379,
      15.895551681518555,
      15.848447799682617,
      15.858688354492188,
      15.897631645202637
    ]
  },
  "num_runs": 5,
  "model_init_args": [],
  "model_init_kwargs": {},
  "seed": 100,
  "align_stats": {
    "pair_aligner": 1,
    "copied_same_shape": 1,
    "mapped_shape": 0,
    "skipped": 0,
    "pair_key": "Model->ModelNew"
  },
  "runnable": true,
  "phase": "seed_0",
  "score": 1.0054418040703599
}