{
  "timestamp": "2025-12-16T06:01:39",
  "reference_file": "KernelBench/level3/30_SwinTransformerV2.py",
  "candidate_file": "/home/hyc/LLMKernel/run/20251216_051549_batch_range18to33_openai_deepseek/30_SwinTransformerV2/code/kernel_20251216_060127.py",
  "tolerance": 0.1,
  "max_abs_err": 0.002643764019012451,
  "mean_abs_err": 0.0005569208296947181,
  "ref_latency_ms": {
    "avg": 19.625132751464843,
    "min": 19.56220817565918,
    "max": 19.68230438232422,
    "all": [
      19.62611198425293,
      19.665727615356445,
      19.56220817565918,
      19.68230438232422,
      19.589311599731445
    ]
  },
  "test_latency_ms": {
    "avg": 19.502470397949217,
    "min": 19.46214485168457,
    "max": 19.551231384277344,
    "all": [
      19.551231384277344,
      19.54092788696289,
      19.46214485168457,
      19.46623992919922,
      19.49180793762207
    ]
  },
  "num_runs": 5,
  "model_init_args": [],
  "model_init_kwargs": {},
  "seed": 100,
  "align_stats": {
    "pair_aligner": 1,
    "copied_same_shape": 1,
    "mapped_shape": 0,
    "skipped": 0,
    "pair_key": "Model->ModelNew"
  },
  "runnable": true,
  "phase": "seed",
  "score": 1.0062895802948393
}