{
  "timestamp": "2025-12-15T05:15:26",
  "reference_file": "KernelBench/level2/88_Gemm_GroupNorm_Swish_Multiply_Swish.py",
  "candidate_file": "/home/hyc/LLMKernel/run/20251215_024837_batch_range56to88_openai_deepseek/88_Gemm_GroupNorm_Swish_Multiply_Swish/code/kernel_20251215_051522.py",
  "tolerance": 0.001,
  "max_abs_err": 0.0027284622192382812,
  "mean_abs_err": 5.004818376619369e-05,
  "ref_latency_ms": {
    "avg": 3.4532864570617674,
    "min": 3.441663980484009,
    "max": 3.4651200771331787,
    "all": [
      3.458048105239868,
      3.4466240406036377,
      3.441663980484009,
      3.4549760818481445,
      3.4651200771331787
    ]
  },
  "test_latency_ms": {
    "avg": 4.034105587005615,
    "min": 4.0120320320129395,
    "max": 4.0417280197143555,
    "all": [
      4.0417280197143555,
      4.035583972930908,
      4.039680004119873,
      4.04150390625,
      4.0120320320129395
    ]
  },
  "num_runs": 5,
  "model_init_args": [
    8192,
    8192,
    256,
    [
      8192
    ]
  ],
  "model_init_kwargs": {},
  "seed": 100,
  "align_stats": {
    "copied_same_shape": 1,
    "unique_shape_copied": 1,
    "mapped_shape": 0,
    "skipped": 3,
    "pair_aligner": 0,
    "pair_key": "Model->ModelNew"
  },
  "runnable": true,
  "phase": "seed_repair",
  "score": 0.8560228240394246
}