{
  "timestamp": "2025-12-15T05:24:02",
  "reference_file": "KernelBench/level2/88_Gemm_GroupNorm_Swish_Multiply_Swish.py",
  "candidate_file": "/home/hyc/LLMKernel/run/20251215_024837_batch_range56to88_openai_deepseek/88_Gemm_GroupNorm_Swish_Multiply_Swish/code/kernel_20251215_052357.py",
  "tolerance": 0.001,
  "max_abs_err": 0.0027284622192382812,
  "mean_abs_err": 5.004832200938836e-05,
  "ref_latency_ms": {
    "avg": 3.587276840209961,
    "min": 3.5778560638427734,
    "max": 3.6024320125579834,
    "all": [
      3.6024320125579834,
      3.5840001106262207,
      3.5891199111938477,
      3.5829761028289795,
      3.5778560638427734
    ]
  },
  "test_latency_ms": {
    "avg": 2.465574359893799,
    "min": 2.455552101135254,
    "max": 2.478015899658203,
    "all": [
      2.478015899658203,
      2.465791940689087,
      2.455552101135254,
      2.460671901702881,
      2.4678399562835693
    ]
  },
  "num_runs": 5,
  "model_init_args": [
    8192,
    8192,
    256,
    [
      8192
    ]
  ],
  "model_init_kwargs": {},
  "seed": 100,
  "align_stats": {
    "copied_same_shape": 1,
    "unique_shape_copied": 1,
    "mapped_shape": 0,
    "skipped": 3,
    "pair_aligner": 0,
    "pair_key": "Model->ModelNew"
  },
  "runnable": true,
  "phase": "stage3_memory_access",
  "pytorch_baseline_ms": 3.4532864570617674,
  "score": 1.4006012202408338
}