{
  "timestamp": "2025-12-15T05:17:21",
  "reference_file": "KernelBench/level2/88_Gemm_GroupNorm_Swish_Multiply_Swish.py",
  "candidate_file": "/home/hyc/LLMKernel/run/20251215_024837_batch_range56to88_openai_deepseek/88_Gemm_GroupNorm_Swish_Multiply_Swish/code/kernel_20251215_051715.py",
  "tolerance": 0.001,
  "max_abs_err": 0.0027284622192382812,
  "mean_abs_err": 5.004818376619369e-05,
  "ref_latency_ms": {
    "avg": 3.5477695941925047,
    "min": 3.535871982574463,
    "max": 3.5624959468841553,
    "all": [
      3.5624959468841553,
      3.5481600761413574,
      3.5482559204101562,
      3.5440640449523926,
      3.535871982574463
    ]
  },
  "test_latency_ms": {
    "avg": 3.7242623805999755,
    "min": 3.7119998931884766,
    "max": 3.73142409324646,
    "all": [
      3.7119998931884766,
      3.7303359508514404,
      3.724287986755371,
      3.72326397895813,
      3.73142409324646
    ]
  },
  "num_runs": 5,
  "model_init_args": [
    8192,
    8192,
    256,
    [
      8192
    ]
  ],
  "model_init_kwargs": {},
  "seed": 100,
  "align_stats": {
    "copied_same_shape": 1,
    "unique_shape_copied": 1,
    "mapped_shape": 0,
    "skipped": 3,
    "pair_aligner": 0,
    "pair_key": "Model->ModelNew"
  },
  "runnable": true,
  "phase": "stage1_grid_and_parallel",
  "pytorch_baseline_ms": 3.4532864570617674,
  "score": 0.9272403778665685
}