{
  "timestamp": "2025-12-15T05:20:12",
  "reference_file": "KernelBench/level2/88_Gemm_GroupNorm_Swish_Multiply_Swish.py",
  "candidate_file": "/home/hyc/LLMKernel/run/20251215_024837_batch_range56to88_openai_deepseek/88_Gemm_GroupNorm_Swish_Multiply_Swish/code/kernel_20251215_052006.py",
  "tolerance": 0.001,
  "max_abs_err": 0.0027284622192382812,
  "mean_abs_err": 5.004818376619369e-05,
  "ref_latency_ms": {
    "avg": 3.5489408016204833,
    "min": 3.534816026687622,
    "max": 3.5592639446258545,
    "all": [
      3.557375907897949,
      3.5592639446258545,
      3.534816026687622,
      3.545088052749634,
      3.5481600761413574
    ]
  },
  "test_latency_ms": {
    "avg": 4.403628921508789,
    "min": 4.303872108459473,
    "max": 4.465760231018066,
    "all": [
      4.430848121643066,
      4.374527931213379,
      4.443136215209961,
      4.465760231018066,
      4.303872108459473
    ]
  },
  "num_runs": 5,
  "model_init_args": [
    8192,
    8192,
    256,
    [
      8192
    ]
  ],
  "model_init_kwargs": {},
  "seed": 100,
  "align_stats": {
    "copied_same_shape": 1,
    "unique_shape_copied": 1,
    "mapped_shape": 0,
    "skipped": 3,
    "pair_aligner": 0,
    "pair_key": "Model->ModelNew"
  },
  "runnable": true,
  "phase": "stage2_block_tiling",
  "pytorch_baseline_ms": 3.4532864570617674,
  "score": 0.7841910657355272
}