{
  "timestamp": "2025-12-15T05:25:05",
  "reference_file": "KernelBench/level2/88_Gemm_GroupNorm_Swish_Multiply_Swish.py",
  "candidate_file": "/home/hyc/LLMKernel/run/20251215_024837_batch_range56to88_openai_deepseek/88_Gemm_GroupNorm_Swish_Multiply_Swish/code/kernel_20251215_052500.py",
  "tolerance": 0.001,
  "max_abs_err": 0.0027284622192382812,
  "mean_abs_err": 5.0048274715663865e-05,
  "ref_latency_ms": {
    "avg": 3.548300790786743,
    "min": 3.538815975189209,
    "max": 3.5635199546813965,
    "all": [
      3.5635199546813965,
      3.545151948928833,
      3.538815975189209,
      3.5479040145874023,
      3.546112060546875
    ]
  },
  "test_latency_ms": {
    "avg": 2.438809537887573,
    "min": 2.4268798828125,
    "max": 2.454495906829834,
    "all": [
      2.454495906829834,
      2.4353599548339844,
      2.4268798828125,
      2.441215991973877,
      2.436095952987671
    ]
  },
  "num_runs": 5,
  "model_init_args": [
    8192,
    8192,
    256,
    [
      8192
    ]
  ],
  "model_init_kwargs": {},
  "seed": 100,
  "align_stats": {
    "copied_same_shape": 1,
    "unique_shape_copied": 1,
    "mapped_shape": 0,
    "skipped": 3,
    "pair_aligner": 0,
    "pair_key": "Model->ModelNew"
  },
  "runnable": true,
  "phase": "stage4_advanced_memory",
  "pytorch_baseline_ms": 3.4532864570617674,
  "score": 1.4159721796286335
}