{
  "timestamp": "2025-12-28T10:06:44",
  "reference_file": "KernelBench/select/49_Mamba2ReturnFinalState.py",
  "candidate_file": "/home/hyc/LLMKernel/run/20251228_100418_49_Mamba2ReturnFinalState_openai_deepseek/49_Mamba2ReturnFinalState/code/kernel_20251228_100637.py",
  "tolerance": 1,
  "max_abs_err": 0.0,
  "mean_abs_err": 0.0,
  "ref_latency_ms": {
    "avg": 17.667826461791993,
    "min": 17.654783248901367,
    "max": 17.693695068359375,
    "all": [
      17.693695068359375,
      17.661855697631836,
      17.666847229003906,
      17.661951065063477,
      17.654783248901367
    ]
  },
  "test_latency_ms": {
    "avg": 17.974726486206055,
    "min": 17.971904754638672,
    "max": 17.978368759155273,
    "all": [
      17.973247528076172,
      17.971904754638672,
      17.975168228149414,
      17.974943161010742,
      17.978368759155273
    ]
  },
  "num_runs": 5,
  "model_init_args": [
    2048,
    128,
    8,
    64,
    16,
    64
  ],
  "model_init_kwargs": {},
  "seed": 100,
  "align_stats": {
    "copied_same_shape": 3,
    "unique_shape_copied": 0,
    "mapped_shape": 0,
    "skipped": 0,
    "pair_aligner": 0,
    "pair_key": "Model->ModelNew"
  },
  "runnable": true,
  "phase": "seed_0",
  "score": 0.9829260253473353
}