{
  "timestamp": "2025-12-16T09:38:19",
  "reference_file": "KernelBench/level3/49_Mamba2ReturnFinalState.py",
  "candidate_file": "/home/hyc/LLMKernel/run/20251216_085416_batch_range45to50_openai_deepseek/49_Mamba2ReturnFinalState/code/kernel_20251216_093811.py",
  "tolerance": 0.1,
  "max_abs_err": 0.0,
  "mean_abs_err": 0.0,
  "ref_latency_ms": {
    "avg": 18.08257293701172,
    "min": 18.077695846557617,
    "max": 18.10006332397461,
    "all": [
      18.077695846557617,
      18.078624725341797,
      18.078784942626953,
      18.10006332397461,
      18.077695846557617
    ]
  },
  "test_latency_ms": {
    "avg": 16.163840103149415,
    "min": 16.15667152404785,
    "max": 16.176128387451172,
    "all": [
      16.169984817504883,
      16.15667152404785,
      16.158720016479492,
      16.157695770263672,
      16.176128387451172
    ]
  },
  "num_runs": 5,
  "model_init_args": [
    2048,
    128,
    8,
    64,
    16,
    64
  ],
  "model_init_kwargs": {},
  "seed": 100,
  "align_stats": {
    "copied_same_shape": 3,
    "unique_shape_copied": 0,
    "mapped_shape": 0,
    "skipped": 0,
    "pair_aligner": 0,
    "pair_key": "Model->ModelNew"
  },
  "runnable": true,
  "phase": "stage2_block_tiling",
  "pytorch_baseline_ms": 18.072307205200197,
  "score": 1.1180701547325336
}