{
  "timestamp": "2025-12-16T09:34:38",
  "reference_file": "KernelBench/level3/49_Mamba2ReturnFinalState.py",
  "candidate_file": "/home/hyc/LLMKernel/run/20251216_085416_batch_range45to50_openai_deepseek/49_Mamba2ReturnFinalState/code/kernel_20251216_093432.py",
  "tolerance": 0.1,
  "max_abs_err": 0.0,
  "mean_abs_err": 0.0,
  "ref_latency_ms": {
    "avg": 18.072307205200197,
    "min": 18.0633602142334,
    "max": 18.081695556640625,
    "all": [
      18.081695556640625,
      18.0633602142334,
      18.07030487060547,
      18.075647354125977,
      18.070528030395508
    ]
  },
  "test_latency_ms": {
    "avg": 15.850700759887696,
    "min": 15.848447799682617,
    "max": 15.853568077087402,
    "all": [
      15.850496292114258,
      15.848447799682617,
      15.853568077087402,
      15.852543830871582,
      15.848447799682617
    ]
  },
  "num_runs": 5,
  "model_init_args": [
    2048,
    128,
    8,
    64,
    16,
    64
  ],
  "model_init_kwargs": {},
  "seed": 100,
  "align_stats": {
    "copied_same_shape": 3,
    "unique_shape_copied": 0,
    "mapped_shape": 0,
    "skipped": 0,
    "pair_aligner": 0,
    "pair_key": "Model->ModelNew"
  },
  "runnable": true,
  "phase": "seed",
  "score": 1.14015824782552
}