{
  "timestamp": "2025-12-28T10:21:59",
  "reference_file": "KernelBench/select/49_Mamba2ReturnFinalState.py",
  "candidate_file": "/home/hyc/LLMKernel/run/20251228_100418_49_Mamba2ReturnFinalState_openai_deepseek/49_Mamba2ReturnFinalState/code/kernel_20251228_102154.py",
  "tolerance": 1,
  "max_abs_err": 4194304.0,
  "mean_abs_err": 15740.1142578125,
  "ref_latency_ms": {
    "avg": 17.679321670532225,
    "min": 17.665952682495117,
    "max": 17.692672729492188,
    "all": [
      17.692672729492188,
      17.686527252197266,
      17.677215576171875,
      17.674240112304688,
      17.665952682495117
    ]
  },
  "test_latency_ms": {
    "avg": 4.564159965515136,
    "min": 4.56063985824585,
    "max": 4.567039966583252,
    "all": [
      4.56601619720459,
      4.567039966583252,
      4.56115198135376,
      4.56063985824585,
      4.565951824188232
    ]
  },
  "num_runs": 5,
  "model_init_args": [
    2048,
    128,
    8,
    64,
    16,
    64
  ],
  "model_init_kwargs": {},
  "seed": 100,
  "align_stats": {
    "copied_same_shape": 3,
    "unique_shape_copied": 0,
    "mapped_shape": 0,
    "skipped": 0,
    "pair_aligner": 0,
    "pair_key": "Model->ModelNew"
  },
  "runnable": true,
  "phase": "algorithm_optimized_seed1",
  "pytorch_baseline_ms": 17.667826461791993,
  "score": 3.8709919449104815
}