{
  "timestamp": "2025-12-28T10:20:22",
  "reference_file": "KernelBench/select/49_Mamba2ReturnFinalState.py",
  "candidate_file": "/home/hyc/LLMKernel/run/20251228_100418_49_Mamba2ReturnFinalState_openai_deepseek/49_Mamba2ReturnFinalState/code/kernel_20251228_102016.py",
  "tolerance": 1,
  "max_abs_err": 0.0,
  "mean_abs_err": 0.0,
  "ref_latency_ms": {
    "avg": 17.648582458496094,
    "min": 17.637088775634766,
    "max": 17.66912078857422,
    "all": [
      17.66912078857422,
      17.64044761657715,
      17.637088775634766,
      17.6496639251709,
      17.646591186523438
    ]
  },
  "test_latency_ms": {
    "avg": 13.222911834716797,
    "min": 13.203104019165039,
    "max": 13.238271713256836,
    "all": [
      13.203104019165039,
      13.226271629333496,
      13.222623825073242,
      13.224287986755371,
      13.238271713256836
    ]
  },
  "num_runs": 5,
  "model_init_args": [
    2048,
    128,
    8,
    64,
    16,
    64
  ],
  "model_init_kwargs": {},
  "seed": 100,
  "align_stats": {
    "copied_same_shape": 3,
    "unique_shape_copied": 0,
    "mapped_shape": 0,
    "skipped": 0,
    "pair_aligner": 0,
    "pair_key": "Model->ModelNew"
  },
  "runnable": true,
  "phase": "algorithm_optimized_seed0",
  "pytorch_baseline_ms": 17.667826461791993,
  "score": 1.3361524815891956
}