{
  "timestamp": "2025-12-16T09:40:27",
  "reference_file": "KernelBench/level3/49_Mamba2ReturnFinalState.py",
  "candidate_file": "/home/hyc/LLMKernel/run/20251216_085416_batch_range45to50_openai_deepseek/49_Mamba2ReturnFinalState/code/kernel_20251216_094020.py",
  "tolerance": 0.1,
  "max_abs_err": 4194304.0,
  "mean_abs_err": 15701.126953125,
  "ref_latency_ms": {
    "avg": 18.110054397583006,
    "min": 18.07257652282715,
    "max": 18.24460792541504,
    "all": [
      18.24460792541504,
      18.082815170288086,
      18.07257652282715,
      18.07257652282715,
      18.077695846557617
    ]
  },
  "test_latency_ms": {
    "avg": 14.59418888092041,
    "min": 14.58687973022461,
    "max": 14.60531234741211,
    "all": [
      14.595840454101562,
      14.60531234741211,
      14.58687973022461,
      14.593024253845215,
      14.589887619018555
    ]
  },
  "num_runs": 5,
  "model_init_args": [
    2048,
    128,
    8,
    64,
    16,
    64
  ],
  "model_init_kwargs": {},
  "seed": 100,
  "align_stats": {
    "copied_same_shape": 3,
    "unique_shape_copied": 0,
    "mapped_shape": 0,
    "skipped": 0,
    "pair_aligner": 0,
    "pair_key": "Model->ModelNew"
  },
  "runnable": true,
  "phase": "stage3_repair",
  "pytorch_baseline_ms": 18.072307205200197,
  "score": 1.238322139905074
}