{
  "timestamp": "2025-12-28T10:19:08",
  "reference_file": "KernelBench/select/49_Mamba2ReturnFinalState.py",
  "candidate_file": "/home/hyc/LLMKernel/run/20251228_100418_49_Mamba2ReturnFinalState_openai_deepseek/49_Mamba2ReturnFinalState/code/kernel_20251228_101903.py",
  "tolerance": 1,
  "max_abs_err": 2097152.0,
  "mean_abs_err": 1995.6639404296875,
  "ref_latency_ms": {
    "avg": 17.65045166015625,
    "min": 17.64454460144043,
    "max": 17.65990447998047,
    "all": [
      17.64454460144043,
      17.652544021606445,
      17.64556884765625,
      17.649696350097656,
      17.65990447998047
    ]
  },
  "test_latency_ms": {
    "avg": 4.478771209716797,
    "min": 4.4767680168151855,
    "max": 4.485119819641113,
    "all": [
      4.485119819641113,
      4.476928234100342,
      4.477952003479004,
      4.4767680168151855,
      4.47708797454834
    ]
  },
  "num_runs": 5,
  "model_init_args": [
    2048,
    128,
    8,
    64,
    16,
    64
  ],
  "model_init_kwargs": {},
  "seed": 100,
  "align_stats": {
    "copied_same_shape": 3,
    "unique_shape_copied": 0,
    "mapped_shape": 0,
    "skipped": 0,
    "pair_aligner": 0,
    "pair_key": "Model->ModelNew"
  },
  "runnable": true,
  "phase": "seed_1_repair_5",
  "pytorch_baseline_ms": 17.667826461791993,
  "score": 3.944793255672725
}