{
  "timestamp": "2025-12-16T09:41:29",
  "reference_file": "KernelBench/level3/49_Mamba2ReturnFinalState.py",
  "candidate_file": "/home/hyc/LLMKernel/run/20251216_085416_batch_range45to50_openai_deepseek/49_Mamba2ReturnFinalState/code/kernel_20251216_094121.py",
  "tolerance": 0.1,
  "max_abs_err": 4194304.0,
  "mean_abs_err": 15701.126953125,
  "ref_latency_ms": {
    "avg": 18.099571228027344,
    "min": 18.091007232666016,
    "max": 18.109439849853516,
    "all": [
      18.109439849853516,
      18.1013126373291,
      18.091968536376953,
      18.091007232666016,
      18.104127883911133
    ]
  },
  "test_latency_ms": {
    "avg": 14.60713596343994,
    "min": 14.598143577575684,
    "max": 14.620575904846191,
    "all": [
      14.620575904846191,
      14.609408378601074,
      14.602239608764648,
      14.598143577575684,
      14.60531234741211
    ]
  },
  "num_runs": 5,
  "model_init_args": [
    2048,
    128,
    8,
    64,
    16,
    64
  ],
  "model_init_kwargs": {},
  "seed": 100,
  "align_stats": {
    "copied_same_shape": 3,
    "unique_shape_copied": 0,
    "mapped_shape": 0,
    "skipped": 0,
    "pair_aligner": 0,
    "pair_key": "Model->ModelNew"
  },
  "runnable": true,
  "phase": "stage4_advanced_memory",
  "pytorch_baseline_ms": 18.072307205200197,
  "score": 1.2372245490446039
}