{
  "timestamp": "2025-12-28T10:24:41",
  "reference_file": "KernelBench/select/49_Mamba2ReturnFinalState.py",
  "candidate_file": "/home/hyc/LLMKernel/run/20251228_100418_49_Mamba2ReturnFinalState_openai_deepseek/49_Mamba2ReturnFinalState/code/kernel_20251228_102435.py",
  "tolerance": 1,
  "max_abs_err": 8388608.0,
  "mean_abs_err": 37746.69921875,
  "ref_latency_ms": {
    "avg": 17.68047332763672,
    "min": 17.66886329650879,
    "max": 17.696767807006836,
    "all": [
      17.696767807006836,
      17.684160232543945,
      17.679359436035156,
      17.673215866088867,
      17.66886329650879
    ]
  },
  "test_latency_ms": {
    "avg": 4.5604737281799315,
    "min": 4.556096076965332,
    "max": 4.565728187561035,
    "all": [
      4.565728187561035,
      4.564032077789307,
      4.55782413482666,
      4.556096076965332,
      4.558688163757324
    ]
  },
  "num_runs": 5,
  "model_init_args": [
    2048,
    128,
    8,
    64,
    16,
    64
  ],
  "model_init_kwargs": {},
  "seed": 100,
  "align_stats": {
    "copied_same_shape": 3,
    "unique_shape_copied": 0,
    "mapped_shape": 0,
    "skipped": 0,
    "pair_aligner": 0,
    "pair_key": "Model->ModelNew"
  },
  "runnable": true,
  "phase": "stage1_grid_and_parallel_repair",
  "pytorch_baseline_ms": 17.667826461791993,
  "score": 3.8741208731495442
}