{
  "timestamp": "2025-12-22T14:47:14",
  "reference_file": "KernelBench/level3/39_GRU.py",
  "candidate_file": "/home/hyc/LLMKernel/run/20251222_144014_39_GRU_openai_deepseek/39_GRU/code/kernel_20251222_144708.py",
  "tolerance": 1,
  "max_abs_err": 0.7492016553878784,
  "mean_abs_err": 0.07412130385637283,
  "ref_latency_ms": {
    "avg": 20.865184020996093,
    "min": 20.736000061035156,
    "max": 20.969472885131836,
    "all": [
      20.961055755615234,
      20.969472885131836,
      20.8855037689209,
      20.773887634277344,
      20.736000061035156
    ]
  },
  "test_latency_ms": {
    "avg": 329.82647094726565,
    "min": 326.38360595703125,
    "max": 331.06329345703125,
    "all": [
      326.38360595703125,
      329.8160705566406,
      330.8276062011719,
      331.06329345703125,
      331.0417785644531
    ]
  },
  "num_runs": 5,
  "model_init_args": [
    128,
    256,
    6
  ],
  "model_init_kwargs": {},
  "seed": 100,
  "align_stats": {
    "copied_same_shape": 0,
    "unique_shape_copied": 0,
    "mapped_shape": 0,
    "skipped": 24,
    "pair_aligner": 0,
    "pair_key": "Model->ModelNew"
  },
  "runnable": true,
  "phase": "stage1_grid_and_parallel_cand1",
  "pytorch_baseline_ms": 29.184185791015626,
  "score": 0.08848345527634058
}