{
  "timestamp": "2025-12-22T14:48:30",
  "reference_file": "KernelBench/level3/39_GRU.py",
  "candidate_file": "/home/hyc/LLMKernel/run/20251222_144014_39_GRU_openai_deepseek/39_GRU/code/kernel_20251222_144822.py",
  "tolerance": 1,
  "max_abs_err": 0.6847089529037476,
  "mean_abs_err": 0.07131624221801758,
  "ref_latency_ms": {
    "avg": 21.211046600341795,
    "min": 21.098848342895508,
    "max": 21.30022430419922,
    "all": [
      21.277952194213867,
      21.30022430419922,
      21.173215866088867,
      21.204992294311523,
      21.098848342895508
    ]
  },
  "test_latency_ms": {
    "avg": 278.8917297363281,
    "min": 278.5116271972656,
    "max": 279.49029541015625,
    "all": [
      279.49029541015625,
      278.64093017578125,
      278.5116271972656,
      278.75018310546875,
      279.06561279296875
    ]
  },
  "num_runs": 5,
  "model_init_args": [
    128,
    256,
    6
  ],
  "model_init_kwargs": {},
  "seed": 100,
  "align_stats": {
    "copied_same_shape": 0,
    "unique_shape_copied": 1,
    "mapped_shape": 0,
    "skipped": 23,
    "pair_aligner": 0,
    "pair_key": "Model->ModelNew"
  },
  "runnable": true,
  "phase": "stage2_block_tiling_cand0",
  "pytorch_baseline_ms": 29.184185791015626,
  "score": 0.10464342495421845
}