{
  "timestamp": "2025-12-22T14:45:58",
  "reference_file": "KernelBench/level3/39_GRU.py",
  "candidate_file": "/home/hyc/LLMKernel/run/20251222_144014_39_GRU_openai_deepseek/39_GRU/code/kernel_20251222_144552.py",
  "tolerance": 1,
  "max_abs_err": 0.6847089529037476,
  "mean_abs_err": 0.07131624221801758,
  "ref_latency_ms": {
    "avg": 20.993785858154297,
    "min": 20.87500762939453,
    "max": 21.06265640258789,
    "all": [
      21.04128074645996,
      21.06265640258789,
      21.017440795898438,
      20.972543716430664,
      20.87500762939453
    ]
  },
  "test_latency_ms": {
    "avg": 196.05303039550782,
    "min": 195.3607635498047,
    "max": 197.10975646972656,
    "all": [
      197.10975646972656,
      195.38739013671875,
      195.4357147216797,
      195.3607635498047,
      196.97152709960938
    ]
  },
  "num_runs": 5,
  "model_init_args": [
    128,
    256,
    6
  ],
  "model_init_kwargs": {},
  "seed": 100,
  "align_stats": {
    "copied_same_shape": 0,
    "unique_shape_copied": 1,
    "mapped_shape": 0,
    "skipped": 23,
    "pair_aligner": 0,
    "pair_key": "Model->ModelNew"
  },
  "runnable": true,
  "phase": "stage1_grid_and_parallel_cand0",
  "pytorch_baseline_ms": 29.184185791015626,
  "score": 0.14885863142304342
}