{
  "timestamp": "2025-12-22T14:44:31",
  "reference_file": "KernelBench/level3/39_GRU.py",
  "candidate_file": "/home/hyc/LLMKernel/run/20251222_144014_39_GRU_openai_deepseek/39_GRU/code/kernel_20251222_144425.py",
  "tolerance": 1,
  "max_abs_err": 0.7492016553878784,
  "mean_abs_err": 0.07412130385637283,
  "ref_latency_ms": {
    "avg": 21.026745986938476,
    "min": 20.908031463623047,
    "max": 21.166080474853516,
    "all": [
      21.166080474853516,
      21.035968780517578,
      21.063392639160156,
      20.960256576538086,
      20.908031463623047
    ]
  },
  "test_latency_ms": {
    "avg": 310.74603271484375,
    "min": 309.0597839355469,
    "max": 311.6288146972656,
    "all": [
      310.87237548828125,
      311.02166748046875,
      309.0597839355469,
      311.14752197265625,
      311.6288146972656
    ]
  },
  "num_runs": 5,
  "model_init_args": [
    128,
    256,
    6
  ],
  "model_init_kwargs": {},
  "seed": 100,
  "align_stats": {
    "copied_same_shape": 0,
    "unique_shape_copied": 0,
    "mapped_shape": 0,
    "skipped": 24,
    "pair_aligner": 0,
    "pair_key": "Model->ModelNew"
  },
  "runnable": true,
  "phase": "seed_1",
  "pytorch_baseline_ms": 29.184185791015626,
  "score": 0.09391651933911095
}