{
  "timestamp": "2025-12-22T14:42:31",
  "reference_file": "KernelBench/level3/39_GRU.py",
  "candidate_file": "/home/hyc/LLMKernel/run/20251222_144014_39_GRU_openai_deepseek/39_GRU/code/kernel_20251222_144225.py",
  "tolerance": 1,
  "max_abs_err": 0.6847089529037476,
  "mean_abs_err": 0.07131624221801758,
  "ref_latency_ms": {
    "avg": 29.184185791015626,
    "min": 29.082624435424805,
    "max": 29.461503982543945,
    "all": [
      29.461503982543945,
      29.1309757232666,
      29.082624435424805,
      29.1079044342041,
      29.137920379638672
    ]
  },
  "test_latency_ms": {
    "avg": 217.70412902832032,
    "min": 196.98069763183594,
    "max": 297.62969970703125,
    "all": [
      297.62969970703125,
      198.61094665527344,
      197.8395538330078,
      196.98069763183594,
      197.45974731445312
    ]
  },
  "num_runs": 5,
  "model_init_args": [
    128,
    256,
    6
  ],
  "model_init_kwargs": {},
  "seed": 100,
  "align_stats": {
    "copied_same_shape": 0,
    "unique_shape_copied": 1,
    "mapped_shape": 0,
    "skipped": 23,
    "pair_aligner": 0,
    "pair_key": "Model->ModelNew"
  },
  "runnable": true,
  "phase": "seed_0",
  "score": 0.13405435129445414
}