{
  "timestamp": "2025-12-22T14:50:06",
  "reference_file": "KernelBench/level3/39_GRU.py",
  "candidate_file": "/home/hyc/LLMKernel/run/20251222_144014_39_GRU_openai_deepseek/39_GRU/code/kernel_20251222_144957.py",
  "tolerance": 1,
  "max_abs_err": 0.6847089529037476,
  "mean_abs_err": 0.07131624221801758,
  "ref_latency_ms": {
    "avg": 21.529350662231444,
    "min": 21.471296310424805,
    "max": 21.599008560180664,
    "all": [
      21.599008560180664,
      21.566463470458984,
      21.501888275146484,
      21.50809669494629,
      21.471296310424805
    ]
  },
  "test_latency_ms": {
    "avg": 267.9879211425781,
    "min": 267.4063415527344,
    "max": 268.51531982421875,
    "all": [
      268.51531982421875,
      268.30517578125,
      267.6602783203125,
      267.4063415527344,
      268.052490234375
    ]
  },
  "num_runs": 5,
  "model_init_args": [
    128,
    256,
    6
  ],
  "model_init_kwargs": {},
  "seed": 100,
  "align_stats": {
    "copied_same_shape": 0,
    "unique_shape_copied": 1,
    "mapped_shape": 0,
    "skipped": 23,
    "pair_aligner": 0,
    "pair_key": "Model->ModelNew"
  },
  "runnable": true,
  "phase": "stage3_memory_and_tuning_cand0",
  "pytorch_baseline_ms": 29.184185791015626,
  "score": 0.10890112385135713
}