{
  "timestamp": "2025-12-28T12:21:19",
  "reference_file": "KernelBench/select2/66_conv_standard_3D__asymmetric_input__asymmetric_kernel.py",
  "candidate_file": "/home/hyc/LLMKernel/run/20251228_121454_batch_range66to73_openai_deepseek/66_conv_standard_3D__asymmetric_input__asymmetric_kernel/code/kernel_20251228_122115.py",
  "tolerance": 1,
  "max_abs_err": 0.000955045223236084,
  "mean_abs_err": 0.0003665286349132657,
  "ref_latency_ms": {
    "avg": 3.285862398147583,
    "min": 3.28108811378479,
    "max": 3.2921600341796875,
    "all": [
      3.2921600341796875,
      3.284127950668335,
      3.2880640029907227,
      3.28108811378479,
      3.28387188911438
    ]
  },
  "test_latency_ms": {
    "avg": 3.8559168338775636,
    "min": 3.8533120155334473,
    "max": 3.860192060470581,
    "all": [
      3.8594560623168945,
      3.8533120155334473,
      3.8533120155334473,
      3.8533120155334473,
      3.860192060470581
    ]
  },
  "num_runs": 5,
  "model_init_args": [
    3,
    64,
    [
      3,
      5,
      7
    ]
  ],
  "model_init_kwargs": {},
  "seed": 100,
  "align_stats": {
    "pair_aligner": 1,
    "copied_same_shape": 1,
    "mapped_shape": 0,
    "skipped": 0,
    "pair_key": "Model->ModelNew"
  },
  "runnable": true,
  "phase": "algorithm_optimized_seed0",
  "pytorch_baseline_ms": 3.277395153045654,
  "score": 0.8499652078205898
}