{
  "timestamp": "2025-12-28T12:23:28",
  "reference_file": "KernelBench/select2/66_conv_standard_3D__asymmetric_input__asymmetric_kernel.py",
  "candidate_file": "/home/hyc/LLMKernel/run/20251228_121454_batch_range66to73_openai_deepseek/66_conv_standard_3D__asymmetric_input__asymmetric_kernel/code/kernel_20251228_122324.py",
  "tolerance": 1,
  "max_abs_err": 0.0,
  "mean_abs_err": 0.0,
  "ref_latency_ms": {
    "avg": 3.279436779022217,
    "min": 3.2698240280151367,
    "max": 3.284991979598999,
    "all": [
      3.284991979598999,
      3.2838399410247803,
      3.2698240280151367,
      3.2766079902648926,
      3.2819199562072754
    ]
  },
  "test_latency_ms": {
    "avg": 10.094937515258788,
    "min": 10.083328247070312,
    "max": 10.117119789123535,
    "all": [
      10.083328247070312,
      10.083328247070312,
      10.084351539611816,
      10.117119789123535,
      10.106559753417969
    ]
  },
  "num_runs": 5,
  "model_init_args": [
    3,
    64,
    [
      3,
      5,
      7
    ]
  ],
  "model_init_kwargs": {},
  "seed": 100,
  "align_stats": {
    "pair_aligner": 1,
    "copied_same_shape": 1,
    "mapped_shape": 0,
    "skipped": 0,
    "pair_key": "Model->ModelNew"
  },
  "runnable": true,
  "phase": "algorithm_optimized_seed1",
  "pytorch_baseline_ms": 3.277395153045654,
  "score": 0.324657299571372
}