{
  "timestamp": "2025-12-28T12:26:02",
  "reference_file": "KernelBench/select2/66_conv_standard_3D__asymmetric_input__asymmetric_kernel.py",
  "candidate_file": "/home/hyc/LLMKernel/run/20251228_121454_batch_range66to73_openai_deepseek/66_conv_standard_3D__asymmetric_input__asymmetric_kernel/code/kernel_20251228_122558.py",
  "tolerance": 1,
  "max_abs_err": 0.000955045223236084,
  "mean_abs_err": 0.0003665286349132657,
  "ref_latency_ms": {
    "avg": 3.5905344009399416,
    "min": 3.5797441005706787,
    "max": 3.6106879711151123,
    "all": [
      3.6106879711151123,
      3.59116792678833,
      3.580928087234497,
      3.5797441005706787,
      3.590143918991089
    ]
  },
  "test_latency_ms": {
    "avg": 3.371385622024536,
    "min": 3.3648641109466553,
    "max": 3.379199981689453,
    "all": [
      3.3722240924835205,
      3.3648641109466553,
      3.3750720024108887,
      3.365567922592163,
      3.379199981689453
    ]
  },
  "num_runs": 5,
  "model_init_args": [
    3,
    64,
    [
      3,
      5,
      7
    ]
  ],
  "model_init_kwargs": {},
  "seed": 100,
  "align_stats": {
    "pair_aligner": 1,
    "copied_same_shape": 1,
    "mapped_shape": 0,
    "skipped": 0,
    "pair_key": "Model->ModelNew"
  },
  "runnable": true,
  "phase": "stage2_block_tiling",
  "pytorch_baseline_ms": 3.277395153045654,
  "score": 0.9721211159100691
}