{
  "timestamp": "2025-12-13T14:08:59",
  "reference_file": "KernelBench/level1_low_score/66_conv_standard_3D__asymmetric_input__asymmetric_kernel.py",
  "candidate_file": "/home/hyc/LLMKernel/run/20251213_140652_batch_range66to87_openai_deepseek/66_conv_standard_3D__asymmetric_input__asymmetric_kernel/code/kernel_20251213_140854.py",
  "tolerance": 0.001,
  "max_abs_err": 0.0011560320854187012,
  "mean_abs_err": 0.0003244399558752775,
  "ref_latency_ms": {
    "avg": 2.385292816162109,
    "min": 2.3684160709381104,
    "max": 2.412544012069702,
    "all": [
      2.412544012069702,
      2.386944055557251,
      2.3869760036468506,
      2.3684160709381104,
      2.371583938598633
    ]
  },
  "test_latency_ms": {
    "avg": 5.5170622825622555,
    "min": 5.513216018676758,
    "max": 5.524479866027832,
    "all": [
      5.524479866027832,
      5.515039920806885,
      5.513216018676758,
      5.51423978805542,
      5.518335819244385
    ]
  },
  "num_runs": 5,
  "model_init_args": [
    3,
    64,
    [
      3,
      5,
      7
    ]
  ],
  "model_init_kwargs": {},
  "seed": 100,
  "align_stats": {
    "pair_aligner": 1,
    "copied_same_shape": 1,
    "mapped_shape": 0,
    "skipped": 0,
    "pair_key": "Model->ModelNew"
  },
  "runnable": true,
  "phase": "stage2_block_tiling",
  "pytorch_baseline_ms": 2.4065343379974364,
  "score": 0.43619850832638857
}