{
  "timestamp": "2025-12-13T14:08:11",
  "reference_file": "KernelBench/level1_low_score/66_conv_standard_3D__asymmetric_input__asymmetric_kernel.py",
  "candidate_file": "/home/hyc/LLMKernel/run/20251213_140652_batch_range66to87_openai_deepseek/66_conv_standard_3D__asymmetric_input__asymmetric_kernel/code/kernel_20251213_140806.py",
  "tolerance": 0.001,
  "max_abs_err": 0.0011560320854187012,
  "mean_abs_err": 0.0003244399558752775,
  "ref_latency_ms": {
    "avg": 2.4065343379974364,
    "min": 2.3992319107055664,
    "max": 2.418463945388794,
    "all": [
      2.418463945388794,
      2.4033279418945312,
      2.4083199501037598,
      2.3992319107055664,
      2.4033279418945312
    ]
  },
  "test_latency_ms": {
    "avg": 5.1582976341247555,
    "min": 5.154816150665283,
    "max": 5.15993595123291,
    "all": [
      5.15993595123291,
      5.157887935638428,
      5.158912181854248,
      5.154816150665283,
      5.15993595123291
    ]
  },
  "num_runs": 5,
  "model_init_args": [
    3,
    64,
    [
      3,
      5,
      7
    ]
  ],
  "model_init_kwargs": {},
  "seed": 100,
  "align_stats": {
    "pair_aligner": 1,
    "copied_same_shape": 1,
    "mapped_shape": 0,
    "skipped": 0,
    "pair_key": "Model->ModelNew"
  },
  "runnable": true,
  "phase": "seed",
  "score": 0.46653654145061174
}