{
  "timestamp": "2025-12-28T12:19:02",
  "reference_file": "KernelBench/select2/66_conv_standard_3D__asymmetric_input__asymmetric_kernel.py",
  "candidate_file": "/home/hyc/LLMKernel/run/20251228_121454_batch_range66to73_openai_deepseek/66_conv_standard_3D__asymmetric_input__asymmetric_kernel/code/kernel_20251228_121858.py",
  "tolerance": 1,
  "max_abs_err": 0.000955045223236084,
  "mean_abs_err": 0.0003665286349132657,
  "ref_latency_ms": {
    "avg": 3.295801591873169,
    "min": 3.289088010787964,
    "max": 3.3085439205169678,
    "all": [
      3.3085439205169678,
      3.290911912918091,
      3.2921600341796875,
      3.289088010787964,
      3.2983040809631348
    ]
  },
  "test_latency_ms": {
    "avg": 3.884646415710449,
    "min": 3.813375949859619,
    "max": 3.931135892868042,
    "all": [
      3.9290881156921387,
      3.926016092300415,
      3.931135892868042,
      3.813375949859619,
      3.8236160278320312
    ]
  },
  "num_runs": 5,
  "model_init_args": [
    3,
    64,
    [
      3,
      5,
      7
    ]
  ],
  "model_init_kwargs": {},
  "seed": 100,
  "align_stats": {
    "pair_aligner": 1,
    "copied_same_shape": 1,
    "mapped_shape": 0,
    "skipped": 0,
    "pair_key": "Model->ModelNew"
  },
  "runnable": true,
  "phase": "seed_1",
  "pytorch_baseline_ms": 3.277395153045654,
  "score": 0.843679141502062
}