{
  "timestamp": "2025-12-13T14:11:30",
  "reference_file": "KernelBench/level1_low_score/66_conv_standard_3D__asymmetric_input__asymmetric_kernel.py",
  "candidate_file": "/home/hyc/LLMKernel/run/20251213_140652_batch_range66to87_openai_deepseek/66_conv_standard_3D__asymmetric_input__asymmetric_kernel/code/kernel_20251213_141123.py",
  "tolerance": 0.001,
  "max_abs_err": 0.0011560320854187012,
  "mean_abs_err": 0.0003244399558752775,
  "ref_latency_ms": {
    "avg": 2.3734463691711425,
    "min": 2.3644158840179443,
    "max": 2.381824016571045,
    "all": [
      2.381824016571045,
      2.3797760009765625,
      2.3665599822998047,
      2.3644158840179443,
      2.3746559619903564
    ]
  },
  "test_latency_ms": {
    "avg": 3.550412893295288,
    "min": 3.5481600761413574,
    "max": 3.5532801151275635,
    "all": [
      3.5532801151275635,
      3.5481600761413574,
      3.5481600761413574,
      3.5491840839385986,
      3.5532801151275635
    ]
  },
  "num_runs": 5,
  "model_init_args": [
    3,
    64,
    [
      3,
      5,
      7
    ]
  ],
  "model_init_kwargs": {},
  "seed": 100,
  "align_stats": {
    "pair_aligner": 1,
    "copied_same_shape": 1,
    "mapped_shape": 0,
    "skipped": 0,
    "pair_key": "Model->ModelNew"
  },
  "runnable": true,
  "phase": "stage4_advanced_memory",
  "pytorch_baseline_ms": 2.4065343379974364,
  "score": 0.6778181609643239
}