{
  "timestamp": "2025-12-28T12:24:53",
  "reference_file": "KernelBench/select2/66_conv_standard_3D__asymmetric_input__asymmetric_kernel.py",
  "candidate_file": "/home/hyc/LLMKernel/run/20251228_121454_batch_range66to73_openai_deepseek/66_conv_standard_3D__asymmetric_input__asymmetric_kernel/code/kernel_20251228_122447.py",
  "tolerance": 1,
  "max_abs_err": 0.000955045223236084,
  "mean_abs_err": 0.0003665286349132657,
  "ref_latency_ms": {
    "avg": 3.5911488056182863,
    "min": 3.58188796043396,
    "max": 3.6054720878601074,
    "all": [
      3.6054720878601074,
      3.5932159423828125,
      3.59116792678833,
      3.58188796043396,
      3.5840001106262207
    ]
  },
  "test_latency_ms": {
    "avg": 3.490399980545044,
    "min": 3.4866878986358643,
    "max": 3.492863893508911,
    "all": [
      3.492863893508911,
      3.492863893508911,
      3.4897921085357666,
      3.4866878986358643,
      3.4897921085357666
    ]
  },
  "num_runs": 5,
  "model_init_args": [
    3,
    64,
    [
      3,
      5,
      7
    ]
  ],
  "model_init_kwargs": {},
  "seed": 100,
  "align_stats": {
    "pair_aligner": 1,
    "copied_same_shape": 1,
    "mapped_shape": 0,
    "skipped": 0,
    "pair_key": "Model->ModelNew"
  },
  "runnable": true,
  "phase": "stage1_grid_and_parallel",
  "pytorch_baseline_ms": 3.277395153045654,
  "score": 0.9389740921709128
}