{
  "timestamp": "2025-12-13T14:10:12",
  "reference_file": "KernelBench/level1_low_score/66_conv_standard_3D__asymmetric_input__asymmetric_kernel.py",
  "candidate_file": "/home/hyc/LLMKernel/run/20251213_140652_batch_range66to87_openai_deepseek/66_conv_standard_3D__asymmetric_input__asymmetric_kernel/code/kernel_20251213_141004.py",
  "tolerance": 0.001,
  "max_abs_err": 0.0011560320854187012,
  "mean_abs_err": 0.0003244399558752775,
  "ref_latency_ms": {
    "avg": 2.3815743923187256,
    "min": 2.3644158840179443,
    "max": 2.4001920223236084,
    "all": [
      2.4001920223236084,
      2.3644158840179443,
      2.378592014312744,
      2.381824016571045,
      2.382848024368286
    ]
  },
  "test_latency_ms": {
    "avg": 3.5364480018615723,
    "min": 3.5327999591827393,
    "max": 3.540992021560669,
    "all": [
      3.5388801097869873,
      3.533695936203003,
      3.535871982574463,
      3.5327999591827393,
      3.540992021560669
    ]
  },
  "num_runs": 5,
  "model_init_args": [
    3,
    64,
    [
      3,
      5,
      7
    ]
  ],
  "model_init_kwargs": {},
  "seed": 100,
  "align_stats": {
    "pair_aligner": 1,
    "copied_same_shape": 1,
    "mapped_shape": 0,
    "skipped": 0,
    "pair_key": "Model->ModelNew"
  },
  "runnable": true,
  "phase": "stage3_repair",
  "pytorch_baseline_ms": 2.4065343379974364,
  "score": 0.6804947610513844
}