{
  "timestamp": "2025-12-28T12:16:22",
  "reference_file": "KernelBench/select2/66_conv_standard_3D__asymmetric_input__asymmetric_kernel.py",
  "candidate_file": "/home/hyc/LLMKernel/run/20251228_121454_batch_range66to73_openai_deepseek/66_conv_standard_3D__asymmetric_input__asymmetric_kernel/code/kernel_20251228_121618.py",
  "tolerance": 1,
  "max_abs_err": 1.7285346984863281e-06,
  "mean_abs_err": 1.4736338016518857e-07,
  "ref_latency_ms": {
    "avg": 3.277395153045654,
    "min": 3.2716801166534424,
    "max": 3.2869439125061035,
    "all": [
      3.2869439125061035,
      3.2737278938293457,
      3.2716801166534424,
      3.2737278938293457,
      3.280895948410034
    ]
  },
  "test_latency_ms": {
    "avg": 70.85015106201172,
    "min": 70.74406433105469,
    "max": 70.88025665283203,
    "all": [
      70.74406433105469,
      70.87923431396484,
      70.87308502197266,
      70.87411499023438,
      70.88025665283203
    ]
  },
  "num_runs": 5,
  "model_init_args": [
    3,
    64,
    [
      3,
      5,
      7
    ]
  ],
  "model_init_kwargs": {},
  "seed": 100,
  "align_stats": {
    "pair_aligner": 1,
    "copied_same_shape": 1,
    "mapped_shape": 0,
    "skipped": 0,
    "pair_key": "Model->ModelNew"
  },
  "runnable": true,
  "phase": "seed_0",
  "score": 0.046258125126326245
}