{
  "timestamp": "2025-12-28T12:17:12",
  "reference_file": "KernelBench/select2/75_conv_transposed_2D_asymmetric_input_asymmetric_kernel_strided__grouped____padded____dilated__.py",
  "candidate_file": "/home/hyc/LLMKernel/run/20251228_121522_batch_range75to79_openai_deepseek/75_conv_transposed_2D_asymmetric_input_asymmetric_kernel_strided__grouped____padded____dilated__/code/kernel_20251228_121707.py",
  "tolerance": 1,
  "max_abs_err": 1.1920928955078125e-07,
  "mean_abs_err": 5.84164849826152e-09,
  "ref_latency_ms": {
    "avg": 31.953485107421876,
    "min": 31.945728302001953,
    "max": 31.962112426757812,
    "all": [
      31.962112426757812,
      31.954816818237305,
      31.945728302001953,
      31.950847625732422,
      31.953920364379883
    ]
  },
  "test_latency_ms": {
    "avg": 14.73945598602295,
    "min": 14.735360145568848,
    "max": 14.743552207946777,
    "all": [
      14.741503715515137,
      14.739456176757812,
      14.737407684326172,
      14.735360145568848,
      14.743552207946777
    ]
  },
  "num_runs": 5,
  "model_init_args": [
    32,
    64,
    [
      3,
      5
    ],
    [
      2,
      3
    ],
    [
      1,
      2
    ],
    [
      2,
      1
    ],
    4
  ],
  "model_init_kwargs": {},
  "seed": 100,
  "align_stats": {
    "pair_aligner": 1,
    "copied_same_shape": 1,
    "mapped_shape": 0,
    "skipped": 0,
    "pair_key": "Model->ModelNew"
  },
  "runnable": true,
  "phase": "seed_0",
  "score": 2.167887684438459
}