{
  "timestamp": "2025-12-28T12:22:26",
  "reference_file": "KernelBench/select2/75_conv_transposed_2D_asymmetric_input_asymmetric_kernel_strided__grouped____padded____dilated__.py",
  "candidate_file": "/home/hyc/LLMKernel/run/20251228_121522_batch_range75to79_openai_deepseek/75_conv_transposed_2D_asymmetric_input_asymmetric_kernel_strided__grouped____padded____dilated__/code/kernel_20251228_122221.py",
  "tolerance": 1,
  "max_abs_err": 0.0002441704273223877,
  "mean_abs_err": 2.7334050173521973e-05,
  "ref_latency_ms": {
    "avg": 31.958624267578124,
    "min": 31.951871871948242,
    "max": 31.97542381286621,
    "all": [
      31.97542381286621,
      31.955968856811523,
      31.953887939453125,
      31.951871871948242,
      31.955968856811523
    ]
  },
  "test_latency_ms": {
    "avg": 9.869919967651366,
    "min": 9.86627197265625,
    "max": 9.87337589263916,
    "all": [
      9.87235164642334,
      9.869312286376953,
      9.86627197265625,
      9.868288040161133,
      9.87337589263916
    ]
  },
  "num_runs": 5,
  "model_init_args": [
    32,
    64,
    [
      3,
      5
    ],
    [
      2,
      3
    ],
    [
      1,
      2
    ],
    [
      2,
      1
    ],
    4
  ],
  "model_init_kwargs": {},
  "seed": 100,
  "align_stats": {
    "pair_aligner": 1,
    "copied_same_shape": 1,
    "mapped_shape": 0,
    "skipped": 0,
    "pair_key": "Model->ModelNew"
  },
  "runnable": true,
  "phase": "algorithm_optimized_seed0",
  "pytorch_baseline_ms": 31.953485107421876,
  "score": 3.237461419357941
}