{
  "timestamp": "2025-12-28T12:20:03",
  "reference_file": "KernelBench/select2/75_conv_transposed_2D_asymmetric_input_asymmetric_kernel_strided__grouped____padded____dilated__.py",
  "candidate_file": "/home/hyc/LLMKernel/run/20251228_121522_batch_range75to79_openai_deepseek/75_conv_transposed_2D_asymmetric_input_asymmetric_kernel_strided__grouped____padded____dilated__/code/kernel_20251228_121958.py",
  "tolerance": 1,
  "max_abs_err": 1.1920928955078125e-07,
  "mean_abs_err": 5.84164849826152e-09,
  "ref_latency_ms": {
    "avg": 31.954297637939455,
    "min": 31.950847625732422,
    "max": 31.96294403076172,
    "all": [
      31.96294403076172,
      31.952096939086914,
      31.950847625732422,
      31.950847625732422,
      31.95475196838379
    ]
  },
  "test_latency_ms": {
    "avg": 122.92276611328126,
    "min": 122.85337829589844,
    "max": 123.1646728515625,
    "all": [
      123.1646728515625,
      122.86444854736328,
      122.85747528076172,
      122.85337829589844,
      122.87385559082031
    ]
  },
  "num_runs": 5,
  "model_init_args": [
    32,
    64,
    [
      3,
      5
    ],
    [
      2,
      3
    ],
    [
      1,
      2
    ],
    [
      2,
      1
    ],
    4
  ],
  "model_init_kwargs": {},
  "seed": 100,
  "align_stats": {
    "pair_aligner": 1,
    "copied_same_shape": 1,
    "mapped_shape": 0,
    "skipped": 0,
    "pair_key": "Model->ModelNew"
  },
  "runnable": true,
  "phase": "seed_1_repair_1",
  "pytorch_baseline_ms": 31.953485107421876,
  "score": 0.25994765752321813
}