{
  "timestamp": "2025-12-13T10:28:26",
  "reference_file": "KernelBench/level1_low_score/75_conv_transposed_2D_asymmetric_input_asymmetric_kernel_strided__grouped____padded____dilated__.py",
  "candidate_file": "/home/hyc/LLMKernel/run/20251213_091928_batch_range68to99_openai_deepseek/75_conv_transposed_2D_asymmetric_input_asymmetric_kernel_strided__grouped____padded____dilated__/code/kernel_20251213_102805.py",
  "tolerance": 0.001,
  "max_abs_err": 1.1920928955078125e-07,
  "mean_abs_err": 5.449293460912941e-09,
  "ref_latency_ms": {
    "avg": 9.380646324157714,
    "min": 9.371583938598633,
    "max": 9.40339183807373,
    "all": [
      9.40339183807373,
      9.376768112182617,
      9.371583938598633,
      9.375007629394531,
      9.376480102539062
    ]
  },
  "test_latency_ms": {
    "avg": 10.103763008117676,
    "min": 10.062911987304688,
    "max": 10.168319702148438,
    "all": [
      10.062911987304688,
      10.081279754638672,
      10.092255592346191,
      10.11404800415039,
      10.168319702148438
    ]
  },
  "num_runs": 5,
  "model_init_args": [
    32,
    64,
    [
      3,
      5
    ],
    [
      2,
      3
    ],
    [
      1,
      2
    ],
    [
      2,
      1
    ],
    4
  ],
  "model_init_kwargs": {},
  "seed": 100,
  "align_stats": {
    "pair_aligner": 1,
    "copied_same_shape": 1,
    "mapped_shape": 0,
    "skipped": 0,
    "pair_key": "Model->ModelNew"
  },
  "runnable": true,
  "phase": "stage4_repair",
  "pytorch_baseline_ms": 10.253696060180664,
  "score": 1.0148393278764087
}