{
  "timestamp": "2025-12-28T12:27:23",
  "reference_file": "KernelBench/select2/75_conv_transposed_2D_asymmetric_input_asymmetric_kernel_strided__grouped____padded____dilated__.py",
  "candidate_file": "/home/hyc/LLMKernel/run/20251228_121522_batch_range75to79_openai_deepseek/75_conv_transposed_2D_asymmetric_input_asymmetric_kernel_strided__grouped____padded____dilated__/code/kernel_20251228_122717.py",
  "tolerance": 1,
  "max_abs_err": 0.0002441704273223877,
  "mean_abs_err": 2.7334050173521973e-05,
  "ref_latency_ms": {
    "avg": 31.988314056396483,
    "min": 31.974336624145508,
    "max": 32.02048110961914,
    "all": [
      32.02048110961914,
      31.99385643005371,
      31.97439956665039,
      31.978496551513672,
      31.974336624145508
    ]
  },
  "test_latency_ms": {
    "avg": 8.84981746673584,
    "min": 8.846336364746094,
    "max": 8.857855796813965,
    "all": [
      8.847359657287598,
      8.848095893859863,
      8.84943962097168,
      8.846336364746094,
      8.857855796813965
    ]
  },
  "num_runs": 5,
  "model_init_args": [
    32,
    64,
    [
      3,
      5
    ],
    [
      2,
      3
    ],
    [
      1,
      2
    ],
    [
      2,
      1
    ],
    4
  ],
  "model_init_kwargs": {},
  "seed": 100,
  "align_stats": {
    "pair_aligner": 1,
    "copied_same_shape": 1,
    "mapped_shape": 0,
    "skipped": 0,
    "pair_key": "Model->ModelNew"
  },
  "runnable": true,
  "phase": "stage2_block_tiling",
  "pytorch_baseline_ms": 31.953485107421876,
  "score": 3.6106377591997476
}