{
  "timestamp": "2025-12-13T10:22:18",
  "reference_file": "KernelBench/level1_low_score/75_conv_transposed_2D_asymmetric_input_asymmetric_kernel_strided__grouped____padded____dilated__.py",
  "candidate_file": "/home/hyc/LLMKernel/run/20251213_091928_batch_range68to99_openai_deepseek/75_conv_transposed_2D_asymmetric_input_asymmetric_kernel_strided__grouped____padded____dilated__/code/kernel_20251213_102210.py",
  "tolerance": 0.001,
  "max_abs_err": 1.1920928955078125e-07,
  "mean_abs_err": 5.449293460912941e-09,
  "ref_latency_ms": {
    "avg": 10.253696060180664,
    "min": 10.239999771118164,
    "max": 10.269696235656738,
    "all": [
      10.269696235656738,
      10.2543363571167,
      10.253024101257324,
      10.239999771118164,
      10.251423835754395
    ]
  },
  "test_latency_ms": {
    "avg": 10.410483169555665,
    "min": 10.057727813720703,
    "max": 10.924032211303711,
    "all": [
      10.924032211303711,
      10.922847747802734,
      10.057727813720703,
      10.070816040039062,
      10.07699203491211
    ]
  },
  "num_runs": 5,
  "model_init_args": [
    32,
    64,
    [
      3,
      5
    ],
    [
      2,
      3
    ],
    [
      1,
      2
    ],
    [
      2,
      1
    ],
    4
  ],
  "model_init_kwargs": {},
  "seed": 100,
  "align_stats": {
    "pair_aligner": 1,
    "copied_same_shape": 1,
    "mapped_shape": 0,
    "skipped": 0,
    "pair_key": "Model->ModelNew"
  },
  "runnable": true,
  "phase": "seed_repair",
  "score": 0.984939497348835
}