{
  "timestamp": "2025-12-28T12:25:05",
  "reference_file": "KernelBench/select2/75_conv_transposed_2D_asymmetric_input_asymmetric_kernel_strided__grouped____padded____dilated__.py",
  "candidate_file": "/home/hyc/LLMKernel/run/20251228_121522_batch_range75to79_openai_deepseek/75_conv_transposed_2D_asymmetric_input_asymmetric_kernel_strided__grouped____padded____dilated__/code/kernel_20251228_122501.py",
  "tolerance": 1,
  "max_abs_err": 0.000244140625,
  "mean_abs_err": 2.733253495534882e-05,
  "ref_latency_ms": {
    "avg": 31.958188629150392,
    "min": 31.951711654663086,
    "max": 31.96620750427246,
    "all": [
      31.96620750427246,
      31.960063934326172,
      31.95699119567871,
      31.951711654663086,
      31.955968856811523
    ]
  },
  "test_latency_ms": {
    "avg": 11.088447952270508,
    "min": 11.084799766540527,
    "max": 11.092991828918457,
    "all": [
      11.089728355407715,
      11.087871551513672,
      11.084799766540527,
      11.086848258972168,
      11.092991828918457
    ]
  },
  "num_runs": 5,
  "model_init_args": [
    32,
    64,
    [
      3,
      5
    ],
    [
      2,
      3
    ],
    [
      1,
      2
    ],
    [
      2,
      1
    ],
    4
  ],
  "model_init_kwargs": {},
  "seed": 100,
  "align_stats": {
    "pair_aligner": 1,
    "copied_same_shape": 1,
    "mapped_shape": 0,
    "skipped": 0,
    "pair_key": "Model->ModelNew"
  },
  "runnable": true,
  "phase": "algorithm_optimized_seed1",
  "pytorch_baseline_ms": 31.953485107421876,
  "score": 2.8816914003622096
}