{
  "timestamp": "2025-12-28T12:26:21",
  "reference_file": "KernelBench/select2/75_conv_transposed_2D_asymmetric_input_asymmetric_kernel_strided__grouped____padded____dilated__.py",
  "candidate_file": "/home/hyc/LLMKernel/run/20251228_121522_batch_range75to79_openai_deepseek/75_conv_transposed_2D_asymmetric_input_asymmetric_kernel_strided__grouped____padded____dilated__/code/kernel_20251228_122614.py",
  "tolerance": 1,
  "max_abs_err": 0.0002441704273223877,
  "mean_abs_err": 2.7334050173521973e-05,
  "ref_latency_ms": {
    "avg": 31.959641647338866,
    "min": 31.950847625732422,
    "max": 31.976320266723633,
    "all": [
      31.976320266723633,
      31.961151123046875,
      31.955968856811523,
      31.950847625732422,
      31.953920364379883
    ]
  },
  "test_latency_ms": {
    "avg": 7.833343887329102,
    "min": 7.8305277824401855,
    "max": 7.837440013885498,
    "all": [
      7.835648059844971,
      7.832575798034668,
      7.8305277824401855,
      7.8305277824401855,
      7.837440013885498
    ]
  },
  "num_runs": 5,
  "model_init_args": [
    32,
    64,
    [
      3,
      5
    ],
    [
      2,
      3
    ],
    [
      1,
      2
    ],
    [
      2,
      1
    ],
    4
  ],
  "model_init_kwargs": {},
  "seed": 100,
  "align_stats": {
    "pair_aligner": 1,
    "copied_same_shape": 1,
    "mapped_shape": 0,
    "skipped": 0,
    "pair_key": "Model->ModelNew"
  },
  "runnable": true,
  "phase": "stage1_grid_and_parallel",
  "pytorch_baseline_ms": 31.953485107421876,
  "score": 4.079162815653802
}