{
  "timestamp": "2025-12-29T02:37:36",
  "reference_file": "KernelBench/t/55_Matmul_MaxPool_Sum_Scale.py",
  "candidate_file": "/home/hyc/LLMKernel/run/20251229_022947_batch_range55to77_openai_deepseek/55_Matmul_MaxPool_Sum_Scale/code/kernel_20251229_023718.py",
  "tolerance": 1,
  "max_abs_err": 1.219482421875,
  "mean_abs_err": 1.1893186569213867,
  "ref_latency_ms": {
    "avg": 6.317420768737793,
    "min": 6.207295894622803,
    "max": 6.403071880340576,
    "all": [
      6.401023864746094,
      6.403071880340576,
      6.364160060882568,
      6.207295894622803,
      6.211552143096924
    ]
  },
  "test_latency_ms": {
    "avg": 623.3712768554688,
    "min": 623.3017578125,
    "max": 623.48388671875,
    "all": [
      623.33544921875,
      623.3017578125,
      623.4234619140625,
      623.48388671875,
      623.3118286132812
    ]
  },
  "num_runs": 5,
  "model_init_args": [
    32768,
    32768,
    2,
    0.5
  ],
  "model_init_kwargs": {},
  "seed": 100,
  "align_stats": {
    "copied_same_shape": 0,
    "unique_shape_copied": 2,
    "mapped_shape": 0,
    "skipped": 0,
    "pair_aligner": 0,
    "pair_key": "Model->ModelNew"
  },
  "runnable": true,
  "phase": "algorithm_optimized_seed1",
  "pytorch_baseline_ms": 5.978681468963623,
  "score": 0.009590883781367755
}