{
  "timestamp": "2025-12-15T06:09:19",
  "reference_file": "KernelBench/level2/55_Matmul_MaxPool_Sum_Scale.py",
  "candidate_file": "/home/hyc/LLMKernel/run/20251215_024803_batch_range31to55_openai_deepseek/55_Matmul_MaxPool_Sum_Scale/code/kernel_20251215_060905.py",
  "tolerance": 0.001,
  "max_abs_err": 1.220458984375,
  "mean_abs_err": 1.1892633438110352,
  "ref_latency_ms": {
    "avg": 6.517267227172852,
    "min": 6.461440086364746,
    "max": 6.584256172180176,
    "all": [
      6.584256172180176,
      6.561791896820068,
      6.509407997131348,
      6.46943998336792,
      6.461440086364746
    ]
  },
  "test_latency_ms": {
    "avg": 35.51366424560547,
    "min": 35.45497512817383,
    "max": 35.573760986328125,
    "all": [
      35.50617599487305,
      35.45497512817383,
      35.47932815551758,
      35.554080963134766,
      35.573760986328125
    ]
  },
  "num_runs": 5,
  "model_init_args": [
    32768,
    32768,
    2,
    0.5
  ],
  "model_init_kwargs": {},
  "seed": 100,
  "align_stats": {
    "copied_same_shape": 0,
    "unique_shape_copied": 2,
    "mapped_shape": 0,
    "skipped": 0,
    "pair_aligner": 0,
    "pair_key": "Model->ModelNew"
  },
  "runnable": true,
  "phase": "seed",
  "score": 0.18351435611095274
}