{
  "timestamp": "2025-12-15T06:11:46",
  "reference_file": "KernelBench/level2/55_Matmul_MaxPool_Sum_Scale.py",
  "candidate_file": "/home/hyc/LLMKernel/run/20251215_024803_batch_range31to55_openai_deepseek/55_Matmul_MaxPool_Sum_Scale/code/kernel_20251215_061130.py",
  "tolerance": 0.001,
  "max_abs_err": 1.2203369140625,
  "mean_abs_err": 1.18927001953125,
  "ref_latency_ms": {
    "avg": 6.311878395080567,
    "min": 6.184959888458252,
    "max": 6.564864158630371,
    "all": [
      6.564864158630371,
      6.430624008178711,
      6.184959888458252,
      6.185919761657715,
      6.193024158477783
    ]
  },
  "test_latency_ms": {
    "avg": 35.4608512878418,
    "min": 35.409759521484375,
    "max": 35.50822448730469,
    "all": [
      35.47119903564453,
      35.409759521484375,
      35.48672103881836,
      35.42835235595703,
      35.50822448730469
    ]
  },
  "num_runs": 5,
  "model_init_args": [
    32768,
    32768,
    2,
    0.5
  ],
  "model_init_kwargs": {},
  "seed": 100,
  "align_stats": {
    "copied_same_shape": 0,
    "unique_shape_copied": 2,
    "mapped_shape": 0,
    "skipped": 0,
    "pair_aligner": 0,
    "pair_key": "Model->ModelNew"
  },
  "runnable": true,
  "phase": "stage1_grid_and_parallel",
  "pytorch_baseline_ms": 6.517267227172852,
  "score": 0.18378766979594138
}