{
  "timestamp": "2025-12-29T02:40:53",
  "reference_file": "KernelBench/t/55_Matmul_MaxPool_Sum_Scale.py",
  "candidate_file": "/home/hyc/LLMKernel/run/20251229_022947_batch_range55to77_openai_deepseek/55_Matmul_MaxPool_Sum_Scale/code/kernel_20251229_024039.py",
  "tolerance": 1,
  "max_abs_err": 1.2200927734375,
  "mean_abs_err": 1.189284324645996,
  "ref_latency_ms": {
    "avg": 6.294931125640869,
    "min": 6.288383960723877,
    "max": 6.299647808074951,
    "all": [
      6.299647808074951,
      6.288383960723877,
      6.293504238128662,
      6.293471813201904,
      6.299647808074951
    ]
  },
  "test_latency_ms": {
    "avg": 5.022329616546631,
    "min": 5.005184173583984,
    "max": 5.040287971496582,
    "all": [
      5.0082879066467285,
      5.018784046173096,
      5.005184173583984,
      5.040287971496582,
      5.039103984832764
    ]
  },
  "num_runs": 5,
  "model_init_args": [
    32768,
    32768,
    2,
    0.5
  ],
  "model_init_kwargs": {},
  "seed": 100,
  "align_stats": {
    "copied_same_shape": 0,
    "unique_shape_copied": 2,
    "mapped_shape": 0,
    "skipped": 0,
    "pair_aligner": 0,
    "pair_key": "Model->ModelNew"
  },
  "runnable": true,
  "phase": "stage2_block_tiling",
  "pytorch_baseline_ms": 5.978681468963623,
  "score": 1.1904199695030337
}