{
  "timestamp": "2025-12-15T06:13:50",
  "reference_file": "KernelBench/level2/55_Matmul_MaxPool_Sum_Scale.py",
  "candidate_file": "/home/hyc/LLMKernel/run/20251215_024803_batch_range31to55_openai_deepseek/55_Matmul_MaxPool_Sum_Scale/code/kernel_20251215_061334.py",
  "tolerance": 0.001,
  "max_abs_err": 1.2203369140625,
  "mean_abs_err": 1.1892642974853516,
  "ref_latency_ms": {
    "avg": 6.391526317596435,
    "min": 6.276095867156982,
    "max": 6.593535900115967,
    "all": [
      6.593535900115967,
      6.4389119148254395,
      6.295328140258789,
      6.276095867156982,
      6.353759765625
    ]
  },
  "test_latency_ms": {
    "avg": 35.44555587768555,
    "min": 35.41721725463867,
    "max": 35.50617599487305,
    "all": [
      35.44563293457031,
      35.43756866455078,
      35.41721725463867,
      35.42118453979492,
      35.50617599487305
    ]
  },
  "num_runs": 5,
  "model_init_args": [
    32768,
    32768,
    2,
    0.5
  ],
  "model_init_kwargs": {},
  "seed": 100,
  "align_stats": {
    "copied_same_shape": 0,
    "unique_shape_copied": 2,
    "mapped_shape": 0,
    "skipped": 0,
    "pair_aligner": 0,
    "pair_key": "Model->ModelNew"
  },
  "runnable": true,
  "phase": "stage2_block_tiling",
  "pytorch_baseline_ms": 6.517267227172852,
  "score": 0.18386697756024592
}