{
  "timestamp": "2025-12-29T02:39:21",
  "reference_file": "KernelBench/t/55_Matmul_MaxPool_Sum_Scale.py",
  "candidate_file": "/home/hyc/LLMKernel/run/20251229_022947_batch_range55to77_openai_deepseek/55_Matmul_MaxPool_Sum_Scale/code/kernel_20251229_023908.py",
  "tolerance": 1,
  "max_abs_err": 1.2203369140625,
  "mean_abs_err": 1.1892375946044922,
  "ref_latency_ms": {
    "avg": 6.013907241821289,
    "min": 5.992447853088379,
    "max": 6.052864074707031,
    "all": [
      5.992447853088379,
      6.000448226928711,
      6.006752014160156,
      6.017024040222168,
      6.052864074707031
    ]
  },
  "test_latency_ms": {
    "avg": 6.919296073913574,
    "min": 6.873856067657471,
    "max": 6.985727787017822,
    "all": [
      6.921088218688965,
      6.873856067657471,
      6.909952163696289,
      6.985727787017822,
      6.905856132507324
    ]
  },
  "num_runs": 5,
  "model_init_args": [
    32768,
    32768,
    2,
    0.5
  ],
  "model_init_kwargs": {},
  "seed": 100,
  "align_stats": {
    "copied_same_shape": 0,
    "unique_shape_copied": 2,
    "mapped_shape": 0,
    "skipped": 0,
    "pair_aligner": 0,
    "pair_key": "Model->ModelNew"
  },
  "runnable": true,
  "phase": "stage1_grid_and_parallel_repair",
  "pytorch_baseline_ms": 5.978681468963623,
  "score": 0.8640592056038533
}