{
  "timestamp": "2025-12-29T02:32:36",
  "reference_file": "KernelBench/t/55_Matmul_MaxPool_Sum_Scale.py",
  "candidate_file": "/home/hyc/LLMKernel/run/20251229_022947_batch_range55to77_openai_deepseek/55_Matmul_MaxPool_Sum_Scale/code/kernel_20251229_023223.py",
  "tolerance": 1,
  "max_abs_err": 1.2196044921875,
  "mean_abs_err": 1.1893014907836914,
  "ref_latency_ms": {
    "avg": 6.092185592651367,
    "min": 6.078464031219482,
    "max": 6.105088233947754,
    "all": [
      6.078464031219482,
      6.085631847381592,
      6.105088233947754,
      6.087679862976074,
      6.104063987731934
    ]
  },
  "test_latency_ms": {
    "avg": 46.891526794433595,
    "min": 46.1578254699707,
    "max": 47.939361572265625,
    "all": [
      47.939361572265625,
      47.92729568481445,
      46.22028732299805,
      46.1578254699707,
      46.21286392211914
    ]
  },
  "num_runs": 5,
  "model_init_args": [
    32768,
    32768,
    2,
    0.5
  ],
  "model_init_kwargs": {},
  "seed": 100,
  "align_stats": {
    "copied_same_shape": 0,
    "unique_shape_copied": 2,
    "mapped_shape": 0,
    "skipped": 0,
    "pair_aligner": 0,
    "pair_key": "Model->ModelNew"
  },
  "runnable": true,
  "phase": "seed_1",
  "pytorch_baseline_ms": 5.978681468963623,
  "score": 0.12750025170162174
}