{
  "timestamp": "2025-12-29T02:31:21",
  "reference_file": "KernelBench/t/55_Matmul_MaxPool_Sum_Scale.py",
  "candidate_file": "/home/hyc/LLMKernel/run/20251229_022947_batch_range55to77_openai_deepseek/55_Matmul_MaxPool_Sum_Scale/code/kernel_20251229_023108.py",
  "tolerance": 1,
  "max_abs_err": 1.219970703125,
  "mean_abs_err": 1.1892642974853516,
  "ref_latency_ms": {
    "avg": 5.978681468963623,
    "min": 5.96889591217041,
    "max": 5.987167835235596,
    "all": [
      5.96889591217041,
      5.97599983215332,
      5.982207775115967,
      5.979135990142822,
      5.987167835235596
    ]
  },
  "test_latency_ms": {
    "avg": 4.91988468170166,
    "min": 4.912255764007568,
    "max": 4.929535865783691,
    "all": [
      4.929535865783691,
      4.913919925689697,
      4.912255764007568,
      4.9244160652160645,
      4.919295787811279
    ]
  },
  "num_runs": 5,
  "model_init_args": [
    32768,
    32768,
    2,
    0.5
  ],
  "model_init_kwargs": {},
  "seed": 100,
  "align_stats": {
    "copied_same_shape": 0,
    "unique_shape_copied": 2,
    "mapped_shape": 0,
    "skipped": 0,
    "pair_aligner": 0,
    "pair_key": "Model->ModelNew"
  },
  "runnable": true,
  "phase": "seed_0",
  "score": 1.2152076432197498
}