{
  "timestamp": "2025-12-16T05:41:25",
  "reference_file": "KernelBench/level3/27_RegNet.py",
  "candidate_file": "/home/hyc/LLMKernel/run/20251216_051549_batch_range18to33_openai_deepseek/27_RegNet/code/kernel_20251216_054119.py",
  "tolerance": 0.1,
  "max_abs_err": 0.0,
  "mean_abs_err": 0.0,
  "ref_latency_ms": {
    "avg": 5.258406352996826,
    "min": 5.246975898742676,
    "max": 5.269504070281982,
    "all": [
      5.269504070281982,
      5.256192207336426,
      5.257023811340332,
      5.262335777282715,
      5.246975898742676
    ]
  },
  "test_latency_ms": {
    "avg": 5.273804759979248,
    "min": 5.272575855255127,
    "max": 5.276671886444092,
    "all": [
      5.273600101470947,
      5.272575855255127,
      5.276671886444092,
      5.272575855255127,
      5.273600101470947
    ]
  },
  "num_runs": 5,
  "model_init_args": [
    3,
    3,
    [
      64,
      128,
      256
    ],
    10
  ],
  "model_init_kwargs": {},
  "seed": 100,
  "align_stats": {
    "copied_same_shape": 2,
    "unique_shape_copied": 6,
    "mapped_shape": 0,
    "skipped": 36,
    "pair_aligner": 0,
    "pair_key": "Model->ModelNew"
  },
  "runnable": true,
  "phase": "seed",
  "score": 0.9970802091311242
}