{
  "timestamp": "2025-12-16T05:43:38",
  "reference_file": "KernelBench/level3/27_RegNet.py",
  "candidate_file": "/home/hyc/LLMKernel/run/20251216_051549_batch_range18to33_openai_deepseek/27_RegNet/code/kernel_20251216_054333.py",
  "tolerance": 0.1,
  "max_abs_err": 0.0,
  "mean_abs_err": 0.0,
  "ref_latency_ms": {
    "avg": 5.252908706665039,
    "min": 5.242879867553711,
    "max": 5.26643180847168,
    "all": [
      5.26643180847168,
      5.2541117668151855,
      5.2500481605529785,
      5.242879867553711,
      5.251071929931641
    ]
  },
  "test_latency_ms": {
    "avg": 4.850688076019287,
    "min": 4.847616195678711,
    "max": 4.853759765625,
    "all": [
      4.851712226867676,
      4.8506879806518555,
      4.853759765625,
      4.849664211273193,
      4.847616195678711
    ]
  },
  "num_runs": 5,
  "model_init_args": [
    3,
    3,
    [
      64,
      128,
      256
    ],
    10
  ],
  "model_init_kwargs": {},
  "seed": 100,
  "align_stats": {
    "copied_same_shape": 2,
    "unique_shape_copied": 6,
    "mapped_shape": 0,
    "skipped": 36,
    "pair_aligner": 0,
    "pair_key": "Model->ModelNew"
  },
  "runnable": true,
  "phase": "stage2_block_tiling",
  "pytorch_baseline_ms": 5.258406352996826,
  "score": 1.084053699307776
}