{
  "timestamp": "2025-12-16T05:42:26",
  "reference_file": "KernelBench/level3/27_RegNet.py",
  "candidate_file": "/home/hyc/LLMKernel/run/20251216_051549_batch_range18to33_openai_deepseek/27_RegNet/code/kernel_20251216_054218.py",
  "tolerance": 0.1,
  "max_abs_err": 0.0,
  "mean_abs_err": 0.0,
  "ref_latency_ms": {
    "avg": 5.261516761779785,
    "min": 5.244927883148193,
    "max": 5.31660795211792,
    "all": [
      5.31660795211792,
      5.245952129364014,
      5.251071929931641,
      5.244927883148193,
      5.249023914337158
    ]
  },
  "test_latency_ms": {
    "avg": 5.103206443786621,
    "min": 5.099520206451416,
    "max": 5.106688022613525,
    "all": [
      5.106688022613525,
      5.105663776397705,
      5.099520206451416,
      5.1025919914245605,
      5.101568222045898
    ]
  },
  "num_runs": 5,
  "model_init_args": [
    3,
    3,
    [
      64,
      128,
      256
    ],
    10
  ],
  "model_init_kwargs": {},
  "seed": 100,
  "align_stats": {
    "copied_same_shape": 2,
    "unique_shape_copied": 6,
    "mapped_shape": 0,
    "skipped": 36,
    "pair_aligner": 0,
    "pair_key": "Model->ModelNew"
  },
  "runnable": true,
  "phase": "stage1_grid_and_parallel",
  "pytorch_baseline_ms": 5.258406352996826,
  "score": 1.0304122341354949
}