{
  "timestamp": "2025-12-16T05:45:27",
  "reference_file": "KernelBench/level3/27_RegNet.py",
  "candidate_file": "/home/hyc/LLMKernel/run/20251216_051549_batch_range18to33_openai_deepseek/27_RegNet/code/kernel_20251216_054522.py",
  "tolerance": 0.1,
  "max_abs_err": 0.0,
  "mean_abs_err": 0.0,
  "ref_latency_ms": {
    "avg": 5.250649547576904,
    "min": 5.243904113769531,
    "max": 5.260287761688232,
    "all": [
      5.260287761688232,
      5.253119945526123,
      5.248960018157959,
      5.243904113769531,
      5.246975898742676
    ]
  },
  "test_latency_ms": {
    "avg": 4.848166370391846,
    "min": 4.844543933868408,
    "max": 4.852735996246338,
    "all": [
      4.852735996246338,
      4.844543933868408,
      4.846432209014893,
      4.850527763366699,
      4.846591949462891
    ]
  },
  "num_runs": 5,
  "model_init_args": [
    3,
    3,
    [
      64,
      128,
      256
    ],
    10
  ],
  "model_init_kwargs": {},
  "seed": 100,
  "align_stats": {
    "copied_same_shape": 2,
    "unique_shape_copied": 6,
    "mapped_shape": 0,
    "skipped": 36,
    "pair_aligner": 0,
    "pair_key": "Model->ModelNew"
  },
  "runnable": true,
  "phase": "stage4_advanced_memory",
  "pytorch_baseline_ms": 5.258406352996826,
  "score": 1.0846175546099965
}