{
  "timestamp": "2025-12-16T05:44:42",
  "reference_file": "KernelBench/level3/27_RegNet.py",
  "candidate_file": "/home/hyc/LLMKernel/run/20251216_051549_batch_range18to33_openai_deepseek/27_RegNet/code/kernel_20251216_054436.py",
  "tolerance": 0.1,
  "max_abs_err": 0.0,
  "mean_abs_err": 0.0,
  "ref_latency_ms": {
    "avg": 5.247603225708008,
    "min": 5.238783836364746,
    "max": 5.257215976715088,
    "all": [
      5.257215976715088,
      5.245952129364014,
      5.238783836364746,
      5.2500481605529785,
      5.246016025543213
    ]
  },
  "test_latency_ms": {
    "avg": 4.863091087341308,
    "min": 4.8587517738342285,
    "max": 4.866015911102295,
    "all": [
      4.866015911102295,
      4.86195182800293,
      4.8587517738342285,
      4.86575984954834,
      4.86297607421875
    ]
  },
  "num_runs": 5,
  "model_init_args": [
    3,
    3,
    [
      64,
      128,
      256
    ],
    10
  ],
  "model_init_kwargs": {},
  "seed": 100,
  "align_stats": {
    "copied_same_shape": 2,
    "unique_shape_copied": 6,
    "mapped_shape": 0,
    "skipped": 36,
    "pair_aligner": 0,
    "pair_key": "Model->ModelNew"
  },
  "runnable": true,
  "phase": "stage3_repair",
  "pytorch_baseline_ms": 5.258406352996826,
  "score": 1.0812888877785014
}