{
  "timestamp": "2025-12-15T07:18:31",
  "reference_file": "KernelBench/level2/21_Conv2d_Add_Scale_Sigmoid_GroupNorm.py",
  "candidate_file": "/home/hyc/LLMKernel/run/20251215_070831_batch_range21to25_openai_deepseek/21_Conv2d_Add_Scale_Sigmoid_GroupNorm/code/kernel_20251215_071826.py",
  "tolerance": 0.001,
  "max_abs_err": 0.0004948154091835022,
  "mean_abs_err": 8.02381182438694e-05,
  "ref_latency_ms": {
    "avg": 15.303679847717286,
    "min": 15.29651165008545,
    "max": 15.310815811157227,
    "all": [
      15.304703712463379,
      15.300607681274414,
      15.29651165008545,
      15.305760383605957,
      15.310815811157227
    ]
  },
  "test_latency_ms": {
    "avg": 7.51857271194458,
    "min": 7.512991905212402,
    "max": 7.5221757888793945,
    "all": [
      7.520256042480469,
      7.520256042480469,
      7.517183780670166,
      7.512991905212402,
      7.5221757888793945
    ]
  },
  "num_runs": 5,
  "model_init_args": [
    8,
    32,
    3,
    8,
    [
      32,
      1,
      1
    ],
    [
      32,
      1,
      1
    ]
  ],
  "model_init_kwargs": {},
  "seed": 100,
  "align_stats": {
    "pair_aligner": 1,
    "copied_same_shape": 1,
    "mapped_shape": 0,
    "skipped": 0,
    "pair_key": "Model->ModelNew"
  },
  "runnable": true,
  "phase": "stage4_advanced_memory",
  "pytorch_baseline_ms": 15.297100639343261,
  "score": 2.0345750750060736
}