{
  "timestamp": "2025-12-15T07:14:42",
  "reference_file": "KernelBench/level2/21_Conv2d_Add_Scale_Sigmoid_GroupNorm.py",
  "candidate_file": "/home/hyc/LLMKernel/run/20251215_070831_batch_range21to25_openai_deepseek/21_Conv2d_Add_Scale_Sigmoid_GroupNorm/code/kernel_20251215_071437.py",
  "tolerance": 0.001,
  "max_abs_err": 0.0004948154091835022,
  "mean_abs_err": 8.02381182438694e-05,
  "ref_latency_ms": {
    "avg": 15.311052894592285,
    "min": 15.303680419921875,
    "max": 15.322112083435059,
    "all": [
      15.322112083435059,
      15.303680419921875,
      15.30777645111084,
      15.304703712463379,
      15.316991806030273
    ]
  },
  "test_latency_ms": {
    "avg": 7.721177577972412,
    "min": 7.717887878417969,
    "max": 7.727104187011719,
    "all": [
      7.7209601402282715,
      7.719935894012451,
      7.717887878417969,
      7.71999979019165,
      7.727104187011719
    ]
  },
  "num_runs": 5,
  "model_init_args": [
    8,
    32,
    3,
    8,
    [
      32,
      1,
      1
    ],
    [
      32,
      1,
      1
    ]
  ],
  "model_init_kwargs": {},
  "seed": 100,
  "align_stats": {
    "pair_aligner": 1,
    "copied_same_shape": 1,
    "mapped_shape": 0,
    "skipped": 0,
    "pair_key": "Model->ModelNew"
  },
  "runnable": true,
  "phase": "stage2_block_tiling",
  "pytorch_baseline_ms": 15.297100639343261,
  "score": 1.9811875176895353
}