{
  "timestamp": "2025-12-15T07:17:09",
  "reference_file": "KernelBench/level2/21_Conv2d_Add_Scale_Sigmoid_GroupNorm.py",
  "candidate_file": "/home/hyc/LLMKernel/run/20251215_070831_batch_range21to25_openai_deepseek/21_Conv2d_Add_Scale_Sigmoid_GroupNorm/code/kernel_20251215_071703.py",
  "tolerance": 0.001,
  "max_abs_err": 0.0004948154091835022,
  "mean_abs_err": 8.02381182438694e-05,
  "ref_latency_ms": {
    "avg": 15.332966423034668,
    "min": 15.321087837219238,
    "max": 15.349760055541992,
    "all": [
      15.349760055541992,
      15.333375930786133,
      15.331328392028809,
      15.321087837219238,
      15.329279899597168
    ]
  },
  "test_latency_ms": {
    "avg": 7.532134532928467,
    "min": 7.528448104858398,
    "max": 7.534592151641846,
    "all": [
      7.534592151641846,
      7.528448104858398,
      7.530496120452881,
      7.532544136047363,
      7.534592151641846
    ]
  },
  "num_runs": 5,
  "model_init_args": [
    8,
    32,
    3,
    8,
    [
      32,
      1,
      1
    ],
    [
      32,
      1,
      1
    ]
  ],
  "model_init_kwargs": {},
  "seed": 100,
  "align_stats": {
    "pair_aligner": 1,
    "copied_same_shape": 1,
    "mapped_shape": 0,
    "skipped": 0,
    "pair_key": "Model->ModelNew"
  },
  "runnable": true,
  "phase": "stage3_repair",
  "pytorch_baseline_ms": 15.297100639343261,
  "score": 2.0309117651136543
}