{
  "timestamp": "2025-12-15T07:12:52",
  "reference_file": "KernelBench/level2/21_Conv2d_Add_Scale_Sigmoid_GroupNorm.py",
  "candidate_file": "/home/hyc/LLMKernel/run/20251215_070831_batch_range21to25_openai_deepseek/21_Conv2d_Add_Scale_Sigmoid_GroupNorm/code/kernel_20251215_071245.py",
  "tolerance": 0.001,
  "max_abs_err": 0.0004948154091835022,
  "mean_abs_err": 8.023600821616128e-05,
  "ref_latency_ms": {
    "avg": 15.322521781921386,
    "min": 15.29856014251709,
    "max": 15.370240211486816,
    "all": [
      15.319040298461914,
      15.309823989868164,
      15.31494426727295,
      15.29856014251709,
      15.370240211486816
    ]
  },
  "test_latency_ms": {
    "avg": 9.14780158996582,
    "min": 9.142271995544434,
    "max": 9.151488304138184,
    "all": [
      9.150464057922363,
      9.145343780517578,
      9.142271995544434,
      9.149439811706543,
      9.151488304138184
    ]
  },
  "num_runs": 5,
  "model_init_args": [
    8,
    32,
    3,
    8,
    [
      32,
      1,
      1
    ],
    [
      32,
      1,
      1
    ]
  ],
  "model_init_kwargs": {},
  "seed": 100,
  "align_stats": {
    "pair_aligner": 1,
    "copied_same_shape": 1,
    "mapped_shape": 0,
    "skipped": 0,
    "pair_key": "Model->ModelNew"
  },
  "runnable": true,
  "phase": "stage1_grid_and_parallel",
  "pytorch_baseline_ms": 15.297100639343261,
  "score": 1.6722160498236625
}