{
  "timestamp": "2025-12-15T07:11:09",
  "reference_file": "KernelBench/level2/21_Conv2d_Add_Scale_Sigmoid_GroupNorm.py",
  "candidate_file": "/home/hyc/LLMKernel/run/20251215_070831_batch_range21to25_openai_deepseek/21_Conv2d_Add_Scale_Sigmoid_GroupNorm/code/kernel_20251215_071105.py",
  "tolerance": 0.001,
  "max_abs_err": 4.410743713378906e-06,
  "mean_abs_err": 3.1882106554803613e-07,
  "ref_latency_ms": {
    "avg": 15.297100639343261,
    "min": 15.28831958770752,
    "max": 15.3057279586792,
    "all": [
      15.3057279586792,
      15.29651165008545,
      15.295488357543945,
      15.28831958770752,
      15.299455642700195
    ]
  },
  "test_latency_ms": {
    "avg": 15.18257942199707,
    "min": 15.178560256958008,
    "max": 15.186944007873535,
    "all": [
      15.184896469116211,
      15.178560256958008,
      15.182720184326172,
      15.179776191711426,
      15.186944007873535
    ]
  },
  "num_runs": 5,
  "model_init_args": [
    8,
    32,
    3,
    8,
    [
      32,
      1,
      1
    ],
    [
      32,
      1,
      1
    ]
  ],
  "model_init_kwargs": {},
  "seed": 100,
  "align_stats": {
    "pair_aligner": 1,
    "copied_same_shape": 1,
    "mapped_shape": 0,
    "skipped": 0,
    "pair_key": "Model->ModelNew"
  },
  "runnable": true,
  "phase": "seed_repair",
  "score": 1.0075429355027952
}