{
  "timestamp": "2025-12-14T17:31:14",
  "reference_file": "KernelBench/level2/16_ConvTranspose2d_Mish_Add_Hardtanh_Scaling.py",
  "candidate_file": "/home/hyc/LLMKernel/run/20251214_114625_batch_range6to24_deepseek_deepseek/16_ConvTranspose2d_Mish_Add_Hardtanh_Scaling/code/kernel_20251214_173110.py",
  "tolerance": 0.001,
  "max_abs_err": 0.012549281120300293,
  "mean_abs_err": 0.0017240045126527548,
  "ref_latency_ms": {
    "avg": 36.703443145751955,
    "min": 36.69606399536133,
    "max": 36.718849182128906,
    "all": [
      36.718849182128906,
      36.69606399536133,
      36.699039459228516,
      36.69606399536133,
      36.70719909667969
    ]
  },
  "test_latency_ms": {
    "avg": 22.893772506713866,
    "min": 22.88230323791504,
    "max": 22.925312042236328,
    "all": [
      22.925312042236328,
      22.88230323791504,
      22.88947105407715,
      22.8853759765625,
      22.88640022277832
    ]
  },
  "num_runs": 5,
  "model_init_args": [
    64,
    64,
    3,
    2,
    1,
    1,
    0.5,
    2
  ],
  "model_init_kwargs": {},
  "seed": 100,
  "align_stats": {
    "pair_aligner": 1,
    "copied_same_shape": 1,
    "mapped_shape": 0,
    "skipped": 0,
    "pair_key": "Model->ModelNew"
  },
  "runnable": true,
  "phase": "stage3_memory_access",
  "pytorch_baseline_ms": 36.73128967285156,
  "score": 1.604422760035712
}