{
  "timestamp": "2025-12-14T17:01:24",
  "reference_file": "KernelBench/level2/16_ConvTranspose2d_Mish_Add_Hardtanh_Scaling.py",
  "candidate_file": "/home/hyc/LLMKernel/run/20251214_114625_batch_range6to24_deepseek_deepseek/16_ConvTranspose2d_Mish_Add_Hardtanh_Scaling/code/kernel_20251214_170119.py",
  "tolerance": 0.001,
  "max_abs_err": 1.7881393432617188e-07,
  "mean_abs_err": 1.4135226322764538e-08,
  "ref_latency_ms": {
    "avg": 36.73128967285156,
    "min": 36.69094467163086,
    "max": 36.86399841308594,
    "all": [
      36.71654510498047,
      36.6929931640625,
      36.69196701049805,
      36.86399841308594,
      36.69094467163086
    ]
  },
  "test_latency_ms": {
    "avg": 27.845228958129884,
    "min": 27.831296920776367,
    "max": 27.851776123046875,
    "all": [
      27.848703384399414,
      27.831296920776367,
      27.851776123046875,
      27.843711853027344,
      27.850656509399414
    ]
  },
  "num_runs": 5,
  "model_init_args": [
    64,
    64,
    3,
    2,
    1,
    1,
    0.5,
    2
  ],
  "model_init_kwargs": {},
  "seed": 100,
  "align_stats": {
    "pair_aligner": 1,
    "copied_same_shape": 1,
    "mapped_shape": 0,
    "skipped": 0,
    "pair_key": "Model->ModelNew"
  },
  "runnable": true,
  "phase": "seed_repair",
  "score": 1.3191232770282983
}