{
  "timestamp": "2025-12-14T17:43:05",
  "reference_file": "KernelBench/level2/16_ConvTranspose2d_Mish_Add_Hardtanh_Scaling.py",
  "candidate_file": "/home/hyc/LLMKernel/run/20251214_114625_batch_range6to24_deepseek_deepseek/16_ConvTranspose2d_Mish_Add_Hardtanh_Scaling/code/kernel_20251214_174300.py",
  "tolerance": 0.001,
  "max_abs_err": 1.7881393432617188e-07,
  "mean_abs_err": 1.274283345509275e-08,
  "ref_latency_ms": {
    "avg": 36.69671096801758,
    "min": 36.68902587890625,
    "max": 36.71247863769531,
    "all": [
      36.71247863769531,
      36.69504165649414,
      36.6929931640625,
      36.69401550292969,
      36.68902587890625
    ]
  },
  "test_latency_ms": {
    "avg": 22.85030403137207,
    "min": 22.83417510986328,
    "max": 22.858495712280273,
    "all": [
      22.856704711914062,
      22.854656219482422,
      22.83417510986328,
      22.858495712280273,
      22.847488403320312
    ]
  },
  "num_runs": 5,
  "model_init_args": [
    64,
    64,
    3,
    2,
    1,
    1,
    0.5,
    2
  ],
  "model_init_kwargs": {},
  "seed": 100,
  "align_stats": {
    "pair_aligner": 1,
    "copied_same_shape": 1,
    "mapped_shape": 0,
    "skipped": 0,
    "pair_key": "Model->ModelNew"
  },
  "runnable": true,
  "phase": "stage4_repair",
  "pytorch_baseline_ms": 36.73128967285156,
  "score": 1.6074748774642889
}