{
  "timestamp": "2025-12-14T17:17:50",
  "reference_file": "KernelBench/level2/16_ConvTranspose2d_Mish_Add_Hardtanh_Scaling.py",
  "candidate_file": "/home/hyc/LLMKernel/run/20251214_114625_batch_range6to24_deepseek_deepseek/16_ConvTranspose2d_Mish_Add_Hardtanh_Scaling/code/kernel_20251214_171745.py",
  "tolerance": 0.001,
  "max_abs_err": 1.7881393432617188e-07,
  "mean_abs_err": 1.284297201920026e-08,
  "ref_latency_ms": {
    "avg": 36.69813766479492,
    "min": 36.69094467163086,
    "max": 36.715518951416016,
    "all": [
      36.715518951416016,
      36.69295883178711,
      36.6962890625,
      36.69094467163086,
      36.694976806640625
    ]
  },
  "test_latency_ms": {
    "avg": 22.872243118286132,
    "min": 22.8536319732666,
    "max": 22.91084861755371,
    "all": [
      22.91084861755371,
      22.87718391418457,
      22.8536319732666,
      22.86591911315918,
      22.8536319732666
    ]
  },
  "num_runs": 5,
  "model_init_args": [
    64,
    64,
    3,
    2,
    1,
    1,
    0.5,
    2
  ],
  "model_init_kwargs": {},
  "seed": 100,
  "align_stats": {
    "pair_aligner": 1,
    "copied_same_shape": 1,
    "mapped_shape": 0,
    "skipped": 0,
    "pair_key": "Model->ModelNew"
  },
  "runnable": true,
  "phase": "stage1_repair",
  "pytorch_baseline_ms": 36.73128967285156,
  "score": 1.6059329853609878
}