{
  "timestamp": "2025-12-29T03:03:35",
  "reference_file": "KernelBench/t/67_Conv2d_GELU_GlobalAvgPool.py",
  "candidate_file": "/home/hyc/LLMKernel/run/20251229_022947_batch_range55to77_openai_deepseek/67_Conv2d_GELU_GlobalAvgPool/code/kernel_20251229_030331.py",
  "tolerance": 1,
  "max_abs_err": 0.000558316707611084,
  "mean_abs_err": 6.840444257250056e-05,
  "ref_latency_ms": {
    "avg": 14.222380638122559,
    "min": 14.217215538024902,
    "max": 14.238719940185547,
    "all": [
      14.238719940185547,
      14.220288276672363,
      14.217215538024902,
      14.218239784240723,
      14.217439651489258
    ]
  },
  "test_latency_ms": {
    "avg": 8.704985618591309,
    "min": 8.696767807006836,
    "max": 8.722304344177246,
    "all": [
      8.706048011779785,
      8.700927734375,
      8.696767807006836,
      8.698880195617676,
      8.722304344177246
    ]
  },
  "num_runs": 5,
  "model_init_args": [
    8,
    64,
    3
  ],
  "model_init_kwargs": {},
  "seed": 100,
  "align_stats": {
    "pair_aligner": 1,
    "copied_same_shape": 1,
    "mapped_shape": 0,
    "skipped": 0,
    "pair_key": "Model->ModelNew"
  },
  "runnable": true,
  "phase": "algorithm_optimized_seed1",
  "pytorch_baseline_ms": 14.29237766265869,
  "score": 1.64186114588568
}