{
  "timestamp": "2025-12-29T03:05:44",
  "reference_file": "KernelBench/t/67_Conv2d_GELU_GlobalAvgPool.py",
  "candidate_file": "/home/hyc/LLMKernel/run/20251229_022947_batch_range55to77_openai_deepseek/67_Conv2d_GELU_GlobalAvgPool/code/kernel_20251229_030538.py",
  "tolerance": 1,
  "max_abs_err": 0.0005577206611633301,
  "mean_abs_err": 6.840376590844244e-05,
  "ref_latency_ms": {
    "avg": 14.298931121826172,
    "min": 14.284799575805664,
    "max": 14.320639610290527,
    "all": [
      14.284799575805664,
      14.304287910461426,
      14.286848068237305,
      14.320639610290527,
      14.298080444335938
    ]
  },
  "test_latency_ms": {
    "avg": 8.309305572509766,
    "min": 8.29747200012207,
    "max": 8.315679550170898,
    "all": [
      8.31488037109375,
      8.29747200012207,
      8.3056640625,
      8.31283187866211,
      8.315679550170898
    ]
  },
  "num_runs": 5,
  "model_init_args": [
    8,
    64,
    3
  ],
  "model_init_kwargs": {},
  "seed": 100,
  "align_stats": {
    "pair_aligner": 1,
    "copied_same_shape": 1,
    "mapped_shape": 0,
    "skipped": 0,
    "pair_key": "Model->ModelNew"
  },
  "runnable": true,
  "phase": "stage2_block_tiling",
  "pytorch_baseline_ms": 14.29237766265869,
  "score": 1.7200447784641744
}