{
  "timestamp": "2025-12-29T03:02:28",
  "reference_file": "KernelBench/t/67_Conv2d_GELU_GlobalAvgPool.py",
  "candidate_file": "/home/hyc/LLMKernel/run/20251229_022947_batch_range55to77_openai_deepseek/67_Conv2d_GELU_GlobalAvgPool/code/kernel_20251229_030223.py",
  "tolerance": 1,
  "max_abs_err": 0.0005578994750976562,
  "mean_abs_err": 6.840228888904676e-05,
  "ref_latency_ms": {
    "avg": 14.251993560791016,
    "min": 14.230527877807617,
    "max": 14.286848068237305,
    "all": [
      14.241791725158691,
      14.233599662780762,
      14.230527877807617,
      14.267200469970703,
      14.286848068237305
    ]
  },
  "test_latency_ms": {
    "avg": 18.738994979858397,
    "min": 18.722816467285156,
    "max": 18.78118324279785,
    "all": [
      18.729984283447266,
      18.734079360961914,
      18.722816467285156,
      18.726911544799805,
      18.78118324279785
    ]
  },
  "num_runs": 5,
  "model_init_args": [
    8,
    64,
    3
  ],
  "model_init_kwargs": {},
  "seed": 100,
  "align_stats": {
    "pair_aligner": 1,
    "copied_same_shape": 1,
    "mapped_shape": 0,
    "skipped": 0,
    "pair_key": "Model->ModelNew"
  },
  "runnable": true,
  "phase": "algorithm_optimized_seed0_repair1",
  "pytorch_baseline_ms": 14.29237766265869,
  "score": 0.7627078014600489
}