{
  "timestamp": "2025-12-11T19:40:42",
  "reference_file": "KernelBench/level2/67_Conv2d_GELU_GlobalAvgPool.py",
  "candidate_file": "/home/hyc/LLMKernel/run/20251211_193622_67_Conv2d_GELU_GlobalAvgPool_deepseek_deepseek/67_Conv2d_GELU_GlobalAvgPool/code/kernel_20251211_194037.py",
  "tolerance": 0.001,
  "max_abs_err": 8.106231689453125e-05,
  "mean_abs_err": 9.077643881028052e-06,
  "ref_latency_ms": {
    "avg": 13.909139251708984,
    "min": 13.888223648071289,
    "max": 13.923328399658203,
    "all": [
      13.923328399658203,
      13.888223648071289,
      13.922304153442383,
      13.916159629821777,
      13.89568042755127
    ]
  },
  "test_latency_ms": {
    "avg": 13.498982429504395,
    "min": 13.454336166381836,
    "max": 13.534208297729492,
    "all": [
      13.484031677246094,
      13.534208297729492,
      13.511679649353027,
      13.510656356811523,
      13.454336166381836
    ]
  },
  "num_runs": 5,
  "model_init_args": [
    8,
    64,
    3
  ],
  "model_init_kwargs": {},
  "seed": 100,
  "align_stats": {
    "pair_aligner": 1,
    "copied_same_shape": 1,
    "mapped_shape": 0,
    "skipped": 0,
    "pair_key": "Model->ModelNew"
  },
  "runnable": true,
  "phase": "seed",
  "score": 1.0303842770628489
}