{
  "timestamp": "2025-12-11T19:45:12",
  "reference_file": "KernelBench/level2/67_Conv2d_GELU_GlobalAvgPool.py",
  "candidate_file": "/home/hyc/LLMKernel/run/20251211_193622_67_Conv2d_GELU_GlobalAvgPool_deepseek_deepseek/67_Conv2d_GELU_GlobalAvgPool/code/kernel_20251211_194506.py",
  "tolerance": 0.001,
  "max_abs_err": 8.130073547363281e-05,
  "mean_abs_err": 9.079102710529696e-06,
  "ref_latency_ms": {
    "avg": 13.91127052307129,
    "min": 13.883392333984375,
    "max": 13.932671546936035,
    "all": [
      13.932671546936035,
      13.902848243713379,
      13.883392333984375,
      13.918208122253418,
      13.919232368469238
    ]
  },
  "test_latency_ms": {
    "avg": 66.99150695800782,
    "min": 66.73999786376953,
    "max": 67.19487762451172,
    "all": [
      66.73999786376953,
      66.8189468383789,
      67.02761840820312,
      67.19487762451172,
      67.17609405517578
    ]
  },
  "num_runs": 5,
  "model_init_args": [
    8,
    64,
    3
  ],
  "model_init_kwargs": {},
  "seed": 100,
  "align_stats": {
    "pair_aligner": 1,
    "copied_same_shape": 1,
    "mapped_shape": 0,
    "skipped": 0,
    "pair_key": "Model->ModelNew"
  },
  "runnable": true,
  "phase": "stage1_grid_and_parallel",
  "pytorch_baseline_ms": 13.909139251708984,
  "score": 0.20762541228439044
}