{
  "timestamp": "2025-12-29T03:04:39",
  "reference_file": "KernelBench/t/67_Conv2d_GELU_GlobalAvgPool.py",
  "candidate_file": "/home/hyc/LLMKernel/run/20251229_022947_batch_range55to77_openai_deepseek/67_Conv2d_GELU_GlobalAvgPool/code/kernel_20251229_030431.py",
  "tolerance": 1,
  "max_abs_err": 0.0005578398704528809,
  "mean_abs_err": 6.840389687567949e-05,
  "ref_latency_ms": {
    "avg": 14.285126304626464,
    "min": 14.238719940185547,
    "max": 14.320575714111328,
    "all": [
      14.310303688049316,
      14.277376174926758,
      14.278656005859375,
      14.238719940185547,
      14.320575714111328
    ]
  },
  "test_latency_ms": {
    "avg": 8.293561744689942,
    "min": 8.280991554260254,
    "max": 8.301568031311035,
    "all": [
      8.294400215148926,
      8.295424461364746,
      8.280991554260254,
      8.301568031311035,
      8.295424461364746
    ]
  },
  "num_runs": 5,
  "model_init_args": [
    8,
    64,
    3
  ],
  "model_init_kwargs": {},
  "seed": 100,
  "align_stats": {
    "pair_aligner": 1,
    "copied_same_shape": 1,
    "mapped_shape": 0,
    "skipped": 0,
    "pair_key": "Model->ModelNew"
  },
  "runnable": true,
  "phase": "stage1_grid_and_parallel",
  "pytorch_baseline_ms": 14.29237766265869,
  "score": 1.7233099725590837
}