{
  "timestamp": "2025-12-29T03:00:08",
  "reference_file": "KernelBench/t/67_Conv2d_GELU_GlobalAvgPool.py",
  "candidate_file": "/home/hyc/LLMKernel/run/20251229_022947_batch_range55to77_openai_deepseek/67_Conv2d_GELU_GlobalAvgPool/code/kernel_20251229_030002.py",
  "tolerance": 1,
  "max_abs_err": 8.124113082885742e-05,
  "mean_abs_err": 9.0786943474086e-06,
  "ref_latency_ms": {
    "avg": 14.29237766265869,
    "min": 14.271488189697266,
    "max": 14.302207946777344,
    "all": [
      14.302207946777344,
      14.2991361618042,
      14.30016040802002,
      14.271488189697266,
      14.288895606994629
    ]
  },
  "test_latency_ms": {
    "avg": 158.33249206542968,
    "min": 155.48211669921875,
    "max": 160.3020782470703,
    "all": [
      159.8739471435547,
      155.48211669921875,
      155.7626495361328,
      160.24166870117188,
      160.3020782470703
    ]
  },
  "num_runs": 5,
  "model_init_args": [
    8,
    64,
    3
  ],
  "model_init_kwargs": {},
  "seed": 100,
  "align_stats": {
    "pair_aligner": 1,
    "copied_same_shape": 1,
    "mapped_shape": 0,
    "skipped": 0,
    "pair_key": "Model->ModelNew"
  },
  "runnable": true,
  "phase": "seed_1",
  "score": 0.09026812801476324
}