{
  "timestamp": "2025-12-29T02:58:53",
  "reference_file": "KernelBench/t/67_Conv2d_GELU_GlobalAvgPool.py",
  "candidate_file": "/home/hyc/LLMKernel/run/20251229_022947_batch_range55to77_openai_deepseek/67_Conv2d_GELU_GlobalAvgPool/code/kernel_20251229_025848.py",
  "tolerance": 1,
  "max_abs_err": 0.0005578398704528809,
  "mean_abs_err": 6.840389687567949e-05,
  "ref_latency_ms": {
    "avg": 14.230335998535157,
    "min": 14.219264030456543,
    "max": 14.245887756347656,
    "all": [
      14.245887756347656,
      14.235712051391602,
      14.220288276672363,
      14.230527877807617,
      14.219264030456543
    ]
  },
  "test_latency_ms": {
    "avg": 8.242150497436523,
    "min": 8.234880447387695,
    "max": 8.250368118286133,
    "all": [
      8.244223594665527,
      8.239104270935059,
      8.234880447387695,
      8.250368118286133,
      8.242176055908203
    ]
  },
  "num_runs": 5,
  "model_init_args": [
    8,
    64,
    3
  ],
  "model_init_kwargs": {},
  "seed": 100,
  "align_stats": {
    "pair_aligner": 1,
    "copied_same_shape": 1,
    "mapped_shape": 0,
    "skipped": 0,
    "pair_key": "Model->ModelNew"
  },
  "runnable": true,
  "phase": "seed_0_repair_1",
  "score": 1.7265319291319763
}