{
  "timestamp": "2025-12-29T03:07:09",
  "reference_file": "KernelBench/t/67_Conv2d_GELU_GlobalAvgPool.py",
  "candidate_file": "/home/hyc/LLMKernel/run/20251229_022947_batch_range55to77_openai_deepseek/67_Conv2d_GELU_GlobalAvgPool/code/kernel_20251229_030701.py",
  "tolerance": 1,
  "max_abs_err": 0.0005578398704528809,
  "mean_abs_err": 6.840389687567949e-05,
  "ref_latency_ms": {
    "avg": 28.364857482910157,
    "min": 28.342432022094727,
    "max": 28.411903381347656,
    "all": [
      28.36172866821289,
      28.342432022094727,
      28.34342384338379,
      28.36479949951172,
      28.411903381347656
    ]
  },
  "test_latency_ms": {
    "avg": 7.919808006286621,
    "min": 7.911424160003662,
    "max": 7.927807807922363,
    "all": [
      7.9185919761657715,
      7.927743911743164,
      7.911424160003662,
      7.9134721755981445,
      7.927807807922363
    ]
  },
  "num_runs": 5,
  "model_init_args": [
    8,
    64,
    3
  ],
  "model_init_kwargs": {},
  "seed": 100,
  "align_stats": {
    "pair_aligner": 1,
    "copied_same_shape": 1,
    "mapped_shape": 0,
    "skipped": 0,
    "pair_key": "Model->ModelNew"
  },
  "runnable": true,
  "phase": "stage3_memory_and_tuning",
  "pytorch_baseline_ms": 14.29237766265869,
  "score": 1.8046368865651317
}