{
  "timestamp": "2025-12-11T19:49:19",
  "reference_file": "KernelBench/level2/67_Conv2d_GELU_GlobalAvgPool.py",
  "candidate_file": "/home/hyc/LLMKernel/run/20251211_193622_67_Conv2d_GELU_GlobalAvgPool_deepseek_deepseek/67_Conv2d_GELU_GlobalAvgPool/code/kernel_20251211_194914.py",
  "tolerance": 0.001,
  "max_abs_err": 8.124113082885742e-05,
  "mean_abs_err": 9.07865796762053e-06,
  "ref_latency_ms": {
    "avg": 13.937811279296875,
    "min": 13.888383865356445,
    "max": 13.990912437438965,
    "all": [
      13.990912437438965,
      13.9683837890625,
      13.888383865356445,
      13.918208122253418,
      13.923168182373047
    ]
  },
  "test_latency_ms": {
    "avg": 9.682304000854492,
    "min": 9.651040077209473,
    "max": 9.721728324890137,
    "all": [
      9.721728324890137,
      9.684991836547852,
      9.666560173034668,
      9.651040077209473,
      9.687199592590332
    ]
  },
  "num_runs": 5,
  "model_init_args": [
    8,
    64,
    3
  ],
  "model_init_kwargs": {},
  "seed": 100,
  "align_stats": {
    "pair_aligner": 1,
    "copied_same_shape": 1,
    "mapped_shape": 0,
    "skipped": 0,
    "pair_key": "Model->ModelNew"
  },
  "runnable": true,
  "phase": "stage2_repair",
  "pytorch_baseline_ms": 13.909139251708984,
  "score": 1.43655262739958
}