{
  "timestamp": "2025-12-11T19:57:46",
  "reference_file": "KernelBench/level2/67_Conv2d_GELU_GlobalAvgPool.py",
  "candidate_file": "/home/hyc/LLMKernel/run/20251211_193622_67_Conv2d_GELU_GlobalAvgPool_deepseek_deepseek/67_Conv2d_GELU_GlobalAvgPool/code/kernel_20251211_195739.py",
  "tolerance": 0.001,
  "max_abs_err": 8.124113082885742e-05,
  "mean_abs_err": 9.078305083676241e-06,
  "ref_latency_ms": {
    "avg": 13.962035369873046,
    "min": 13.914112091064453,
    "max": 14.018560409545898,
    "all": [
      14.018560409545898,
      13.96735954284668,
      13.915136337280273,
      13.99500846862793,
      13.914112091064453
    ]
  },
  "test_latency_ms": {
    "avg": 10.477094650268555,
    "min": 10.425344467163086,
    "max": 10.537983894348145,
    "all": [
      10.425344467163086,
      10.537983894348145,
      10.512384414672852,
      10.448896408081055,
      10.460864067077637
    ]
  },
  "num_runs": 5,
  "model_init_args": [
    8,
    64,
    3
  ],
  "model_init_kwargs": {},
  "seed": 100,
  "align_stats": {
    "pair_aligner": 1,
    "copied_same_shape": 1,
    "mapped_shape": 0,
    "skipped": 0,
    "pair_key": "Model->ModelNew"
  },
  "runnable": true,
  "phase": "stage3_repair",
  "pytorch_baseline_ms": 13.909139251708984,
  "score": 1.3275759851374882
}