{
  "timestamp": "2025-12-14T14:19:13",
  "reference_file": "KernelBench/level2/60_ConvTranspose3d_Swish_GroupNorm_HardSwish.py",
  "candidate_file": "/home/hyc/LLMKernel/run/20251214_114735_batch_range56to80_deepseek_deepseek/60_ConvTranspose3d_Swish_GroupNorm_HardSwish/code/kernel_20251214_141910.py",
  "tolerance": 0.001,
  "max_abs_err": 1.6689300537109375e-06,
  "mean_abs_err": 6.410441955040369e-08,
  "ref_latency_ms": {
    "avg": 23.631833648681642,
    "min": 23.08812713623047,
    "max": 23.84160041809082,
    "all": [
      23.751680374145508,
      23.84160041809082,
      23.749631881713867,
      23.72812843322754,
      23.08812713623047
    ]
  },
  "test_latency_ms": {
    "avg": 14.87146224975586,
    "min": 14.857215881347656,
    "max": 14.885631561279297,
    "all": [
      14.880767822265625,
      14.885631561279297,
      14.857215881347656,
      14.87446403503418,
      14.859231948852539
    ]
  },
  "num_runs": 5,
  "model_init_args": [
    3,
    16,
    3,
    2,
    1,
    4,
    1e-05
  ],
  "model_init_kwargs": {},
  "seed": 100,
  "align_stats": {
    "pair_aligner": 1,
    "copied_same_shape": 1,
    "mapped_shape": 0,
    "skipped": 0,
    "pair_key": "Model->ModelNew"
  },
  "runnable": true,
  "phase": "seed_repair",
  "score": 1.5890726313123378
}