{
  "timestamp": "2025-12-15T14:36:03",
  "reference_file": "KernelBench/level3/1_MLP.py",
  "candidate_file": "/home/hyc/LLMKernel/run/20251215_142920_1_MLP_openai_deepseek/1_MLP/code/kernel_20251215_143549.py",
  "tolerance": 0.001,
  "max_abs_err": 0.0007158517837524414,
  "mean_abs_err": 0.00011903091217391193,
  "ref_latency_ms": {
    "avg": 4.022649574279785,
    "min": 4.017151832580566,
    "max": 4.0273919105529785,
    "all": [
      4.019199848175049,
      4.017151832580566,
      4.024256229400635,
      4.0273919105529785,
      4.025248050689697
    ]
  },
  "test_latency_ms": {
    "avg": 4.695167922973633,
    "min": 4.658175945281982,
    "max": 4.800543785095215,
    "all": [
      4.800543785095215,
      4.6743998527526855,
      4.675519943237305,
      4.658175945281982,
      4.667200088500977
    ]
  },
  "num_runs": 5,
  "model_init_args": [
    16384,
    [
      16384,
      16384
    ],
    8192
  ],
  "model_init_kwargs": {},
  "seed": 100,
  "align_stats": {
    "copied_same_shape": 6,
    "unique_shape_copied": 0,
    "mapped_shape": 0,
    "skipped": 0,
    "pair_aligner": 0,
    "pair_key": "Model->ModelNew"
  },
  "runnable": true,
  "phase": "stage3_memory_access",
  "pytorch_baseline_ms": 4.01410551071167,
  "score": 0.8549439714542478
}