{
  "timestamp": "2025-12-15T14:30:24",
  "reference_file": "KernelBench/level3/1_MLP.py",
  "candidate_file": "/home/hyc/LLMKernel/run/20251215_142920_1_MLP_openai_deepseek/1_MLP/code/kernel_20251215_143013.py",
  "tolerance": 0.001,
  "max_abs_err": 0.0007158517837524414,
  "mean_abs_err": 0.00011903091217391193,
  "ref_latency_ms": {
    "avg": 4.01410551071167,
    "min": 4.008959770202637,
    "max": 4.018239974975586,
    "all": [
      4.018176078796387,
      4.012095928192139,
      4.018239974975586,
      4.013055801391602,
      4.008959770202637
    ]
  },
  "test_latency_ms": {
    "avg": 3.1858431816101076,
    "min": 3.1773440837860107,
    "max": 3.1979520320892334,
    "all": [
      3.1979520320892334,
      3.1887359619140625,
      3.1773440837860107,
      3.1846399307250977,
      3.180543899536133
    ]
  },
  "num_runs": 5,
  "model_init_args": [
    16384,
    [
      16384,
      16384
    ],
    8192
  ],
  "model_init_kwargs": {},
  "seed": 100,
  "align_stats": {
    "copied_same_shape": 6,
    "unique_shape_copied": 0,
    "mapped_shape": 0,
    "skipped": 0,
    "pair_aligner": 0,
    "pair_key": "Model->ModelNew"
  },
  "runnable": true,
  "phase": "seed",
  "score": 1.2599821403271216
}