{
  "timestamp": "2025-12-15T14:34:32",
  "reference_file": "KernelBench/level3/1_MLP.py",
  "candidate_file": "/home/hyc/LLMKernel/run/20251215_142920_1_MLP_openai_deepseek/1_MLP/code/kernel_20251215_143420.py",
  "tolerance": 0.001,
  "max_abs_err": 0.0007158517837524414,
  "mean_abs_err": 0.00011903091217391193,
  "ref_latency_ms": {
    "avg": 4.019968032836914,
    "min": 4.012928009033203,
    "max": 4.031199932098389,
    "all": [
      4.018432140350342,
      4.031199932098389,
      4.018080234527588,
      4.019199848175049,
      4.012928009033203
    ]
  },
  "test_latency_ms": {
    "avg": 4.79811201095581,
    "min": 4.740992069244385,
    "max": 4.81763219833374,
    "all": [
      4.740992069244385,
      4.816895961761475,
      4.800511837005615,
      4.814527988433838,
      4.81763219833374
    ]
  },
  "num_runs": 5,
  "model_init_args": [
    16384,
    [
      16384,
      16384
    ],
    8192
  ],
  "model_init_kwargs": {},
  "seed": 100,
  "align_stats": {
    "copied_same_shape": 6,
    "unique_shape_copied": 0,
    "mapped_shape": 0,
    "skipped": 0,
    "pair_aligner": 0,
    "pair_key": "Model->ModelNew"
  },
  "runnable": true,
  "phase": "stage2_block_tiling",
  "pytorch_baseline_ms": 4.01410551071167,
  "score": 0.8366010425654983
}