{
  "timestamp": "2025-12-15T14:37:40",
  "reference_file": "KernelBench/level3/1_MLP.py",
  "candidate_file": "/home/hyc/LLMKernel/run/20251215_142920_1_MLP_openai_deepseek/1_MLP/code/kernel_20251215_143728.py",
  "tolerance": 0.001,
  "max_abs_err": 0.0007158517837524414,
  "mean_abs_err": 0.00011903091217391193,
  "ref_latency_ms": {
    "avg": 4.058271980285644,
    "min": 4.05299186706543,
    "max": 4.063231945037842,
    "all": [
      4.058080196380615,
      4.055039882659912,
      4.05299186706543,
      4.063231945037842,
      4.062016010284424
    ]
  },
  "test_latency_ms": {
    "avg": 3.4916351795196534,
    "min": 3.451904058456421,
    "max": 3.5092480182647705,
    "all": [
      3.5092480182647705,
      3.49183988571167,
      3.5031039714813232,
      3.502079963684082,
      3.451904058456421
    ]
  },
  "num_runs": 5,
  "model_init_args": [
    16384,
    [
      16384,
      16384
    ],
    8192
  ],
  "model_init_kwargs": {},
  "seed": 100,
  "align_stats": {
    "copied_same_shape": 6,
    "unique_shape_copied": 0,
    "mapped_shape": 0,
    "skipped": 0,
    "pair_aligner": 0,
    "pair_key": "Model->ModelNew"
  },
  "runnable": true,
  "phase": "stage4_advanced_memory",
  "pytorch_baseline_ms": 4.01410551071167,
  "score": 1.149634857116972
}