{
  "timestamp": "2025-12-16T06:03:38",
  "reference_file": "KernelBench/level3/42_GRUBidirectionalHidden.py",
  "candidate_file": "/home/hyc/LLMKernel/run/20251216_051553_batch_range34to50_openai_deepseek/42_GRUBidirectionalHidden/code/kernel_20251216_060328.py",
  "tolerance": 0.1,
  "max_abs_err": 0.0009699463844299316,
  "mean_abs_err": 0.00018906792683992535,
  "ref_latency_ms": {
    "avg": 75.96453857421875,
    "min": 74.4931869506836,
    "max": 76.66099548339844,
    "all": [
      76.60953521728516,
      76.38025665283203,
      76.66099548339844,
      75.67871856689453,
      74.4931869506836
    ]
  },
  "test_latency_ms": {
    "avg": 408.52117309570315,
    "min": 398.0451965332031,
    "max": 426.2494812011719,
    "all": [
      426.2494812011719,
      419.9565124511719,
      399.0640563964844,
      398.0451965332031,
      399.2906188964844
    ]
  },
  "num_runs": 5,
  "model_init_args": [
    128,
    256,
    6
  ],
  "model_init_kwargs": {},
  "seed": 100,
  "align_stats": {
    "copied_same_shape": 48,
    "unique_shape_copied": 0,
    "mapped_shape": 0,
    "skipped": 0,
    "pair_aligner": 0,
    "pair_key": "Model->ModelNew"
  },
  "runnable": true,
  "phase": "stage3_memory_access",
  "pytorch_baseline_ms": 65.98534393310547,
  "score": 0.16152245777882182
}