{
  "timestamp": "2025-12-16T06:04:47",
  "reference_file": "KernelBench/level3/42_GRUBidirectionalHidden.py",
  "candidate_file": "/home/hyc/LLMKernel/run/20251216_051553_batch_range34to50_openai_deepseek/42_GRUBidirectionalHidden/code/kernel_20251216_060437.py",
  "tolerance": 0.1,
  "max_abs_err": 0.000979989767074585,
  "mean_abs_err": 0.00018895803077612072,
  "ref_latency_ms": {
    "avg": 75.24360504150391,
    "min": 74.8904037475586,
    "max": 75.45254516601562,
    "all": [
      75.28358459472656,
      75.45254516601562,
      75.40428924560547,
      74.8904037475586,
      75.18720245361328
    ]
  },
  "test_latency_ms": {
    "avg": 384.9515747070312,
    "min": 380.8164978027344,
    "max": 395.1626281738281,
    "all": [
      395.1626281738281,
      380.8164978027344,
      382.68927001953125,
      383.6807861328125,
      382.40869140625
    ]
  },
  "num_runs": 5,
  "model_init_args": [
    128,
    256,
    6
  ],
  "model_init_kwargs": {},
  "seed": 100,
  "align_stats": {
    "copied_same_shape": 48,
    "unique_shape_copied": 0,
    "mapped_shape": 0,
    "skipped": 0,
    "pair_aligner": 0,
    "pair_key": "Model->ModelNew"
  },
  "runnable": true,
  "phase": "stage4_advanced_memory",
  "pytorch_baseline_ms": 65.98534393310547,
  "score": 0.17141206392862232
}