{
  "timestamp": "2025-12-16T06:00:00",
  "reference_file": "KernelBench/level3/42_GRUBidirectionalHidden.py",
  "candidate_file": "/home/hyc/LLMKernel/run/20251216_051553_batch_range34to50_openai_deepseek/42_GRUBidirectionalHidden/code/kernel_20251216_055945.py",
  "tolerance": 0.1,
  "max_abs_err": 0.0009733438491821289,
  "mean_abs_err": 0.0001889965496957302,
  "ref_latency_ms": {
    "avg": 66.96287384033204,
    "min": 66.75456237792969,
    "max": 67.50729370117188,
    "all": [
      67.50729370117188,
      67.01875305175781,
      66.7699203491211,
      66.76383972167969,
      66.75456237792969
    ]
  },
  "test_latency_ms": {
    "avg": 952.107568359375,
    "min": 889.4852905273438,
    "max": 1014.845458984375,
    "all": [
      1014.845458984375,
      926.0277709960938,
      889.4852905273438,
      940.6505126953125,
      989.52880859375
    ]
  },
  "num_runs": 5,
  "model_init_args": [
    128,
    256,
    6
  ],
  "model_init_kwargs": {},
  "seed": 100,
  "align_stats": {
    "copied_same_shape": 48,
    "unique_shape_copied": 0,
    "mapped_shape": 0,
    "skipped": 0,
    "pair_aligner": 0,
    "pair_key": "Model->ModelNew"
  },
  "runnable": true,
  "phase": "stage1_grid_and_parallel",
  "pytorch_baseline_ms": 65.98534393310547,
  "score": 0.06930450521132625
}