{
  "timestamp": "2025-12-16T06:01:09",
  "reference_file": "KernelBench/level3/42_GRUBidirectionalHidden.py",
  "candidate_file": "/home/hyc/LLMKernel/run/20251216_051553_batch_range34to50_openai_deepseek/42_GRUBidirectionalHidden/code/kernel_20251216_060055.py",
  "tolerance": 0.1,
  "max_abs_err": 0.0009733438491821289,
  "mean_abs_err": 0.0001889965496957302,
  "ref_latency_ms": {
    "avg": 64.37909851074218,
    "min": 63.99987030029297,
    "max": 64.74752044677734,
    "all": [
      64.45283508300781,
      64.74752044677734,
      64.49785614013672,
      63.99987030029297,
      64.1974105834961
    ]
  },
  "test_latency_ms": {
    "avg": 942.170361328125,
    "min": 938.2369384765625,
    "max": 947.0924682617188,
    "all": [
      942.2706298828125,
      943.4214477539062,
      939.830322265625,
      938.2369384765625,
      947.0924682617188
    ]
  },
  "num_runs": 5,
  "model_init_args": [
    128,
    256,
    6
  ],
  "model_init_kwargs": {},
  "seed": 100,
  "align_stats": {
    "copied_same_shape": 48,
    "unique_shape_copied": 0,
    "mapped_shape": 0,
    "skipped": 0,
    "pair_aligner": 0,
    "pair_key": "Model->ModelNew"
  },
  "runnable": true,
  "phase": "stage2_block_tiling",
  "pytorch_baseline_ms": 65.98534393310547,
  "score": 0.070035469848669
}