{
  "timestamp": "2025-12-16T05:58:14",
  "reference_file": "KernelBench/level3/42_GRUBidirectionalHidden.py",
  "candidate_file": "/home/hyc/LLMKernel/run/20251216_051553_batch_range34to50_openai_deepseek/42_GRUBidirectionalHidden/code/kernel_20251216_055800.py",
  "tolerance": 0.1,
  "max_abs_err": 0.0009590983390808105,
  "mean_abs_err": 0.00018892003572545946,
  "ref_latency_ms": {
    "avg": 65.98534393310547,
    "min": 65.7070083618164,
    "max": 66.23846435546875,
    "all": [
      66.1370849609375,
      66.23846435546875,
      66.00908660888672,
      65.7070083618164,
      65.83507537841797
    ]
  },
  "test_latency_ms": {
    "avg": 1120.16015625,
    "min": 1108.0069580078125,
    "max": 1143.484375,
    "all": [
      1108.0069580078125,
      1123.5552978515625,
      1112.623046875,
      1143.484375,
      1113.131103515625
    ]
  },
  "num_runs": 5,
  "model_init_args": [
    128,
    256,
    6
  ],
  "model_init_kwargs": {},
  "seed": 100,
  "align_stats": {
    "copied_same_shape": 48,
    "unique_shape_copied": 0,
    "mapped_shape": 0,
    "skipped": 0,
    "pair_aligner": 0,
    "pair_key": "Model->ModelNew"
  },
  "runnable": true,
  "phase": "seed_repair",
  "score": 0.05890706214190563
}