{
  "timestamp": "2025-12-16T05:50:11",
  "reference_file": "KernelBench/level3/13_DenseNet121TransitionLayer.py",
  "candidate_file": "/home/hyc/LLMKernel/run/20251216_051542_batch_range2to17_openai_deepseek/13_DenseNet121TransitionLayer/code/kernel_20251216_055004.py",
  "tolerance": 0.1,
  "max_abs_err": 0.0007434487342834473,
  "mean_abs_err": 0.00017695910355541855,
  "ref_latency_ms": {
    "avg": 12.487679862976075,
    "min": 12.447744369506836,
    "max": 12.504063606262207,
    "all": [
      12.495871543884277,
      12.504063606262207,
      12.489727973937988,
      12.500991821289062,
      12.447744369506836
    ]
  },
  "test_latency_ms": {
    "avg": 28.885132598876954,
    "min": 28.834911346435547,
    "max": 28.907520294189453,
    "all": [
      28.907520294189453,
      28.88479995727539,
      28.893983840942383,
      28.904447555541992,
      28.834911346435547
    ]
  },
  "num_runs": 5,
  "model_init_args": [
    32,
    64
  ],
  "model_init_kwargs": {},
  "seed": 100,
  "align_stats": {
    "pair_aligner": 1,
    "copied_same_shape": 1,
    "mapped_shape": 0,
    "skipped": 0,
    "pair_key": "Model->ModelNew"
  },
  "runnable": true,
  "phase": "seed",
  "score": 0.4323220542689007
}