{
  "timestamp": "2025-12-16T05:51:43",
  "reference_file": "KernelBench/level3/13_DenseNet121TransitionLayer.py",
  "candidate_file": "/home/hyc/LLMKernel/run/20251216_051542_batch_range2to17_openai_deepseek/13_DenseNet121TransitionLayer/code/kernel_20251216_055133.py",
  "tolerance": 0.1,
  "max_abs_err": 0.0007434487342834473,
  "mean_abs_err": 0.00017695910355541855,
  "ref_latency_ms": {
    "avg": 12.494003105163575,
    "min": 12.487680435180664,
    "max": 12.502911567687988,
    "all": [
      12.502911567687988,
      12.496895790100098,
      12.489727973937988,
      12.492799758911133,
      12.487680435180664
    ]
  },
  "test_latency_ms": {
    "avg": 28.873919677734374,
    "min": 28.831743240356445,
    "max": 28.905471801757812,
    "all": [
      28.831743240356445,
      28.8470401763916,
      28.905471801757812,
      28.890111923217773,
      28.895231246948242
    ]
  },
  "num_runs": 5,
  "model_init_args": [
    32,
    64
  ],
  "model_init_kwargs": {},
  "seed": 100,
  "align_stats": {
    "pair_aligner": 1,
    "copied_same_shape": 1,
    "mapped_shape": 0,
    "skipped": 0,
    "pair_key": "Model->ModelNew"
  },
  "runnable": true,
  "phase": "stage1_grid_and_parallel",
  "pytorch_baseline_ms": 12.487679862976075,
  "score": 0.43248994256244794
}