{
  "timestamp": "2025-12-22T13:52:37",
  "reference_file": "KernelBench/level3/13_DenseNet121TransitionLayer.py",
  "candidate_file": "/home/hyc/LLMKernel/run/20251222_134908_13_DenseNet121TransitionLayer_openai_deepseek/13_DenseNet121TransitionLayer/code/kernel_20251222_135231.py",
  "tolerance": 1,
  "max_abs_err": 0.0007438063621520996,
  "mean_abs_err": 0.00017701518663670868,
  "ref_latency_ms": {
    "avg": 12.36167049407959,
    "min": 12.355584144592285,
    "max": 12.36787223815918,
    "all": [
      12.36787223815918,
      12.357600212097168,
      12.355584144592285,
      12.360671997070312,
      12.366623878479004
    ]
  },
  "test_latency_ms": {
    "avg": 5.840736007690429,
    "min": 5.837823867797852,
    "max": 5.844992160797119,
    "all": [
      5.842944145202637,
      5.838719844818115,
      5.844992160797119,
      5.839200019836426,
      5.837823867797852
    ]
  },
  "num_runs": 5,
  "model_init_args": [
    32,
    64
  ],
  "model_init_kwargs": {},
  "seed": 100,
  "align_stats": {
    "pair_aligner": 1,
    "copied_same_shape": 1,
    "mapped_shape": 0,
    "skipped": 0,
    "pair_key": "Model->ModelNew"
  },
  "runnable": true,
  "phase": "seed_1_repair",
  "pytorch_baseline_ms": 12.38875503540039,
  "score": 2.1210948447401594
}