{
  "timestamp": "2025-12-16T05:53:58",
  "reference_file": "KernelBench/level3/13_DenseNet121TransitionLayer.py",
  "candidate_file": "/home/hyc/LLMKernel/run/20251216_051542_batch_range2to17_openai_deepseek/13_DenseNet121TransitionLayer/code/kernel_20251216_055348.py",
  "tolerance": 0.1,
  "max_abs_err": 0.0007434487342834473,
  "mean_abs_err": 0.00017695910355541855,
  "ref_latency_ms": {
    "avg": 12.487270164489747,
    "min": 12.468223571777344,
    "max": 12.508159637451172,
    "all": [
      12.508159637451172,
      12.468223571777344,
      12.476415634155273,
      12.489727973937988,
      12.493824005126953
    ]
  },
  "test_latency_ms": {
    "avg": 28.850534439086914,
    "min": 28.816383361816406,
    "max": 28.865440368652344,
    "all": [
      28.865440368652344,
      28.856224060058594,
      28.857343673706055,
      28.857280731201172,
      28.816383361816406
    ]
  },
  "num_runs": 5,
  "model_init_args": [
    32,
    64
  ],
  "model_init_kwargs": {},
  "seed": 100,
  "align_stats": {
    "pair_aligner": 1,
    "copied_same_shape": 1,
    "mapped_shape": 0,
    "skipped": 0,
    "pair_key": "Model->ModelNew"
  },
  "runnable": true,
  "phase": "stage3_memory_access",
  "pytorch_baseline_ms": 12.487679862976075,
  "score": 0.4328405038506904
}