{
  "timestamp": "2025-12-16T05:52:29",
  "reference_file": "KernelBench/level3/13_DenseNet121TransitionLayer.py",
  "candidate_file": "/home/hyc/LLMKernel/run/20251216_051542_batch_range2to17_openai_deepseek/13_DenseNet121TransitionLayer/code/kernel_20251216_055222.py",
  "tolerance": 0.1,
  "max_abs_err": 0.0007434487342834473,
  "mean_abs_err": 0.00017695910355541855,
  "ref_latency_ms": {
    "avg": 12.499481582641602,
    "min": 12.493663787841797,
    "max": 12.509984016418457,
    "all": [
      12.497920036315918,
      12.493663787841797,
      12.493824005126953,
      12.502016067504883,
      12.509984016418457
    ]
  },
  "test_latency_ms": {
    "avg": 28.87430419921875,
    "min": 28.843008041381836,
    "max": 28.916736602783203,
    "all": [
      28.916736602783203,
      28.843008041381836,
      28.853248596191406,
      28.852031707763672,
      28.906496047973633
    ]
  },
  "num_runs": 5,
  "model_init_args": [
    32,
    64
  ],
  "model_init_kwargs": {},
  "seed": 100,
  "align_stats": {
    "pair_aligner": 1,
    "copied_same_shape": 1,
    "mapped_shape": 0,
    "skipped": 0,
    "pair_key": "Model->ModelNew"
  },
  "runnable": true,
  "phase": "stage2_block_tiling",
  "pytorch_baseline_ms": 12.487679862976075,
  "score": 0.4324841830583039
}