{
  "timestamp": "2025-12-16T05:54:56",
  "reference_file": "KernelBench/level3/13_DenseNet121TransitionLayer.py",
  "candidate_file": "/home/hyc/LLMKernel/run/20251216_051542_batch_range2to17_openai_deepseek/13_DenseNet121TransitionLayer/code/kernel_20251216_055448.py",
  "tolerance": 0.1,
  "max_abs_err": 0.0007434487342834473,
  "mean_abs_err": 0.00017695910355541855,
  "ref_latency_ms": {
    "avg": 12.492800331115722,
    "min": 12.4835844039917,
    "max": 12.507136344909668,
    "all": [
      12.507136344909668,
      12.490752220153809,
      12.490752220153809,
      12.491776466369629,
      12.4835844039917
    ]
  },
  "test_latency_ms": {
    "avg": 32.0022533416748,
    "min": 31.955968856811523,
    "max": 32.04915237426758,
    "all": [
      32.04915237426758,
      32.00204849243164,
      31.955968856811523,
      31.99078369140625,
      32.01331329345703
    ]
  },
  "num_runs": 5,
  "model_init_args": [
    32,
    64
  ],
  "model_init_kwargs": {},
  "seed": 100,
  "align_stats": {
    "pair_aligner": 1,
    "copied_same_shape": 1,
    "mapped_shape": 0,
    "skipped": 0,
    "pair_key": "Model->ModelNew"
  },
  "runnable": true,
  "phase": "stage4_advanced_memory",
  "pytorch_baseline_ms": 12.487679862976075,
  "score": 0.39021251815146546
}