{
  "timestamp": "2025-12-22T13:54:40",
  "reference_file": "KernelBench/level3/13_DenseNet121TransitionLayer.py",
  "candidate_file": "/home/hyc/LLMKernel/run/20251222_134908_13_DenseNet121TransitionLayer_openai_deepseek/13_DenseNet121TransitionLayer/code/kernel_20251222_135434.py",
  "tolerance": 1,
  "max_abs_err": 0.0008572936058044434,
  "mean_abs_err": 0.00018766730499919504,
  "ref_latency_ms": {
    "avg": 12.399417686462403,
    "min": 12.39350414276123,
    "max": 12.410880088806152,
    "all": [
      12.410880088806152,
      12.400639533996582,
      12.396544456481934,
      12.39350414276123,
      12.395520210266113
    ]
  },
  "test_latency_ms": {
    "avg": 5.894137668609619,
    "min": 5.889056205749512,
    "max": 5.902336120605469,
    "all": [
      5.902336120605469,
      5.892032146453857,
      5.893119812011719,
      5.889056205749512,
      5.894144058227539
    ]
  },
  "num_runs": 5,
  "model_init_args": [
    32,
    64
  ],
  "model_init_kwargs": {},
  "seed": 100,
  "align_stats": {
    "pair_aligner": 1,
    "copied_same_shape": 1,
    "mapped_shape": 0,
    "skipped": 0,
    "pair_key": "Model->ModelNew"
  },
  "runnable": true,
  "phase": "stage1_grid_and_parallel_cand1",
  "pytorch_baseline_ms": 12.38875503540039,
  "score": 2.101877447040154
}