{
  "timestamp": "2025-12-22T13:56:42",
  "reference_file": "KernelBench/level3/13_DenseNet121TransitionLayer.py",
  "candidate_file": "/home/hyc/LLMKernel/run/20251222_134908_13_DenseNet121TransitionLayer_openai_deepseek/13_DenseNet121TransitionLayer/code/kernel_20251222_135635.py",
  "tolerance": 1,
  "max_abs_err": 0.0008572936058044434,
  "mean_abs_err": 0.00018766730499919504,
  "ref_latency_ms": {
    "avg": 12.355142593383789,
    "min": 12.352448463439941,
    "max": 12.357536315917969,
    "all": [
      12.357536315917969,
      12.356608390808105,
      12.353535652160645,
      12.355584144592285,
      12.352448463439941
    ]
  },
  "test_latency_ms": {
    "avg": 5.85227518081665,
    "min": 5.842239856719971,
    "max": 5.865471839904785,
    "all": [
      5.850111961364746,
      5.850368022918701,
      5.865471839904785,
      5.853184223175049,
      5.842239856719971
    ]
  },
  "num_runs": 5,
  "model_init_args": [
    32,
    64
  ],
  "model_init_kwargs": {},
  "seed": 100,
  "align_stats": {
    "pair_aligner": 1,
    "copied_same_shape": 1,
    "mapped_shape": 0,
    "skipped": 0,
    "pair_key": "Model->ModelNew"
  },
  "runnable": true,
  "phase": "stage2_block_tiling_cand1",
  "pytorch_baseline_ms": 12.38875503540039,
  "score": 2.116912594269296
}