{
  "timestamp": "2025-12-15T04:30:38",
  "reference_file": "KernelBench/level2/79_Conv3d_Multiply_InstanceNorm_Clamp_Multiply_Max.py",
  "candidate_file": "/home/hyc/LLMKernel/run/20251215_024837_batch_range56to88_openai_deepseek/79_Conv3d_Multiply_InstanceNorm_Clamp_Multiply_Max/code/kernel_20251215_043034.py",
  "tolerance": 0.001,
  "max_abs_err": 4.291534423828125e-06,
  "mean_abs_err": 1.2151664918746974e-07,
  "ref_latency_ms": {
    "avg": 1.9685184001922607,
    "min": 1.960960030555725,
    "max": 1.9783680438995361,
    "all": [
      1.9783680438995361,
      1.9691519737243652,
      1.967039942741394,
      1.960960030555725,
      1.9670720100402832
    ]
  },
  "test_latency_ms": {
    "avg": 1.5226752281188964,
    "min": 1.520576000213623,
    "max": 1.5237120389938354,
    "all": [
      1.5237120389938354,
      1.520576000213623,
      1.5226880311965942,
      1.5226880311965942,
      1.5237120389938354
    ]
  },
  "num_runs": 5,
  "model_init_args": [
    3,
    16,
    3,
    [
      16,
      1,
      1,
      1
    ],
    -1.0,
    1.0
  ],
  "model_init_kwargs": {},
  "seed": 100,
  "align_stats": {
    "pair_aligner": 1,
    "copied_same_shape": 1,
    "mapped_shape": 0,
    "skipped": 0,
    "pair_key": "Model->ModelNew"
  },
  "runnable": true,
  "phase": "seed_repair",
  "score": 1.2928025384796968
}