{
  "timestamp": "2025-12-15T04:32:39",
  "reference_file": "KernelBench/level2/79_Conv3d_Multiply_InstanceNorm_Clamp_Multiply_Max.py",
  "candidate_file": "/home/hyc/LLMKernel/run/20251215_024837_batch_range56to88_openai_deepseek/79_Conv3d_Multiply_InstanceNorm_Clamp_Multiply_Max/code/kernel_20251215_043232.py",
  "tolerance": 0.001,
  "max_abs_err": 3.933906555175781e-06,
  "mean_abs_err": 8.12329403743206e-08,
  "ref_latency_ms": {
    "avg": 1.982252836227417,
    "min": 1.977344036102295,
    "max": 1.9970240592956543,
    "all": [
      1.9970240592956543,
      1.9804160594940186,
      1.977344036102295,
      1.977344036102295,
      1.9791359901428223
    ]
  },
  "test_latency_ms": {
    "avg": 1.3281279802322388,
    "min": 1.324031949043274,
    "max": 1.3332480192184448,
    "all": [
      1.3332480192184448,
      1.3260799646377563,
      1.324031949043274,
      1.3250559568405151,
      1.3322240114212036
    ]
  },
  "num_runs": 5,
  "model_init_args": [
    3,
    16,
    3,
    [
      16,
      1,
      1,
      1
    ],
    -1.0,
    1.0
  ],
  "model_init_kwargs": {},
  "seed": 100,
  "align_stats": {
    "pair_aligner": 1,
    "copied_same_shape": 1,
    "mapped_shape": 0,
    "skipped": 0,
    "pair_key": "Model->ModelNew"
  },
  "runnable": true,
  "phase": "stage3_memory_access",
  "pytorch_baseline_ms": 1.9685184001922607,
  "score": 1.482175234233106
}