{
  "timestamp": "2025-12-15T04:35:52",
  "reference_file": "KernelBench/level2/79_Conv3d_Multiply_InstanceNorm_Clamp_Multiply_Max.py",
  "candidate_file": "/home/hyc/LLMKernel/run/20251215_024837_batch_range56to88_openai_deepseek/79_Conv3d_Multiply_InstanceNorm_Clamp_Multiply_Max/code/kernel_20251215_043546.py",
  "tolerance": 0.001,
  "max_abs_err": 4.827976226806641e-06,
  "mean_abs_err": 7.355439635148286e-08,
  "ref_latency_ms": {
    "avg": 1.9820032119750977,
    "min": 1.972000002861023,
    "max": 1.9937280416488647,
    "all": [
      1.9937280416488647,
      1.9875839948654175,
      1.9742720127105713,
      1.9824320077896118,
      1.972000002861023
    ]
  },
  "test_latency_ms": {
    "avg": 1.4682175874710084,
    "min": 1.465343952178955,
    "max": 1.4704639911651611,
    "all": [
      1.4704639911651611,
      1.4684159755706787,
      1.4673919677734375,
      1.465343952178955,
      1.469472050666809
    ]
  },
  "num_runs": 5,
  "model_init_args": [
    3,
    16,
    3,
    [
      16,
      1,
      1,
      1
    ],
    -1.0,
    1.0
  ],
  "model_init_kwargs": {},
  "seed": 100,
  "align_stats": {
    "pair_aligner": 1,
    "copied_same_shape": 1,
    "mapped_shape": 0,
    "skipped": 0,
    "pair_key": "Model->ModelNew"
  },
  "runnable": true,
  "phase": "stage4_repair",
  "pytorch_baseline_ms": 1.9685184001922607,
  "score": 1.3407538616827333
}