{
  "timestamp": "2025-12-15T05:14:53",
  "reference_file": "KernelBench/level2/98_Matmul_AvgPool_GELU_Scale_Max.py",
  "candidate_file": "/home/hyc/LLMKernel/run/20251215_024929_batch_range89to100_openai_deepseek/98_Matmul_AvgPool_GELU_Scale_Max/code/kernel_20251215_051448.py",
  "tolerance": 0.001,
  "max_abs_err": 0.0005106925964355469,
  "mean_abs_err": 0.00028578436467796564,
  "ref_latency_ms": {
    "avg": 3.233612823486328,
    "min": 3.224575996398926,
    "max": 3.250175952911377,
    "all": [
      3.250175952911377,
      3.2286720275878906,
      3.224575996398926,
      3.2319040298461914,
      3.232736110687256
    ]
  },
  "test_latency_ms": {
    "avg": 0.6160192131996155,
    "min": 0.613152027130127,
    "max": 0.6195840239524841,
    "all": [
      0.6184960007667542,
      0.6144000291824341,
      0.6144639849662781,
      0.613152027130127,
      0.6195840239524841
    ]
  },
  "num_runs": 5,
  "model_init_args": [
    8192,
    8192,
    16,
    2.0
  ],
  "model_init_kwargs": {},
  "seed": 100,
  "align_stats": {
    "copied_same_shape": 0,
    "unique_shape_copied": 2,
    "mapped_shape": 0,
    "skipped": 0,
    "pair_aligner": 0,
    "pair_key": "Model->ModelNew"
  },
  "runnable": true,
  "phase": "stage1_grid_and_parallel",
  "pytorch_baseline_ms": 3.1000831604003904,
  "score": 5.032445569836206
}