{
  "timestamp": "2025-12-15T05:21:30",
  "reference_file": "KernelBench/level2/98_Matmul_AvgPool_GELU_Scale_Max.py",
  "candidate_file": "/home/hyc/LLMKernel/run/20251215_024929_batch_range89to100_openai_deepseek/98_Matmul_AvgPool_GELU_Scale_Max/code/kernel_20251215_052125.py",
  "tolerance": 0.001,
  "max_abs_err": 0.0005106925964355469,
  "mean_abs_err": 0.00028578436467796564,
  "ref_latency_ms": {
    "avg": 3.2371968269348144,
    "min": 3.2327680587768555,
    "max": 3.2398719787597656,
    "all": [
      3.2389121055603027,
      3.237567901611328,
      3.2327680587768555,
      3.2368640899658203,
      3.2398719787597656
    ]
  },
  "test_latency_ms": {
    "avg": 1.223680019378662,
    "min": 1.2206079959869385,
    "max": 1.229024052619934,
    "all": [
      1.229024052619934,
      1.2216320037841797,
      1.2214080095291138,
      1.2206079959869385,
      1.2257280349731445
    ]
  },
  "num_runs": 5,
  "model_init_args": [
    8192,
    8192,
    16,
    2.0
  ],
  "model_init_kwargs": {},
  "seed": 100,
  "align_stats": {
    "copied_same_shape": 0,
    "unique_shape_copied": 2,
    "mapped_shape": 0,
    "skipped": 0,
    "pair_aligner": 0,
    "pair_key": "Model->ModelNew"
  },
  "runnable": true,
  "phase": "stage3_memory_access",
  "pytorch_baseline_ms": 3.1000831604003904,
  "score": 2.5334099693598775
}