{
  "timestamp": "2025-12-15T05:24:46",
  "reference_file": "KernelBench/level2/98_Matmul_AvgPool_GELU_Scale_Max.py",
  "candidate_file": "/home/hyc/LLMKernel/run/20251215_024929_batch_range89to100_openai_deepseek/98_Matmul_AvgPool_GELU_Scale_Max/code/kernel_20251215_052441.py",
  "tolerance": 0.001,
  "max_abs_err": 0.0005106925964355469,
  "mean_abs_err": 0.00028578436467796564,
  "ref_latency_ms": {
    "avg": 3.232416009902954,
    "min": 3.2284159660339355,
    "max": 3.2368640899658203,
    "all": [
      3.229408025741577,
      3.2284159660339355,
      3.2368640899658203,
      3.2317440509796143,
      3.2356479167938232
    ]
  },
  "test_latency_ms": {
    "avg": 0.5773439884185791,
    "min": 0.5745279788970947,
    "max": 0.5806080102920532,
    "all": [
      0.5785599946975708,
      0.5765119791030884,
      0.5765119791030884,
      0.5745279788970947,
      0.5806080102920532
    ]
  },
  "num_runs": 5,
  "model_init_args": [
    8192,
    8192,
    16,
    2.0
  ],
  "model_init_kwargs": {},
  "seed": 100,
  "align_stats": {
    "copied_same_shape": 0,
    "unique_shape_copied": 2,
    "mapped_shape": 0,
    "skipped": 0,
    "pair_aligner": 0,
    "pair_key": "Model->ModelNew"
  },
  "runnable": true,
  "phase": "stage4_advanced_memory",
  "pytorch_baseline_ms": 3.1000831604003904,
  "score": 5.369559954875298
}