{
  "timestamp": "2025-12-15T05:12:40",
  "reference_file": "KernelBench/level2/98_Matmul_AvgPool_GELU_Scale_Max.py",
  "candidate_file": "/home/hyc/LLMKernel/run/20251215_024929_batch_range89to100_openai_deepseek/98_Matmul_AvgPool_GELU_Scale_Max/code/kernel_20251215_051235.py",
  "tolerance": 0.001,
  "max_abs_err": 0.002255678176879883,
  "mean_abs_err": 0.0015781515976414084,
  "ref_latency_ms": {
    "avg": 3.1000831604003904,
    "min": 3.08735990524292,
    "max": 3.1295039653778076,
    "all": [
      3.1295039653778076,
      3.092479944229126,
      3.099616050720215,
      3.0914559364318848,
      3.08735990524292
    ]
  },
  "test_latency_ms": {
    "avg": 1.3716351747512818,
    "min": 1.3692799806594849,
    "max": 1.3743360042572021,
    "all": [
      1.3731839656829834,
      1.3701119422912598,
      1.3692799806594849,
      1.3712639808654785,
      1.3743360042572021
    ]
  },
  "num_runs": 5,
  "model_init_args": [
    8192,
    8192,
    16,
    2.0
  ],
  "model_init_kwargs": {},
  "seed": 100,
  "align_stats": {
    "copied_same_shape": 0,
    "unique_shape_copied": 2,
    "mapped_shape": 0,
    "skipped": 0,
    "pair_aligner": 0,
    "pair_key": "Model->ModelNew"
  },
  "runnable": true,
  "phase": "seed",
  "score": 2.260136818788223
}