{
  "timestamp": "2025-12-15T05:17:42",
  "reference_file": "KernelBench/level2/98_Matmul_AvgPool_GELU_Scale_Max.py",
  "candidate_file": "/home/hyc/LLMKernel/run/20251215_024929_batch_range89to100_openai_deepseek/98_Matmul_AvgPool_GELU_Scale_Max/code/kernel_20251215_051737.py",
  "tolerance": 0.001,
  "max_abs_err": 0.0005106925964355469,
  "mean_abs_err": 0.00028578436467796564,
  "ref_latency_ms": {
    "avg": 3.234092855453491,
    "min": 3.2327680587768555,
    "max": 3.235584020614624,
    "all": [
      3.2337920665740967,
      3.234528064727783,
      3.2327680587768555,
      3.235584020614624,
      3.2337920665740967
    ]
  },
  "test_latency_ms": {
    "avg": 0.584057605266571,
    "min": 0.5806080102920532,
    "max": 0.5867519974708557,
    "all": [
      0.5865920186042786,
      0.5836799740791321,
      0.5826560258865356,
      0.5806080102920532,
      0.5867519974708557
    ]
  },
  "num_runs": 5,
  "model_init_args": [
    8192,
    8192,
    16,
    2.0
  ],
  "model_init_kwargs": {},
  "seed": 100,
  "align_stats": {
    "copied_same_shape": 0,
    "unique_shape_copied": 2,
    "mapped_shape": 0,
    "skipped": 0,
    "pair_aligner": 0,
    "pair_key": "Model->ModelNew"
  },
  "runnable": true,
  "phase": "stage2_block_tiling",
  "pytorch_baseline_ms": 3.1000831604003904,
  "score": 5.307838015370889
}