{
  "timestamp": "2025-12-21T11:59:36",
  "reference_file": "KernelBench/level2/8_Conv3d_Divide_Max_GlobalAvgPool_BiasAdd_Sum.py",
  "candidate_file": "/home/hyc/LLMKernel/run/20251221_114357_batch_range7to9_openai_deepseek/8_Conv3d_Divide_Max_GlobalAvgPool_BiasAdd_Sum/code/kernel_20251221_115932.py",
  "tolerance": 0.1,
  "max_abs_err": 9.5367431640625e-07,
  "mean_abs_err": 2.6635825634002686e-07,
  "ref_latency_ms": {
    "avg": 7.304160022735596,
    "min": 7.300096035003662,
    "max": 7.310336112976074,
    "all": [
      7.310336112976074,
      7.303008079528809,
      7.3021440505981445,
      7.300096035003662,
      7.305215835571289
    ]
  },
  "test_latency_ms": {
    "avg": 7.304185581207276,
    "min": 7.299039840698242,
    "max": 7.310336112976074,
    "all": [
      7.310336112976074,
      7.304192066192627,
      7.304192066192627,
      7.299039840698242,
      7.303167819976807
    ]
  },
  "num_runs": 5,
  "model_init_args": [
    8,
    16,
    [
      3,
      3,
      3
    ],
    2.0,
    [
      2,
      2,
      2
    ],
    [
      16,
      1,
      1,
      1
    ],
    1
  ],
  "model_init_kwargs": {},
  "seed": 100,
  "align_stats": {
    "pair_aligner": 1,
    "copied_same_shape": 1,
    "mapped_shape": 0,
    "skipped": 0,
    "pair_key": "Model->ModelNew"
  },
  "runnable": true,
  "phase": "seed_0",
  "score": 0.9999965008457965
}