{
  "timestamp": "2025-12-23T08:36:08",
  "reference_file": "KernelBench/level2/8_Conv3d_Divide_Max_GlobalAvgPool_BiasAdd_Sum.py",
  "candidate_file": "/home/hyc/LLMKernel/run/20251223_082353_8_Conv3d_Divide_Max_GlobalAvgPool_BiasAdd_Sum_openai_deepseek/8_Conv3d_Divide_Max_GlobalAvgPool_BiasAdd_Sum/code/kernel_20251223_083559.py",
  "tolerance": 1,
  "max_abs_err": 0.05057811737060547,
  "mean_abs_err": 0.050571758300065994,
  "ref_latency_ms": {
    "avg": 7.467366409301758,
    "min": 7.390207767486572,
    "max": 7.572480201721191,
    "all": [
      7.572480201721191,
      7.560959815979004,
      7.401472091674805,
      7.411712169647217,
      7.390207767486572
    ]
  },
  "test_latency_ms": {
    "avg": 5.956403160095215,
    "min": 5.948416233062744,
    "max": 5.975039958953857,
    "all": [
      5.953536033630371,
      5.948416233062744,
      5.952511787414551,
      5.952511787414551,
      5.975039958953857
    ]
  },
  "num_runs": 5,
  "model_init_args": [
    8,
    16,
    [
      3,
      3,
      3
    ],
    2.0,
    [
      2,
      2,
      2
    ],
    [
      16,
      1,
      1,
      1
    ],
    1
  ],
  "model_init_kwargs": {},
  "seed": 100,
  "align_stats": {
    "pair_aligner": 1,
    "copied_same_shape": 1,
    "mapped_shape": 0,
    "skipped": 0,
    "pair_key": "Model->ModelNew"
  },
  "runnable": true,
  "phase": "stage3_memory_and_tuning",
  "pytorch_baseline_ms": 7.30576000213623,
  "score": 1.2265388701491866
}