{
  "timestamp": "2025-12-23T08:31:25",
  "reference_file": "KernelBench/level2/8_Conv3d_Divide_Max_GlobalAvgPool_BiasAdd_Sum.py",
  "candidate_file": "/home/hyc/LLMKernel/run/20251223_082353_8_Conv3d_Divide_Max_GlobalAvgPool_BiasAdd_Sum_openai_deepseek/8_Conv3d_Divide_Max_GlobalAvgPool_BiasAdd_Sum/code/kernel_20251223_083120.py",
  "tolerance": 1,
  "max_abs_err": 0.05057811737060547,
  "mean_abs_err": 0.050571758300065994,
  "ref_latency_ms": {
    "avg": 7.292447948455811,
    "min": 7.288064002990723,
    "max": 7.300000190734863,
    "all": [
      7.300000190734863,
      7.291679859161377,
      7.290815830230713,
      7.288064002990723,
      7.291679859161377
    ]
  },
  "test_latency_ms": {
    "avg": 7.230425643920898,
    "min": 7.226367950439453,
    "max": 7.234560012817383,
    "all": [
      7.234560012817383,
      7.227392196655273,
      7.226367950439453,
      7.229440212249756,
      7.234367847442627
    ]
  },
  "num_runs": 5,
  "model_init_args": [
    8,
    16,
    [
      3,
      3,
      3
    ],
    2.0,
    [
      2,
      2,
      2
    ],
    [
      16,
      1,
      1,
      1
    ],
    1
  ],
  "model_init_kwargs": {},
  "seed": 100,
  "align_stats": {
    "pair_aligner": 1,
    "copied_same_shape": 1,
    "mapped_shape": 0,
    "skipped": 0,
    "pair_key": "Model->ModelNew"
  },
  "runnable": true,
  "phase": "algorithm_optimized_seed0",
  "pytorch_baseline_ms": 7.30576000213623,
  "score": 1.0104190765420111
}