{
  "timestamp": "2025-12-21T12:20:09",
  "reference_file": "KernelBench/level2/8_Conv3d_Divide_Max_GlobalAvgPool_BiasAdd_Sum.py",
  "candidate_file": "/home/hyc/LLMKernel/run/20251221_114357_batch_range7to9_openai_deepseek/8_Conv3d_Divide_Max_GlobalAvgPool_BiasAdd_Sum/code/kernel_20251221_122006.py",
  "tolerance": 0.1,
  "max_abs_err": 9.5367431640625e-07,
  "mean_abs_err": 2.6635825634002686e-07,
  "ref_latency_ms": {
    "avg": 7.301862335205078,
    "min": 7.299071788787842,
    "max": 7.306975841522217,
    "all": [
      7.306975841522217,
      7.299071788787842,
      7.300096035003662,
      7.304096221923828,
      7.299071788787842
    ]
  },
  "test_latency_ms": {
    "avg": 7.313990306854248,
    "min": 7.301119804382324,
    "max": 7.326623916625977,
    "all": [
      7.326623916625977,
      7.301119804382324,
      7.305215835571289,
      7.319551944732666,
      7.317440032958984
    ]
  },
  "num_runs": 5,
  "model_init_args": [
    8,
    16,
    [
      3,
      3,
      3
    ],
    2.0,
    [
      2,
      2,
      2
    ],
    [
      16,
      1,
      1,
      1
    ],
    1
  ],
  "model_init_kwargs": {},
  "seed": 100,
  "align_stats": {
    "pair_aligner": 1,
    "copied_same_shape": 1,
    "mapped_shape": 0,
    "skipped": 0,
    "pair_key": "Model->ModelNew"
  },
  "runnable": true,
  "phase": "stage2_block_tiling_repair_beam0",
  "pytorch_baseline_ms": 7.304160022735596,
  "score": 0.998655961560485
}