{
  "timestamp": "2025-12-15T03:03:02",
  "reference_file": "KernelBench/level2/8_Conv3d_Divide_Max_GlobalAvgPool_BiasAdd_Sum.py",
  "candidate_file": "/home/hyc/LLMKernel/run/20251215_024708_batch_range6to30_openai_deepseek/8_Conv3d_Divide_Max_GlobalAvgPool_BiasAdd_Sum/code/kernel_20251215_030257.py",
  "tolerance": 0.001,
  "max_abs_err": 4.124641418457031e-05,
  "mean_abs_err": 3.6405399441719055e-05,
  "ref_latency_ms": {
    "avg": 6.278758430480957,
    "min": 6.27507209777832,
    "max": 6.289408206939697,
    "all": [
      6.289408206939697,
      6.277120113372803,
      6.276095867156982,
      6.27507209777832,
      6.276095867156982
    ]
  },
  "test_latency_ms": {
    "avg": 10.360799980163574,
    "min": 10.347359657287598,
    "max": 10.373120307922363,
    "all": [
      10.364704132080078,
      10.347359657287598,
      10.351615905761719,
      10.367199897766113,
      10.373120307922363
    ]
  },
  "num_runs": 5,
  "model_init_args": [
    8,
    16,
    [
      3,
      3,
      3
    ],
    2.0,
    [
      2,
      2,
      2
    ],
    [
      16,
      1,
      1,
      1
    ],
    1
  ],
  "model_init_kwargs": {},
  "seed": 100,
  "align_stats": {
    "pair_aligner": 1,
    "copied_same_shape": 1,
    "mapped_shape": 0,
    "skipped": 0,
    "pair_key": "Model->ModelNew"
  },
  "runnable": true,
  "phase": "stage4_advanced_memory",
  "pytorch_baseline_ms": 6.435769557952881,
  "score": 0.6211653125506313
}