{
  "timestamp": "2025-12-23T08:33:41",
  "reference_file": "KernelBench/level2/8_Conv3d_Divide_Max_GlobalAvgPool_BiasAdd_Sum.py",
  "candidate_file": "/home/hyc/LLMKernel/run/20251223_082353_8_Conv3d_Divide_Max_GlobalAvgPool_BiasAdd_Sum_openai_deepseek/8_Conv3d_Divide_Max_GlobalAvgPool_BiasAdd_Sum/code/kernel_20251223_083337.py",
  "tolerance": 1,
  "max_abs_err": 0.05057811737060547,
  "mean_abs_err": 0.050571758300065994,
  "ref_latency_ms": {
    "avg": 7.298860645294189,
    "min": 7.290719985961914,
    "max": 7.30844783782959,
    "all": [
      7.30844783782959,
      7.299071788787842,
      7.2993597984313965,
      7.290719985961914,
      7.296703815460205
    ]
  },
  "test_latency_ms": {
    "avg": 8.985971260070801,
    "min": 8.922112464904785,
    "max": 9.004032135009766,
    "all": [
      9.001983642578125,
      9.004032135009766,
      9.003007888793945,
      8.998720169067383,
      8.922112464904785
    ]
  },
  "num_runs": 5,
  "model_init_args": [
    8,
    16,
    [
      3,
      3,
      3
    ],
    2.0,
    [
      2,
      2,
      2
    ],
    [
      16,
      1,
      1,
      1
    ],
    1
  ],
  "model_init_kwargs": {},
  "seed": 100,
  "align_stats": {
    "pair_aligner": 1,
    "copied_same_shape": 1,
    "mapped_shape": 0,
    "skipped": 0,
    "pair_key": "Model->ModelNew"
  },
  "runnable": true,
  "phase": "stage1_grid_and_parallel",
  "pytorch_baseline_ms": 7.30576000213623,
  "score": 0.8130184028742005
}