{
  "timestamp": "2025-12-15T02:59:59",
  "reference_file": "KernelBench/level2/8_Conv3d_Divide_Max_GlobalAvgPool_BiasAdd_Sum.py",
  "candidate_file": "/home/hyc/LLMKernel/run/20251215_024708_batch_range6to30_openai_deepseek/8_Conv3d_Divide_Max_GlobalAvgPool_BiasAdd_Sum/code/kernel_20251215_025954.py",
  "tolerance": 0.001,
  "max_abs_err": 4.124641418457031e-05,
  "mean_abs_err": 3.6405399441719055e-05,
  "ref_latency_ms": {
    "avg": 6.292684841156006,
    "min": 6.288383960723877,
    "max": 6.298624038696289,
    "all": [
      6.298624038696289,
      6.290431976318359,
      6.29145622253418,
      6.288383960723877,
      6.294528007507324
    ]
  },
  "test_latency_ms": {
    "avg": 11.406233596801759,
    "min": 11.396096229553223,
    "max": 11.43177604675293,
    "all": [
      11.406208038330078,
      11.398943901062012,
      11.398143768310547,
      11.396096229553223,
      11.43177604675293
    ]
  },
  "num_runs": 5,
  "model_init_args": [
    8,
    16,
    [
      3,
      3,
      3
    ],
    2.0,
    [
      2,
      2,
      2
    ],
    [
      16,
      1,
      1,
      1
    ],
    1
  ],
  "model_init_kwargs": {},
  "seed": 100,
  "align_stats": {
    "pair_aligner": 1,
    "copied_same_shape": 1,
    "mapped_shape": 0,
    "skipped": 0,
    "pair_key": "Model->ModelNew"
  },
  "runnable": true,
  "phase": "stage2_block_tiling",
  "pytorch_baseline_ms": 6.435769557952881,
  "score": 0.5642326630727108
}