{
  "timestamp": "2025-12-23T08:25:34",
  "reference_file": "KernelBench/level2/8_Conv3d_Divide_Max_GlobalAvgPool_BiasAdd_Sum.py",
  "candidate_file": "/home/hyc/LLMKernel/run/20251223_082353_8_Conv3d_Divide_Max_GlobalAvgPool_BiasAdd_Sum_openai_deepseek/8_Conv3d_Divide_Max_GlobalAvgPool_BiasAdd_Sum/code/kernel_20251223_082530.py",
  "tolerance": 1,
  "max_abs_err": 0.04991579055786133,
  "mean_abs_err": 0.04991495609283447,
  "ref_latency_ms": {
    "avg": 7.30576000213623,
    "min": 7.300096035003662,
    "max": 7.318399906158447,
    "all": [
      7.318399906158447,
      7.306240081787109,
      7.301919937133789,
      7.300096035003662,
      7.3021440505981445
    ]
  },
  "test_latency_ms": {
    "avg": 9.817612838745116,
    "min": 9.813759803771973,
    "max": 9.822112083435059,
    "all": [
      9.81708812713623,
      9.813759803771973,
      9.818016052246094,
      9.81708812713623,
      9.822112083435059
    ]
  },
  "num_runs": 5,
  "model_init_args": [
    8,
    16,
    [
      3,
      3,
      3
    ],
    2.0,
    [
      2,
      2,
      2
    ],
    [
      16,
      1,
      1,
      1
    ],
    1
  ],
  "model_init_kwargs": {},
  "seed": 100,
  "align_stats": {
    "pair_aligner": 1,
    "copied_same_shape": 1,
    "mapped_shape": 0,
    "skipped": 0,
    "pair_key": "Model->ModelNew"
  },
  "runnable": true,
  "phase": "seed_0",
  "score": 0.7441483099948816
}