{
  "timestamp": "2025-12-21T12:01:20",
  "reference_file": "KernelBench/level2/8_Conv3d_Divide_Max_GlobalAvgPool_BiasAdd_Sum.py",
  "candidate_file": "/home/hyc/LLMKernel/run/20251221_114357_batch_range7to9_openai_deepseek/8_Conv3d_Divide_Max_GlobalAvgPool_BiasAdd_Sum/code/kernel_20251221_120116.py",
  "tolerance": 0.1,
  "max_abs_err": 5.245208740234375e-06,
  "mean_abs_err": 1.257285475730896e-06,
  "ref_latency_ms": {
    "avg": 7.303596782684326,
    "min": 7.29804801940918,
    "max": 7.313407897949219,
    "all": [
      7.313407897949219,
      7.304287910461426,
      7.300096035003662,
      7.3021440505981445,
      7.29804801940918
    ]
  },
  "test_latency_ms": {
    "avg": 7.31212158203125,
    "min": 7.299808025360107,
    "max": 7.343103885650635,
    "all": [
      7.3021440505981445,
      7.299808025360107,
      7.308288097381592,
      7.3072638511657715,
      7.343103885650635
    ]
  },
  "num_runs": 5,
  "model_init_args": [
    8,
    16,
    [
      3,
      3,
      3
    ],
    2.0,
    [
      2,
      2,
      2
    ],
    [
      16,
      1,
      1,
      1
    ],
    1
  ],
  "model_init_kwargs": {},
  "seed": 100,
  "align_stats": {
    "pair_aligner": 1,
    "copied_same_shape": 1,
    "mapped_shape": 0,
    "skipped": 0,
    "pair_key": "Model->ModelNew"
  },
  "runnable": true,
  "phase": "seed_1",
  "pytorch_baseline_ms": 7.304160022735596,
  "score": 0.9989111834087635
}