{
  "timestamp": "2025-12-23T08:32:34",
  "reference_file": "KernelBench/level2/8_Conv3d_Divide_Max_GlobalAvgPool_BiasAdd_Sum.py",
  "candidate_file": "/home/hyc/LLMKernel/run/20251223_082353_8_Conv3d_Divide_Max_GlobalAvgPool_BiasAdd_Sum_openai_deepseek/8_Conv3d_Divide_Max_GlobalAvgPool_BiasAdd_Sum/code/kernel_20251223_083230.py",
  "tolerance": 1,
  "max_abs_err": 0.0006628036499023438,
  "mean_abs_err": 0.0006566829979419708,
  "ref_latency_ms": {
    "avg": 7.292038440704346,
    "min": 7.2867841720581055,
    "max": 7.300096035003662,
    "all": [
      7.300096035003662,
      7.293600082397461,
      7.287807941436768,
      7.2867841720581055,
      7.291903972625732
    ]
  },
  "test_latency_ms": {
    "avg": 19.331821060180665,
    "min": 19.325952529907227,
    "max": 19.337215423583984,
    "all": [
      19.325952529907227,
      19.331968307495117,
      19.329824447631836,
      19.337215423583984,
      19.334144592285156
    ]
  },
  "num_runs": 5,
  "model_init_args": [
    8,
    16,
    [
      3,
      3,
      3
    ],
    2.0,
    [
      2,
      2,
      2
    ],
    [
      16,
      1,
      1,
      1
    ],
    1
  ],
  "model_init_kwargs": {},
  "seed": 100,
  "align_stats": {
    "pair_aligner": 1,
    "copied_same_shape": 1,
    "mapped_shape": 0,
    "skipped": 0,
    "pair_key": "Model->ModelNew"
  },
  "runnable": true,
  "phase": "algorithm_optimized_seed1",
  "pytorch_baseline_ms": 7.30576000213623,
  "score": 0.377913698838466
}