{
  "timestamp": "2025-12-23T08:35:16",
  "reference_file": "KernelBench/level2/8_Conv3d_Divide_Max_GlobalAvgPool_BiasAdd_Sum.py",
  "candidate_file": "/home/hyc/LLMKernel/run/20251223_082353_8_Conv3d_Divide_Max_GlobalAvgPool_BiasAdd_Sum_openai_deepseek/8_Conv3d_Divide_Max_GlobalAvgPool_BiasAdd_Sum/code/kernel_20251223_083509.py",
  "tolerance": 1,
  "max_abs_err": 0.05057811737060547,
  "mean_abs_err": 0.050571758300065994,
  "ref_latency_ms": {
    "avg": 7.481695938110351,
    "min": 7.275167942047119,
    "max": 7.551072120666504,
    "all": [
      7.546559810638428,
      7.538879871368408,
      7.551072120666504,
      7.496799945831299,
      7.275167942047119
    ]
  },
  "test_latency_ms": {
    "avg": 6.213248157501221,
    "min": 6.207488059997559,
    "max": 6.221792221069336,
    "all": [
      6.207488059997559,
      6.21446418762207,
      6.211264133453369,
      6.2112321853637695,
      6.221792221069336
    ]
  },
  "num_runs": 5,
  "model_init_args": [
    8,
    16,
    [
      3,
      3,
      3
    ],
    2.0,
    [
      2,
      2,
      2
    ],
    [
      16,
      1,
      1,
      1
    ],
    1
  ],
  "model_init_kwargs": {},
  "seed": 100,
  "align_stats": {
    "pair_aligner": 1,
    "copied_same_shape": 1,
    "mapped_shape": 0,
    "skipped": 0,
    "pair_key": "Model->ModelNew"
  },
  "runnable": true,
  "phase": "stage2_block_tiling_repair",
  "pytorch_baseline_ms": 7.30576000213623,
  "score": 1.1758358618456315
}