{
  "timestamp": "2025-12-15T03:01:39",
  "reference_file": "KernelBench/level2/8_Conv3d_Divide_Max_GlobalAvgPool_BiasAdd_Sum.py",
  "candidate_file": "/home/hyc/LLMKernel/run/20251215_024708_batch_range6to30_openai_deepseek/8_Conv3d_Divide_Max_GlobalAvgPool_BiasAdd_Sum/code/kernel_20251215_030132.py",
  "tolerance": 0.001,
  "max_abs_err": 4.124641418457031e-05,
  "mean_abs_err": 3.6405399441719055e-05,
  "ref_latency_ms": {
    "avg": 6.277119922637939,
    "min": 6.271999835968018,
    "max": 6.284287929534912,
    "all": [
      6.284287929534912,
      6.280191898345947,
      6.273024082183838,
      6.271999835968018,
      6.276095867156982
    ]
  },
  "test_latency_ms": {
    "avg": 13.308352088928222,
    "min": 13.286432266235352,
    "max": 13.317248344421387,
    "all": [
      13.286432266235352,
      13.315072059631348,
      13.30998420715332,
      13.313023567199707,
      13.317248344421387
    ]
  },
  "num_runs": 5,
  "model_init_args": [
    8,
    16,
    [
      3,
      3,
      3
    ],
    2.0,
    [
      2,
      2,
      2
    ],
    [
      16,
      1,
      1,
      1
    ],
    1
  ],
  "model_init_kwargs": {},
  "seed": 100,
  "align_stats": {
    "pair_aligner": 1,
    "copied_same_shape": 1,
    "mapped_shape": 0,
    "skipped": 0,
    "pair_key": "Model->ModelNew"
  },
  "runnable": true,
  "phase": "stage3_memory_access",
  "pytorch_baseline_ms": 6.435769557952881,
  "score": 0.4835887655322155
}