{
  "timestamp": "2025-12-15T02:57:08",
  "reference_file": "KernelBench/level2/8_Conv3d_Divide_Max_GlobalAvgPool_BiasAdd_Sum.py",
  "candidate_file": "/home/hyc/LLMKernel/run/20251215_024708_batch_range6to30_openai_deepseek/8_Conv3d_Divide_Max_GlobalAvgPool_BiasAdd_Sum/code/kernel_20251215_025704.py",
  "tolerance": 0.001,
  "max_abs_err": 4.124641418457031e-05,
  "mean_abs_err": 3.6405399441719055e-05,
  "ref_latency_ms": {
    "avg": 6.435769557952881,
    "min": 6.431519985198975,
    "max": 6.441984176635742,
    "all": [
      6.441984176635742,
      6.436863899230957,
      6.436863899230957,
      6.431615829467773,
      6.431519985198975
    ]
  },
  "test_latency_ms": {
    "avg": 12.153830528259277,
    "min": 11.867136001586914,
    "max": 12.227519989013672,
    "all": [
      12.225536346435547,
      12.223487854003906,
      12.225472450256348,
      12.227519989013672,
      11.867136001586914
    ]
  },
  "num_runs": 5,
  "model_init_args": [
    8,
    16,
    [
      3,
      3,
      3
    ],
    2.0,
    [
      2,
      2,
      2
    ],
    [
      16,
      1,
      1,
      1
    ],
    1
  ],
  "model_init_kwargs": {},
  "seed": 100,
  "align_stats": {
    "pair_aligner": 1,
    "copied_same_shape": 1,
    "mapped_shape": 0,
    "skipped": 0,
    "pair_key": "Model->ModelNew"
  },
  "runnable": true,
  "phase": "seed",
  "score": 0.5295260241607663
}