{
  "timestamp": "2025-12-15T02:58:46",
  "reference_file": "KernelBench/level2/8_Conv3d_Divide_Max_GlobalAvgPool_BiasAdd_Sum.py",
  "candidate_file": "/home/hyc/LLMKernel/run/20251215_024708_batch_range6to30_openai_deepseek/8_Conv3d_Divide_Max_GlobalAvgPool_BiasAdd_Sum/code/kernel_20251215_025838.py",
  "tolerance": 0.001,
  "max_abs_err": 4.124641418457031e-05,
  "mean_abs_err": 3.6405399441719055e-05,
  "ref_latency_ms": {
    "avg": 6.278988838195801,
    "min": 6.2740478515625,
    "max": 6.288512229919434,
    "all": [
      6.288512229919434,
      6.278143882751465,
      6.2740478515625,
      6.27507209777832,
      6.279168128967285
    ]
  },
  "test_latency_ms": {
    "avg": 17.180614471435547,
    "min": 17.149951934814453,
    "max": 17.24825668334961,
    "all": [
      17.1507511138916,
      17.149951934814453,
      17.161216735839844,
      17.24825668334961,
      17.192895889282227
    ]
  },
  "num_runs": 5,
  "model_init_args": [
    8,
    16,
    [
      3,
      3,
      3
    ],
    2.0,
    [
      2,
      2,
      2
    ],
    [
      16,
      1,
      1,
      1
    ],
    1
  ],
  "model_init_kwargs": {},
  "seed": 100,
  "align_stats": {
    "pair_aligner": 1,
    "copied_same_shape": 1,
    "mapped_shape": 0,
    "skipped": 0,
    "pair_key": "Model->ModelNew"
  },
  "runnable": true,
  "phase": "stage1_grid_and_parallel",
  "pytorch_baseline_ms": 6.435769557952881,
  "score": 0.3745948416835136
}