{
  "timestamp": "2025-12-23T08:30:19",
  "reference_file": "KernelBench/level2/8_Conv3d_Divide_Max_GlobalAvgPool_BiasAdd_Sum.py",
  "candidate_file": "/home/hyc/LLMKernel/run/20251223_082353_8_Conv3d_Divide_Max_GlobalAvgPool_BiasAdd_Sum_openai_deepseek/8_Conv3d_Divide_Max_GlobalAvgPool_BiasAdd_Sum/code/kernel_20251223_083014.py",
  "tolerance": 1,
  "max_abs_err": 2.384185791015625e-06,
  "mean_abs_err": 6.575137376785278e-07,
  "ref_latency_ms": {
    "avg": 7.302342319488526,
    "min": 7.295040130615234,
    "max": 7.313151836395264,
    "all": [
      7.313151836395264,
      7.299232006072998,
      7.303167819976807,
      7.295040130615234,
      7.301119804382324
    ]
  },
  "test_latency_ms": {
    "avg": 29.22142105102539,
    "min": 27.94803237915039,
    "max": 30.743263244628906,
    "all": [
      30.743263244628906,
      30.742528915405273,
      28.667903900146484,
      27.94803237915039,
      28.0053768157959
    ]
  },
  "num_runs": 5,
  "model_init_args": [
    8,
    16,
    [
      3,
      3,
      3
    ],
    2.0,
    [
      2,
      2,
      2
    ],
    [
      16,
      1,
      1,
      1
    ],
    1
  ],
  "model_init_kwargs": {},
  "seed": 100,
  "align_stats": {
    "pair_aligner": 1,
    "copied_same_shape": 1,
    "mapped_shape": 0,
    "skipped": 0,
    "pair_key": "Model->ModelNew"
  },
  "runnable": true,
  "phase": "seed_1",
  "pytorch_baseline_ms": 7.30576000213623,
  "score": 0.2500138507767701
}