{
  "timestamp": "2025-12-13T10:45:43",
  "reference_file": "KernelBench/level2/76_Gemm_Add_ReLU.py",
  "candidate_file": "/home/hyc/LLMKernel/run/20251213_080749_batch_range71to100_deepseek_deepseek/76_Gemm_Add_ReLU/code/kernel_20251213_104536.py",
  "tolerance": 0.001,
  "max_abs_err": 0.010611534118652344,
  "mean_abs_err": 0.00010409917013021186,
  "ref_latency_ms": {
    "avg": 3.437555170059204,
    "min": 3.432447910308838,
    "max": 3.443711996078491,
    "all": [
      3.443711996078491,
      3.4365439414978027,
      3.432447910308838,
      3.4364800453186035,
      3.438591957092285
    ]
  },
  "test_latency_ms": {
    "avg": 4.069996738433838,
    "min": 4.060192108154297,
    "max": 4.078591823577881,
    "all": [
      4.060192108154297,
      4.069375991821289,
      4.069375991821289,
      4.072447776794434,
      4.078591823577881
    ]
  },
  "num_runs": 5,
  "model_init_args": [
    8192,
    8192,
    [
      8192
    ]
  ],
  "model_init_kwargs": {},
  "seed": 100,
  "align_stats": {
    "copied_same_shape": 1,
    "unique_shape_copied": 1,
    "mapped_shape": 0,
    "skipped": 0,
    "pair_aligner": 0,
    "pair_key": "Model->ModelNew"
  },
  "runnable": true,
  "phase": "stage3_memory_access",
  "pytorch_baseline_ms": 3.380851221084595,
  "score": 0.8306766413738133
}