{
  "timestamp": "2025-12-13T10:48:01",
  "reference_file": "KernelBench/level2/76_Gemm_Add_ReLU.py",
  "candidate_file": "/home/hyc/LLMKernel/run/20251213_080749_batch_range71to100_deepseek_deepseek/76_Gemm_Add_ReLU/code/kernel_20251213_104753.py",
  "tolerance": 0.001,
  "max_abs_err": 0.010611534118652344,
  "mean_abs_err": 0.00010409917013021186,
  "ref_latency_ms": {
    "avg": 3.4983423709869386,
    "min": 3.4795520305633545,
    "max": 3.556351900100708,
    "all": [
      3.556351900100708,
      3.4854719638824463,
      3.4795520305633545,
      3.48470401763916,
      3.4856319427490234
    ]
  },
  "test_latency_ms": {
    "avg": 3.8549056529998778,
    "min": 3.737600088119507,
    "max": 4.025248050689697,
    "all": [
      4.025248050689697,
      4.022208213806152,
      3.739583969116211,
      3.737600088119507,
      3.7498879432678223
    ]
  },
  "num_runs": 5,
  "model_init_args": [
    8192,
    8192,
    [
      8192
    ]
  ],
  "model_init_kwargs": {},
  "seed": 100,
  "align_stats": {
    "copied_same_shape": 1,
    "unique_shape_copied": 1,
    "mapped_shape": 0,
    "skipped": 0,
    "pair_aligner": 0,
    "pair_key": "Model->ModelNew"
  },
  "runnable": true,
  "phase": "stage4_advanced_memory",
  "pytorch_baseline_ms": 3.380851221084595,
  "score": 0.8770256720689454
}