{
  "timestamp": "2025-12-13T10:34:24",
  "reference_file": "KernelBench/level2/76_Gemm_Add_ReLU.py",
  "candidate_file": "/home/hyc/LLMKernel/run/20251213_080749_batch_range71to100_deepseek_deepseek/76_Gemm_Add_ReLU/code/kernel_20251213_103420.py",
  "tolerance": 0.001,
  "max_abs_err": 0.010611534118652344,
  "mean_abs_err": 0.00010409917013021186,
  "ref_latency_ms": {
    "avg": 3.380851221084595,
    "min": 3.3761279582977295,
    "max": 3.3875200748443604,
    "all": [
      3.379136085510254,
      3.3761279582977295,
      3.383296012878418,
      3.3875200748443604,
      3.378175973892212
    ]
  },
  "test_latency_ms": {
    "avg": 3.9290559768676756,
    "min": 3.903712034225464,
    "max": 3.9639039039611816,
    "all": [
      3.903712034225464,
      3.9595839977264404,
      3.910655975341797,
      3.9639039039611816,
      3.907423973083496
    ]
  },
  "num_runs": 5,
  "model_init_args": [
    8192,
    8192,
    [
      8192
    ]
  ],
  "model_init_kwargs": {},
  "seed": 100,
  "align_stats": {
    "copied_same_shape": 1,
    "unique_shape_copied": 1,
    "mapped_shape": 0,
    "skipped": 0,
    "pair_aligner": 0,
    "pair_key": "Model->ModelNew"
  },
  "runnable": true,
  "phase": "seed_repair",
  "score": 0.8604741803093066
}