{
  "timestamp": "2025-12-14T23:06:13",
  "reference_file": "KernelBench/level2/76_Gemm_Add_ReLU.py",
  "candidate_file": "/home/hyc/LLMKernel/run/20251214_114735_batch_range56to80_deepseek_deepseek/76_Gemm_Add_ReLU/code/kernel_20251214_230608.py",
  "tolerance": 0.001,
  "max_abs_err": 0.010611534118652344,
  "mean_abs_err": 0.00010409917013021186,
  "ref_latency_ms": {
    "avg": 3.3732607841491697,
    "min": 3.359744071960449,
    "max": 3.3802239894866943,
    "all": [
      3.379199981689453,
      3.359744071960449,
      3.3720319271087646,
      3.3802239894866943,
      3.3751039505004883
    ]
  },
  "test_latency_ms": {
    "avg": 3.9296384334564207,
    "min": 3.803136110305786,
    "max": 4.084832191467285,
    "all": [
      4.084832191467285,
      4.0834879875183105,
      3.8696959018707275,
      3.807039976119995,
      3.803136110305786
    ]
  },
  "num_runs": 5,
  "model_init_args": [
    8192,
    8192,
    [
      8192
    ]
  ],
  "model_init_kwargs": {},
  "seed": 100,
  "align_stats": {
    "copied_same_shape": 1,
    "unique_shape_copied": 1,
    "mapped_shape": 0,
    "skipped": 0,
    "pair_aligner": 0,
    "pair_key": "Model->ModelNew"
  },
  "runnable": true,
  "phase": "seed_repair",
  "score": 0.8584150530058121
}