{
  "timestamp": "2025-12-14T23:23:10",
  "reference_file": "KernelBench/level2/76_Gemm_Add_ReLU.py",
  "candidate_file": "/home/hyc/LLMKernel/run/20251214_114735_batch_range56to80_deepseek_deepseek/76_Gemm_Add_ReLU/code/kernel_20251214_232304.py",
  "tolerance": 0.001,
  "max_abs_err": 0.010611534118652344,
  "mean_abs_err": 0.00010409917013021186,
  "ref_latency_ms": {
    "avg": 3.3760703563690186,
    "min": 3.3669118881225586,
    "max": 3.386080026626587,
    "all": [
      3.386080026626587,
      3.3761279582977295,
      3.3751039505004883,
      3.3761279582977295,
      3.3669118881225586
    ]
  },
  "test_latency_ms": {
    "avg": 3.5304895877838134,
    "min": 3.5235838890075684,
    "max": 3.5379199981689453,
    "all": [
      3.5265278816223145,
      3.5379199981689453,
      3.5347840785980225,
      3.529632091522217,
      3.5235838890075684
    ]
  },
  "num_runs": 5,
  "model_init_args": [
    8192,
    8192,
    [
      8192
    ]
  ],
  "model_init_kwargs": {},
  "seed": 100,
  "align_stats": {
    "copied_same_shape": 1,
    "unique_shape_copied": 1,
    "mapped_shape": 0,
    "skipped": 0,
    "pair_aligner": 0,
    "pair_key": "Model->ModelNew"
  },
  "runnable": true,
  "phase": "stage2_block_tiling",
  "pytorch_baseline_ms": 3.3732607841491697,
  "score": 0.9554654390771506
}