{
  "timestamp": "2025-12-14T23:31:21",
  "reference_file": "KernelBench/level2/76_Gemm_Add_ReLU.py",
  "candidate_file": "/home/hyc/LLMKernel/run/20251214_114735_batch_range56to80_deepseek_deepseek/76_Gemm_Add_ReLU/code/kernel_20251214_233116.py",
  "tolerance": 0.001,
  "max_abs_err": 0.010611534118652344,
  "mean_abs_err": 0.00010409917013021186,
  "ref_latency_ms": {
    "avg": 3.367539167404175,
    "min": 3.3597118854522705,
    "max": 3.3822720050811768,
    "all": [
      3.3822720050811768,
      3.3751039505004883,
      3.3597118854522705,
      3.359839916229248,
      3.3607680797576904
    ]
  },
  "test_latency_ms": {
    "avg": 3.7781503200531006,
    "min": 3.7744638919830322,
    "max": 3.7806079387664795,
    "all": [
      3.7744638919830322,
      3.7795839309692383,
      3.7754878997802734,
      3.7806079387664795,
      3.7806079387664795
    ]
  },
  "num_runs": 5,
  "model_init_args": [
    8192,
    8192,
    [
      8192
    ]
  ],
  "model_init_kwargs": {},
  "seed": 100,
  "align_stats": {
    "copied_same_shape": 1,
    "unique_shape_copied": 1,
    "mapped_shape": 0,
    "skipped": 0,
    "pair_aligner": 0,
    "pair_key": "Model->ModelNew"
  },
  "runnable": true,
  "phase": "stage4_repair",
  "pytorch_baseline_ms": 3.3732607841491697,
  "score": 0.8928339262323898
}