{
  "timestamp": "2025-12-14T23:26:11",
  "reference_file": "KernelBench/level2/76_Gemm_Add_ReLU.py",
  "candidate_file": "/home/hyc/LLMKernel/run/20251214_114735_batch_range56to80_deepseek_deepseek/76_Gemm_Add_ReLU/code/kernel_20251214_232603.py",
  "tolerance": 0.001,
  "max_abs_err": 0.010611534118652344,
  "mean_abs_err": 0.00010409917013021186,
  "ref_latency_ms": {
    "avg": 3.370137596130371,
    "min": 3.3648641109466553,
    "max": 3.374016046524048,
    "all": [
      3.374016046524048,
      3.3648641109466553,
      3.3699839115142822,
      3.3699519634246826,
      3.3718719482421875
    ]
  },
  "test_latency_ms": {
    "avg": 3.567596769332886,
    "min": 3.5543038845062256,
    "max": 3.5839040279388428,
    "all": [
      3.5839040279388428,
      3.56659197807312,
      3.5543038845062256,
      3.5676159858703613,
      3.565567970275879
    ]
  },
  "num_runs": 5,
  "model_init_args": [
    8192,
    8192,
    [
      8192
    ]
  ],
  "model_init_kwargs": {},
  "seed": 100,
  "align_stats": {
    "copied_same_shape": 1,
    "unique_shape_copied": 1,
    "mapped_shape": 0,
    "skipped": 0,
    "pair_aligner": 0,
    "pair_key": "Model->ModelNew"
  },
  "runnable": true,
  "phase": "stage3_memory_access",
  "pytorch_baseline_ms": 3.3732607841491697,
  "score": 0.945527480332354
}