{
  "timestamp": "2025-12-13T10:43:24",
  "reference_file": "KernelBench/level2/76_Gemm_Add_ReLU.py",
  "candidate_file": "/home/hyc/LLMKernel/run/20251213_080749_batch_range71to100_deepseek_deepseek/76_Gemm_Add_ReLU/code/kernel_20251213_104317.py",
  "tolerance": 0.001,
  "max_abs_err": 0.010611534118652344,
  "mean_abs_err": 0.00010409917013021186,
  "ref_latency_ms": {
    "avg": 3.4458944320678713,
    "min": 3.438591957092285,
    "max": 3.4549760818481445,
    "all": [
      3.4549760818481445,
      3.443711996078491,
      3.4477760791778564,
      3.444416046142578,
      3.438591957092285
    ]
  },
  "test_latency_ms": {
    "avg": 3.6376192569732666,
    "min": 3.627808094024658,
    "max": 3.6413440704345703,
    "all": [
      3.6413440704345703,
      3.627808094024658,
      3.6413440704345703,
      3.637279987335205,
      3.640320062637329
    ]
  },
  "num_runs": 5,
  "model_init_args": [
    8192,
    8192,
    [
      8192
    ]
  ],
  "model_init_kwargs": {},
  "seed": 100,
  "align_stats": {
    "copied_same_shape": 1,
    "unique_shape_copied": 1,
    "mapped_shape": 0,
    "skipped": 0,
    "pair_aligner": 0,
    "pair_key": "Model->ModelNew"
  },
  "runnable": true,
  "phase": "stage2_repair",
  "pytorch_baseline_ms": 3.380851221084595,
  "score": 0.9294131634594657
}