{
  "timestamp": "2025-12-14T23:21:09",
  "reference_file": "KernelBench/level2/76_Gemm_Add_ReLU.py",
  "candidate_file": "/home/hyc/LLMKernel/run/20251214_114735_batch_range56to80_deepseek_deepseek/76_Gemm_Add_ReLU/code/kernel_20251214_232103.py",
  "tolerance": 0.001,
  "max_abs_err": 0.010611534118652344,
  "mean_abs_err": 0.00010409917013021186,
  "ref_latency_ms": {
    "avg": 3.3732159614562987,
    "min": 3.3677120208740234,
    "max": 3.378175973892212,
    "all": [
      3.378175973892212,
      3.3710079193115234,
      3.3751039505004883,
      3.3677120208740234,
      3.374079942703247
    ]
  },
  "test_latency_ms": {
    "avg": 3.586457633972168,
    "min": 3.496959924697876,
    "max": 3.610624074935913,
    "all": [
      3.496959924697876,
      3.610624074935913,
      3.610624074935913,
      3.604480028152466,
      3.609600067138672
    ]
  },
  "num_runs": 5,
  "model_init_args": [
    8192,
    8192,
    [
      8192
    ]
  ],
  "model_init_kwargs": {},
  "seed": 100,
  "align_stats": {
    "copied_same_shape": 1,
    "unique_shape_copied": 1,
    "mapped_shape": 0,
    "skipped": 0,
    "pair_aligner": 0,
    "pair_key": "Model->ModelNew"
  },
  "runnable": true,
  "phase": "stage1_grid_and_parallel",
  "pytorch_baseline_ms": 3.3732607841491697,
  "score": 0.9405550346382113
}