{
  "timestamp": "2025-12-13T10:38:19",
  "reference_file": "KernelBench/level2/76_Gemm_Add_ReLU.py",
  "candidate_file": "/home/hyc/LLMKernel/run/20251213_080749_batch_range71to100_deepseek_deepseek/76_Gemm_Add_ReLU/code/kernel_20251213_103812.py",
  "tolerance": 0.001,
  "max_abs_err": 0.010611534118652344,
  "mean_abs_err": 0.00010409917013021186,
  "ref_latency_ms": {
    "avg": 3.431590461730957,
    "min": 3.423232078552246,
    "max": 3.4384961128234863,
    "all": [
      3.4355199337005615,
      3.432352066040039,
      3.4384961128234863,
      3.428352117538452,
      3.423232078552246
    ]
  },
  "test_latency_ms": {
    "avg": 3.723481607437134,
    "min": 3.7027840614318848,
    "max": 3.757312059402466,
    "all": [
      3.757312059402466,
      3.7363839149475098,
      3.7068800926208496,
      3.7027840614318848,
      3.714047908782959
    ]
  },
  "num_runs": 5,
  "model_init_args": [
    8192,
    8192,
    [
      8192
    ]
  ],
  "model_init_kwargs": {},
  "seed": 100,
  "align_stats": {
    "copied_same_shape": 1,
    "unique_shape_copied": 1,
    "mapped_shape": 0,
    "skipped": 0,
    "pair_aligner": 0,
    "pair_key": "Model->ModelNew"
  },
  "runnable": true,
  "phase": "stage1_repair",
  "pytorch_baseline_ms": 3.380851221084595,
  "score": 0.907981179316642
}