{
  "timestamp": "2025-12-16T02:27:16",
  "reference_file": "KernelBench/level3/18_SqueezeNet.py",
  "candidate_file": "/home/hyc/LLMKernel/run/20251216_022434_batch_range18to33_openai_deepseek/18_SqueezeNet/code/kernel_20251216_022706.py",
  "tolerance": 0.1,
  "max_abs_err": 6.464868783950806e-05,
  "mean_abs_err": 7.79782931203954e-06,
  "ref_latency_ms": {
    "avg": 58.578060913085935,
    "min": 58.54822540283203,
    "max": 58.614784240722656,
    "all": [
      58.5830078125,
      58.5615348815918,
      58.5827522277832,
      58.54822540283203,
      58.614784240722656
    ]
  },
  "test_latency_ms": {
    "avg": 51.43793258666992,
    "min": 51.38739013671875,
    "max": 51.52870559692383,
    "all": [
      51.405792236328125,
      51.39846420288086,
      51.52870559692383,
      51.38739013671875,
      51.46931076049805
    ]
  },
  "num_runs": 5,
  "model_init_args": [
    1000
  ],
  "model_init_kwargs": {},
  "seed": 100,
  "align_stats": {
    "copied_same_shape": 50,
    "unique_shape_copied": 2,
    "mapped_shape": 0,
    "skipped": 0,
    "pair_aligner": 0,
    "pair_key": "Model->ModelNew"
  },
  "runnable": true,
  "phase": "seed_repair",
  "score": 1.1388105619211135
}