{
  "timestamp": "2025-12-16T04:07:09",
  "reference_file": "KernelBench/level3/18_SqueezeNet.py",
  "candidate_file": "/home/hyc/LLMKernel/run/20251216_022434_batch_range18to33_openai_deepseek/18_SqueezeNet/code/kernel_20251216_040656.py",
  "tolerance": 0.1,
  "max_abs_err": 6.464868783950806e-05,
  "mean_abs_err": 7.79782931203954e-06,
  "ref_latency_ms": {
    "avg": 58.5606071472168,
    "min": 58.47449493408203,
    "max": 58.606590270996094,
    "all": [
      58.47449493408203,
      58.54515075683594,
      58.5786247253418,
      58.606590270996094,
      58.598175048828125
    ]
  },
  "test_latency_ms": {
    "avg": 52.80879364013672,
    "min": 52.78287887573242,
    "max": 52.844417572021484,
    "all": [
      52.800479888916016,
      52.844417572021484,
      52.78287887573242,
      52.81379318237305,
      52.802398681640625
    ]
  },
  "num_runs": 5,
  "model_init_args": [
    1000
  ],
  "model_init_kwargs": {},
  "seed": 100,
  "align_stats": {
    "copied_same_shape": 50,
    "unique_shape_copied": 2,
    "mapped_shape": 0,
    "skipped": 0,
    "pair_aligner": 0,
    "pair_key": "Model->ModelNew"
  },
  "runnable": true,
  "phase": "stage2_block_tiling",
  "pytorch_baseline_ms": 58.578060913085935,
  "score": 1.1092482307447438
}