{
  "timestamp": "2025-12-28T15:10:25",
  "reference_file": "KernelBench/tt/18_Matmul_Sum_Max_AvgPool_LogSumExp_LogSumExp.py",
  "candidate_file": "/home/hyc/LLMKernel/run/20251228_142926_batch_range13to23_openai_deepseek/18_Matmul_Sum_Max_AvgPool_LogSumExp_LogSumExp/code/kernel_20251228_151020.py",
  "tolerance": 1,
  "max_abs_err": 0.05800628662109375,
  "mean_abs_err": 0.01879746839404106,
  "ref_latency_ms": {
    "avg": 3.201260805130005,
    "min": 3.1948800086975098,
    "max": 3.2154879570007324,
    "all": [
      3.2154879570007324,
      3.200927972793579,
      3.1948800086975098,
      3.198080062866211,
      3.196928024291992
    ]
  },
  "test_latency_ms": {
    "avg": 4.703507137298584,
    "min": 4.691967964172363,
    "max": 4.711487770080566,
    "all": [
      4.71068811416626,
      4.691967964172363,
      4.6981120109558105,
      4.70527982711792,
      4.711487770080566
    ]
  },
  "num_runs": 5,
  "model_init_args": [
    8192,
    8192
  ],
  "model_init_kwargs": {},
  "seed": 100,
  "align_stats": {
    "copied_same_shape": 0,
    "unique_shape_copied": 2,
    "mapped_shape": 0,
    "skipped": 0,
    "pair_aligner": 0,
    "pair_key": "Model->ModelNew"
  },
  "runnable": true,
  "phase": "seed_0_repair_1",
  "score": 0.6806114483688483
}