{
  "timestamp": "2025-12-15T06:19:09",
  "reference_file": "KernelBench/level2/18_Matmul_Sum_Max_AvgPool_LogSumExp_LogSumExp.py",
  "candidate_file": "/home/hyc/LLMKernel/run/20251215_045938_batch_range12to30_openai_deepseek/18_Matmul_Sum_Max_AvgPool_LogSumExp_LogSumExp/code/kernel_20251215_061905.py",
  "tolerance": 0.001,
  "max_abs_err": 0.0,
  "mean_abs_err": 0.0,
  "ref_latency_ms": {
    "avg": 3.1664127826690676,
    "min": 3.1580159664154053,
    "max": 3.191807985305786,
    "all": [
      3.191807985305786,
      3.16211199760437,
      3.1590399742126465,
      3.161087989807129,
      3.1580159664154053
    ]
  },
  "test_latency_ms": {
    "avg": 3.1617023944854736,
    "min": 3.1590399742126465,
    "max": 3.1641600131988525,
    "all": [
      3.1641600131988525,
      3.1600639820098877,
      3.1590399742126465,
      3.161087989807129,
      3.1641600131988525
    ]
  },
  "num_runs": 5,
  "model_init_args": [
    8192,
    8192
  ],
  "model_init_kwargs": {},
  "seed": 100,
  "align_stats": {
    "copied_same_shape": 2,
    "unique_shape_copied": 0,
    "mapped_shape": 0,
    "skipped": 0,
    "pair_aligner": 0,
    "pair_key": "Model->ModelNew"
  },
  "runnable": true,
  "phase": "seed_repair",
  "score": 1.0014898265541405
}