{
  "timestamp": "2025-12-28T15:17:35",
  "reference_file": "KernelBench/tt/18_Matmul_Sum_Max_AvgPool_LogSumExp_LogSumExp.py",
  "candidate_file": "/home/hyc/LLMKernel/run/20251228_142926_batch_range13to23_openai_deepseek/18_Matmul_Sum_Max_AvgPool_LogSumExp_LogSumExp/code/kernel_20251228_151731.py",
  "tolerance": 1,
  "max_abs_err": 8.0108642578125e-05,
  "mean_abs_err": 1.9382918253540993e-05,
  "ref_latency_ms": {
    "avg": 3.199609613418579,
    "min": 3.1939198970794678,
    "max": 3.208224058151245,
    "all": [
      3.208224058151245,
      3.200000047683716,
      3.1979520320892334,
      3.1939198970794678,
      3.1979520320892334
    ]
  },
  "test_latency_ms": {
    "avg": 0.4185727953910828,
    "min": 0.40860798954963684,
    "max": 0.43724799156188965,
    "all": [
      0.4249599874019623,
      0.412416011095047,
      0.40860798954963684,
      0.40963199734687805,
      0.43724799156188965
    ]
  },
  "num_runs": 5,
  "model_init_args": [
    8192,
    8192
  ],
  "model_init_kwargs": {},
  "seed": 100,
  "align_stats": {
    "copied_same_shape": 0,
    "unique_shape_copied": 2,
    "mapped_shape": 0,
    "skipped": 0,
    "pair_aligner": 0,
    "pair_key": "Model->ModelNew"
  },
  "runnable": true,
  "phase": "stage1_grid_and_parallel_repair",
  "pytorch_baseline_ms": 3.2486016273498537,
  "score": 7.761138953893566
}