{
  "timestamp": "2025-12-28T15:15:46",
  "reference_file": "KernelBench/tt/18_Matmul_Sum_Max_AvgPool_LogSumExp_LogSumExp.py",
  "candidate_file": "/home/hyc/LLMKernel/run/20251228_142926_batch_range13to23_openai_deepseek/18_Matmul_Sum_Max_AvgPool_LogSumExp_LogSumExp/code/kernel_20251228_151542.py",
  "tolerance": 1,
  "max_abs_err": 7.581710815429688e-05,
  "mean_abs_err": 1.9717728719115257e-05,
  "ref_latency_ms": {
    "avg": 3.1940288066864015,
    "min": 3.1846399307250977,
    "max": 3.2081921100616455,
    "all": [
      3.2081921100616455,
      3.1895999908447266,
      3.195904016494751,
      3.191807985305786,
      3.1846399307250977
    ]
  },
  "test_latency_ms": {
    "avg": 0.889196801185608,
    "min": 0.8796160221099854,
    "max": 0.9041919708251953,
    "all": [
      0.894976019859314,
      0.8837119936943054,
      0.8796160221099854,
      0.8834879994392395,
      0.9041919708251953
    ]
  },
  "num_runs": 5,
  "model_init_args": [
    8192,
    8192
  ],
  "model_init_kwargs": {},
  "seed": 100,
  "align_stats": {
    "copied_same_shape": 0,
    "unique_shape_copied": 1,
    "mapped_shape": 0,
    "skipped": 3,
    "pair_aligner": 0,
    "pair_key": "Model->ModelNew"
  },
  "runnable": true,
  "phase": "algorithm_optimized_seed1_repair1",
  "pytorch_baseline_ms": 3.2486016273498537,
  "score": 3.6534112842267765
}