{
  "timestamp": "2025-12-15T06:25:40",
  "reference_file": "KernelBench/level2/18_Matmul_Sum_Max_AvgPool_LogSumExp_LogSumExp.py",
  "candidate_file": "/home/hyc/LLMKernel/run/20251215_045938_batch_range12to30_openai_deepseek/18_Matmul_Sum_Max_AvgPool_LogSumExp_LogSumExp/code/kernel_20251215_062537.py",
  "tolerance": 0.001,
  "max_abs_err": 0.0,
  "mean_abs_err": 0.0,
  "ref_latency_ms": {
    "avg": 3.1625216007232666,
    "min": 3.155967950820923,
    "max": 3.176448106765747,
    "all": [
      3.176448106765747,
      3.161087989807129,
      3.1580159664154053,
      3.155967950820923,
      3.161087989807129
    ]
  },
  "test_latency_ms": {
    "avg": 3.2024576663970947,
    "min": 3.195904016494751,
    "max": 3.205120086669922,
    "all": [
      3.2030720710754395,
      3.195904016494751,
      3.205120086669922,
      3.2030720710754395,
      3.205120086669922
    ]
  },
  "num_runs": 5,
  "model_init_args": [
    8192,
    8192
  ],
  "model_init_kwargs": {},
  "seed": 100,
  "align_stats": {
    "copied_same_shape": 2,
    "unique_shape_copied": 0,
    "mapped_shape": 0,
    "skipped": 0,
    "pair_aligner": 0,
    "pair_key": "Model->ModelNew"
  },
  "runnable": true,
  "phase": "stage3_memory_access",
  "pytorch_baseline_ms": 3.1664127826690676,
  "score": 0.9887446182017515
}