{
  "timestamp": "2025-12-15T06:21:38",
  "reference_file": "KernelBench/level2/18_Matmul_Sum_Max_AvgPool_LogSumExp_LogSumExp.py",
  "candidate_file": "/home/hyc/LLMKernel/run/20251215_045938_batch_range12to30_openai_deepseek/18_Matmul_Sum_Max_AvgPool_LogSumExp_LogSumExp/code/kernel_20251215_062135.py",
  "tolerance": 0.001,
  "max_abs_err": 0.0,
  "mean_abs_err": 0.0,
  "ref_latency_ms": {
    "avg": 3.1684351921081544,
    "min": 3.156991958618164,
    "max": 3.18451189994812,
    "all": [
      3.18451189994812,
      3.1641600131988525,
      3.1692800521850586,
      3.156991958618164,
      3.167232036590576
    ]
  },
  "test_latency_ms": {
    "avg": 3.2647168159484865,
    "min": 3.1682560443878174,
    "max": 3.313663959503174,
    "all": [
      3.1682560443878174,
      3.2327680587768555,
      3.3013761043548584,
      3.3075199127197266,
      3.313663959503174
    ]
  },
  "num_runs": 5,
  "model_init_args": [
    8192,
    8192
  ],
  "model_init_kwargs": {},
  "seed": 100,
  "align_stats": {
    "copied_same_shape": 2,
    "unique_shape_copied": 0,
    "mapped_shape": 0,
    "skipped": 0,
    "pair_aligner": 0,
    "pair_key": "Model->ModelNew"
  },
  "runnable": true,
  "phase": "stage1_grid_and_parallel",
  "pytorch_baseline_ms": 3.1664127826690676,
  "score": 0.9698889555139382
}