{
  "timestamp": "2025-12-28T15:13:35",
  "reference_file": "KernelBench/tt/18_Matmul_Sum_Max_AvgPool_LogSumExp_LogSumExp.py",
  "candidate_file": "/home/hyc/LLMKernel/run/20251228_142926_batch_range13to23_openai_deepseek/18_Matmul_Sum_Max_AvgPool_LogSumExp_LogSumExp/code/kernel_20251228_151331.py",
  "tolerance": 1,
  "max_abs_err": 8.0108642578125e-05,
  "mean_abs_err": 1.9371917005628347e-05,
  "ref_latency_ms": {
    "avg": 3.1966336250305174,
    "min": 3.190783977508545,
    "max": 3.2110400199890137,
    "all": [
      3.2110400199890137,
      3.1928319931030273,
      3.190783977508545,
      3.192608118057251,
      3.195904016494751
    ]
  },
  "test_latency_ms": {
    "avg": 0.4219135999679565,
    "min": 0.41676801443099976,
    "max": 0.4259519875049591,
    "all": [
      0.4240959882736206,
      0.419840008020401,
      0.41676801443099976,
      0.4259519875049591,
      0.42291200160980225
    ]
  },
  "num_runs": 5,
  "model_init_args": [
    8192,
    8192
  ],
  "model_init_kwargs": {},
  "seed": 100,
  "align_stats": {
    "copied_same_shape": 0,
    "unique_shape_copied": 2,
    "mapped_shape": 0,
    "skipped": 0,
    "pair_aligner": 0,
    "pair_key": "Model->ModelNew"
  },
  "runnable": true,
  "phase": "algorithm_optimized_seed0_repair1",
  "pytorch_baseline_ms": 3.2486016273498537,
  "score": 7.699684550572862
}