{
  "timestamp": "2025-12-15T06:24:22",
  "reference_file": "KernelBench/level2/18_Matmul_Sum_Max_AvgPool_LogSumExp_LogSumExp.py",
  "candidate_file": "/home/hyc/LLMKernel/run/20251215_045938_batch_range12to30_openai_deepseek/18_Matmul_Sum_Max_AvgPool_LogSumExp_LogSumExp/code/kernel_20251215_062419.py",
  "tolerance": 0.001,
  "max_abs_err": 0.0,
  "mean_abs_err": 0.0,
  "ref_latency_ms": {
    "avg": 3.166214418411255,
    "min": 3.1579840183258057,
    "max": 3.1774721145629883,
    "all": [
      3.1774721145629883,
      3.165247917175293,
      3.1651840209960938,
      3.1579840183258057,
      3.1651840209960938
    ]
  },
  "test_latency_ms": {
    "avg": 3.0982143878936768,
    "min": 3.096575975418091,
    "max": 3.0996479988098145,
    "all": [
      3.0996479988098145,
      3.096575975418091,
      3.096575975418091,
      3.0996479988098145,
      3.0986239910125732
    ]
  },
  "num_runs": 5,
  "model_init_args": [
    8192,
    8192
  ],
  "model_init_kwargs": {},
  "seed": 100,
  "align_stats": {
    "copied_same_shape": 2,
    "unique_shape_copied": 0,
    "mapped_shape": 0,
    "skipped": 0,
    "pair_aligner": 0,
    "pair_key": "Model->ModelNew"
  },
  "runnable": true,
  "phase": "stage2_block_tiling",
  "pytorch_baseline_ms": 3.1664127826690676,
  "score": 1.0220121612764685
}