{
  "timestamp": "2025-12-28T15:11:30",
  "reference_file": "KernelBench/tt/18_Matmul_Sum_Max_AvgPool_LogSumExp_LogSumExp.py",
  "candidate_file": "/home/hyc/LLMKernel/run/20251228_142926_batch_range13to23_openai_deepseek/18_Matmul_Sum_Max_AvgPool_LogSumExp_LogSumExp/code/kernel_20251228_151126.py",
  "tolerance": 1,
  "max_abs_err": 8.0108642578125e-05,
  "mean_abs_err": 1.9371917005628347e-05,
  "ref_latency_ms": {
    "avg": 3.2486016273498537,
    "min": 3.2389121055603027,
    "max": 3.2644801139831543,
    "all": [
      3.2644801139831543,
      3.245151996612549,
      3.2483839988708496,
      3.2389121055603027,
      3.246079921722412
    ]
  },
  "test_latency_ms": {
    "avg": 0.48821120858192446,
    "min": 0.4750080108642578,
    "max": 0.502784013748169,
    "all": [
      0.4935680031776428,
      0.4904960095882416,
      0.47920000553131104,
      0.4750080108642578,
      0.502784013748169
    ]
  },
  "num_runs": 5,
  "model_init_args": [
    8192,
    8192
  ],
  "model_init_kwargs": {},
  "seed": 100,
  "align_stats": {
    "copied_same_shape": 0,
    "unique_shape_copied": 2,
    "mapped_shape": 0,
    "skipped": 0,
    "pair_aligner": 0,
    "pair_key": "Model->ModelNew"
  },
  "runnable": true,
  "phase": "seed_1",
  "score": 6.654090627672923
}