{
  "timestamp": "2025-12-28T15:18:31",
  "reference_file": "KernelBench/tt/18_Matmul_Sum_Max_AvgPool_LogSumExp_LogSumExp.py",
  "candidate_file": "/home/hyc/LLMKernel/run/20251228_142926_batch_range13to23_openai_deepseek/18_Matmul_Sum_Max_AvgPool_LogSumExp_LogSumExp/code/kernel_20251228_151826.py",
  "tolerance": 1,
  "max_abs_err": 74764.390625,
  "mean_abs_err": 25952.72265625,
  "ref_latency_ms": {
    "avg": 3.1989887714385987,
    "min": 3.1928319931030273,
    "max": 3.2133119106292725,
    "all": [
      3.2133119106292725,
      3.1969919204711914,
      3.1979520320892334,
      3.1928319931030273,
      3.1938560009002686
    ]
  },
  "test_latency_ms": {
    "avg": 0.41466880440711973,
    "min": 0.40832000970840454,
    "max": 0.43212801218032837,
    "all": [
      0.43212801218032837,
      0.4106239974498749,
      0.40832000970840454,
      0.40959998965263367,
      0.4126720130443573
    ]
  },
  "num_runs": 5,
  "model_init_args": [
    8192,
    8192
  ],
  "model_init_kwargs": {},
  "seed": 100,
  "align_stats": {
    "copied_same_shape": 0,
    "unique_shape_copied": 2,
    "mapped_shape": 0,
    "skipped": 0,
    "pair_aligner": 0,
    "pair_key": "Model->ModelNew"
  },
  "runnable": true,
  "phase": "stage2_block_tiling",
  "pytorch_baseline_ms": 3.2486016273498537,
  "score": 7.834207909598121
}