{
  "timestamp": "2025-12-13T01:53:07",
  "reference_file": "KernelBench/level1/94_MSELoss.py",
  "candidate_file": "/home/hyc/LLMKernel/run/20251212_170115_batch_range70to100_deepseek_deepseek/94_MSELoss/code/kernel_20251213_015251.py",
  "tolerance": 0.001,
  "max_abs_err": 2.9802322387695312e-08,
  "mean_abs_err": 2.9802322387695312e-08,
  "ref_latency_ms": {
    "avg": 27.746739196777344,
    "min": 27.74323272705078,
    "max": 27.75347137451172,
    "all": [
      27.74323272705078,
      27.744192123413086,
      27.744447708129883,
      27.74835205078125,
      27.75347137451172
    ]
  },
  "test_latency_ms": {
    "avg": 9.04949779510498,
    "min": 9.04089641571045,
    "max": 9.060352325439453,
    "all": [
      9.055232048034668,
      9.046015739440918,
      9.044992446899414,
      9.04089641571045,
      9.060352325439453
    ]
  },
  "num_runs": 5,
  "model_init_args": [],
  "model_init_kwargs": {},
  "seed": 100,
  "align_stats": {
    "copied_same_shape": 0,
    "unique_shape_copied": 0,
    "mapped_shape": 0,
    "skipped": 0,
    "pair_aligner": 0,
    "pair_key": "Model->ModelNew"
  },
  "runnable": true,
  "phase": "stage4_advanced_memory",
  "pytorch_baseline_ms": 27.743846130371093,
  "score": 3.065788484459125
}