{
  "timestamp": "2025-12-13T01:41:16",
  "reference_file": "KernelBench/level1/94_MSELoss.py",
  "candidate_file": "/home/hyc/LLMKernel/run/20251212_170115_batch_range70to100_deepseek_deepseek/94_MSELoss/code/kernel_20251213_014101.py",
  "tolerance": 0.001,
  "max_abs_err": 2.9802322387695312e-08,
  "mean_abs_err": 2.9802322387695312e-08,
  "ref_latency_ms": {
    "avg": 27.75003547668457,
    "min": 27.73504066467285,
    "max": 27.75984001159668,
    "all": [
      27.7524471282959,
      27.75961685180664,
      27.74323272705078,
      27.73504066467285,
      27.75984001159668
    ]
  },
  "test_latency_ms": {
    "avg": 9.115360260009766,
    "min": 9.108223915100098,
    "max": 9.127936363220215,
    "all": [
      9.127936363220215,
      9.110560417175293,
      9.108223915100098,
      9.108480453491211,
      9.121600151062012
    ]
  },
  "num_runs": 5,
  "model_init_args": [],
  "model_init_kwargs": {},
  "seed": 100,
  "align_stats": {
    "copied_same_shape": 0,
    "unique_shape_copied": 0,
    "mapped_shape": 0,
    "skipped": 0,
    "pair_aligner": 0,
    "pair_key": "Model->ModelNew"
  },
  "runnable": true,
  "phase": "stage1_repair",
  "pytorch_baseline_ms": 27.743846130371093,
  "score": 3.0436368216939096
}