{
  "timestamp": "2025-12-13T01:31:46",
  "reference_file": "KernelBench/level1/94_MSELoss.py",
  "candidate_file": "/home/hyc/LLMKernel/run/20251212_170115_batch_range70to100_deepseek_deepseek/94_MSELoss/code/kernel_20251213_013131.py",
  "tolerance": 0.001,
  "max_abs_err": 2.682209014892578e-07,
  "mean_abs_err": 2.682209014892578e-07,
  "ref_latency_ms": {
    "avg": 27.743846130371093,
    "min": 27.73811149597168,
    "max": 27.75347137451172,
    "all": [
      27.75347137451172,
      27.74323272705078,
      27.7391357421875,
      27.74527931213379,
      27.73811149597168
    ]
  },
  "test_latency_ms": {
    "avg": 9.159449768066406,
    "min": 9.15340805053711,
    "max": 9.167872428894043,
    "all": [
      9.162752151489258,
      9.158656120300293,
      9.15340805053711,
      9.154560089111328,
      9.167872428894043
    ]
  },
  "num_runs": 5,
  "model_init_args": [],
  "model_init_kwargs": {},
  "seed": 100,
  "align_stats": {
    "copied_same_shape": 0,
    "unique_shape_copied": 0,
    "mapped_shape": 0,
    "skipped": 0,
    "pair_aligner": 0,
    "pair_key": "Model->ModelNew"
  },
  "runnable": true,
  "phase": "seed",
  "score": 3.028986110835774
}