{
  "timestamp": "2025-12-23T11:52:03",
  "reference_file": "KernelBench/t/68_conv_transposed_3D__square_input__asymmetric_kernel.py",
  "candidate_file": "/home/hyc/LLMKernel/run/20251223_112836_batch_range62to73_openai_deepseek/68_conv_transposed_3D__square_input__asymmetric_kernel/code/kernel_20251223_115158.py",
  "tolerance": 1,
  "max_abs_err": 0.0005468130111694336,
  "mean_abs_err": 0.00011247993097640574,
  "ref_latency_ms": {
    "avg": 96.72924041748047,
    "min": 96.49343872070312,
    "max": 97.02092742919922,
    "all": [
      96.49343872070312,
      96.71871948242188,
      96.71167755126953,
      96.7014389038086,
      97.02092742919922
    ]
  },
  "test_latency_ms": {
    "avg": 41.292364501953124,
    "min": 41.16963195800781,
    "max": 41.5909423828125,
    "all": [
      41.5909423828125,
      41.2938232421875,
      41.185279846191406,
      41.16963195800781,
      41.222145080566406
    ]
  },
  "num_runs": 5,
  "model_init_args": [
    32,
    64,
    [
      3,
      5,
      5
    ]
  ],
  "model_init_kwargs": {},
  "seed": 100,
  "align_stats": {
    "pair_aligner": 1,
    "copied_same_shape": 1,
    "mapped_shape": 0,
    "skipped": 0,
    "pair_key": "Model->ModelNew"
  },
  "runnable": true,
  "phase": "algorithm_optimized_seed0",
  "score": 2.3425454459723465
}