{
  "timestamp": "2025-12-23T11:54:06",
  "reference_file": "KernelBench/t/68_conv_transposed_3D__square_input__asymmetric_kernel.py",
  "candidate_file": "/home/hyc/LLMKernel/run/20251223_112836_batch_range62to73_openai_deepseek/68_conv_transposed_3D__square_input__asymmetric_kernel/code/kernel_20251223_115358.py",
  "tolerance": 1,
  "max_abs_err": 0.0005468130111694336,
  "mean_abs_err": 0.00011247993097640574,
  "ref_latency_ms": {
    "avg": 97.16855010986328,
    "min": 96.86739349365234,
    "max": 97.52473449707031,
    "all": [
      96.86739349365234,
      97.52473449707031,
      97.224609375,
      97.07401275634766,
      97.1520004272461
    ]
  },
  "test_latency_ms": {
    "avg": 32.00821762084961,
    "min": 31.59244728088379,
    "max": 32.32271957397461,
    "all": [
      31.88515281677246,
      31.59244728088379,
      32.22233581542969,
      32.0184326171875,
      32.32271957397461
    ]
  },
  "num_runs": 5,
  "model_init_args": [
    32,
    64,
    [
      3,
      5,
      5
    ]
  ],
  "model_init_kwargs": {},
  "seed": 100,
  "align_stats": {
    "pair_aligner": 1,
    "copied_same_shape": 1,
    "mapped_shape": 0,
    "skipped": 0,
    "pair_key": "Model->ModelNew"
  },
  "runnable": true,
  "phase": "stage2_block_tiling",
  "score": 3.0357376115366494
}