{
  "timestamp": "2025-12-14T05:06:37",
  "reference_file": "KernelBench/level1_low_score/68_conv_transposed_3D__square_input__asymmetric_kernel.py",
  "candidate_file": "/home/hyc/LLMKernel/run/20251214_050518_batch_range68to68_openai_deepseek/68_conv_transposed_3D__square_input__asymmetric_kernel/code/kernel_20251214_050629.py",
  "tolerance": 0.001,
  "max_abs_err": 0.00021232664585113525,
  "mean_abs_err": 3.517739241942763e-05,
  "ref_latency_ms": {
    "avg": 40.43898315429688,
    "min": 40.432640075683594,
    "max": 40.445953369140625,
    "all": [
      40.445953369140625,
      40.43772888183594,
      40.436737060546875,
      40.432640075683594,
      40.441856384277344
    ]
  },
  "test_latency_ms": {
    "avg": 507.46265869140626,
    "min": 503.9708251953125,
    "max": 510.0380859375,
    "all": [
      510.0380859375,
      503.9708251953125,
      509.55059814453125,
      505.10943603515625,
      508.64434814453125
    ]
  },
  "num_runs": 5,
  "model_init_args": [
    32,
    64,
    [
      3,
      5,
      5
    ]
  ],
  "model_init_kwargs": {},
  "seed": 100,
  "align_stats": {
    "pair_aligner": 1,
    "copied_same_shape": 1,
    "mapped_shape": 0,
    "skipped": 0,
    "pair_key": "Model->ModelNew"
  },
  "runnable": true,
  "phase": "seed",
  "score": 0.07968858882853935
}