{
  "timestamp": "2025-12-14T05:15:58",
  "reference_file": "KernelBench/level1_low_score/68_conv_transposed_3D__square_input__asymmetric_kernel.py",
  "candidate_file": "/home/hyc/LLMKernel/run/20251214_050518_batch_range68to68_openai_deepseek/68_conv_transposed_3D__square_input__asymmetric_kernel/code/kernel_20251214_051527.py",
  "tolerance": 0.001,
  "max_abs_err": 0.00021232664585113525,
  "mean_abs_err": 3.517739241942763e-05,
  "ref_latency_ms": {
    "avg": 40.64274444580078,
    "min": 40.634334564208984,
    "max": 40.65177536010742,
    "all": [
      40.65177536010742,
      40.6374397277832,
      40.640350341796875,
      40.634334564208984,
      40.64982223510742
    ]
  },
  "test_latency_ms": {
    "avg": 155.61010131835937,
    "min": 155.6029510498047,
    "max": 155.615234375,
    "all": [
      155.6069793701172,
      155.6029510498047,
      155.6142120361328,
      155.6111297607422,
      155.615234375
    ]
  },
  "num_runs": 5,
  "model_init_args": [
    32,
    64,
    [
      3,
      5,
      5
    ]
  ],
  "model_init_kwargs": {},
  "seed": 100,
  "align_stats": {
    "pair_aligner": 1,
    "copied_same_shape": 1,
    "mapped_shape": 0,
    "skipped": 0,
    "pair_key": "Model->ModelNew"
  },
  "runnable": true,
  "phase": "stage4_advanced_memory",
  "pytorch_baseline_ms": 40.43898315429688,
  "score": 0.25987376662369516
}