{
  "timestamp": "2025-12-23T11:49:29",
  "reference_file": "KernelBench/t/68_conv_transposed_3D__square_input__asymmetric_kernel.py",
  "candidate_file": "/home/hyc/LLMKernel/run/20251223_112836_batch_range62to73_openai_deepseek/68_conv_transposed_3D__square_input__asymmetric_kernel/code/kernel_20251223_114922.py",
  "tolerance": 1,
  "max_abs_err": 0.0,
  "mean_abs_err": 0.0,
  "ref_latency_ms": {
    "avg": 96.61042022705078,
    "min": 96.28057861328125,
    "max": 96.79462432861328,
    "all": [
      96.28057861328125,
      96.55068969726562,
      96.79462432861328,
      96.70861053466797,
      96.71759796142578
    ]
  },
  "test_latency_ms": {
    "avg": 146.97055358886718,
    "min": 145.73983764648438,
    "max": 149.77737426757812,
    "all": [
      145.73983764648438,
      145.90249633789062,
      145.76025390625,
      147.6728057861328,
      149.77737426757812
    ]
  },
  "num_runs": 5,
  "model_init_args": [
    32,
    64,
    [
      3,
      5,
      5
    ]
  ],
  "model_init_kwargs": {},
  "seed": 100,
  "align_stats": {
    "pair_aligner": 1,
    "copied_same_shape": 1,
    "mapped_shape": 0,
    "skipped": 0,
    "pair_key": "Model->ModelNew"
  },
  "runnable": true,
  "phase": "seed_0_repair_1",
  "score": 0.6573454196634998
}