{
  "timestamp": "2025-12-14T05:11:43",
  "reference_file": "KernelBench/level1_low_score/68_conv_transposed_3D__square_input__asymmetric_kernel.py",
  "candidate_file": "/home/hyc/LLMKernel/run/20251214_050518_batch_range68to68_openai_deepseek/68_conv_transposed_3D__square_input__asymmetric_kernel/code/kernel_20251214_051115.py",
  "tolerance": 0.001,
  "max_abs_err": 0.00021232664585113525,
  "mean_abs_err": 3.517739241942763e-05,
  "ref_latency_ms": {
    "avg": 40.608140563964845,
    "min": 40.46316909790039,
    "max": 40.64767837524414,
    "all": [
      40.46316909790039,
      40.6407356262207,
      40.64255905151367,
      40.64656066894531,
      40.64767837524414
    ]
  },
  "test_latency_ms": {
    "avg": 155.54047546386718,
    "min": 155.51206970214844,
    "max": 155.56710815429688,
    "all": [
      155.51206970214844,
      155.51487731933594,
      155.5483856201172,
      155.5599365234375,
      155.56710815429688
    ]
  },
  "num_runs": 5,
  "model_init_args": [
    32,
    64,
    [
      3,
      5,
      5
    ]
  ],
  "model_init_kwargs": {},
  "seed": 100,
  "align_stats": {
    "pair_aligner": 1,
    "copied_same_shape": 1,
    "mapped_shape": 0,
    "skipped": 0,
    "pair_key": "Model->ModelNew"
  },
  "runnable": true,
  "phase": "stage3_memory_access",
  "pytorch_baseline_ms": 40.43898315429688,
  "score": 0.2599900960421781
}