{
  "timestamp": "2025-12-14T05:09:03",
  "reference_file": "KernelBench/level1_low_score/68_conv_transposed_3D__square_input__asymmetric_kernel.py",
  "candidate_file": "/home/hyc/LLMKernel/run/20251214_050518_batch_range68to68_openai_deepseek/68_conv_transposed_3D__square_input__asymmetric_kernel/code/kernel_20251214_050832.py",
  "tolerance": 0.001,
  "max_abs_err": 0.00021232664585113525,
  "mean_abs_err": 3.517739241942763e-05,
  "ref_latency_ms": {
    "avg": 40.64706649780273,
    "min": 40.638465881347656,
    "max": 40.66099166870117,
    "all": [
      40.66099166870117,
      40.645633697509766,
      40.638465881347656,
      40.645633697509766,
      40.64460754394531
    ]
  },
  "test_latency_ms": {
    "avg": 513.1835083007812,
    "min": 510.3216552734375,
    "max": 515.1682739257812,
    "all": [
      515.1682739257812,
      510.3216552734375,
      514.4995727539062,
      512.177001953125,
      513.7510375976562
    ]
  },
  "num_runs": 5,
  "model_init_args": [
    32,
    64,
    [
      3,
      5,
      5
    ]
  ],
  "model_init_kwargs": {},
  "seed": 100,
  "align_stats": {
    "pair_aligner": 1,
    "copied_same_shape": 1,
    "mapped_shape": 0,
    "skipped": 0,
    "pair_key": "Model->ModelNew"
  },
  "runnable": true,
  "phase": "stage1_repair",
  "pytorch_baseline_ms": 40.43898315429688,
  "score": 0.07880023909613877
}