{
  "timestamp": "2025-12-23T11:53:02",
  "reference_file": "KernelBench/t/68_conv_transposed_3D__square_input__asymmetric_kernel.py",
  "candidate_file": "/home/hyc/LLMKernel/run/20251223_112836_batch_range62to73_openai_deepseek/68_conv_transposed_3D__square_input__asymmetric_kernel/code/kernel_20251223_115256.py",
  "tolerance": 1,
  "max_abs_err": 0.0005468130111694336,
  "mean_abs_err": 0.00011247993097640574,
  "ref_latency_ms": {
    "avg": 96.6083770751953,
    "min": 95.89350128173828,
    "max": 96.98992156982422,
    "all": [
      95.89350128173828,
      96.98992156982422,
      96.71871948242188,
      96.71065521240234,
      96.72908782958984
    ]
  },
  "test_latency_ms": {
    "avg": 41.64659881591797,
    "min": 41.51676940917969,
    "max": 41.90505599975586,
    "all": [
      41.90505599975586,
      41.53120040893555,
      41.57235336303711,
      41.70761489868164,
      41.51676940917969
    ]
  },
  "num_runs": 5,
  "model_init_args": [
    32,
    64,
    [
      3,
      5,
      5
    ]
  ],
  "model_init_kwargs": {},
  "seed": 100,
  "align_stats": {
    "pair_aligner": 1,
    "copied_same_shape": 1,
    "mapped_shape": 0,
    "skipped": 0,
    "pair_key": "Model->ModelNew"
  },
  "runnable": true,
  "phase": "stage1_grid_and_parallel",
  "score": 2.3197182920558235
}