{
  "timestamp": "2025-12-23T11:56:05",
  "reference_file": "KernelBench/t/68_conv_transposed_3D__square_input__asymmetric_kernel.py",
  "candidate_file": "/home/hyc/LLMKernel/run/20251223_112836_batch_range62to73_openai_deepseek/68_conv_transposed_3D__square_input__asymmetric_kernel/code/kernel_20251223_115557.py",
  "tolerance": 1,
  "max_abs_err": 0.0005468130111694336,
  "mean_abs_err": 0.00011247993097640574,
  "ref_latency_ms": {
    "avg": 97.00425872802734,
    "min": 96.44425964355469,
    "max": 97.37625885009766,
    "all": [
      96.44425964355469,
      96.70963287353516,
      97.1171875,
      97.37395477294922,
      97.37625885009766
    ]
  },
  "test_latency_ms": {
    "avg": 32.32185592651367,
    "min": 31.753215789794922,
    "max": 32.57855987548828,
    "all": [
      31.753215789794922,
      32.275264739990234,
      32.46499252319336,
      32.57855987548828,
      32.53724670410156
    ]
  },
  "num_runs": 5,
  "model_init_args": [
    32,
    64,
    [
      3,
      5,
      5
    ]
  ],
  "model_init_kwargs": {},
  "seed": 100,
  "align_stats": {
    "pair_aligner": 1,
    "copied_same_shape": 1,
    "mapped_shape": 0,
    "skipped": 0,
    "pair_key": "Model->ModelNew"
  },
  "runnable": true,
  "phase": "stage3_memory_and_tuning",
  "score": 3.0011970521919995
}