{
  "timestamp": "2025-12-12T13:25:04",
  "reference_file": "KernelBench/level1/38_L1Norm_.py",
  "candidate_file": "/home/hyc/LLMKernel/run/20251212_085222_batch_range20to30_deepseek_deepseek/38_L1Norm_/code/kernel_20251212_132448.py",
  "tolerance": 0.001,
  "max_abs_err": 4.76837158203125e-07,
  "mean_abs_err": 1.0279613604780025e-07,
  "ref_latency_ms": {
    "avg": 53.89083557128906,
    "min": 53.8419189453125,
    "max": 53.958656311035156,
    "all": [
      53.958656311035156,
      53.93222427368164,
      53.8419189453125,
      53.86640167236328,
      53.854976654052734
    ]
  },
  "test_latency_ms": {
    "avg": 41.809241485595706,
    "min": 41.76998519897461,
    "max": 41.83039855957031,
    "all": [
      41.827327728271484,
      41.76998519897461,
      41.80070495605469,
      41.83039855957031,
      41.81779098510742
    ]
  },
  "num_runs": 5,
  "model_init_args": [],
  "model_init_kwargs": {},
  "seed": 100,
  "align_stats": {
    "copied_same_shape": 0,
    "unique_shape_copied": 0,
    "mapped_shape": 0,
    "skipped": 0,
    "pair_aligner": 0,
    "pair_key": "Model->ModelNew"
  },
  "runnable": true,
  "phase": "seed_repair",
  "score": 1.2889694636018632
}