{
  "timestamp": "2025-12-12T13:54:32",
  "reference_file": "KernelBench/level1/38_L1Norm_.py",
  "candidate_file": "/home/hyc/LLMKernel/run/20251212_085222_batch_range20to30_deepseek_deepseek/38_L1Norm_/code/kernel_20251212_135407.py",
  "tolerance": 0.001,
  "max_abs_err": 4.76837158203125e-07,
  "mean_abs_err": 1.1636481644927699e-07,
  "ref_latency_ms": {
    "avg": 53.90953598022461,
    "min": 53.86444854736328,
    "max": 53.98527908325195,
    "all": [
      53.98527908325195,
      53.944480895996094,
      53.87161636352539,
      53.86444854736328,
      53.88185501098633
    ]
  },
  "test_latency_ms": {
    "avg": 28.85201950073242,
    "min": 28.620800018310547,
    "max": 28.923904418945312,
    "all": [
      28.907520294189453,
      28.907520294189453,
      28.923904418945312,
      28.900352478027344,
      28.620800018310547
    ]
  },
  "num_runs": 5,
  "model_init_args": [],
  "model_init_kwargs": {},
  "seed": 100,
  "align_stats": {
    "copied_same_shape": 0,
    "unique_shape_copied": 0,
    "mapped_shape": 0,
    "skipped": 0,
    "pair_aligner": 0,
    "pair_key": "Model->ModelNew"
  },
  "runnable": true,
  "phase": "stage4_advanced_memory",
  "pytorch_baseline_ms": 53.89083557128906,
  "score": 1.8678358223735783
}