{
  "timestamp": "2025-12-12T13:31:36",
  "reference_file": "KernelBench/level1/38_L1Norm_.py",
  "candidate_file": "/home/hyc/LLMKernel/run/20251212_085222_batch_range20to30_deepseek_deepseek/38_L1Norm_/code/kernel_20251212_133119.py",
  "tolerance": 0.001,
  "max_abs_err": 4.76837158203125e-07,
  "mean_abs_err": 1.1636481644927699e-07,
  "ref_latency_ms": {
    "avg": 53.860147094726564,
    "min": 53.85625457763672,
    "max": 53.86342239379883,
    "all": [
      53.86137771606445,
      53.86137771606445,
      53.85625457763672,
      53.86342239379883,
      53.85830307006836
    ]
  },
  "test_latency_ms": {
    "avg": 37.35060348510742,
    "min": 37.339134216308594,
    "max": 37.36268615722656,
    "all": [
      37.354496002197266,
      37.339134216308594,
      37.348350524902344,
      37.348350524902344,
      37.36268615722656
    ]
  },
  "num_runs": 5,
  "model_init_args": [],
  "model_init_kwargs": {},
  "seed": 100,
  "align_stats": {
    "copied_same_shape": 0,
    "unique_shape_copied": 0,
    "mapped_shape": 0,
    "skipped": 0,
    "pair_aligner": 0,
    "pair_key": "Model->ModelNew"
  },
  "runnable": true,
  "phase": "stage1_grid_and_parallel",
  "pytorch_baseline_ms": 53.89083557128906,
  "score": 1.4428370773922468
}