{
  "timestamp": "2025-12-12T13:41:42",
  "reference_file": "KernelBench/level1/38_L1Norm_.py",
  "candidate_file": "/home/hyc/LLMKernel/run/20251212_085222_batch_range20to30_deepseek_deepseek/38_L1Norm_/code/kernel_20251212_134119.py",
  "tolerance": 0.001,
  "max_abs_err": 4.76837158203125e-07,
  "mean_abs_err": 1.1636481644927699e-07,
  "ref_latency_ms": {
    "avg": 53.88039703369141,
    "min": 53.858272552490234,
    "max": 53.94220733642578,
    "all": [
      53.94220733642578,
      53.88083267211914,
      53.85830307006836,
      53.862369537353516,
      53.858272552490234
    ]
  },
  "test_latency_ms": {
    "avg": 37.34513931274414,
    "min": 37.31455993652344,
    "max": 37.368831634521484,
    "all": [
      37.368831634521484,
      37.349056243896484,
      37.3502082824707,
      37.343040466308594,
      37.31455993652344
    ]
  },
  "num_runs": 5,
  "model_init_args": [],
  "model_init_kwargs": {},
  "seed": 100,
  "align_stats": {
    "copied_same_shape": 0,
    "unique_shape_copied": 0,
    "mapped_shape": 0,
    "skipped": 0,
    "pair_aligner": 0,
    "pair_key": "Model->ModelNew"
  },
  "runnable": true,
  "phase": "stage3_repair",
  "pytorch_baseline_ms": 53.89083557128906,
  "score": 1.4430481868064329
}