{
  "timestamp": "2025-12-28T17:05:20",
  "reference_file": "KernelBench/tt/82_Conv2d_Tanh_Scaling_BiasAdd_Max.py",
  "candidate_file": "/home/hyc/LLMKernel/run/20251228_161811_batch_range79to85_openai_deepseek/82_Conv2d_Tanh_Scaling_BiasAdd_Max/code/kernel_20251228_170515.py",
  "tolerance": 1,
  "max_abs_err": 0.0011154413223266602,
  "mean_abs_err": 0.00031732689240016043,
  "ref_latency_ms": {
    "avg": 24.04398078918457,
    "min": 23.975936889648438,
    "max": 24.1397762298584,
    "all": [
      24.1397762298584,
      23.975936889648438,
      24.09574317932129,
      24.019039154052734,
      23.989408493041992
    ]
  },
  "test_latency_ms": {
    "avg": 5.974976062774658,
    "min": 5.967616081237793,
    "max": 5.981184005737305,
    "all": [
      5.981184005737305,
      5.972991943359375,
      5.979072093963623,
      5.974016189575195,
      5.967616081237793
    ]
  },
  "num_runs": 5,
  "model_init_args": [
    8,
    64,
    3,
    2.0,
    [
      64,
      1,
      1
    ],
    4
  ],
  "model_init_kwargs": {},
  "seed": 100,
  "align_stats": {
    "pair_aligner": 1,
    "copied_same_shape": 1,
    "mapped_shape": 0,
    "skipped": 0,
    "pair_key": "Model->ModelNew"
  },
  "runnable": true,
  "phase": "algorithm_optimized_seed1",
  "pytorch_baseline_ms": 24.05027847290039,
  "score": 4.025167334600488
}