{
  "timestamp": "2025-12-28T17:08:56",
  "reference_file": "KernelBench/tt/82_Conv2d_Tanh_Scaling_BiasAdd_Max.py",
  "candidate_file": "/home/hyc/LLMKernel/run/20251228_161811_batch_range79to85_openai_deepseek/82_Conv2d_Tanh_Scaling_BiasAdd_Max/code/kernel_20251228_170851.py",
  "tolerance": 1,
  "max_abs_err": 0.0011154413223266602,
  "mean_abs_err": 0.00031732689240016043,
  "ref_latency_ms": {
    "avg": 24.0828800201416,
    "min": 24.00771141052246,
    "max": 24.161279678344727,
    "all": [
      24.161279678344727,
      24.14080047607422,
      24.00771141052246,
      24.087743759155273,
      24.016864776611328
    ]
  },
  "test_latency_ms": {
    "avg": 3.298681640625,
    "min": 3.2941761016845703,
    "max": 3.3034238815307617,
    "all": [
      3.299328088760376,
      3.299168109893799,
      3.2941761016845703,
      3.297312021255493,
      3.3034238815307617
    ]
  },
  "num_runs": 5,
  "model_init_args": [
    8,
    64,
    3,
    2.0,
    [
      64,
      1,
      1
    ],
    4
  ],
  "model_init_kwargs": {},
  "seed": 100,
  "align_stats": {
    "pair_aligner": 1,
    "copied_same_shape": 1,
    "mapped_shape": 0,
    "skipped": 0,
    "pair_key": "Model->ModelNew"
  },
  "runnable": true,
  "phase": "stage3_memory_and_tuning",
  "pytorch_baseline_ms": 24.05027847290039,
  "score": 7.290875899240642
}