{
  "timestamp": "2025-12-13T12:57:11",
  "reference_file": "KernelBench/level2/82_Conv2d_Tanh_Scaling_BiasAdd_Max.py",
  "candidate_file": "/home/hyc/LLMKernel/run/20251213_080749_batch_range71to100_deepseek_deepseek/82_Conv2d_Tanh_Scaling_BiasAdd_Max/code/kernel_20251213_125707.py",
  "tolerance": 0.001,
  "max_abs_err": 4.76837158203125e-07,
  "mean_abs_err": 4.93461804751405e-08,
  "ref_latency_ms": {
    "avg": 23.940089416503906,
    "min": 23.870431900024414,
    "max": 23.976287841796875,
    "all": [
      23.870431900024414,
      23.94313621520996,
      23.956480026245117,
      23.954111099243164,
      23.976287841796875
    ]
  },
  "test_latency_ms": {
    "avg": 16.870003128051756,
    "min": 16.842016220092773,
    "max": 16.914207458496094,
    "all": [
      16.842016220092773,
      16.877567291259766,
      16.8591365814209,
      16.914207458496094,
      16.857088088989258
    ]
  },
  "num_runs": 5,
  "model_init_args": [
    8,
    64,
    3,
    2.0,
    [
      64,
      1,
      1
    ],
    4
  ],
  "model_init_kwargs": {},
  "seed": 100,
  "align_stats": {
    "pair_aligner": 1,
    "copied_same_shape": 1,
    "mapped_shape": 0,
    "skipped": 0,
    "pair_key": "Model->ModelNew"
  },
  "runnable": true,
  "phase": "seed_repair",
  "score": 1.4190921741262679
}