{
  "timestamp": "2025-12-28T16:58:35",
  "reference_file": "KernelBench/tt/82_Conv2d_Tanh_Scaling_BiasAdd_Max.py",
  "candidate_file": "/home/hyc/LLMKernel/run/20251228_161811_batch_range79to85_openai_deepseek/82_Conv2d_Tanh_Scaling_BiasAdd_Max/code/kernel_20251228_165831.py",
  "tolerance": 1,
  "max_abs_err": 4.76837158203125e-07,
  "mean_abs_err": 4.93461804751405e-08,
  "ref_latency_ms": {
    "avg": 24.05027847290039,
    "min": 23.981056213378906,
    "max": 24.10495948791504,
    "all": [
      24.037376403808594,
      24.10495948791504,
      23.981056213378906,
      24.052736282348633,
      24.07526397705078
    ]
  },
  "test_latency_ms": {
    "avg": 20.284595108032228,
    "min": 20.2741756439209,
    "max": 20.29657554626465,
    "all": [
      20.290559768676758,
      20.29657554626465,
      20.27622413635254,
      20.28544044494629,
      20.2741756439209
    ]
  },
  "num_runs": 5,
  "model_init_args": [
    8,
    64,
    3,
    2.0,
    [
      64,
      1,
      1
    ],
    4
  ],
  "model_init_kwargs": {},
  "seed": 100,
  "align_stats": {
    "pair_aligner": 1,
    "copied_same_shape": 1,
    "mapped_shape": 0,
    "skipped": 0,
    "pair_key": "Model->ModelNew"
  },
  "runnable": true,
  "phase": "seed_0",
  "score": 1.1856425205833683
}