{
  "timestamp": "2025-12-28T17:07:39",
  "reference_file": "KernelBench/tt/82_Conv2d_Tanh_Scaling_BiasAdd_Max.py",
  "candidate_file": "/home/hyc/LLMKernel/run/20251228_161811_batch_range79to85_openai_deepseek/82_Conv2d_Tanh_Scaling_BiasAdd_Max/code/kernel_20251228_170734.py",
  "tolerance": 1,
  "max_abs_err": 0.0011154413223266602,
  "mean_abs_err": 0.00031732689240016043,
  "ref_latency_ms": {
    "avg": 24.131206512451172,
    "min": 24.08246421813965,
    "max": 24.212703704833984,
    "all": [
      24.212703704833984,
      24.158016204833984,
      24.08246421813965,
      24.11724853515625,
      24.085599899291992
    ]
  },
  "test_latency_ms": {
    "avg": 3.619839906692505,
    "min": 3.6167678833007812,
    "max": 3.6218879222869873,
    "all": [
      3.620863914489746,
      3.6167678833007812,
      3.6177918910980225,
      3.6218879222869873,
      3.6218879222869873
    ]
  },
  "num_runs": 5,
  "model_init_args": [
    8,
    64,
    3,
    2.0,
    [
      64,
      1,
      1
    ],
    4
  ],
  "model_init_kwargs": {},
  "seed": 100,
  "align_stats": {
    "pair_aligner": 1,
    "copied_same_shape": 1,
    "mapped_shape": 0,
    "skipped": 0,
    "pair_key": "Model->ModelNew"
  },
  "runnable": true,
  "phase": "stage2_block_tiling",
  "pytorch_baseline_ms": 24.05027847290039,
  "score": 6.644017164525778
}