{
  "timestamp": "2025-12-28T17:00:32",
  "reference_file": "KernelBench/tt/82_Conv2d_Tanh_Scaling_BiasAdd_Max.py",
  "candidate_file": "/home/hyc/LLMKernel/run/20251228_161811_batch_range79to85_openai_deepseek/82_Conv2d_Tanh_Scaling_BiasAdd_Max/code/kernel_20251228_170027.py",
  "tolerance": 1,
  "max_abs_err": 0.0011154413223266602,
  "mean_abs_err": 0.00031732689240016043,
  "ref_latency_ms": {
    "avg": 24.085913467407227,
    "min": 23.991296768188477,
    "max": 24.120319366455078,
    "all": [
      24.11622428894043,
      24.120319366455078,
      23.991296768188477,
      24.10393524169922,
      24.09779167175293
    ]
  },
  "test_latency_ms": {
    "avg": 8.853670501708985,
    "min": 8.846336364746094,
    "max": 8.859647750854492,
    "all": [
      8.85747241973877,
      8.850367546081543,
      8.846336364746094,
      8.859647750854492,
      8.854528427124023
    ]
  },
  "num_runs": 5,
  "model_init_args": [
    8,
    64,
    3,
    2.0,
    [
      64,
      1,
      1
    ],
    4
  ],
  "model_init_kwargs": {},
  "seed": 100,
  "align_stats": {
    "pair_aligner": 1,
    "copied_same_shape": 1,
    "mapped_shape": 0,
    "skipped": 0,
    "pair_key": "Model->ModelNew"
  },
  "runnable": true,
  "phase": "seed_1",
  "pytorch_baseline_ms": 24.05027847290039,
  "score": 2.7164189663776255
}