{
  "timestamp": "2025-12-28T17:06:27",
  "reference_file": "KernelBench/tt/82_Conv2d_Tanh_Scaling_BiasAdd_Max.py",
  "candidate_file": "/home/hyc/LLMKernel/run/20251228_161811_batch_range79to85_openai_deepseek/82_Conv2d_Tanh_Scaling_BiasAdd_Max/code/kernel_20251228_170623.py",
  "tolerance": 1,
  "max_abs_err": 0.0011154413223266602,
  "mean_abs_err": 0.00031732689240016043,
  "ref_latency_ms": {
    "avg": 24.05726089477539,
    "min": 23.950336456298828,
    "max": 24.11008071899414,
    "all": [
      24.06604766845703,
      24.10095977783203,
      23.950336456298828,
      24.11008071899414,
      24.058879852294922
    ]
  },
  "test_latency_ms": {
    "avg": 3.6178112030029297,
    "min": 3.610527992248535,
    "max": 3.6239359378814697,
    "all": [
      3.6200320720672607,
      3.6188158988952637,
      3.610527992248535,
      3.615744113922119,
      3.6239359378814697
    ]
  },
  "num_runs": 5,
  "model_init_args": [
    8,
    64,
    3,
    2.0,
    [
      64,
      1,
      1
    ],
    4
  ],
  "model_init_kwargs": {},
  "seed": 100,
  "align_stats": {
    "pair_aligner": 1,
    "copied_same_shape": 1,
    "mapped_shape": 0,
    "skipped": 0,
    "pair_key": "Model->ModelNew"
  },
  "runnable": true,
  "phase": "stage1_grid_and_parallel",
  "pytorch_baseline_ms": 24.05027847290039,
  "score": 6.647742826639955
}