{
  "timestamp": "2025-12-13T13:10:22",
  "reference_file": "KernelBench/level2/82_Conv2d_Tanh_Scaling_BiasAdd_Max.py",
  "candidate_file": "/home/hyc/LLMKernel/run/20251213_080749_batch_range71to100_deepseek_deepseek/82_Conv2d_Tanh_Scaling_BiasAdd_Max/code/kernel_20251213_131015.py",
  "tolerance": 0.001,
  "max_abs_err": 4.76837158203125e-07,
  "mean_abs_err": 4.93461804751405e-08,
  "ref_latency_ms": {
    "avg": 23.953670501708984,
    "min": 23.92473602294922,
    "max": 23.968000411987305,
    "all": [
      23.961599349975586,
      23.954463958740234,
      23.92473602294922,
      23.968000411987305,
      23.959552764892578
    ]
  },
  "test_latency_ms": {
    "avg": 17.32418556213379,
    "min": 17.30339241027832,
    "max": 17.34441566467285,
    "all": [
      17.313791275024414,
      17.34441566467285,
      17.342464447021484,
      17.316864013671875,
      17.30339241027832
    ]
  },
  "num_runs": 5,
  "model_init_args": [
    8,
    64,
    3,
    2.0,
    [
      64,
      1,
      1
    ],
    4
  ],
  "model_init_kwargs": {},
  "seed": 100,
  "align_stats": {
    "pair_aligner": 1,
    "copied_same_shape": 1,
    "mapped_shape": 0,
    "skipped": 0,
    "pair_key": "Model->ModelNew"
  },
  "runnable": true,
  "phase": "stage1_grid_and_parallel",
  "pytorch_baseline_ms": 23.940089416503906,
  "score": 1.3818883046849129
}