{
  "timestamp": "2025-12-13T15:15:37",
  "reference_file": "KernelBench/level2/51_Gemm_Subtract_GlobalAvgPool_LogSumExp_GELU_ResidualAdd.py",
  "candidate_file": "/home/hyc/LLMKernel/run/20251213_080631_batch_range40to70_deepseek_deepseek/51_Gemm_Subtract_GlobalAvgPool_LogSumExp_GELU_ResidualAdd/code/kernel_20251213_151528.py",
  "tolerance": 0.001,
  "max_abs_err": 2.5331974029541016e-06,
  "mean_abs_err": 1.4172020428304677e-06,
  "ref_latency_ms": {
    "avg": 6.672198390960693,
    "min": 6.607872009277344,
    "max": 6.737919807434082,
    "all": [
      6.737919807434082,
      6.732800006866455,
      6.668191909790039,
      6.607872009277344,
      6.614208221435547
    ]
  },
  "test_latency_ms": {
    "avg": 7.501593494415284,
    "min": 7.339903831481934,
    "max": 7.707647800445557,
    "all": [
      7.707647800445557,
      7.692287921905518,
      7.414783954620361,
      7.353343963623047,
      7.339903831481934
    ]
  },
  "num_runs": 5,
  "model_init_args": [
    8192,
    8192
  ],
  "model_init_kwargs": {},
  "seed": 100,
  "align_stats": {
    "copied_same_shape": 1,
    "unique_shape_copied": 1,
    "mapped_shape": 0,
    "skipped": 1,
    "pair_aligner": 0,
    "pair_key": "Model->ModelNew"
  },
  "runnable": true,
  "phase": "stage4_repair",
  "pytorch_baseline_ms": 6.399795150756836,
  "score": 0.8531247601621302
}