{
  "timestamp": "2025-12-13T14:52:22",
  "reference_file": "KernelBench/level2/51_Gemm_Subtract_GlobalAvgPool_LogSumExp_GELU_ResidualAdd.py",
  "candidate_file": "/home/hyc/LLMKernel/run/20251213_080631_batch_range40to70_deepseek_deepseek/51_Gemm_Subtract_GlobalAvgPool_LogSumExp_GELU_ResidualAdd/code/kernel_20251213_145218.py",
  "tolerance": 0.001,
  "max_abs_err": 2.5331974029541016e-06,
  "mean_abs_err": 1.4172020428304677e-06,
  "ref_latency_ms": {
    "avg": 6.399795150756836,
    "min": 6.3948798179626465,
    "max": 6.412288188934326,
    "all": [
      6.396927833557129,
      6.395904064178467,
      6.398975849151611,
      6.3948798179626465,
      6.412288188934326
    ]
  },
  "test_latency_ms": {
    "avg": 4.447878456115722,
    "min": 4.442111968994141,
    "max": 4.452352046966553,
    "all": [
      4.443136215209961,
      4.45030403137207,
      4.452352046966553,
      4.451488018035889,
      4.442111968994141
    ]
  },
  "num_runs": 5,
  "model_init_args": [
    8192,
    8192
  ],
  "model_init_kwargs": {},
  "seed": 100,
  "align_stats": {
    "copied_same_shape": 1,
    "unique_shape_copied": 1,
    "mapped_shape": 0,
    "skipped": 1,
    "pair_aligner": 0,
    "pair_key": "Model->ModelNew"
  },
  "runnable": true,
  "phase": "seed_repair",
  "score": 1.4388421837285765
}