{
  "timestamp": "2025-12-13T15:10:25",
  "reference_file": "KernelBench/level2/51_Gemm_Subtract_GlobalAvgPool_LogSumExp_GELU_ResidualAdd.py",
  "candidate_file": "/home/hyc/LLMKernel/run/20251213_080631_batch_range40to70_deepseek_deepseek/51_Gemm_Subtract_GlobalAvgPool_LogSumExp_GELU_ResidualAdd/code/kernel_20251213_151020.py",
  "tolerance": 0.001,
  "max_abs_err": 2.5331974029541016e-06,
  "mean_abs_err": 1.417314592799812e-06,
  "ref_latency_ms": {
    "avg": 6.568115139007569,
    "min": 6.48089599609375,
    "max": 6.683551788330078,
    "all": [
      6.490111827850342,
      6.48089599609375,
      6.503424167633057,
      6.683551788330078,
      6.682591915130615
    ]
  },
  "test_latency_ms": {
    "avg": 6.034719944000244,
    "min": 5.986303806304932,
    "max": 6.211584091186523,
    "all": [
      6.211584091186523,
      5.986303806304932,
      6.001311779022217,
      5.987071990966797,
      5.987328052520752
    ]
  },
  "num_runs": 5,
  "model_init_args": [
    8192,
    8192
  ],
  "model_init_kwargs": {},
  "seed": 100,
  "align_stats": {
    "copied_same_shape": 1,
    "unique_shape_copied": 1,
    "mapped_shape": 0,
    "skipped": 1,
    "pair_aligner": 0,
    "pair_key": "Model->ModelNew"
  },
  "runnable": true,
  "phase": "stage3_memory_access",
  "pytorch_baseline_ms": 6.399795150756836,
  "score": 1.0604957993319228
}