{
  "timestamp": "2025-12-23T08:21:57",
  "reference_file": "KernelBench/level2/35_Conv2d_Subtract_HardSwish_MaxPool_Mish.py",
  "candidate_file": "/home/hyc/LLMKernel/run/20251223_081422_35_Conv2d_Subtract_HardSwish_MaxPool_Mish_openai_deepseek/35_Conv2d_Subtract_HardSwish_MaxPool_Mish/code/kernel_20251223_082149.py",
  "tolerance": 1,
  "max_abs_err": 0.00034844130277633667,
  "mean_abs_err": 3.2928983273450285e-05,
  "ref_latency_ms": {
    "avg": 15.37177619934082,
    "min": 15.365152359008789,
    "max": 15.382528305053711,
    "all": [
      15.382528305053711,
      15.373600006103516,
      15.36838436126709,
      15.369215965270996,
      15.365152359008789
    ]
  },
  "test_latency_ms": {
    "avg": 7.485523128509522,
    "min": 7.474112033843994,
    "max": 7.497407913208008,
    "all": [
      7.474112033843994,
      7.48419189453125,
      7.4844160079956055,
      7.497407913208008,
      7.48748779296875
    ]
  },
  "num_runs": 5,
  "model_init_args": [
    64,
    128,
    3,
    0.5,
    2
  ],
  "model_init_kwargs": {},
  "seed": 100,
  "align_stats": {
    "pair_aligner": 1,
    "copied_same_shape": 1,
    "mapped_shape": 0,
    "skipped": 0,
    "pair_key": "Model->ModelNew"
  },
  "runnable": true,
  "phase": "stage2_block_tiling",
  "pytorch_baseline_ms": 15.898803520202637,
  "score": 2.123940203945148
}