{
  "timestamp": "2025-12-15T03:33:44",
  "reference_file": "KernelBench/level2/35_Conv2d_Subtract_HardSwish_MaxPool_Mish.py",
  "candidate_file": "/home/hyc/LLMKernel/run/20251215_024803_batch_range31to55_openai_deepseek/35_Conv2d_Subtract_HardSwish_MaxPool_Mish/code/kernel_20251215_033338.py",
  "tolerance": 0.001,
  "max_abs_err": 9.709224104881287e-05,
  "mean_abs_err": 1.3103205674269702e-05,
  "ref_latency_ms": {
    "avg": 15.172358322143555,
    "min": 15.164223670959473,
    "max": 15.187968254089355,
    "all": [
      15.187968254089355,
      15.169535636901855,
      15.171551704406738,
      15.164223670959473,
      15.168512344360352
    ]
  },
  "test_latency_ms": {
    "avg": 119.19059143066406,
    "min": 119.15599822998047,
    "max": 119.27040100097656,
    "all": [
      119.27040100097656,
      119.15599822998047,
      119.18057250976562,
      119.1720962524414,
      119.17388916015625
    ]
  },
  "num_runs": 5,
  "model_init_args": [
    64,
    128,
    3,
    0.5,
    2
  ],
  "model_init_kwargs": {},
  "seed": 100,
  "align_stats": {
    "pair_aligner": 1,
    "copied_same_shape": 1,
    "mapped_shape": 0,
    "skipped": 0,
    "pair_key": "Model->ModelNew"
  },
  "runnable": true,
  "phase": "seed",
  "score": 0.1272949327629578
}