{
  "timestamp": "2025-12-23T08:17:38",
  "reference_file": "KernelBench/level2/35_Conv2d_Subtract_HardSwish_MaxPool_Mish.py",
  "candidate_file": "/home/hyc/LLMKernel/run/20251223_081422_35_Conv2d_Subtract_HardSwish_MaxPool_Mish_openai_deepseek/35_Conv2d_Subtract_HardSwish_MaxPool_Mish/code/kernel_20251223_081732.py",
  "tolerance": 1,
  "max_abs_err": 9.715184569358826e-05,
  "mean_abs_err": 1.3103034689265769e-05,
  "ref_latency_ms": {
    "avg": 15.898803520202637,
    "min": 15.821824073791504,
    "max": 16.1843204498291,
    "all": [
      15.833056449890137,
      15.823776245117188,
      16.1843204498291,
      15.831040382385254,
      15.821824073791504
    ]
  },
  "test_latency_ms": {
    "avg": 56.66522903442383,
    "min": 56.49715042114258,
    "max": 56.81635284423828,
    "all": [
      56.49715042114258,
      56.5852165222168,
      56.678367614746094,
      56.74905776977539,
      56.81635284423828
    ]
  },
  "num_runs": 5,
  "model_init_args": [
    64,
    128,
    3,
    0.5,
    2
  ],
  "model_init_kwargs": {},
  "seed": 100,
  "align_stats": {
    "pair_aligner": 1,
    "copied_same_shape": 1,
    "mapped_shape": 0,
    "skipped": 0,
    "pair_key": "Model->ModelNew"
  },
  "runnable": true,
  "phase": "seed_1",
  "score": 0.2805742391077992
}