{
  "timestamp": "2025-12-15T04:05:50",
  "reference_file": "KernelBench/level2/35_Conv2d_Subtract_HardSwish_MaxPool_Mish.py",
  "candidate_file": "/home/hyc/LLMKernel/run/20251215_024803_batch_range31to55_openai_deepseek/35_Conv2d_Subtract_HardSwish_MaxPool_Mish/code/kernel_20251215_034402.py",
  "tolerance": 0.001,
  "max_abs_err": 9.709224104881287e-05,
  "mean_abs_err": 1.3103205674269702e-05,
  "ref_latency_ms": {
    "avg": 15.164275169372559,
    "min": 15.152447700500488,
    "max": 15.184896469116211,
    "all": [
      15.184896469116211,
      15.159296035766602,
      15.152447700500488,
      15.16543960571289,
      15.159296035766602
    ]
  },
  "test_latency_ms": {
    "avg": 45.10211868286133,
    "min": 45.08262252807617,
    "max": 45.116416931152344,
    "all": [
      45.116416931152344,
      45.10927963256836,
      45.111297607421875,
      45.09097671508789,
      45.08262252807617
    ]
  },
  "num_runs": 5,
  "model_init_args": [
    64,
    128,
    3,
    0.5,
    2
  ],
  "model_init_kwargs": {},
  "seed": 100,
  "align_stats": {
    "pair_aligner": 1,
    "copied_same_shape": 1,
    "mapped_shape": 0,
    "skipped": 0,
    "pair_key": "Model->ModelNew"
  },
  "runnable": true,
  "phase": "stage2_repair",
  "pytorch_baseline_ms": 15.172358322143555,
  "score": 0.3364001241012433
}