{
  "timestamp": "2025-12-15T04:08:07",
  "reference_file": "KernelBench/level2/35_Conv2d_Subtract_HardSwish_MaxPool_Mish.py",
  "candidate_file": "/home/hyc/LLMKernel/run/20251215_024803_batch_range31to55_openai_deepseek/35_Conv2d_Subtract_HardSwish_MaxPool_Mish/code/kernel_20251215_040750.py",
  "tolerance": 0.001,
  "max_abs_err": 9.715184569358826e-05,
  "mean_abs_err": 1.3103179298923351e-05,
  "ref_latency_ms": {
    "avg": 15.178322982788085,
    "min": 15.169535636901855,
    "max": 15.193087577819824,
    "all": [
      15.182559967041016,
      15.169535636901855,
      15.169535636901855,
      15.176896095275879,
      15.193087577819824
    ]
  },
  "test_latency_ms": {
    "avg": 58.710610961914064,
    "min": 58.49599838256836,
    "max": 58.998783111572266,
    "all": [
      58.70275115966797,
      58.49599838256836,
      58.700801849365234,
      58.998783111572266,
      58.654720306396484
    ]
  },
  "num_runs": 5,
  "model_init_args": [
    64,
    128,
    3,
    0.5,
    2
  ],
  "model_init_kwargs": {},
  "seed": 100,
  "align_stats": {
    "pair_aligner": 1,
    "copied_same_shape": 1,
    "mapped_shape": 0,
    "skipped": 0,
    "pair_key": "Model->ModelNew"
  },
  "runnable": true,
  "phase": "stage3_memory_access",
  "pytorch_baseline_ms": 15.172358322143555,
  "score": 0.25842616987900124
}