{
  "timestamp": "2025-12-23T08:21:01",
  "reference_file": "KernelBench/level2/35_Conv2d_Subtract_HardSwish_MaxPool_Mish.py",
  "candidate_file": "/home/hyc/LLMKernel/run/20251223_081422_35_Conv2d_Subtract_HardSwish_MaxPool_Mish_openai_deepseek/35_Conv2d_Subtract_HardSwish_MaxPool_Mish/code/kernel_20251223_082052.py",
  "tolerance": 1,
  "max_abs_err": 0.00034843385219573975,
  "mean_abs_err": 3.2928997825365514e-05,
  "ref_latency_ms": {
    "avg": 15.38814697265625,
    "min": 15.375359535217285,
    "max": 15.409952163696289,
    "all": [
      15.409952163696289,
      15.383551597595215,
      15.375359535217285,
      15.380127906799316,
      15.391743659973145
    ]
  },
  "test_latency_ms": {
    "avg": 7.454790306091309,
    "min": 7.442399978637695,
    "max": 7.470751762390137,
    "all": [
      7.456575870513916,
      7.470751762390137,
      7.451551914215088,
      7.452672004699707,
      7.442399978637695
    ]
  },
  "num_runs": 5,
  "model_init_args": [
    64,
    128,
    3,
    0.5,
    2
  ],
  "model_init_kwargs": {},
  "seed": 100,
  "align_stats": {
    "pair_aligner": 1,
    "copied_same_shape": 1,
    "mapped_shape": 0,
    "skipped": 0,
    "pair_key": "Model->ModelNew"
  },
  "runnable": true,
  "phase": "stage1_grid_and_parallel",
  "pytorch_baseline_ms": 15.898803520202637,
  "score": 2.1326962754689056
}