{
  "timestamp": "2025-12-23T08:23:09",
  "reference_file": "KernelBench/level2/35_Conv2d_Subtract_HardSwish_MaxPool_Mish.py",
  "candidate_file": "/home/hyc/LLMKernel/run/20251223_081422_35_Conv2d_Subtract_HardSwish_MaxPool_Mish_openai_deepseek/35_Conv2d_Subtract_HardSwish_MaxPool_Mish/code/kernel_20251223_082300.py",
  "tolerance": 1,
  "max_abs_err": 0.00034844130277633667,
  "mean_abs_err": 3.2928983273450285e-05,
  "ref_latency_ms": {
    "avg": 15.378783798217773,
    "min": 15.370207786560059,
    "max": 15.389887809753418,
    "all": [
      15.389887809753418,
      15.373151779174805,
      15.377408027648926,
      15.370207786560059,
      15.38326358795166
    ]
  },
  "test_latency_ms": {
    "avg": 7.6691583633422855,
    "min": 7.601503849029541,
    "max": 7.746431827545166,
    "all": [
      7.746431827545166,
      7.745376110076904,
      7.6472320556640625,
      7.601503849029541,
      7.605247974395752
    ]
  },
  "num_runs": 5,
  "model_init_args": [
    64,
    128,
    3,
    0.5,
    2
  ],
  "model_init_kwargs": {},
  "seed": 100,
  "align_stats": {
    "pair_aligner": 1,
    "copied_same_shape": 1,
    "mapped_shape": 0,
    "skipped": 0,
    "pair_key": "Model->ModelNew"
  },
  "runnable": true,
  "phase": "stage3_memory_and_tuning",
  "pytorch_baseline_ms": 15.898803520202637,
  "score": 2.073083220734772
}