{
  "timestamp": "2025-12-15T04:30:56",
  "reference_file": "KernelBench/level2/35_Conv2d_Subtract_HardSwish_MaxPool_Mish.py",
  "candidate_file": "/home/hyc/LLMKernel/run/20251215_024803_batch_range31to55_openai_deepseek/35_Conv2d_Subtract_HardSwish_MaxPool_Mish/code/kernel_20251215_040926.py",
  "tolerance": 0.001,
  "max_abs_err": 9.709224104881287e-05,
  "mean_abs_err": 1.3103205674269702e-05,
  "ref_latency_ms": {
    "avg": 15.1642240524292,
    "min": 15.155200004577637,
    "max": 15.178751945495605,
    "all": [
      15.178751945495605,
      15.159296035766602,
      15.167327880859375,
      15.160544395446777,
      15.155200004577637
    ]
  },
  "test_latency_ms": {
    "avg": 44.13706283569336,
    "min": 44.02483367919922,
    "max": 44.2163200378418,
    "all": [
      44.02483367919922,
      44.0371208190918,
      44.195838928222656,
      44.2163200378418,
      44.21120071411133
    ]
  },
  "num_runs": 5,
  "model_init_args": [
    64,
    128,
    3,
    0.5,
    2
  ],
  "model_init_kwargs": {},
  "seed": 100,
  "align_stats": {
    "pair_aligner": 1,
    "copied_same_shape": 1,
    "mapped_shape": 0,
    "skipped": 0,
    "pair_key": "Model->ModelNew"
  },
  "runnable": true,
  "phase": "stage4_advanced_memory",
  "pytorch_baseline_ms": 15.172358322143555,
  "score": 0.3437555049511307
}