{
  "timestamp": "2025-12-23T08:16:21",
  "reference_file": "KernelBench/level2/35_Conv2d_Subtract_HardSwish_MaxPool_Mish.py",
  "candidate_file": "/home/hyc/LLMKernel/run/20251223_081422_35_Conv2d_Subtract_HardSwish_MaxPool_Mish_openai_deepseek/35_Conv2d_Subtract_HardSwish_MaxPool_Mish/code/kernel_20251223_081615.py",
  "tolerance": 1,
  "max_abs_err": 9.715184569358826e-05,
  "mean_abs_err": 1.31031019918737e-05,
  "ref_latency_ms": {
    "avg": 15.824441719055176,
    "min": 15.81875228881836,
    "max": 15.827967643737793,
    "all": [
      15.827967643737793,
      15.81875228881836,
      15.822848320007324,
      15.826623916625977,
      15.826016426086426
    ]
  },
  "test_latency_ms": {
    "avg": 61.850861358642575,
    "min": 61.667327880859375,
    "max": 61.95695877075195,
    "all": [
      61.667327880859375,
      61.81955337524414,
      61.896705627441406,
      61.913761138916016,
      61.95695877075195
    ]
  },
  "num_runs": 5,
  "model_init_args": [
    64,
    128,
    3,
    0.5,
    2
  ],
  "model_init_kwargs": {},
  "seed": 100,
  "align_stats": {
    "pair_aligner": 1,
    "copied_same_shape": 1,
    "mapped_shape": 0,
    "skipped": 0,
    "pair_key": "Model->ModelNew"
  },
  "runnable": true,
  "phase": "seed_0_repair_1",
  "score": 0.25584836446006887
}