{
  "timestamp": "2025-12-23T08:19:56",
  "reference_file": "KernelBench/level2/35_Conv2d_Subtract_HardSwish_MaxPool_Mish.py",
  "candidate_file": "/home/hyc/LLMKernel/run/20251223_081422_35_Conv2d_Subtract_HardSwish_MaxPool_Mish_openai_deepseek/35_Conv2d_Subtract_HardSwish_MaxPool_Mish/code/kernel_20251223_081950.py",
  "tolerance": 1,
  "max_abs_err": 0.00034844130277633667,
  "mean_abs_err": 3.2928983273450285e-05,
  "ref_latency_ms": {
    "avg": 15.82927360534668,
    "min": 15.820544242858887,
    "max": 15.840255737304688,
    "all": [
      15.840255737304688,
      15.83078384399414,
      15.829888343811035,
      15.820544242858887,
      15.824895858764648
    ]
  },
  "test_latency_ms": {
    "avg": 18.55525779724121,
    "min": 18.504703521728516,
    "max": 18.581344604492188,
    "all": [
      18.504703521728516,
      18.533376693725586,
      18.576383590698242,
      18.580480575561523,
      18.581344604492188
    ]
  },
  "num_runs": 5,
  "model_init_args": [
    64,
    128,
    3,
    0.5,
    2
  ],
  "model_init_kwargs": {},
  "seed": 100,
  "align_stats": {
    "pair_aligner": 1,
    "copied_same_shape": 1,
    "mapped_shape": 0,
    "skipped": 0,
    "pair_key": "Model->ModelNew"
  },
  "runnable": true,
  "phase": "algorithm_optimized_seed1",
  "pytorch_baseline_ms": 15.898803520202637,
  "score": 0.8568354961129382
}