{
  "timestamp": "2025-12-23T08:18:54",
  "reference_file": "KernelBench/level2/35_Conv2d_Subtract_HardSwish_MaxPool_Mish.py",
  "candidate_file": "/home/hyc/LLMKernel/run/20251223_081422_35_Conv2d_Subtract_HardSwish_MaxPool_Mish_openai_deepseek/35_Conv2d_Subtract_HardSwish_MaxPool_Mish/code/kernel_20251223_081849.py",
  "tolerance": 1,
  "max_abs_err": 0.00034843385219573975,
  "mean_abs_err": 3.2928997825365514e-05,
  "ref_latency_ms": {
    "avg": 15.83996810913086,
    "min": 15.81158447265625,
    "max": 15.915807723999023,
    "all": [
      15.83187198638916,
      15.826944351196289,
      15.81158447265625,
      15.813632011413574,
      15.915807723999023
    ]
  },
  "test_latency_ms": {
    "avg": 7.687737560272216,
    "min": 7.536640167236328,
    "max": 7.742464065551758,
    "all": [
      7.742464065551758,
      7.722047805786133,
      7.715839862823486,
      7.721695899963379,
      7.536640167236328
    ]
  },
  "num_runs": 5,
  "model_init_args": [
    64,
    128,
    3,
    0.5,
    2
  ],
  "model_init_kwargs": {},
  "seed": 100,
  "align_stats": {
    "pair_aligner": 1,
    "copied_same_shape": 1,
    "mapped_shape": 0,
    "skipped": 0,
    "pair_key": "Model->ModelNew"
  },
  "runnable": true,
  "phase": "algorithm_optimized_seed0",
  "pytorch_baseline_ms": 15.898803520202637,
  "score": 2.068073135373741
}