{
  "timestamp": "2025-12-15T03:42:50",
  "reference_file": "KernelBench/level2/35_Conv2d_Subtract_HardSwish_MaxPool_Mish.py",
  "candidate_file": "/home/hyc/LLMKernel/run/20251215_024803_batch_range31to55_openai_deepseek/35_Conv2d_Subtract_HardSwish_MaxPool_Mish/code/kernel_20251215_033522.py",
  "tolerance": 0.001,
  "max_abs_err": 9.709224104881287e-05,
  "mean_abs_err": 1.3103205674269702e-05,
  "ref_latency_ms": {
    "avg": 15.402246475219727,
    "min": 15.39583969116211,
    "max": 15.417344093322754,
    "all": [
      15.417344093322754,
      15.40329647064209,
      15.39583969116211,
      15.39583969116211,
      15.39891242980957
    ]
  },
  "test_latency_ms": {
    "avg": 48.137088012695315,
    "min": 48.09190368652344,
    "max": 48.293888092041016,
    "all": [
      48.098079681396484,
      48.10240173339844,
      48.09190368652344,
      48.09916687011719,
      48.293888092041016
    ]
  },
  "num_runs": 5,
  "model_init_args": [
    64,
    128,
    3,
    0.5,
    2
  ],
  "model_init_kwargs": {},
  "seed": 100,
  "align_stats": {
    "pair_aligner": 1,
    "copied_same_shape": 1,
    "mapped_shape": 0,
    "skipped": 0,
    "pair_key": "Model->ModelNew"
  },
  "runnable": true,
  "phase": "stage1_repair",
  "pytorch_baseline_ms": 15.172358322143555,
  "score": 0.31519061390132513
}