{
  "timestamp": "2025-12-15T02:57:14",
  "reference_file": "KernelBench/level2/90_Conv3d_LeakyReLU_Sum_Clamp_GELU.py",
  "candidate_file": "/home/hyc/LLMKernel/run/20251215_024929_batch_range89to100_openai_deepseek/90_Conv3d_LeakyReLU_Sum_Clamp_GELU/code/kernel_20251215_025651.py",
  "tolerance": 0.001,
  "max_abs_err": 0.0005955100059509277,
  "mean_abs_err": 1.3355815099203028e-05,
  "ref_latency_ms": {
    "avg": 27.801651000976562,
    "min": 27.79372787475586,
    "max": 27.809791564941406,
    "all": [
      27.79849624633789,
      27.809791564941406,
      27.79372787475586,
      27.801599502563477,
      27.80463981628418
    ]
  },
  "test_latency_ms": {
    "avg": 18.187853240966795,
    "min": 18.127872467041016,
    "max": 18.207616806030273,
    "all": [
      18.127872467041016,
      18.20262336730957,
      18.200576782226562,
      18.200576782226562,
      18.207616806030273
    ]
  },
  "num_runs": 5,
  "model_init_args": [
    8,
    64,
    3,
    [
      64,
      1,
      1,
      1
    ]
  ],
  "model_init_kwargs": {},
  "seed": 100,
  "align_stats": {
    "pair_aligner": 1,
    "copied_same_shape": 1,
    "mapped_shape": 0,
    "skipped": 0,
    "pair_key": "Model->ModelNew"
  },
  "runnable": true,
  "phase": "stage3_memory_access",
  "pytorch_baseline_ms": 27.795852661132812,
  "score": 1.5282646221558853
}