{
  "timestamp": "2025-12-15T02:51:54",
  "reference_file": "KernelBench/level2/90_Conv3d_LeakyReLU_Sum_Clamp_GELU.py",
  "candidate_file": "/home/hyc/LLMKernel/run/20251215_024929_batch_range89to100_openai_deepseek/90_Conv3d_LeakyReLU_Sum_Clamp_GELU/code/kernel_20251215_025144.py",
  "tolerance": 0.001,
  "max_abs_err": 0.00028249621391296387,
  "mean_abs_err": 7.950780855026096e-06,
  "ref_latency_ms": {
    "avg": 27.795852661132812,
    "min": 27.776960372924805,
    "max": 27.815935134887695,
    "all": [
      27.802623748779297,
      27.788288116455078,
      27.776960372924805,
      27.795455932617188,
      27.815935134887695
    ]
  },
  "test_latency_ms": {
    "avg": 594.012158203125,
    "min": 590.9944458007812,
    "max": 598.43994140625,
    "all": [
      591.0272216796875,
      598.43994140625,
      590.9944458007812,
      595.5030517578125,
      594.0961303710938
    ]
  },
  "num_runs": 5,
  "model_init_args": [
    8,
    64,
    3,
    [
      64,
      1,
      1,
      1
    ]
  ],
  "model_init_kwargs": {},
  "seed": 100,
  "align_stats": {
    "pair_aligner": 1,
    "copied_same_shape": 1,
    "mapped_shape": 0,
    "skipped": 0,
    "pair_key": "Model->ModelNew"
  },
  "runnable": true,
  "phase": "seed_repair",
  "score": 0.04679340696529633
}