{
  "timestamp": "2025-12-15T02:55:54",
  "reference_file": "KernelBench/level2/90_Conv3d_LeakyReLU_Sum_Clamp_GELU.py",
  "candidate_file": "/home/hyc/LLMKernel/run/20251215_024929_batch_range89to100_openai_deepseek/90_Conv3d_LeakyReLU_Sum_Clamp_GELU/code/kernel_20251215_025533.py",
  "tolerance": 0.001,
  "max_abs_err": 0.0005955100059509277,
  "mean_abs_err": 1.3355815099203028e-05,
  "ref_latency_ms": {
    "avg": 27.796031951904297,
    "min": 27.78112030029297,
    "max": 27.803647994995117,
    "all": [
      27.8023681640625,
      27.78112030029297,
      27.794431686401367,
      27.803647994995117,
      27.79859161376953
    ]
  },
  "test_latency_ms": {
    "avg": 16.13674850463867,
    "min": 16.133119583129883,
    "max": 16.141311645507812,
    "all": [
      16.137983322143555,
      16.138208389282227,
      16.133119583129883,
      16.133119583129883,
      16.141311645507812
    ]
  },
  "num_runs": 5,
  "model_init_args": [
    8,
    64,
    3,
    [
      64,
      1,
      1,
      1
    ]
  ],
  "model_init_kwargs": {},
  "seed": 100,
  "align_stats": {
    "pair_aligner": 1,
    "copied_same_shape": 1,
    "mapped_shape": 0,
    "skipped": 0,
    "pair_key": "Model->ModelNew"
  },
  "runnable": true,
  "phase": "stage2_block_tiling",
  "pytorch_baseline_ms": 27.795852661132812,
  "score": 1.7225187994435567
}