{
  "timestamp": "2025-12-15T02:54:09",
  "reference_file": "KernelBench/level2/90_Conv3d_LeakyReLU_Sum_Clamp_GELU.py",
  "candidate_file": "/home/hyc/LLMKernel/run/20251215_024929_batch_range89to100_openai_deepseek/90_Conv3d_LeakyReLU_Sum_Clamp_GELU/code/kernel_20251215_025400.py",
  "tolerance": 0.001,
  "max_abs_err": 0.0005955100059509277,
  "mean_abs_err": 1.3355815099203028e-05,
  "ref_latency_ms": {
    "avg": 27.795187377929686,
    "min": 27.78112030029297,
    "max": 27.813087463378906,
    "all": [
      27.813087463378906,
      27.78112030029297,
      27.788991928100586,
      27.797504425048828,
      27.79523277282715
    ]
  },
  "test_latency_ms": {
    "avg": 24.14115791320801,
    "min": 24.13747215270996,
    "max": 24.144895553588867,
    "all": [
      24.13747215270996,
      24.137727737426758,
      24.144895553588867,
      24.142847061157227,
      24.142847061157227
    ]
  },
  "num_runs": 5,
  "model_init_args": [
    8,
    64,
    3,
    [
      64,
      1,
      1,
      1
    ]
  ],
  "model_init_kwargs": {},
  "seed": 100,
  "align_stats": {
    "pair_aligner": 1,
    "copied_same_shape": 1,
    "mapped_shape": 0,
    "skipped": 0,
    "pair_key": "Model->ModelNew"
  },
  "runnable": true,
  "phase": "stage1_grid_and_parallel",
  "pytorch_baseline_ms": 27.795852661132812,
  "score": 1.1513885440401872
}