{
  "timestamp": "2025-12-15T02:58:49",
  "reference_file": "KernelBench/level2/90_Conv3d_LeakyReLU_Sum_Clamp_GELU.py",
  "candidate_file": "/home/hyc/LLMKernel/run/20251215_024929_batch_range89to100_openai_deepseek/90_Conv3d_LeakyReLU_Sum_Clamp_GELU/code/kernel_20251215_025832.py",
  "tolerance": 0.001,
  "max_abs_err": 0.0005955100059509277,
  "mean_abs_err": 1.3355815099203028e-05,
  "ref_latency_ms": {
    "avg": 27.783795166015626,
    "min": 27.77190399169922,
    "max": 27.796640396118164,
    "all": [
      27.796640396118164,
      27.7739200592041,
      27.785215377807617,
      27.791296005249023,
      27.77190399169922
    ]
  },
  "test_latency_ms": {
    "avg": 17.9027458190918,
    "min": 17.860544204711914,
    "max": 17.91983985900879,
    "all": [
      17.860544204711914,
      17.905664443969727,
      17.91689682006836,
      17.91983985900879,
      17.910783767700195
    ]
  },
  "num_runs": 5,
  "model_init_args": [
    8,
    64,
    3,
    [
      64,
      1,
      1,
      1
    ]
  ],
  "model_init_kwargs": {},
  "seed": 100,
  "align_stats": {
    "pair_aligner": 1,
    "copied_same_shape": 1,
    "mapped_shape": 0,
    "skipped": 0,
    "pair_key": "Model->ModelNew"
  },
  "runnable": true,
  "phase": "stage4_advanced_memory",
  "pytorch_baseline_ms": 27.795852661132812,
  "score": 1.552602765073659
}