{
  "timestamp": "2025-12-15T05:00:28",
  "reference_file": "KernelBench/level2/39_Gemm_Scale_BatchNorm.py",
  "candidate_file": "/home/hyc/LLMKernel/run/20251215_024803_batch_range31to55_openai_deepseek/39_Gemm_Scale_BatchNorm/code/kernel_20251215_050022.py",
  "tolerance": 0.001,
  "max_abs_err": 0.008631706237792969,
  "mean_abs_err": 0.00014908122830092907,
  "ref_latency_ms": {
    "avg": 14.22085781097412,
    "min": 13.795104026794434,
    "max": 14.39129638671875,
    "all": [
      14.144512176513672,
      13.795104026794434,
      14.39027214050293,
      14.38310432434082,
      14.39129638671875
    ]
  },
  "test_latency_ms": {
    "avg": 11.409529685974121,
    "min": 11.380736351013184,
    "max": 11.445152282714844,
    "all": [
      11.395999908447266,
      11.380736351013184,
      11.396096229553223,
      11.42966365814209,
      11.445152282714844
    ]
  },
  "num_runs": 5,
  "model_init_args": [
    4096,
    4096,
    [
      4096
    ]
  ],
  "model_init_kwargs": {},
  "seed": 100,
  "align_stats": {
    "copied_same_shape": 8,
    "unique_shape_copied": 0,
    "mapped_shape": 0,
    "skipped": 0,
    "pair_aligner": 0,
    "pair_key": "Model->ModelNew"
  },
  "runnable": true,
  "phase": "stage2_block_tiling",
  "pytorch_baseline_ms": 14.112601470947265,
  "score": 1.2369135152254405
}