{
  "timestamp": "2025-12-15T04:58:05",
  "reference_file": "KernelBench/level2/39_Gemm_Scale_BatchNorm.py",
  "candidate_file": "/home/hyc/LLMKernel/run/20251215_024803_batch_range31to55_openai_deepseek/39_Gemm_Scale_BatchNorm/code/kernel_20251215_045759.py",
  "tolerance": 0.001,
  "max_abs_err": 0.008631706237792969,
  "mean_abs_err": 0.00014908122830092907,
  "ref_latency_ms": {
    "avg": 14.112601470947265,
    "min": 14.051520347595215,
    "max": 14.179327964782715,
    "all": [
      14.0830717086792,
      14.051520347595215,
      14.0830717086792,
      14.179327964782715,
      14.166015625
    ]
  },
  "test_latency_ms": {
    "avg": 12.104415893554688,
    "min": 12.095487594604492,
    "max": 12.120896339416504,
    "all": [
      12.120896339416504,
      12.105728149414062,
      12.095487594604492,
      12.096511840820312,
      12.103455543518066
    ]
  },
  "num_runs": 5,
  "model_init_args": [
    4096,
    4096,
    [
      4096
    ]
  ],
  "model_init_kwargs": {},
  "seed": 100,
  "align_stats": {
    "copied_same_shape": 8,
    "unique_shape_copied": 0,
    "mapped_shape": 0,
    "skipped": 0,
    "pair_aligner": 0,
    "pair_key": "Model->ModelNew"
  },
  "runnable": true,
  "phase": "seed",
  "score": 1.1659052031136743
}