{
  "timestamp": "2025-12-15T05:05:31",
  "reference_file": "KernelBench/level2/39_Gemm_Scale_BatchNorm.py",
  "candidate_file": "/home/hyc/LLMKernel/run/20251215_024803_batch_range31to55_openai_deepseek/39_Gemm_Scale_BatchNorm/code/kernel_20251215_050524.py",
  "tolerance": 0.001,
  "max_abs_err": 0.008631706237792969,
  "mean_abs_err": 0.00014908122830092907,
  "ref_latency_ms": {
    "avg": 14.448236846923828,
    "min": 14.18563175201416,
    "max": 14.548928260803223,
    "all": [
      14.49465560913086,
      14.501888275146484,
      14.510080337524414,
      14.548928260803223,
      14.18563175201416
    ]
  },
  "test_latency_ms": {
    "avg": 9.019231986999511,
    "min": 8.942848205566406,
    "max": 9.28662395477295,
    "all": [
      9.28662395477295,
      8.966143608093262,
      8.946687698364258,
      8.953856468200684,
      8.942848205566406
    ]
  },
  "num_runs": 5,
  "model_init_args": [
    4096,
    4096,
    [
      4096
    ]
  ],
  "model_init_kwargs": {},
  "seed": 100,
  "align_stats": {
    "copied_same_shape": 8,
    "unique_shape_copied": 0,
    "mapped_shape": 0,
    "skipped": 0,
    "pair_aligner": 0,
    "pair_key": "Model->ModelNew"
  },
  "runnable": true,
  "phase": "stage4_advanced_memory",
  "pytorch_baseline_ms": 14.112601470947265,
  "score": 1.5647231927606953
}