{
  "timestamp": "2025-12-15T04:59:14",
  "reference_file": "KernelBench/level2/39_Gemm_Scale_BatchNorm.py",
  "candidate_file": "/home/hyc/LLMKernel/run/20251215_024803_batch_range31to55_openai_deepseek/39_Gemm_Scale_BatchNorm/code/kernel_20251215_045907.py",
  "tolerance": 0.001,
  "max_abs_err": 0.008631706237792969,
  "mean_abs_err": 0.00014908122830092907,
  "ref_latency_ms": {
    "avg": 14.24113941192627,
    "min": 13.915136337280273,
    "max": 14.53439998626709,
    "all": [
      14.509056091308594,
      14.53439998626709,
      13.915136337280273,
      14.126144409179688,
      14.120960235595703
    ]
  },
  "test_latency_ms": {
    "avg": 10.658758354187011,
    "min": 10.648384094238281,
    "max": 10.666015625,
    "all": [
      10.660863876342773,
      10.659775733947754,
      10.666015625,
      10.648384094238281,
      10.65875244140625
    ]
  },
  "num_runs": 5,
  "model_init_args": [
    4096,
    4096,
    [
      4096
    ]
  ],
  "model_init_kwargs": {},
  "seed": 100,
  "align_stats": {
    "copied_same_shape": 8,
    "unique_shape_copied": 0,
    "mapped_shape": 0,
    "skipped": 0,
    "pair_aligner": 0,
    "pair_key": "Model->ModelNew"
  },
  "runnable": true,
  "phase": "stage1_grid_and_parallel",
  "pytorch_baseline_ms": 14.112601470947265,
  "score": 1.324038035387443
}