{
  "timestamp": "2025-12-15T03:37:36",
  "reference_file": "KernelBench/level2/91_ConvTranspose2d_Softmax_BiasAdd_Scaling_Sigmoid.py",
  "candidate_file": "/home/hyc/LLMKernel/run/20251215_024929_batch_range89to100_openai_deepseek/91_ConvTranspose2d_Softmax_BiasAdd_Scaling_Sigmoid/code/kernel_20251215_033732.py",
  "tolerance": 0.001,
  "max_abs_err": 5.960464477539063e-08,
  "mean_abs_err": 5.139727310421449e-09,
  "ref_latency_ms": {
    "avg": 23.662355041503908,
    "min": 23.619583129882812,
    "max": 23.70457649230957,
    "all": [
      23.70457649230957,
      23.672672271728516,
      23.647232055664062,
      23.66771125793457,
      23.619583129882812
    ]
  },
  "test_latency_ms": {
    "avg": 14.851859092712402,
    "min": 14.834527969360352,
    "max": 14.873600006103516,
    "all": [
      14.853119850158691,
      14.850048065185547,
      14.834527969360352,
      14.873600006103516,
      14.847999572753906
    ]
  },
  "num_runs": 5,
  "model_init_args": [
    64,
    128,
    4,
    2,
    1,
    1,
    [
      128,
      1,
      1
    ],
    2.0
  ],
  "model_init_kwargs": {},
  "seed": 100,
  "align_stats": {
    "pair_aligner": 1,
    "copied_same_shape": 1,
    "mapped_shape": 0,
    "skipped": 0,
    "pair_key": "Model->ModelNew"
  },
  "runnable": true,
  "phase": "stage3_memory_access",
  "pytorch_baseline_ms": 23.170662689208985,
  "score": 1.560118672320188
}