{
  "timestamp": "2025-12-15T03:07:55",
  "reference_file": "KernelBench/level2/91_ConvTranspose2d_Softmax_BiasAdd_Scaling_Sigmoid.py",
  "candidate_file": "/home/hyc/LLMKernel/run/20251215_024929_batch_range89to100_openai_deepseek/91_ConvTranspose2d_Softmax_BiasAdd_Scaling_Sigmoid/code/kernel_20251215_030751.py",
  "tolerance": 0.001,
  "max_abs_err": 5.960464477539063e-08,
  "mean_abs_err": 5.107847478313943e-09,
  "ref_latency_ms": {
    "avg": 23.390374755859376,
    "min": 23.148256301879883,
    "max": 23.731103897094727,
    "all": [
      23.731103897094727,
      23.69024085998535,
      23.220191955566406,
      23.162080764770508,
      23.148256301879883
    ]
  },
  "test_latency_ms": {
    "avg": 15.524403190612793,
    "min": 15.516672134399414,
    "max": 15.528703689575195,
    "all": [
      15.528703689575195,
      15.526911735534668,
      15.525888442993164,
      15.523839950561523,
      15.516672134399414
    ]
  },
  "num_runs": 5,
  "model_init_args": [
    64,
    128,
    4,
    2,
    1,
    1,
    [
      128,
      1,
      1
    ],
    2.0
  ],
  "model_init_kwargs": {},
  "seed": 100,
  "align_stats": {
    "pair_aligner": 1,
    "copied_same_shape": 1,
    "mapped_shape": 0,
    "skipped": 0,
    "pair_key": "Model->ModelNew"
  },
  "runnable": true,
  "phase": "stage1_grid_and_parallel",
  "pytorch_baseline_ms": 23.170662689208985,
  "score": 1.4925316229366994
}