{
  "timestamp": "2025-12-15T03:49:33",
  "reference_file": "KernelBench/level2/91_ConvTranspose2d_Softmax_BiasAdd_Scaling_Sigmoid.py",
  "candidate_file": "/home/hyc/LLMKernel/run/20251215_024929_batch_range89to100_openai_deepseek/91_ConvTranspose2d_Softmax_BiasAdd_Scaling_Sigmoid/code/kernel_20251215_034928.py",
  "tolerance": 0.001,
  "max_abs_err": 5.960464477539063e-08,
  "mean_abs_err": 5.110399659002951e-09,
  "ref_latency_ms": {
    "avg": 23.1714111328125,
    "min": 23.156511306762695,
    "max": 23.19843292236328,
    "all": [
      23.156511306762695,
      23.164831161499023,
      23.19843292236328,
      23.161855697631836,
      23.175424575805664
    ]
  },
  "test_latency_ms": {
    "avg": 14.7771390914917,
    "min": 14.765055656433105,
    "max": 14.80294418334961,
    "all": [
      14.77734375,
      14.765055656433105,
      14.76915168762207,
      14.80294418334961,
      14.771200180053711
    ]
  },
  "num_runs": 5,
  "model_init_args": [
    64,
    128,
    4,
    2,
    1,
    1,
    [
      128,
      1,
      1
    ],
    2.0
  ],
  "model_init_kwargs": {},
  "seed": 100,
  "align_stats": {
    "pair_aligner": 1,
    "copied_same_shape": 1,
    "mapped_shape": 0,
    "skipped": 0,
    "pair_key": "Model->ModelNew"
  },
  "runnable": true,
  "phase": "stage4_repair",
  "pytorch_baseline_ms": 23.170662689208985,
  "score": 1.5680073487668573
}