{
  "timestamp": "2025-12-15T02:59:35",
  "reference_file": "KernelBench/level2/91_ConvTranspose2d_Softmax_BiasAdd_Scaling_Sigmoid.py",
  "candidate_file": "/home/hyc/LLMKernel/run/20251215_024929_batch_range89to100_openai_deepseek/91_ConvTranspose2d_Softmax_BiasAdd_Scaling_Sigmoid/code/kernel_20251215_025931.py",
  "tolerance": 0.001,
  "max_abs_err": 5.960464477539063e-08,
  "mean_abs_err": 5.108350631388703e-09,
  "ref_latency_ms": {
    "avg": 23.170662689208985,
    "min": 23.13523292541504,
    "max": 23.189504623413086,
    "all": [
      23.13523292541504,
      23.161855697631836,
      23.179264068603516,
      23.187456130981445,
      23.189504623413086
    ]
  },
  "test_latency_ms": {
    "avg": 21.537382125854492,
    "min": 21.529600143432617,
    "max": 21.543935775756836,
    "all": [
      21.543935775756836,
      21.534719467163086,
      21.536767959594727,
      21.541887283325195,
      21.529600143432617
    ]
  },
  "num_runs": 5,
  "model_init_args": [
    64,
    128,
    4,
    2,
    1,
    1,
    [
      128,
      1,
      1
    ],
    2.0
  ],
  "model_init_kwargs": {},
  "seed": 100,
  "align_stats": {
    "pair_aligner": 1,
    "copied_same_shape": 1,
    "mapped_shape": 0,
    "skipped": 0,
    "pair_key": "Model->ModelNew"
  },
  "runnable": true,
  "phase": "seed",
  "score": 1.075834683798168
}