{
  "timestamp": "2025-12-12T11:39:44",
  "reference_file": "KernelBench/level1/35_GroupNorm_.py",
  "candidate_file": "/home/hyc/LLMKernel/run/20251212_085222_batch_range20to30_deepseek_deepseek/35_GroupNorm_/code/kernel_20251212_113928.py",
  "tolerance": 0.001,
  "max_abs_err": 1.1205673217773438e-05,
  "mean_abs_err": 2.154391950170975e-06,
  "ref_latency_ms": {
    "avg": 31.420339584350586,
    "min": 31.41516876220703,
    "max": 31.431520462036133,
    "all": [
      31.431520462036133,
      31.417343139648438,
      31.41516876220703,
      31.418336868286133,
      31.419328689575195
    ]
  },
  "test_latency_ms": {
    "avg": 31.86915855407715,
    "min": 31.84332847595215,
    "max": 31.894527435302734,
    "all": [
      31.864831924438477,
      31.84332847595215,
      31.8721923828125,
      31.870912551879883,
      31.894527435302734
    ]
  },
  "num_runs": 5,
  "model_init_args": [
    64,
    8
  ],
  "model_init_kwargs": {},
  "seed": 100,
  "align_stats": {
    "copied_same_shape": 0,
    "unique_shape_copied": 0,
    "mapped_shape": 0,
    "skipped": 2,
    "pair_aligner": 0,
    "pair_key": "Model->ModelNew"
  },
  "runnable": true,
  "phase": "stage2_repair",
  "pytorch_baseline_ms": 31.427942276000977,
  "score": 0.9861553835088712
}