{
  "timestamp": "2025-12-12T11:16:10",
  "reference_file": "KernelBench/level1/35_GroupNorm_.py",
  "candidate_file": "/home/hyc/LLMKernel/run/20251212_085222_batch_range20to30_deepseek_deepseek/35_GroupNorm_/code/kernel_20251212_111555.py",
  "tolerance": 0.001,
  "max_abs_err": 4.76837158203125e-07,
  "mean_abs_err": 1.0134228034530679e-07,
  "ref_latency_ms": {
    "avg": 31.427942276000977,
    "min": 31.419391632080078,
    "max": 31.451904296875,
    "all": [
      31.451904296875,
      31.42246437072754,
      31.4204158782959,
      31.419391632080078,
      31.425535202026367
    ]
  },
  "test_latency_ms": {
    "avg": 32.37761917114258,
    "min": 32.330753326416016,
    "max": 32.40140914916992,
    "all": [
      32.38809585571289,
      32.40140914916992,
      32.376670837402344,
      32.39116668701172,
      32.330753326416016
    ]
  },
  "num_runs": 5,
  "model_init_args": [
    64,
    8
  ],
  "model_init_kwargs": {},
  "seed": 100,
  "align_stats": {
    "copied_same_shape": 0,
    "unique_shape_copied": 0,
    "mapped_shape": 0,
    "skipped": 2,
    "pair_aligner": 0,
    "pair_key": "Model->ModelNew"
  },
  "runnable": true,
  "phase": "seed",
  "score": 0.9706687236599526
}