{
  "timestamp": "2025-12-12T12:09:02",
  "reference_file": "KernelBench/level1/35_GroupNorm_.py",
  "candidate_file": "/home/hyc/LLMKernel/run/20251212_085222_batch_range20to30_deepseek_deepseek/35_GroupNorm_/code/kernel_20251212_120844.py",
  "tolerance": 0.001,
  "max_abs_err": 1.1205673217773438e-05,
  "mean_abs_err": 2.154391950170975e-06,
  "ref_latency_ms": {
    "avg": 31.423673629760742,
    "min": 31.41427230834961,
    "max": 31.436800003051758,
    "all": [
      31.436800003051758,
      31.42243194580078,
      31.421375274658203,
      31.41427230834961,
      31.42348861694336
    ]
  },
  "test_latency_ms": {
    "avg": 31.859449768066405,
    "min": 31.83616065979004,
    "max": 31.89014434814453,
    "all": [
      31.83616065979004,
      31.89014434814453,
      31.863807678222656,
      31.84332847595215,
      31.863807678222656
    ]
  },
  "num_runs": 5,
  "model_init_args": [
    64,
    8
  ],
  "model_init_kwargs": {},
  "seed": 100,
  "align_stats": {
    "copied_same_shape": 0,
    "unique_shape_copied": 0,
    "mapped_shape": 0,
    "skipped": 2,
    "pair_aligner": 0,
    "pair_key": "Model->ModelNew"
  },
  "runnable": true,
  "phase": "stage4_advanced_memory",
  "pytorch_baseline_ms": 31.427942276000977,
  "score": 0.986455902559311
}