{
  "timestamp": "2025-12-12T11:30:13",
  "reference_file": "KernelBench/level1/35_GroupNorm_.py",
  "candidate_file": "/home/hyc/LLMKernel/run/20251212_085222_batch_range20to30_deepseek_deepseek/35_GroupNorm_/code/kernel_20251212_112958.py",
  "tolerance": 0.001,
  "max_abs_err": 4.76837158203125e-07,
  "mean_abs_err": 1.0134228034530679e-07,
  "ref_latency_ms": {
    "avg": 31.439359664916992,
    "min": 31.41708755493164,
    "max": 31.523839950561523,
    "all": [
      31.523839950561523,
      31.418367385864258,
      31.417375564575195,
      31.41708755493164,
      31.420127868652344
    ]
  },
  "test_latency_ms": {
    "avg": 32.31562881469726,
    "min": 32.301246643066406,
    "max": 32.34611129760742,
    "all": [
      32.30614471435547,
      32.317440032958984,
      32.34611129760742,
      32.30720138549805,
      32.301246643066406
    ]
  },
  "num_runs": 5,
  "model_init_args": [
    64,
    8
  ],
  "model_init_kwargs": {},
  "seed": 100,
  "align_stats": {
    "copied_same_shape": 0,
    "unique_shape_copied": 0,
    "mapped_shape": 0,
    "skipped": 2,
    "pair_aligner": 0,
    "pair_key": "Model->ModelNew"
  },
  "runnable": true,
  "phase": "stage1_grid_and_parallel",
  "pytorch_baseline_ms": 31.427942276000977,
  "score": 0.97253073601673
}