{
  "timestamp": "2025-12-13T13:52:05",
  "reference_file": "KernelBench/level1_low_score/62_conv_standard_2D__square_input__asymmetric_kernel.py",
  "candidate_file": "/home/hyc/LLMKernel/run/20251213_131904_batch_range58to62_openai_deepseek/62_conv_standard_2D__square_input__asymmetric_kernel/code/kernel_20251213_135155.py",
  "tolerance": 0.001,
  "max_abs_err": 0.0007725954055786133,
  "mean_abs_err": 0.0001516309566795826,
  "ref_latency_ms": {
    "avg": 8.2976318359375,
    "min": 8.285183906555176,
    "max": 8.331263542175293,
    "all": [
      8.331263542175293,
      8.297247886657715,
      8.285183906555176,
      8.285183906555176,
      8.28927993774414
    ]
  },
  "test_latency_ms": {
    "avg": 17.12140808105469,
    "min": 17.113088607788086,
    "max": 17.128320693969727,
    "all": [
      17.128320693969727,
      17.113088607788086,
      17.12006378173828,
      17.12224006652832,
      17.123327255249023
    ]
  },
  "num_runs": 5,
  "model_init_args": [
    32,
    64,
    [
      5,
      9
    ]
  ],
  "model_init_kwargs": {},
  "seed": 100,
  "align_stats": {
    "pair_aligner": 1,
    "copied_same_shape": 1,
    "mapped_shape": 0,
    "skipped": 0,
    "pair_key": "Model->ModelNew"
  },
  "runnable": true,
  "phase": "stage4_repair",
  "pytorch_baseline_ms": 8.843699264526368,
  "score": 0.5165287354088689
}