{
  "timestamp": "2025-12-23T11:39:44",
  "reference_file": "KernelBench/t/62_conv_standard_2D__square_input__asymmetric_kernel.py",
  "candidate_file": "/home/hyc/LLMKernel/run/20251223_112836_batch_range62to73_openai_deepseek/62_conv_standard_2D__square_input__asymmetric_kernel/code/kernel_20251223_113939.py",
  "tolerance": 1,
  "max_abs_err": 0.0007725954055786133,
  "mean_abs_err": 0.0001516309566795826,
  "ref_latency_ms": {
    "avg": 6.2000127792358395,
    "min": 6.191936016082764,
    "max": 6.2126078605651855,
    "all": [
      6.2126078605651855,
      6.200160026550293,
      6.200191974639893,
      6.191936016082764,
      6.1951680183410645
    ]
  },
  "test_latency_ms": {
    "avg": 6.890662479400635,
    "min": 6.884352207183838,
    "max": 6.9027838706970215,
    "all": [
      6.9027838706970215,
      6.89251184463501,
      6.884352207183838,
      6.885216236114502,
      6.888448238372803
    ]
  },
  "num_runs": 5,
  "model_init_args": [
    32,
    64,
    [
      5,
      9
    ]
  ],
  "model_init_kwargs": {},
  "seed": 100,
  "align_stats": {
    "pair_aligner": 1,
    "copied_same_shape": 1,
    "mapped_shape": 0,
    "skipped": 0,
    "pair_key": "Model->ModelNew"
  },
  "runnable": true,
  "phase": "stage2_block_tiling",
  "pytorch_baseline_ms": 6.700070381164551,
  "score": 0.9723405262112531
}