{
  "timestamp": "2025-12-13T13:46:27",
  "reference_file": "KernelBench/level1_low_score/62_conv_standard_2D__square_input__asymmetric_kernel.py",
  "candidate_file": "/home/hyc/LLMKernel/run/20251213_131904_batch_range58to62_openai_deepseek/62_conv_standard_2D__square_input__asymmetric_kernel/code/kernel_20251213_134622.py",
  "tolerance": 0.001,
  "max_abs_err": 0.0007725954055786133,
  "mean_abs_err": 0.0001516309566795826,
  "ref_latency_ms": {
    "avg": 8.843699264526368,
    "min": 8.272895812988281,
    "max": 8.994815826416016,
    "all": [
      8.994815826416016,
      8.98572826385498,
      8.981504440307617,
      8.983551979064941,
      8.272895812988281
    ]
  },
  "test_latency_ms": {
    "avg": 48.60295715332031,
    "min": 48.584510803222656,
    "max": 48.629695892333984,
    "all": [
      48.59417724609375,
      48.61145782470703,
      48.584510803222656,
      48.629695892333984,
      48.59494400024414
    ]
  },
  "num_runs": 5,
  "model_init_args": [
    32,
    64,
    [
      5,
      9
    ]
  ],
  "model_init_kwargs": {},
  "seed": 100,
  "align_stats": {
    "pair_aligner": 1,
    "copied_same_shape": 1,
    "mapped_shape": 0,
    "skipped": 0,
    "pair_key": "Model->ModelNew"
  },
  "runnable": true,
  "phase": "seed_repair",
  "score": 0.1819580491085862
}