{
  "timestamp": "2025-12-23T11:33:46",
  "reference_file": "KernelBench/t/62_conv_standard_2D__square_input__asymmetric_kernel.py",
  "candidate_file": "/home/hyc/LLMKernel/run/20251223_112836_batch_range62to73_openai_deepseek/62_conv_standard_2D__square_input__asymmetric_kernel/code/kernel_20251223_113342.py",
  "tolerance": 1,
  "max_abs_err": 0.0007725954055786133,
  "mean_abs_err": 0.0001516309566795826,
  "ref_latency_ms": {
    "avg": 6.686451148986817,
    "min": 6.67852783203125,
    "max": 6.697984218597412,
    "all": [
      6.697984218597412,
      6.692863941192627,
      6.680575847625732,
      6.67852783203125,
      6.6823039054870605
    ]
  },
  "test_latency_ms": {
    "avg": 7.31016321182251,
    "min": 7.089151859283447,
    "max": 7.4403839111328125,
    "all": [
      7.4403839111328125,
      7.437312126159668,
      7.425024032592773,
      7.158944129943848,
      7.089151859283447
    ]
  },
  "num_runs": 5,
  "model_init_args": [
    32,
    64,
    [
      5,
      9
    ]
  ],
  "model_init_kwargs": {},
  "seed": 100,
  "align_stats": {
    "pair_aligner": 1,
    "copied_same_shape": 1,
    "mapped_shape": 0,
    "skipped": 0,
    "pair_key": "Model->ModelNew"
  },
  "runnable": true,
  "phase": "algorithm_optimized_seed0",
  "pytorch_baseline_ms": 6.700070381164551,
  "score": 0.9165418318333476
}