{
  "timestamp": "2025-12-23T11:45:44",
  "reference_file": "KernelBench/t/62_conv_standard_2D__square_input__asymmetric_kernel.py",
  "candidate_file": "/home/hyc/LLMKernel/run/20251223_112836_batch_range62to73_openai_deepseek/62_conv_standard_2D__square_input__asymmetric_kernel/code/kernel_20251223_114539.py",
  "tolerance": 1,
  "max_abs_err": 0.0007725954055786133,
  "mean_abs_err": 0.0001516309566795826,
  "ref_latency_ms": {
    "avg": 6.20184965133667,
    "min": 6.194176197052002,
    "max": 6.2190399169921875,
    "all": [
      6.2190399169921875,
      6.202367782592773,
      6.198272228240967,
      6.194176197052002,
      6.19539213180542
    ]
  },
  "test_latency_ms": {
    "avg": 7.117395114898682,
    "min": 7.114751815795898,
    "max": 7.119679927825928,
    "all": [
      7.119679927825928,
      7.116447925567627,
      7.116447925567627,
      7.114751815795898,
      7.119647979736328
    ]
  },
  "num_runs": 5,
  "model_init_args": [
    32,
    64,
    [
      5,
      9
    ]
  ],
  "model_init_kwargs": {},
  "seed": 100,
  "align_stats": {
    "pair_aligner": 1,
    "copied_same_shape": 1,
    "mapped_shape": 0,
    "skipped": 0,
    "pair_key": "Model->ModelNew"
  },
  "runnable": true,
  "phase": "stage3_memory_and_tuning",
  "pytorch_baseline_ms": 6.700070381164551,
  "score": 0.9413655239034637
}