{
  "timestamp": "2025-12-23T11:30:39",
  "reference_file": "KernelBench/t/62_conv_standard_2D__square_input__asymmetric_kernel.py",
  "candidate_file": "/home/hyc/LLMKernel/run/20251223_112836_batch_range62to73_openai_deepseek/62_conv_standard_2D__square_input__asymmetric_kernel/code/kernel_20251223_113033.py",
  "tolerance": 1,
  "max_abs_err": 0.0007748603820800781,
  "mean_abs_err": 0.00015160768816713244,
  "ref_latency_ms": {
    "avg": 6.700070381164551,
    "min": 6.693759918212891,
    "max": 6.714367866516113,
    "all": [
      6.714367866516113,
      6.697055816650391,
      6.69923210144043,
      6.69593620300293,
      6.693759918212891
    ]
  },
  "test_latency_ms": {
    "avg": 19.06488952636719,
    "min": 19.06073570251465,
    "max": 19.076095581054688,
    "all": [
      19.06483268737793,
      19.06073570251465,
      19.061023712158203,
      19.06175994873047,
      19.076095581054688
    ]
  },
  "num_runs": 5,
  "model_init_args": [
    32,
    64,
    [
      5,
      9
    ]
  ],
  "model_init_kwargs": {},
  "seed": 100,
  "align_stats": {
    "pair_aligner": 1,
    "copied_same_shape": 1,
    "mapped_shape": 0,
    "skipped": 0,
    "pair_key": "Model->ModelNew"
  },
  "runnable": true,
  "phase": "seed_0",
  "score": 0.35143504880519744
}