{
  "timestamp": "2025-12-23T11:36:01",
  "reference_file": "KernelBench/t/62_conv_standard_2D__square_input__asymmetric_kernel.py",
  "candidate_file": "/home/hyc/LLMKernel/run/20251223_112836_batch_range62to73_openai_deepseek/62_conv_standard_2D__square_input__asymmetric_kernel/code/kernel_20251223_113556.py",
  "tolerance": 1,
  "max_abs_err": 0.0007725954055786133,
  "mean_abs_err": 0.0001516309566795826,
  "ref_latency_ms": {
    "avg": 6.189625549316406,
    "min": 6.1829118728637695,
    "max": 6.199007987976074,
    "all": [
      6.199007987976074,
      6.191199779510498,
      6.1829118728637695,
      6.185952186584473,
      6.189055919647217
    ]
  },
  "test_latency_ms": {
    "avg": 7.3862591743469235,
    "min": 7.270400047302246,
    "max": 7.433216094970703,
    "all": [
      7.416831970214844,
      7.418879985809326,
      7.433216094970703,
      7.3919677734375,
      7.270400047302246
    ]
  },
  "num_runs": 5,
  "model_init_args": [
    32,
    64,
    [
      5,
      9
    ]
  ],
  "model_init_kwargs": {},
  "seed": 100,
  "align_stats": {
    "pair_aligner": 1,
    "copied_same_shape": 1,
    "mapped_shape": 0,
    "skipped": 0,
    "pair_key": "Model->ModelNew"
  },
  "runnable": true,
  "phase": "stage1_grid_and_parallel",
  "pytorch_baseline_ms": 6.700070381164551,
  "score": 0.9070992803007019
}