{
  "timestamp": "2025-12-13T13:47:59",
  "reference_file": "KernelBench/level1_low_score/62_conv_standard_2D__square_input__asymmetric_kernel.py",
  "candidate_file": "/home/hyc/LLMKernel/run/20251213_131904_batch_range58to62_openai_deepseek/62_conv_standard_2D__square_input__asymmetric_kernel/code/kernel_20251213_134755.py",
  "tolerance": 0.001,
  "max_abs_err": 0.0007725954055786133,
  "mean_abs_err": 0.0001516309566795826,
  "ref_latency_ms": {
    "avg": 8.98209285736084,
    "min": 8.977279663085938,
    "max": 8.992768287658691,
    "all": [
      8.992768287658691,
      8.984576225280762,
      8.977279663085938,
      8.978431701660156,
      8.977408409118652
    ]
  },
  "test_latency_ms": {
    "avg": 47.72018585205078,
    "min": 47.65900802612305,
    "max": 47.760353088378906,
    "all": [
      47.65900802612305,
      47.6945915222168,
      47.735809326171875,
      47.75116729736328,
      47.760353088378906
    ]
  },
  "num_runs": 5,
  "model_init_args": [
    32,
    64,
    [
      5,
      9
    ]
  ],
  "model_init_kwargs": {},
  "seed": 100,
  "align_stats": {
    "pair_aligner": 1,
    "copied_same_shape": 1,
    "mapped_shape": 0,
    "skipped": 0,
    "pair_key": "Model->ModelNew"
  },
  "runnable": true,
  "phase": "stage1_repair",
  "pytorch_baseline_ms": 8.843699264526368,
  "score": 0.18532407421766797
}