{
  "timestamp": "2025-12-13T13:50:24",
  "reference_file": "KernelBench/level1_low_score/62_conv_standard_2D__square_input__asymmetric_kernel.py",
  "candidate_file": "/home/hyc/LLMKernel/run/20251213_131904_batch_range58to62_openai_deepseek/62_conv_standard_2D__square_input__asymmetric_kernel/code/kernel_20251213_135016.py",
  "tolerance": 0.001,
  "max_abs_err": 0.0007725954055786133,
  "mean_abs_err": 0.0001516309566795826,
  "ref_latency_ms": {
    "avg": 8.295987319946288,
    "min": 8.285280227661133,
    "max": 8.30668830871582,
    "all": [
      8.30668830871582,
      8.292351722717285,
      8.29308795928955,
      8.285280227661133,
      8.302528381347656
    ]
  },
  "test_latency_ms": {
    "avg": 17.214873123168946,
    "min": 17.20217514038086,
    "max": 17.22060775756836,
    "all": [
      17.21343994140625,
      17.20217514038086,
      17.22060775756836,
      17.21958351135254,
      17.21855926513672
    ]
  },
  "num_runs": 5,
  "model_init_args": [
    32,
    64,
    [
      5,
      9
    ]
  ],
  "model_init_kwargs": {},
  "seed": 100,
  "align_stats": {
    "pair_aligner": 1,
    "copied_same_shape": 1,
    "mapped_shape": 0,
    "skipped": 0,
    "pair_key": "Model->ModelNew"
  },
  "runnable": true,
  "phase": "stage3_memory_access",
  "pytorch_baseline_ms": 8.843699264526368,
  "score": 0.5137243360001251
}