{
  "timestamp": "2025-12-28T17:16:54",
  "reference_file": "KernelBench/tt/73_Conv2d_BatchNorm_Scaling.py",
  "candidate_file": "/home/hyc/LLMKernel/run/20251228_161743_batch_range68to77_openai_deepseek/73_Conv2d_BatchNorm_Scaling/code/kernel_20251228_171649.py",
  "tolerance": 1,
  "max_abs_err": 0.001894235610961914,
  "mean_abs_err": 0.00027247690013609827,
  "ref_latency_ms": {
    "avg": 4.740057563781738,
    "min": 4.724736213684082,
    "max": 4.7533440589904785,
    "all": [
      4.7533440589904785,
      4.737023830413818,
      4.724736213684082,
      4.742015838623047,
      4.743167877197266
    ]
  },
  "test_latency_ms": {
    "avg": 1.726579213142395,
    "min": 1.721343994140625,
    "max": 1.7346559762954712,
    "all": [
      1.7346559762954712,
      1.7243200540542603,
      1.7221120595932007,
      1.721343994140625,
      1.730463981628418
    ]
  },
  "num_runs": 5,
  "model_init_args": [
    8,
    64,
    3,
    2.0
  ],
  "model_init_kwargs": {},
  "seed": 100,
  "align_stats": {
    "pair_aligner": 1,
    "copied_same_shape": 1,
    "mapped_shape": 0,
    "skipped": 0,
    "pair_key": "Model->ModelNew"
  },
  "runnable": true,
  "phase": "seed_1",
  "score": 2.7453461316465035
}