{
  "timestamp": "2025-12-28T17:22:35",
  "reference_file": "KernelBench/tt/73_Conv2d_BatchNorm_Scaling.py",
  "candidate_file": "/home/hyc/LLMKernel/run/20251228_161743_batch_range68to77_openai_deepseek/73_Conv2d_BatchNorm_Scaling/code/kernel_20251228_172229.py",
  "tolerance": 1,
  "max_abs_err": 0.001894235610961914,
  "mean_abs_err": 0.00027247690013609827,
  "ref_latency_ms": {
    "avg": 4.726329612731933,
    "min": 4.708352088928223,
    "max": 4.735968112945557,
    "all": [
      4.735968112945557,
      4.719615936279297,
      4.7358078956604,
      4.708352088928223,
      4.731904029846191
    ]
  },
  "test_latency_ms": {
    "avg": 1.6438976049423217,
    "min": 1.6394239664077759,
    "max": 1.6486400365829468,
    "all": [
      1.6435199975967407,
      1.640447974205017,
      1.6394239664077759,
      1.6486400365829468,
      1.6474560499191284
    ]
  },
  "num_runs": 5,
  "model_init_args": [
    8,
    64,
    3,
    2.0
  ],
  "model_init_kwargs": {},
  "seed": 100,
  "align_stats": {
    "pair_aligner": 1,
    "copied_same_shape": 1,
    "mapped_shape": 0,
    "skipped": 0,
    "pair_key": "Model->ModelNew"
  },
  "runnable": true,
  "phase": "stage2_block_tiling",
  "pytorch_baseline_ms": 4.740057563781738,
  "score": 2.883426284904192
}