{
  "timestamp": "2025-12-28T17:21:43",
  "reference_file": "KernelBench/tt/73_Conv2d_BatchNorm_Scaling.py",
  "candidate_file": "/home/hyc/LLMKernel/run/20251228_161743_batch_range68to77_openai_deepseek/73_Conv2d_BatchNorm_Scaling/code/kernel_20251228_172139.py",
  "tolerance": 1,
  "max_abs_err": 0.001894235610961914,
  "mean_abs_err": 0.00027247690013609827,
  "ref_latency_ms": {
    "avg": 4.737171173095703,
    "min": 4.7175679206848145,
    "max": 4.754432201385498,
    "all": [
      4.754432201385498,
      4.747200012207031,
      4.733791828155518,
      4.732863903045654,
      4.7175679206848145
    ]
  },
  "test_latency_ms": {
    "avg": 1.696716809272766,
    "min": 1.6936960220336914,
    "max": 1.6998399496078491,
    "all": [
      1.6998399496078491,
      1.6957440376281738,
      1.6936960220336914,
      1.6944960355758667,
      1.6998080015182495
    ]
  },
  "num_runs": 5,
  "model_init_args": [
    8,
    64,
    3,
    2.0
  ],
  "model_init_kwargs": {},
  "seed": 100,
  "align_stats": {
    "pair_aligner": 1,
    "copied_same_shape": 1,
    "mapped_shape": 0,
    "skipped": 0,
    "pair_key": "Model->ModelNew"
  },
  "runnable": true,
  "phase": "stage1_grid_and_parallel",
  "pytorch_baseline_ms": 4.740057563781738,
  "score": 2.7936645277967074
}