{
  "timestamp": "2025-12-28T17:23:53",
  "reference_file": "KernelBench/tt/73_Conv2d_BatchNorm_Scaling.py",
  "candidate_file": "/home/hyc/LLMKernel/run/20251228_161743_batch_range68to77_openai_deepseek/73_Conv2d_BatchNorm_Scaling/code/kernel_20251228_172347.py",
  "tolerance": 1,
  "max_abs_err": 0.001894235610961914,
  "mean_abs_err": 0.00027247690013609827,
  "ref_latency_ms": {
    "avg": 4.733248043060303,
    "min": 4.7224321365356445,
    "max": 4.741951942443848,
    "all": [
      4.7224321365356445,
      4.741951942443848,
      4.736000061035156,
      4.733952045440674,
      4.731904029846191
    ]
  },
  "test_latency_ms": {
    "avg": 1.7153472185134888,
    "min": 1.7049599885940552,
    "max": 1.726304054260254,
    "all": [
      1.7131520509719849,
      1.7223360538482666,
      1.7099839448928833,
      1.726304054260254,
      1.7049599885940552
    ]
  },
  "num_runs": 5,
  "model_init_args": [
    8,
    64,
    3,
    2.0
  ],
  "model_init_kwargs": {},
  "seed": 100,
  "align_stats": {
    "pair_aligner": 1,
    "copied_same_shape": 1,
    "mapped_shape": 0,
    "skipped": 0,
    "pair_key": "Model->ModelNew"
  },
  "runnable": true,
  "phase": "stage3_memory_and_tuning",
  "pytorch_baseline_ms": 4.740057563781738,
  "score": 2.763322499738244
}