{
  "timestamp": "2025-12-15T02:54:32",
  "reference_file": "KernelBench/level2/31_Conv2d_Min_Add_Multiply.py",
  "candidate_file": "/home/hyc/LLMKernel/run/20251215_024803_batch_range31to55_openai_deepseek/31_Conv2d_Min_Add_Multiply/code/kernel_20251215_025425.py",
  "tolerance": 0.001,
  "max_abs_err": 5.733966827392578e-05,
  "mean_abs_err": 1.3691445701624616e-06,
  "ref_latency_ms": {
    "avg": 13.791839981079102,
    "min": 13.775872230529785,
    "max": 13.812959671020508,
    "all": [
      13.812959671020508,
      13.792256355285645,
      13.791999816894531,
      13.775872230529785,
      13.786111831665039
    ]
  },
  "test_latency_ms": {
    "avg": 8.470144081115723,
    "min": 8.462335586547852,
    "max": 8.486016273498535,
    "all": [
      8.486016273498535,
      8.469504356384277,
      8.462335586547852,
      8.468480110168457,
      8.464384078979492
    ]
  },
  "num_runs": 5,
  "model_init_args": [
    64,
    128,
    3,
    0.5,
    [
      128,
      1,
      1
    ],
    2.0
  ],
  "model_init_kwargs": {},
  "seed": 100,
  "align_stats": {
    "pair_aligner": 1,
    "copied_same_shape": 1,
    "mapped_shape": 0,
    "skipped": 0,
    "pair_key": "Model->ModelNew"
  },
  "runnable": true,
  "phase": "stage3_memory_access",
  "pytorch_baseline_ms": 14.0118013381958,
  "score": 1.6542577321010703
}