{
  "timestamp": "2025-12-15T02:57:48",
  "reference_file": "KernelBench/level2/31_Conv2d_Min_Add_Multiply.py",
  "candidate_file": "/home/hyc/LLMKernel/run/20251215_024803_batch_range31to55_openai_deepseek/31_Conv2d_Min_Add_Multiply/code/kernel_20251215_025743.py",
  "tolerance": 0.001,
  "max_abs_err": 0.0017666816711425781,
  "mean_abs_err": 0.0005494264187291265,
  "ref_latency_ms": {
    "avg": 15.646931266784668,
    "min": 15.632384300231934,
    "max": 15.656959533691406,
    "all": [
      15.649663925170898,
      15.648608207702637,
      15.647040367126465,
      15.632384300231934,
      15.656959533691406
    ]
  },
  "test_latency_ms": {
    "avg": 9.873376083374023,
    "min": 9.749504089355469,
    "max": 9.936896324157715,
    "all": [
      9.749504089355469,
      9.815072059631348,
      9.93280029296875,
      9.932607650756836,
      9.936896324157715
    ]
  },
  "num_runs": 5,
  "model_init_args": [
    64,
    128,
    3,
    0.5,
    [
      128,
      1,
      1
    ],
    2.0
  ],
  "model_init_kwargs": {},
  "seed": 100,
  "align_stats": {
    "pair_aligner": 1,
    "copied_same_shape": 1,
    "mapped_shape": 0,
    "skipped": 0,
    "pair_key": "Model->ModelNew"
  },
  "runnable": true,
  "phase": "stage4_repair",
  "pytorch_baseline_ms": 14.0118013381958,
  "score": 1.419149966523665
}