{
  "timestamp": "2025-12-15T02:49:06",
  "reference_file": "KernelBench/level2/31_Conv2d_Min_Add_Multiply.py",
  "candidate_file": "/home/hyc/LLMKernel/run/20251215_024803_batch_range31to55_openai_deepseek/31_Conv2d_Min_Add_Multiply/code/kernel_20251215_024900.py",
  "tolerance": 0.001,
  "max_abs_err": 0.0008563995361328125,
  "mean_abs_err": 0.00016043476352933794,
  "ref_latency_ms": {
    "avg": 14.0118013381958,
    "min": 14.003199577331543,
    "max": 14.034943580627441,
    "all": [
      14.034943580627441,
      14.005375862121582,
      14.011391639709473,
      14.003199577331543,
      14.004096031188965
    ]
  },
  "test_latency_ms": {
    "avg": 67.13580322265625,
    "min": 67.0218276977539,
    "max": 67.36589050292969,
    "all": [
      67.0218276977539,
      67.03187561035156,
      67.05152130126953,
      67.20790100097656,
      67.36589050292969
    ]
  },
  "num_runs": 5,
  "model_init_args": [
    64,
    128,
    3,
    0.5,
    [
      128,
      1,
      1
    ],
    2.0
  ],
  "model_init_kwargs": {},
  "seed": 100,
  "align_stats": {
    "pair_aligner": 1,
    "copied_same_shape": 1,
    "mapped_shape": 0,
    "skipped": 0,
    "pair_key": "Model->ModelNew"
  },
  "runnable": true,
  "phase": "seed",
  "score": 0.20870832946953188
}