{
  "timestamp": "2025-12-15T02:53:04",
  "reference_file": "KernelBench/level2/31_Conv2d_Min_Add_Multiply.py",
  "candidate_file": "/home/hyc/LLMKernel/run/20251215_024803_batch_range31to55_openai_deepseek/31_Conv2d_Min_Add_Multiply/code/kernel_20251215_025255.py",
  "tolerance": 0.001,
  "max_abs_err": 0.0008563995361328125,
  "mean_abs_err": 0.00016043476352933794,
  "ref_latency_ms": {
    "avg": 13.786675071716308,
    "min": 13.77894401550293,
    "max": 13.808639526367188,
    "all": [
      13.808639526367188,
      13.785951614379883,
      13.77894401550293,
      13.77996826171875,
      13.779871940612793
    ]
  },
  "test_latency_ms": {
    "avg": 99.72780151367188,
    "min": 99.71711730957031,
    "max": 99.74169921875,
    "all": [
      99.72956848144531,
      99.71711730957031,
      99.72223663330078,
      99.72838592529297,
      99.74169921875
    ]
  },
  "num_runs": 5,
  "model_init_args": [
    64,
    128,
    3,
    0.5,
    [
      128,
      1,
      1
    ],
    2.0
  ],
  "model_init_kwargs": {},
  "seed": 100,
  "align_stats": {
    "pair_aligner": 1,
    "copied_same_shape": 1,
    "mapped_shape": 0,
    "skipped": 0,
    "pair_key": "Model->ModelNew"
  },
  "runnable": true,
  "phase": "stage2_block_tiling",
  "pytorch_baseline_ms": 14.0118013381958,
  "score": 0.14050045348964096
}