{
  "timestamp": "2025-12-16T05:17:05",
  "reference_file": "KernelBench/level3/22_EfficientNetB0.py",
  "candidate_file": "/home/hyc/LLMKernel/run/20251216_051549_batch_range18to33_openai_deepseek/22_EfficientNetB0/code/kernel_20251216_051654.py",
  "tolerance": 0.1,
  "max_abs_err": 1.862645149230957e-09,
  "mean_abs_err": 6.5425412483499645e-12,
  "ref_latency_ms": {
    "avg": 3.2348160266876222,
    "min": 3.190783977508545,
    "max": 3.2911360263824463,
    "all": [
      3.2911360263824463,
      3.2614400386810303,
      3.230720043182373,
      3.200000047683716,
      3.190783977508545
    ]
  },
  "test_latency_ms": {
    "avg": 6.03441276550293,
    "min": 6.016895771026611,
    "max": 6.045695781707764,
    "all": [
      6.037504196166992,
      6.045695781707764,
      6.043680191040039,
      6.028287887573242,
      6.016895771026611
    ]
  },
  "num_runs": 5,
  "model_init_args": [
    1000
  ],
  "model_init_kwargs": {},
  "seed": 100,
  "align_stats": {
    "copied_same_shape": 242,
    "unique_shape_copied": 0,
    "mapped_shape": 0,
    "skipped": 0,
    "pair_aligner": 0,
    "pair_key": "Model->ModelNew"
  },
  "runnable": true,
  "phase": "seed",
  "score": 0.5360614449810546
}