{
  "timestamp": "2025-12-16T05:19:17",
  "reference_file": "KernelBench/level3/22_EfficientNetB0.py",
  "candidate_file": "/home/hyc/LLMKernel/run/20251216_051549_batch_range18to33_openai_deepseek/22_EfficientNetB0/code/kernel_20251216_051903.py",
  "tolerance": 0.1,
  "max_abs_err": 1.862645149230957e-09,
  "mean_abs_err": 6.5425412483499645e-12,
  "ref_latency_ms": {
    "avg": 3.5210943698883055,
    "min": 3.482719898223877,
    "max": 3.5686399936676025,
    "all": [
      3.5489280223846436,
      3.5102720260620117,
      3.5686399936676025,
      3.4949119091033936,
      3.482719898223877
    ]
  },
  "test_latency_ms": {
    "avg": 6.692678451538086,
    "min": 6.655231952667236,
    "max": 6.734720230102539,
    "all": [
      6.692863941192627,
      6.734720230102539,
      6.655231952667236,
      6.693888187408447,
      6.68668794631958
    ]
  },
  "num_runs": 5,
  "model_init_args": [
    1000
  ],
  "model_init_kwargs": {},
  "seed": 100,
  "align_stats": {
    "copied_same_shape": 242,
    "unique_shape_copied": 0,
    "mapped_shape": 0,
    "skipped": 0,
    "pair_aligner": 0,
    "pair_key": "Model->ModelNew"
  },
  "runnable": true,
  "phase": "stage2_block_tiling",
  "pytorch_baseline_ms": 3.2348160266876222,
  "score": 0.48333653709961355
}