{
  "timestamp": "2025-12-16T05:24:29",
  "reference_file": "KernelBench/level3/22_EfficientNetB0.py",
  "candidate_file": "/home/hyc/LLMKernel/run/20251216_051549_batch_range18to33_openai_deepseek/22_EfficientNetB0/code/kernel_20251216_052414.py",
  "tolerance": 0.1,
  "max_abs_err": 1.862645149230957e-09,
  "mean_abs_err": 6.5425412483499645e-12,
  "ref_latency_ms": {
    "avg": 3.4436736583709715,
    "min": 3.4160640239715576,
    "max": 3.4742720127105713,
    "all": [
      3.4742720127105713,
      3.4160640239715576,
      3.4660160541534424,
      3.4242560863494873,
      3.4377601146698
    ]
  },
  "test_latency_ms": {
    "avg": 6.490521621704102,
    "min": 6.4337921142578125,
    "max": 6.5720319747924805,
    "all": [
      6.5720319747924805,
      6.524928092956543,
      6.436863899230957,
      6.484992027282715,
      6.4337921142578125
    ]
  },
  "num_runs": 5,
  "model_init_args": [
    1000
  ],
  "model_init_kwargs": {},
  "seed": 100,
  "align_stats": {
    "copied_same_shape": 242,
    "unique_shape_copied": 0,
    "mapped_shape": 0,
    "skipped": 0,
    "pair_aligner": 0,
    "pair_key": "Model->ModelNew"
  },
  "runnable": true,
  "phase": "stage4_repair",
  "pytorch_baseline_ms": 3.2348160266876222,
  "score": 0.49839076352053097
}