{
  "timestamp": "2025-12-16T05:18:22",
  "reference_file": "KernelBench/level3/22_EfficientNetB0.py",
  "candidate_file": "/home/hyc/LLMKernel/run/20251216_051549_batch_range18to33_openai_deepseek/22_EfficientNetB0/code/kernel_20251216_051806.py",
  "tolerance": 0.1,
  "max_abs_err": 1.862645149230957e-09,
  "mean_abs_err": 6.5425412483499645e-12,
  "ref_latency_ms": {
    "avg": 3.4136192321777346,
    "min": 3.3791680335998535,
    "max": 3.473504066467285,
    "all": [
      3.473504066467285,
      3.4119679927825928,
      3.3791680335998535,
      3.41811203956604,
      3.3853440284729004
    ]
  },
  "test_latency_ms": {
    "avg": 6.3408127784729,
    "min": 6.301695823669434,
    "max": 6.376448154449463,
    "all": [
      6.313983917236328,
      6.3406081199646,
      6.301695823669434,
      6.371327877044678,
      6.376448154449463
    ]
  },
  "num_runs": 5,
  "model_init_args": [
    1000
  ],
  "model_init_kwargs": {},
  "seed": 100,
  "align_stats": {
    "copied_same_shape": 242,
    "unique_shape_copied": 0,
    "mapped_shape": 0,
    "skipped": 0,
    "pair_aligner": 0,
    "pair_key": "Model->ModelNew"
  },
  "runnable": true,
  "phase": "stage1_grid_and_parallel",
  "pytorch_baseline_ms": 3.2348160266876222,
  "score": 0.5101579465758465
}