{
  "timestamp": "2025-12-13T16:10:38",
  "reference_file": "KernelBench/level1_low_score/92_cumsum_exclusive.py",
  "candidate_file": "/home/hyc/LLMKernel/run/20251213_160746_batch_range92to92_openai_deepseek/92_cumsum_exclusive/code/kernel_20251213_161028.py",
  "tolerance": 0.001,
  "max_abs_err": 0.02734375,
  "mean_abs_err": 0.003239863319322467,
  "ref_latency_ms": {
    "avg": 21.781708908081054,
    "min": 21.758975982666016,
    "max": 21.809152603149414,
    "all": [
      21.804031372070312,
      21.774335861206055,
      21.758975982666016,
      21.762048721313477,
      21.809152603149414
    ]
  },
  "test_latency_ms": {
    "avg": 38.78607940673828,
    "min": 38.758174896240234,
    "max": 38.80944061279297,
    "all": [
      38.780670166015625,
      38.786048889160156,
      38.79606246948242,
      38.758174896240234,
      38.80944061279297
    ]
  },
  "num_runs": 5,
  "model_init_args": [
    1
  ],
  "model_init_kwargs": {},
  "seed": 100,
  "align_stats": {
    "copied_same_shape": 0,
    "unique_shape_copied": 0,
    "mapped_shape": 0,
    "skipped": 0,
    "pair_aligner": 0,
    "pair_key": "Model->ModelNew"
  },
  "runnable": true,
  "phase": "seed_repair",
  "score": 0.5615857349143912
}