{
  "timestamp": "2025-12-13T16:26:23",
  "reference_file": "KernelBench/level1_low_score/92_cumsum_exclusive.py",
  "candidate_file": "/home/hyc/LLMKernel/run/20251213_160746_batch_range92to92_openai_deepseek/92_cumsum_exclusive/code/kernel_20251213_162611.py",
  "tolerance": 0.001,
  "max_abs_err": 0.0302734375,
  "mean_abs_err": 0.0031031016260385513,
  "ref_latency_ms": {
    "avg": 21.790956497192383,
    "min": 21.764095306396484,
    "max": 21.815263748168945,
    "all": [
      21.794815063476562,
      21.802175521850586,
      21.764095306396484,
      21.778432846069336,
      21.815263748168945
    ]
  },
  "test_latency_ms": {
    "avg": 24.659596252441407,
    "min": 24.635391235351562,
    "max": 24.70809555053711,
    "all": [
      24.670015335083008,
      24.635391235351562,
      24.70809555053711,
      24.643775939941406,
      24.640703201293945
    ]
  },
  "num_runs": 5,
  "model_init_args": [
    1
  ],
  "model_init_kwargs": {},
  "seed": 100,
  "align_stats": {
    "copied_same_shape": 0,
    "unique_shape_copied": 0,
    "mapped_shape": 0,
    "skipped": 0,
    "pair_aligner": 0,
    "pair_key": "Model->ModelNew"
  },
  "runnable": true,
  "phase": "stage4_advanced_memory",
  "pytorch_baseline_ms": 21.781708908081054,
  "score": 0.8832954394346408
}