{
  "timestamp": "2025-12-13T16:22:25",
  "reference_file": "KernelBench/level1_low_score/92_cumsum_exclusive.py",
  "candidate_file": "/home/hyc/LLMKernel/run/20251213_160746_batch_range92to92_openai_deepseek/92_cumsum_exclusive/code/kernel_20251213_162207.py",
  "tolerance": 0.001,
  "max_abs_err": 0.0302734375,
  "mean_abs_err": 0.0031031016260385513,
  "ref_latency_ms": {
    "avg": 21.868319702148437,
    "min": 21.808128356933594,
    "max": 22.04159927368164,
    "all": [
      22.04159927368164,
      21.83363151550293,
      21.808128356933594,
      21.811199188232422,
      21.8470401763916
    ]
  },
  "test_latency_ms": {
    "avg": 24.664191818237306,
    "min": 24.624927520751953,
    "max": 24.728416442871094,
    "all": [
      24.728416442871094,
      24.624927520751953,
      24.655872344970703,
      24.68454360961914,
      24.627199172973633
    ]
  },
  "num_runs": 5,
  "model_init_args": [
    1
  ],
  "model_init_kwargs": {},
  "seed": 100,
  "align_stats": {
    "copied_same_shape": 0,
    "unique_shape_copied": 0,
    "mapped_shape": 0,
    "skipped": 0,
    "pair_aligner": 0,
    "pair_key": "Model->ModelNew"
  },
  "runnable": true,
  "phase": "stage3_repair",
  "pytorch_baseline_ms": 21.781708908081054,
  "score": 0.8831308590446141
}