{
  "timestamp": "2025-12-28T13:01:52",
  "reference_file": "KernelBench/select2/70_conv_transposed_3D__asymmetric_input__square_kernel.py",
  "candidate_file": "/home/hyc/LLMKernel/run/20251228_121454_batch_range66to73_openai_deepseek/70_conv_transposed_3D__asymmetric_input__square_kernel/code/kernel_20251228_130143.py",
  "tolerance": 1,
  "max_abs_err": 0.0011715888977050781,
  "mean_abs_err": 0.00025377259589731693,
  "ref_latency_ms": {
    "avg": 76.49256286621093,
    "min": 76.32061004638672,
    "max": 76.68633270263672,
    "all": [
      76.38937377929688,
      76.43750762939453,
      76.68633270263672,
      76.32061004638672,
      76.62899017333984
    ]
  },
  "test_latency_ms": {
    "avg": 39.883776092529295,
    "min": 39.768959045410156,
    "max": 39.984256744384766,
    "all": [
      39.93190383911133,
      39.768959045410156,
      39.809024810791016,
      39.984256744384766,
      39.92473602294922
    ]
  },
  "num_runs": 5,
  "model_init_args": [
    48,
    24,
    3
  ],
  "model_init_kwargs": {},
  "seed": 100,
  "align_stats": {
    "pair_aligner": 1,
    "copied_same_shape": 1,
    "mapped_shape": 0,
    "skipped": 0,
    "pair_key": "Model->ModelNew"
  },
  "runnable": true,
  "phase": "stage2_block_tiling",
  "pytorch_baseline_ms": 75.83645477294922,
  "score": 1.9014361778837259
}