{
  "timestamp": "2025-12-13T17:25:03",
  "reference_file": "KernelBench/level1_low_score/70_conv_transposed_3D__asymmetric_input__square_kernel.py",
  "candidate_file": "/home/hyc/LLMKernel/run/20251213_165306_batch_range68to87_openai_deepseek/70_conv_transposed_3D__asymmetric_input__square_kernel/code/kernel_20251213_172451.py",
  "tolerance": 0.001,
  "max_abs_err": 0.0012392997741699219,
  "mean_abs_err": 0.00024587081861682236,
  "ref_latency_ms": {
    "avg": 35.22279052734375,
    "min": 35.16313552856445,
    "max": 35.24300765991211,
    "all": [
      35.16313552856445,
      35.22560119628906,
      35.24300765991211,
      35.239200592041016,
      35.24300765991211
    ]
  },
  "test_latency_ms": {
    "avg": 51.652722930908205,
    "min": 51.63929748535156,
    "max": 51.664608001708984,
    "all": [
      51.65055847167969,
      51.664608001708984,
      51.65244674682617,
      51.63929748535156,
      51.65670394897461
    ]
  },
  "num_runs": 5,
  "model_init_args": [
    48,
    24,
    3
  ],
  "model_init_kwargs": {},
  "seed": 100,
  "align_stats": {
    "pair_aligner": 1,
    "copied_same_shape": 1,
    "mapped_shape": 0,
    "skipped": 0,
    "pair_key": "Model->ModelNew"
  },
  "runnable": true,
  "phase": "stage3_memory_access",
  "pytorch_baseline_ms": 35.224761962890625,
  "score": 0.6819536311765795
}