{
  "timestamp": "2025-12-13T17:16:44",
  "reference_file": "KernelBench/level1_low_score/70_conv_transposed_3D__asymmetric_input__square_kernel.py",
  "candidate_file": "/home/hyc/LLMKernel/run/20251213_165306_batch_range68to87_openai_deepseek/70_conv_transposed_3D__asymmetric_input__square_kernel/code/kernel_20251213_171618.py",
  "tolerance": 0.001,
  "max_abs_err": 0.0006909370422363281,
  "mean_abs_err": 0.00011243449989706278,
  "ref_latency_ms": {
    "avg": 35.224761962890625,
    "min": 35.16339111328125,
    "max": 35.26454544067383,
    "all": [
      35.16339111328125,
      35.19276809692383,
      35.25088119506836,
      35.25222396850586,
      35.26454544067383
    ]
  },
  "test_latency_ms": {
    "avg": 2360.15263671875,
    "min": 2355.771240234375,
    "max": 2367.447021484375,
    "all": [
      2355.860595703125,
      2355.843994140625,
      2355.771240234375,
      2365.84033203125,
      2367.447021484375
    ]
  },
  "num_runs": 5,
  "model_init_args": [
    48,
    24,
    3
  ],
  "model_init_kwargs": {},
  "seed": 100,
  "align_stats": {
    "pair_aligner": 1,
    "copied_same_shape": 1,
    "mapped_shape": 0,
    "skipped": 0,
    "pair_key": "Model->ModelNew"
  },
  "runnable": true,
  "phase": "seed",
  "score": 0.014924781310696314
}