{
  "timestamp": "2025-12-13T17:26:58",
  "reference_file": "KernelBench/level1_low_score/70_conv_transposed_3D__asymmetric_input__square_kernel.py",
  "candidate_file": "/home/hyc/LLMKernel/run/20251213_165306_batch_range68to87_openai_deepseek/70_conv_transposed_3D__asymmetric_input__square_kernel/code/kernel_20251213_172645.py",
  "tolerance": 0.001,
  "max_abs_err": 0.0012392997741699219,
  "mean_abs_err": 0.00024587081861682236,
  "ref_latency_ms": {
    "avg": 35.254476928710936,
    "min": 35.22355270385742,
    "max": 35.28704071044922,
    "all": [
      35.28704071044922,
      35.25324630737305,
      35.25836944580078,
      35.22355270385742,
      35.25017547607422
    ]
  },
  "test_latency_ms": {
    "avg": 47.05895004272461,
    "min": 47.01270294189453,
    "max": 47.10502243041992,
    "all": [
      47.10502243041992,
      47.083518981933594,
      47.05606460571289,
      47.03744125366211,
      47.01270294189453
    ]
  },
  "num_runs": 5,
  "model_init_args": [
    48,
    24,
    3
  ],
  "model_init_kwargs": {},
  "seed": 100,
  "align_stats": {
    "pair_aligner": 1,
    "copied_same_shape": 1,
    "mapped_shape": 0,
    "skipped": 0,
    "pair_key": "Model->ModelNew"
  },
  "runnable": true,
  "phase": "stage4_advanced_memory",
  "pytorch_baseline_ms": 35.224761962890625,
  "score": 0.7485241793731101
}