{
  "timestamp": "2025-12-28T12:56:47",
  "reference_file": "KernelBench/select2/70_conv_transposed_3D__asymmetric_input__square_kernel.py",
  "candidate_file": "/home/hyc/LLMKernel/run/20251228_121454_batch_range66to73_openai_deepseek/70_conv_transposed_3D__asymmetric_input__square_kernel/code/kernel_20251228_125641.py",
  "tolerance": 1,
  "max_abs_err": 0.0011715888977050781,
  "mean_abs_err": 0.00025377259589731693,
  "ref_latency_ms": {
    "avg": 76.45669860839844,
    "min": 76.30121612548828,
    "max": 76.71501159667969,
    "all": [
      76.71501159667969,
      76.30121612548828,
      76.49772644042969,
      76.38323211669922,
      76.38630676269531
    ]
  },
  "test_latency_ms": {
    "avg": 36.37173080444336,
    "min": 36.27110290527344,
    "max": 36.517887115478516,
    "all": [
      36.27110290527344,
      36.517887115478516,
      36.34476852416992,
      36.34550476074219,
      36.379390716552734
    ]
  },
  "num_runs": 5,
  "model_init_args": [
    48,
    24,
    3
  ],
  "model_init_kwargs": {},
  "seed": 100,
  "align_stats": {
    "pair_aligner": 1,
    "copied_same_shape": 1,
    "mapped_shape": 0,
    "skipped": 0,
    "pair_key": "Model->ModelNew"
  },
  "runnable": true,
  "phase": "algorithm_optimized_seed0",
  "pytorch_baseline_ms": 75.83645477294922,
  "score": 2.085038382712451
}