{
  "timestamp": "2025-12-13T17:22:44",
  "reference_file": "KernelBench/level1_low_score/70_conv_transposed_3D__asymmetric_input__square_kernel.py",
  "candidate_file": "/home/hyc/LLMKernel/run/20251213_165306_batch_range68to87_openai_deepseek/70_conv_transposed_3D__asymmetric_input__square_kernel/code/kernel_20251213_172233.py",
  "tolerance": 0.001,
  "max_abs_err": 0.0012392997741699219,
  "mean_abs_err": 0.00024587081861682236,
  "ref_latency_ms": {
    "avg": 35.231327819824216,
    "min": 35.146942138671875,
    "max": 35.30838394165039,
    "all": [
      35.194881439208984,
      35.146942138671875,
      35.25222396850586,
      35.30838394165039,
      35.254207611083984
    ]
  },
  "test_latency_ms": {
    "avg": 46.8799545288086,
    "min": 46.85718536376953,
    "max": 46.90534210205078,
    "all": [
      46.90534210205078,
      46.866432189941406,
      46.85718536376953,
      46.87263870239258,
      46.89817428588867
    ]
  },
  "num_runs": 5,
  "model_init_args": [
    48,
    24,
    3
  ],
  "model_init_kwargs": {},
  "seed": 100,
  "align_stats": {
    "pair_aligner": 1,
    "copied_same_shape": 1,
    "mapped_shape": 0,
    "skipped": 0,
    "pair_key": "Model->ModelNew"
  },
  "runnable": true,
  "phase": "stage2_block_tiling",
  "pytorch_baseline_ms": 35.224761962890625,
  "score": 0.7513821699900404
}