{
  "timestamp": "2025-12-28T12:55:03",
  "reference_file": "KernelBench/select2/70_conv_transposed_3D__asymmetric_input__square_kernel.py",
  "candidate_file": "/home/hyc/LLMKernel/run/20251228_121454_batch_range66to73_openai_deepseek/70_conv_transposed_3D__asymmetric_input__square_kernel/code/kernel_20251228_125455.py",
  "tolerance": 1,
  "max_abs_err": 0.0,
  "mean_abs_err": 0.0,
  "ref_latency_ms": {
    "avg": 76.36946563720703,
    "min": 75.96646118164062,
    "max": 76.97510528564453,
    "all": [
      76.97510528564453,
      76.30643463134766,
      76.29926300048828,
      76.30006408691406,
      75.96646118164062
    ]
  },
  "test_latency_ms": {
    "avg": 211.46304321289062,
    "min": 210.3396453857422,
    "max": 213.31015014648438,
    "all": [
      210.3396453857422,
      210.48934936523438,
      212.28749084472656,
      213.31015014648438,
      210.88858032226562
    ]
  },
  "num_runs": 5,
  "model_init_args": [
    48,
    24,
    3
  ],
  "model_init_kwargs": {},
  "seed": 100,
  "align_stats": {
    "pair_aligner": 1,
    "copied_same_shape": 1,
    "mapped_shape": 0,
    "skipped": 0,
    "pair_key": "Model->ModelNew"
  },
  "runnable": true,
  "phase": "seed_1",
  "pytorch_baseline_ms": 75.83645477294922,
  "score": 0.3586274633180267
}