{
  "timestamp": "2025-12-28T13:00:06",
  "reference_file": "KernelBench/select2/70_conv_transposed_3D__asymmetric_input__square_kernel.py",
  "candidate_file": "/home/hyc/LLMKernel/run/20251228_121454_batch_range66to73_openai_deepseek/70_conv_transposed_3D__asymmetric_input__square_kernel/code/kernel_20251228_125957.py",
  "tolerance": 1,
  "max_abs_err": 0.0011715888977050781,
  "mean_abs_err": 0.00025377259589731693,
  "ref_latency_ms": {
    "avg": 76.5682373046875,
    "min": 76.29634857177734,
    "max": 76.87987518310547,
    "all": [
      76.87987518310547,
      76.80429077148438,
      76.53785705566406,
      76.29634857177734,
      76.32281494140625
    ]
  },
  "test_latency_ms": {
    "avg": 33.27159729003906,
    "min": 33.05267333984375,
    "max": 33.4600944519043,
    "all": [
      33.44182586669922,
      33.4600944519043,
      33.34540939331055,
      33.05267333984375,
      33.0579833984375
    ]
  },
  "num_runs": 5,
  "model_init_args": [
    48,
    24,
    3
  ],
  "model_init_kwargs": {},
  "seed": 100,
  "align_stats": {
    "pair_aligner": 1,
    "copied_same_shape": 1,
    "mapped_shape": 0,
    "skipped": 0,
    "pair_key": "Model->ModelNew"
  },
  "runnable": true,
  "phase": "stage1_grid_and_parallel",
  "pytorch_baseline_ms": 75.83645477294922,
  "score": 2.279315120096544
}