{
  "timestamp": "2025-12-13T17:21:32",
  "reference_file": "KernelBench/level1_low_score/70_conv_transposed_3D__asymmetric_input__square_kernel.py",
  "candidate_file": "/home/hyc/LLMKernel/run/20251213_165306_batch_range68to87_openai_deepseek/70_conv_transposed_3D__asymmetric_input__square_kernel/code/kernel_20251213_172126.py",
  "tolerance": 0.001,
  "max_abs_err": 0.0012392997741699219,
  "mean_abs_err": 0.00024587081861682236,
  "ref_latency_ms": {
    "avg": 35.109228515625,
    "min": 35.093345642089844,
    "max": 35.15187072753906,
    "all": [
      35.15187072753906,
      35.106590270996094,
      35.094688415527344,
      35.093345642089844,
      35.099647521972656
    ]
  },
  "test_latency_ms": {
    "avg": 68.70447387695313,
    "min": 68.52384185791016,
    "max": 68.93977355957031,
    "all": [
      68.93977355957031,
      68.52384185791016,
      68.78697967529297,
      68.69884490966797,
      68.57292938232422
    ]
  },
  "num_runs": 5,
  "model_init_args": [
    48,
    24,
    3
  ],
  "model_init_kwargs": {},
  "seed": 100,
  "align_stats": {
    "pair_aligner": 1,
    "copied_same_shape": 1,
    "mapped_shape": 0,
    "skipped": 0,
    "pair_key": "Model->ModelNew"
  },
  "runnable": true,
  "phase": "stage1_grid_and_parallel",
  "pytorch_baseline_ms": 35.224761962890625,
  "score": 0.512699682788878
}