{
  "timestamp": "2025-12-28T12:58:50",
  "reference_file": "KernelBench/select2/70_conv_transposed_3D__asymmetric_input__square_kernel.py",
  "candidate_file": "/home/hyc/LLMKernel/run/20251228_121454_batch_range66to73_openai_deepseek/70_conv_transposed_3D__asymmetric_input__square_kernel/code/kernel_20251228_125844.py",
  "tolerance": 1,
  "max_abs_err": 0.0011715888977050781,
  "mean_abs_err": 0.00025377259589731693,
  "ref_latency_ms": {
    "avg": 75.94047393798829,
    "min": 75.8109130859375,
    "max": 76.2982406616211,
    "all": [
      75.92550659179688,
      75.8109130859375,
      75.81491088867188,
      75.85279846191406,
      76.2982406616211
    ]
  },
  "test_latency_ms": {
    "avg": 41.392249298095706,
    "min": 41.28255844116211,
    "max": 41.5588493347168,
    "all": [
      41.355262756347656,
      41.419776916503906,
      41.34479904174805,
      41.28255844116211,
      41.5588493347168
    ]
  },
  "num_runs": 5,
  "model_init_args": [
    48,
    24,
    3
  ],
  "model_init_kwargs": {},
  "seed": 100,
  "align_stats": {
    "pair_aligner": 1,
    "copied_same_shape": 1,
    "mapped_shape": 0,
    "skipped": 0,
    "pair_key": "Model->ModelNew"
  },
  "runnable": true,
  "phase": "algorithm_optimized_seed1",
  "pytorch_baseline_ms": 75.83645477294922,
  "score": 1.8321414288649966
}