{
  "timestamp": "2025-12-28T12:53:15",
  "reference_file": "KernelBench/select2/70_conv_transposed_3D__asymmetric_input__square_kernel.py",
  "candidate_file": "/home/hyc/LLMKernel/run/20251228_121454_batch_range66to73_openai_deepseek/70_conv_transposed_3D__asymmetric_input__square_kernel/code/kernel_20251228_125307.py",
  "tolerance": 1,
  "max_abs_err": 0.0,
  "mean_abs_err": 0.0,
  "ref_latency_ms": {
    "avg": 75.83645477294922,
    "min": 75.80076599121094,
    "max": 75.96851348876953,
    "all": [
      75.96851348876953,
      75.80569458007812,
      75.80262756347656,
      75.80076599121094,
      75.80467224121094
    ]
  },
  "test_latency_ms": {
    "avg": 219.26827392578124,
    "min": 213.75900268554688,
    "max": 223.38047790527344,
    "all": [
      213.75900268554688,
      215.45677185058594,
      223.22073364257812,
      223.38047790527344,
      220.52438354492188
    ]
  },
  "num_runs": 5,
  "model_init_args": [
    48,
    24,
    3
  ],
  "model_init_kwargs": {},
  "seed": 100,
  "align_stats": {
    "pair_aligner": 1,
    "copied_same_shape": 1,
    "mapped_shape": 0,
    "skipped": 0,
    "pair_key": "Model->ModelNew"
  },
  "runnable": true,
  "phase": "seed_0",
  "score": 0.3458615029669939
}