{
  "timestamp": "2025-12-13T16:21:08",
  "reference_file": "KernelBench/level1_low_score/57_conv_transposed_2D__square_input__square_kernel.py",
  "candidate_file": "/home/hyc/LLMKernel/run/20251213_160642_batch_range56to65_openai_deepseek/57_conv_transposed_2D__square_input__square_kernel/code/kernel_20251213_162053.py",
  "tolerance": 0.001,
  "max_abs_err": 0.000799715518951416,
  "mean_abs_err": 0.00019397128198761493,
  "ref_latency_ms": {
    "avg": 16.707577514648438,
    "min": 16.60108757019043,
    "max": 16.780288696289062,
    "all": [
      16.773984909057617,
      16.76595115661621,
      16.780288696289062,
      16.60108757019043,
      16.616575241088867
    ]
  },
  "test_latency_ms": {
    "avg": 60.29425888061523,
    "min": 60.22246551513672,
    "max": 60.4117431640625,
    "all": [
      60.22246551513672,
      60.27571105957031,
      60.4117431640625,
      60.279518127441406,
      60.281856536865234
    ]
  },
  "num_runs": 5,
  "model_init_args": [
    64,
    64,
    3
  ],
  "model_init_kwargs": {},
  "seed": 100,
  "align_stats": {
    "pair_aligner": 1,
    "copied_same_shape": 1,
    "mapped_shape": 0,
    "skipped": 0,
    "pair_key": "Model->ModelNew"
  },
  "runnable": true,
  "phase": "stage4_advanced_memory",
  "pytorch_baseline_ms": 16.493772888183592,
  "score": 0.2735546168805532
}