{
  "timestamp": "2025-12-13T16:19:09",
  "reference_file": "KernelBench/level1_low_score/57_conv_transposed_2D__square_input__square_kernel.py",
  "candidate_file": "/home/hyc/LLMKernel/run/20251213_160642_batch_range56to65_openai_deepseek/57_conv_transposed_2D__square_input__square_kernel/code/kernel_20251213_161852.py",
  "tolerance": 0.001,
  "max_abs_err": 0.000799715518951416,
  "mean_abs_err": 0.00019397128198761493,
  "ref_latency_ms": {
    "avg": 16.402374267578125,
    "min": 16.38604736328125,
    "max": 16.4597110748291,
    "all": [
      16.4597110748291,
      16.38684844970703,
      16.38604736328125,
      16.38809585571289,
      16.39116859436035
    ]
  },
  "test_latency_ms": {
    "avg": 40.32985000610351,
    "min": 39.93907165527344,
    "max": 40.70912170410156,
    "all": [
      40.70809555053711,
      40.70912170410156,
      40.2454719543457,
      40.047489166259766,
      39.93907165527344
    ]
  },
  "num_runs": 5,
  "model_init_args": [
    64,
    64,
    3
  ],
  "model_init_kwargs": {},
  "seed": 100,
  "align_stats": {
    "pair_aligner": 1,
    "copied_same_shape": 1,
    "mapped_shape": 0,
    "skipped": 0,
    "pair_key": "Model->ModelNew"
  },
  "runnable": true,
  "phase": "stage3_repair",
  "pytorch_baseline_ms": 16.493772888183592,
  "score": 0.40897183812207155
}