{
  "timestamp": "2025-12-23T12:17:10",
  "reference_file": "KernelBench/t/57_conv_transposed_2D__square_input__square_kernel.py",
  "candidate_file": "/home/hyc/LLMKernel/run/20251223_112828_batch_range49to58_openai_deepseek/57_conv_transposed_2D__square_input__square_kernel/code/kernel_20251223_121701.py",
  "tolerance": 1,
  "max_abs_err": 0.0007995367050170898,
  "mean_abs_err": 0.00019384673214517534,
  "ref_latency_ms": {
    "avg": 15.38424301147461,
    "min": 15.37558364868164,
    "max": 15.4071683883667,
    "all": [
      15.4071683883667,
      15.378751754760742,
      15.37558364868164,
      15.37615966796875,
      15.383551597595215
    ]
  },
  "test_latency_ms": {
    "avg": 25.49837455749512,
    "min": 25.440256118774414,
    "max": 25.53321647644043,
    "all": [
      25.53321647644043,
      25.5283203125,
      25.52729606628418,
      25.462783813476562,
      25.440256118774414
    ]
  },
  "num_runs": 5,
  "model_init_args": [
    64,
    64,
    3
  ],
  "model_init_kwargs": {},
  "seed": 100,
  "align_stats": {
    "pair_aligner": 1,
    "copied_same_shape": 1,
    "mapped_shape": 0,
    "skipped": 0,
    "pair_key": "Model->ModelNew"
  },
  "runnable": true,
  "phase": "stage3_memory_and_tuning",
  "pytorch_baseline_ms": 15.533901023864747,
  "score": 0.6092114220393956
}