{
  "timestamp": "2025-12-13T16:14:04",
  "reference_file": "KernelBench/level1_low_score/57_conv_transposed_2D__square_input__square_kernel.py",
  "candidate_file": "/home/hyc/LLMKernel/run/20251213_160642_batch_range56to65_openai_deepseek/57_conv_transposed_2D__square_input__square_kernel/code/kernel_20251213_161355.py",
  "tolerance": 0.001,
  "max_abs_err": 0.000799715518951416,
  "mean_abs_err": 0.00019397128198761493,
  "ref_latency_ms": {
    "avg": 16.681625747680663,
    "min": 16.574464797973633,
    "max": 16.77516746520996,
    "all": [
      16.739328384399414,
      16.736255645751953,
      16.77516746520996,
      16.574464797973633,
      16.58291244506836
    ]
  },
  "test_latency_ms": {
    "avg": 39.477850341796874,
    "min": 39.3900146484375,
    "max": 39.56633758544922,
    "all": [
      39.420928955078125,
      39.3900146484375,
      39.4700813293457,
      39.56633758544922,
      39.54188919067383
    ]
  },
  "num_runs": 5,
  "model_init_args": [
    64,
    64,
    3
  ],
  "model_init_kwargs": {},
  "seed": 100,
  "align_stats": {
    "pair_aligner": 1,
    "copied_same_shape": 1,
    "mapped_shape": 0,
    "skipped": 0,
    "pair_key": "Model->ModelNew"
  },
  "runnable": true,
  "phase": "stage2_block_tiling",
  "pytorch_baseline_ms": 16.493772888183592,
  "score": 0.4177981512514357
}