{
  "timestamp": "2025-12-23T12:13:06",
  "reference_file": "KernelBench/t/57_conv_transposed_2D__square_input__square_kernel.py",
  "candidate_file": "/home/hyc/LLMKernel/run/20251223_112828_batch_range49to58_openai_deepseek/57_conv_transposed_2D__square_input__square_kernel/code/kernel_20251223_121259.py",
  "tolerance": 1,
  "max_abs_err": 0.0007992386817932129,
  "mean_abs_err": 0.0001938699570018798,
  "ref_latency_ms": {
    "avg": 15.28167667388916,
    "min": 15.053728103637695,
    "max": 15.619071960449219,
    "all": [
      15.062015533447266,
      15.053728103637695,
      15.084351539611816,
      15.589216232299805,
      15.619071960449219
    ]
  },
  "test_latency_ms": {
    "avg": 46.918399047851565,
    "min": 46.89516830444336,
    "max": 46.96156692504883,
    "all": [
      46.96156692504883,
      46.92047882080078,
      46.89817428588867,
      46.89516830444336,
      46.91660690307617
    ]
  },
  "num_runs": 5,
  "model_init_args": [
    64,
    64,
    3
  ],
  "model_init_kwargs": {},
  "seed": 100,
  "align_stats": {
    "pair_aligner": 1,
    "copied_same_shape": 1,
    "mapped_shape": 0,
    "skipped": 0,
    "pair_key": "Model->ModelNew"
  },
  "runnable": true,
  "phase": "algorithm_optimized_seed0",
  "pytorch_baseline_ms": 15.533901023864747,
  "score": 0.33108335619086
}