{
  "timestamp": "2025-12-13T16:09:31",
  "reference_file": "KernelBench/level1_low_score/57_conv_transposed_2D__square_input__square_kernel.py",
  "candidate_file": "/home/hyc/LLMKernel/run/20251213_160642_batch_range56to65_openai_deepseek/57_conv_transposed_2D__square_input__square_kernel/code/kernel_20251213_160923.py",
  "tolerance": 0.001,
  "max_abs_err": 0.000799715518951416,
  "mean_abs_err": 0.00019397128198761493,
  "ref_latency_ms": {
    "avg": 16.493772888183592,
    "min": 16.287744522094727,
    "max": 16.748544692993164,
    "all": [
      16.748544692993164,
      16.480255126953125,
      16.488447189331055,
      16.4638729095459,
      16.287744522094727
    ]
  },
  "test_latency_ms": {
    "avg": 74.5409927368164,
    "min": 74.52134704589844,
    "max": 74.57279968261719,
    "all": [
      74.52134704589844,
      74.57279968261719,
      74.53072357177734,
      74.52671813964844,
      74.55337524414062
    ]
  },
  "num_runs": 5,
  "model_init_args": [
    64,
    64,
    3
  ],
  "model_init_kwargs": {},
  "seed": 100,
  "align_stats": {
    "pair_aligner": 1,
    "copied_same_shape": 1,
    "mapped_shape": 0,
    "skipped": 0,
    "pair_key": "Model->ModelNew"
  },
  "runnable": true,
  "phase": "seed",
  "score": 0.22127117284872413
}