{
  "timestamp": "2025-12-23T12:11:14",
  "reference_file": "KernelBench/t/57_conv_transposed_2D__square_input__square_kernel.py",
  "candidate_file": "/home/hyc/LLMKernel/run/20251223_112828_batch_range49to58_openai_deepseek/57_conv_transposed_2D__square_input__square_kernel/code/kernel_20251223_121106.py",
  "tolerance": 1,
  "max_abs_err": 0.0007995367050170898,
  "mean_abs_err": 0.00019384673214517534,
  "ref_latency_ms": {
    "avg": 15.533901023864747,
    "min": 15.414079666137695,
    "max": 15.618176460266113,
    "all": [
      15.414079666137695,
      15.556608200073242,
      15.463616371154785,
      15.617024421691895,
      15.618176460266113
    ]
  },
  "test_latency_ms": {
    "avg": 26.21521911621094,
    "min": 26.161151885986328,
    "max": 26.31475257873535,
    "all": [
      26.31475257873535,
      26.215423583984375,
      26.214399337768555,
      26.161151885986328,
      26.170368194580078
    ]
  },
  "num_runs": 5,
  "model_init_args": [
    64,
    64,
    3
  ],
  "model_init_kwargs": {},
  "seed": 100,
  "align_stats": {
    "pair_aligner": 1,
    "copied_same_shape": 1,
    "mapped_shape": 0,
    "skipped": 0,
    "pair_key": "Model->ModelNew"
  },
  "runnable": true,
  "phase": "seed_0",
  "score": 0.5925527822217939
}