{
  "timestamp": "2025-12-23T12:15:22",
  "reference_file": "KernelBench/t/57_conv_transposed_2D__square_input__square_kernel.py",
  "candidate_file": "/home/hyc/LLMKernel/run/20251223_112828_batch_range49to58_openai_deepseek/57_conv_transposed_2D__square_input__square_kernel/code/kernel_20251223_121513.py",
  "tolerance": 1,
  "max_abs_err": 0.0007995367050170898,
  "mean_abs_err": 0.00019384673214517534,
  "ref_latency_ms": {
    "avg": 15.320806312561036,
    "min": 15.167488098144531,
    "max": 15.69052791595459,
    "all": [
      15.18883228302002,
      15.167488098144531,
      15.17363166809082,
      15.69052791595459,
      15.383551597595215
    ]
  },
  "test_latency_ms": {
    "avg": 26.33621139526367,
    "min": 26.277727127075195,
    "max": 26.355712890625,
    "all": [
      26.349504470825195,
      26.355712890625,
      26.35161590576172,
      26.34649658203125,
      26.277727127075195
    ]
  },
  "num_runs": 5,
  "model_init_args": [
    64,
    64,
    3
  ],
  "model_init_kwargs": {},
  "seed": 100,
  "align_stats": {
    "pair_aligner": 1,
    "copied_same_shape": 1,
    "mapped_shape": 0,
    "skipped": 0,
    "pair_key": "Model->ModelNew"
  },
  "runnable": true,
  "phase": "stage2_block_tiling",
  "pytorch_baseline_ms": 15.533901023864747,
  "score": 0.589830510954145
}