{
  "timestamp": "2025-12-13T16:11:30",
  "reference_file": "KernelBench/level1_low_score/57_conv_transposed_2D__square_input__square_kernel.py",
  "candidate_file": "/home/hyc/LLMKernel/run/20251213_160642_batch_range56to65_openai_deepseek/57_conv_transposed_2D__square_input__square_kernel/code/kernel_20251213_161119.py",
  "tolerance": 0.001,
  "max_abs_err": 0.000799715518951416,
  "mean_abs_err": 0.00019397128198761493,
  "ref_latency_ms": {
    "avg": 16.40975341796875,
    "min": 16.39414405822754,
    "max": 16.42803192138672,
    "all": [
      16.42803192138672,
      16.409536361694336,
      16.40959930419922,
      16.407455444335938,
      16.39414405822754
    ]
  },
  "test_latency_ms": {
    "avg": 72.28943939208985,
    "min": 72.03721618652344,
    "max": 72.36505889892578,
    "all": [
      72.03721618652344,
      72.36505889892578,
      72.34559631347656,
      72.35987091064453,
      72.3394546508789
    ]
  },
  "num_runs": 5,
  "model_init_args": [
    64,
    64,
    3
  ],
  "model_init_kwargs": {},
  "seed": 100,
  "align_stats": {
    "pair_aligner": 1,
    "copied_same_shape": 1,
    "mapped_shape": 0,
    "skipped": 0,
    "pair_key": "Model->ModelNew"
  },
  "runnable": true,
  "phase": "stage1_grid_and_parallel",
  "pytorch_baseline_ms": 16.493772888183592,
  "score": 0.2281629658064328
}