{
  "timestamp": "2025-12-23T12:14:05",
  "reference_file": "KernelBench/t/57_conv_transposed_2D__square_input__square_kernel.py",
  "candidate_file": "/home/hyc/LLMKernel/run/20251223_112828_batch_range49to58_openai_deepseek/57_conv_transposed_2D__square_input__square_kernel/code/kernel_20251223_121357.py",
  "tolerance": 1,
  "max_abs_err": 0.0007995367050170898,
  "mean_abs_err": 0.00019384673214517534,
  "ref_latency_ms": {
    "avg": 15.416934585571289,
    "min": 15.052800178527832,
    "max": 15.620096206665039,
    "all": [
      15.052800178527832,
      15.620096206665039,
      15.509504318237305,
      15.448063850402832,
      15.454208374023438
    ]
  },
  "test_latency_ms": {
    "avg": 26.21378517150879,
    "min": 26.160127639770508,
    "max": 26.253311157226562,
    "all": [
      26.253311157226562,
      26.213375091552734,
      26.214399337768555,
      26.227712631225586,
      26.160127639770508
    ]
  },
  "num_runs": 5,
  "model_init_args": [
    64,
    64,
    3
  ],
  "model_init_kwargs": {},
  "seed": 100,
  "align_stats": {
    "pair_aligner": 1,
    "copied_same_shape": 1,
    "mapped_shape": 0,
    "skipped": 0,
    "pair_key": "Model->ModelNew"
  },
  "runnable": true,
  "phase": "stage1_grid_and_parallel",
  "pytorch_baseline_ms": 15.533901023864747,
  "score": 0.5925851960039795
}