{
  "timestamp": "2025-12-28T12:23:20",
  "reference_file": "KernelBench/select2/47_Sum_reduction_over_a_dimension.py",
  "candidate_file": "/home/hyc/LLMKernel/run/20251228_121433_batch_range47to63_openai_deepseek/47_Sum_reduction_over_a_dimension/code/kernel_20251228_122304.py",
  "tolerance": 1,
  "max_abs_err": 115244.875,
  "mean_abs_err": 110590.2421875,
  "ref_latency_ms": {
    "avg": 10.009190368652344,
    "min": 9.942015647888184,
    "max": 10.054656028747559,
    "all": [
      10.03007984161377,
      9.999360084533691,
      10.019840240478516,
      10.054656028747559,
      9.942015647888184
    ]
  },
  "test_latency_ms": {
    "avg": 9.009971237182617,
    "min": 9.005056381225586,
    "max": 9.01427173614502,
    "all": [
      9.01427173614502,
      9.011199951171875,
      9.005056381225586,
      9.00812816619873,
      9.011199951171875
    ]
  },
  "num_runs": 5,
  "model_init_args": [
    1
  ],
  "model_init_kwargs": {},
  "seed": 100,
  "align_stats": {
    "copied_same_shape": 0,
    "unique_shape_copied": 0,
    "mapped_shape": 0,
    "skipped": 0,
    "pair_aligner": 0,
    "pair_key": "Model->ModelNew"
  },
  "runnable": true,
  "phase": "stage2_block_tiling",
  "pytorch_baseline_ms": 9.990508842468262,
  "score": 1.108828050553495
}