{
  "timestamp": "2025-12-28T12:22:04",
  "reference_file": "KernelBench/select2/47_Sum_reduction_over_a_dimension.py",
  "candidate_file": "/home/hyc/LLMKernel/run/20251228_121433_batch_range47to63_openai_deepseek/47_Sum_reduction_over_a_dimension/code/kernel_20251228_122148.py",
  "tolerance": 1,
  "max_abs_err": 0.0009765625,
  "mean_abs_err": 0.0001392976992065087,
  "ref_latency_ms": {
    "avg": 9.992806243896485,
    "min": 9.965567588806152,
    "max": 10.030847549438477,
    "all": [
      9.97708797454834,
      9.974783897399902,
      9.965567588806152,
      10.01574420928955,
      10.030847549438477
    ]
  },
  "test_latency_ms": {
    "avg": 9.378816032409668,
    "min": 9.368576049804688,
    "max": 9.391103744506836,
    "all": [
      9.388031959533691,
      9.376768112182617,
      9.368576049804688,
      9.369600296020508,
      9.391103744506836
    ]
  },
  "num_runs": 5,
  "model_init_args": [
    1
  ],
  "model_init_kwargs": {},
  "seed": 100,
  "align_stats": {
    "copied_same_shape": 0,
    "unique_shape_copied": 0,
    "mapped_shape": 0,
    "skipped": 0,
    "pair_aligner": 0,
    "pair_key": "Model->ModelNew"
  },
  "runnable": true,
  "phase": "stage1_grid_and_parallel",
  "pytorch_baseline_ms": 9.990508842468262,
  "score": 1.0652206854196535
}