{
  "timestamp": "2025-12-13T08:51:37",
  "reference_file": "KernelBench/level1_low_score/47_Sum_reduction_over_a_dimension.py",
  "candidate_file": "/home/hyc/LLMKernel/run/20251213_080538_batch_range6to66_openai_deepseek/47_Sum_reduction_over_a_dimension/code/kernel_20251213_085121.py",
  "tolerance": 0.001,
  "max_abs_err": 0.0009765625,
  "mean_abs_err": 0.00013505612150765955,
  "ref_latency_ms": {
    "avg": 10.013875007629395,
    "min": 9.942943572998047,
    "max": 10.07817554473877,
    "all": [
      10.035200119018555,
      10.07817554473877,
      9.942943572998047,
      9.984000205993652,
      10.02905559539795
    ]
  },
  "test_latency_ms": {
    "avg": 86.54663696289063,
    "min": 86.47663879394531,
    "max": 86.65087890625,
    "all": [
      86.58739471435547,
      86.50752258300781,
      86.51074981689453,
      86.47663879394531,
      86.65087890625
    ]
  },
  "num_runs": 5,
  "model_init_args": [
    1
  ],
  "model_init_kwargs": {},
  "seed": 100,
  "align_stats": {
    "copied_same_shape": 0,
    "unique_shape_copied": 0,
    "mapped_shape": 0,
    "skipped": 0,
    "pair_aligner": 0,
    "pair_key": "Model->ModelNew"
  },
  "runnable": true,
  "phase": "seed_repair",
  "score": 0.11570495814786116
}