{
  "timestamp": "2025-12-28T12:17:02",
  "reference_file": "KernelBench/select2/47_Sum_reduction_over_a_dimension.py",
  "candidate_file": "/home/hyc/LLMKernel/run/20251228_121433_batch_range47to63_openai_deepseek/47_Sum_reduction_over_a_dimension/code/kernel_20251228_121647.py",
  "tolerance": 1,
  "max_abs_err": 0.0089111328125,
  "mean_abs_err": 0.0013740651775151491,
  "ref_latency_ms": {
    "avg": 9.994816017150878,
    "min": 9.964544296264648,
    "max": 10.02086353302002,
    "all": [
      9.964544296264648,
      10.02086353302002,
      9.98192024230957,
      9.989983558654785,
      10.016768455505371
    ]
  },
  "test_latency_ms": {
    "avg": 11.566617584228515,
    "min": 11.529215812683105,
    "max": 11.669504165649414,
    "all": [
      11.669504165649414,
      11.549471855163574,
      11.529215812683105,
      11.549535751342773,
      11.535360336303711
    ]
  },
  "num_runs": 5,
  "model_init_args": [
    1
  ],
  "model_init_kwargs": {},
  "seed": 100,
  "align_stats": {
    "copied_same_shape": 0,
    "unique_shape_copied": 0,
    "mapped_shape": 0,
    "skipped": 0,
    "pair_aligner": 0,
    "pair_key": "Model->ModelNew"
  },
  "runnable": true,
  "phase": "seed_1",
  "pytorch_baseline_ms": 9.990508842468262,
  "score": 0.86373641816348
}