{
  "timestamp": "2025-12-28T12:15:48",
  "reference_file": "KernelBench/select2/47_Sum_reduction_over_a_dimension.py",
  "candidate_file": "/home/hyc/LLMKernel/run/20251228_121433_batch_range47to63_openai_deepseek/47_Sum_reduction_over_a_dimension/code/kernel_20251228_121532.py",
  "tolerance": 1,
  "max_abs_err": 0.000732421875,
  "mean_abs_err": 0.00010318197018932551,
  "ref_latency_ms": {
    "avg": 9.990508842468262,
    "min": 9.95622444152832,
    "max": 10.065823554992676,
    "all": [
      9.984000205993652,
      10.065823554992676,
      9.95622444152832,
      9.972736358642578,
      9.973759651184082
    ]
  },
  "test_latency_ms": {
    "avg": 32.85582046508789,
    "min": 32.84563064575195,
    "max": 32.8724479675293,
    "all": [
      32.85504150390625,
      32.85606384277344,
      32.84563064575195,
      32.849918365478516,
      32.8724479675293
    ]
  },
  "num_runs": 5,
  "model_init_args": [
    1
  ],
  "model_init_kwargs": {},
  "seed": 100,
  "align_stats": {
    "copied_same_shape": 0,
    "unique_shape_copied": 0,
    "mapped_shape": 0,
    "skipped": 0,
    "pair_aligner": 0,
    "pair_key": "Model->ModelNew"
  },
  "runnable": true,
  "phase": "seed_0",
  "score": 0.30407120263771925
}