{
  "timestamp": "2025-12-28T12:18:50",
  "reference_file": "KernelBench/select2/47_Sum_reduction_over_a_dimension.py",
  "candidate_file": "/home/hyc/LLMKernel/run/20251228_121433_batch_range47to63_openai_deepseek/47_Sum_reduction_over_a_dimension/code/kernel_20251228_121835.py",
  "tolerance": 1,
  "max_abs_err": 0.000732421875,
  "mean_abs_err": 0.00010319059219909832,
  "ref_latency_ms": {
    "avg": 10.004870414733887,
    "min": 9.957375526428223,
    "max": 10.054400444030762,
    "all": [
      10.017824172973633,
      9.959615707397461,
      9.957375526428223,
      10.054400444030762,
      10.035136222839355
    ]
  },
  "test_latency_ms": {
    "avg": 56.030809783935545,
    "min": 56.015872955322266,
    "max": 56.04857635498047,
    "all": [
      56.04857635498047,
      56.034305572509766,
      56.01996612548828,
      56.03532791137695,
      56.015872955322266
    ]
  },
  "num_runs": 5,
  "model_init_args": [
    1
  ],
  "model_init_kwargs": {},
  "seed": 100,
  "align_stats": {
    "copied_same_shape": 0,
    "unique_shape_copied": 0,
    "mapped_shape": 0,
    "skipped": 0,
    "pair_aligner": 0,
    "pair_key": "Model->ModelNew"
  },
  "runnable": true,
  "phase": "algorithm_optimized_seed0",
  "pytorch_baseline_ms": 9.990508842468262,
  "score": 0.17830384534853924
}