{
  "timestamp": "2025-12-28T12:20:39",
  "reference_file": "KernelBench/select2/47_Sum_reduction_over_a_dimension.py",
  "candidate_file": "/home/hyc/LLMKernel/run/20251228_121433_batch_range47to63_openai_deepseek/47_Sum_reduction_over_a_dimension/code/kernel_20251228_122023.py",
  "tolerance": 1,
  "max_abs_err": 0.0009765625,
  "mean_abs_err": 0.0001392976992065087,
  "ref_latency_ms": {
    "avg": 9.972992134094238,
    "min": 9.9617280960083,
    "max": 9.991168022155762,
    "all": [
      9.9617280960083,
      9.964832305908203,
      9.962495803833008,
      9.991168022155762,
      9.984736442565918
    ]
  },
  "test_latency_ms": {
    "avg": 10.28078727722168,
    "min": 10.256383895874023,
    "max": 10.299391746520996,
    "all": [
      10.26576042175293,
      10.297344207763672,
      10.285056114196777,
      10.256383895874023,
      10.299391746520996
    ]
  },
  "num_runs": 5,
  "model_init_args": [
    1
  ],
  "model_init_kwargs": {},
  "seed": 100,
  "align_stats": {
    "copied_same_shape": 0,
    "unique_shape_copied": 0,
    "mapped_shape": 0,
    "skipped": 0,
    "pair_aligner": 0,
    "pair_key": "Model->ModelNew"
  },
  "runnable": true,
  "phase": "algorithm_optimized_seed1",
  "pytorch_baseline_ms": 9.990508842468262,
  "score": 0.9717649605107028
}