{
  "timestamp": "2025-12-14T03:21:57",
  "reference_file": "KernelBench/level1_low_score/53_Min_reduction_over_a_dimension.py",
  "candidate_file": "/home/hyc/LLMKernel/run/20251214_030720_batch_range50to68_openai_deepseek/53_Min_reduction_over_a_dimension/code/kernel_20251214_032137.py",
  "tolerance": 0.001,
  "max_abs_err": 0.0,
  "mean_abs_err": 0.0,
  "ref_latency_ms": {
    "avg": 9.990572929382324,
    "min": 9.93280029296875,
    "max": 10.034272193908691,
    "all": [
      9.93280029296875,
      9.954303741455078,
      10.028032302856445,
      10.003456115722656,
      10.034272193908691
    ]
  },
  "test_latency_ms": {
    "avg": 9.039628791809083,
    "min": 9.031392097473145,
    "max": 9.050111770629883,
    "all": [
      9.050111770629883,
      9.031392097473145,
      9.037919998168945,
      9.039872169494629,
      9.038847923278809
    ]
  },
  "num_runs": 5,
  "model_init_args": [
    1
  ],
  "model_init_kwargs": {},
  "seed": 100,
  "align_stats": {
    "copied_same_shape": 0,
    "unique_shape_copied": 0,
    "mapped_shape": 0,
    "skipped": 0,
    "pair_aligner": 0,
    "pair_key": "Model->ModelNew"
  },
  "runnable": true,
  "phase": "stage3_memory_access",
  "pytorch_baseline_ms": 9.985036849975586,
  "score": 1.1045848319593774
}