{
  "timestamp": "2025-12-14T03:19:36",
  "reference_file": "KernelBench/level1_low_score/53_Min_reduction_over_a_dimension.py",
  "candidate_file": "/home/hyc/LLMKernel/run/20251214_030720_batch_range50to68_openai_deepseek/53_Min_reduction_over_a_dimension/code/kernel_20251214_031919.py",
  "tolerance": 0.001,
  "max_abs_err": 0.0,
  "mean_abs_err": 0.0,
  "ref_latency_ms": {
    "avg": 10.003603172302245,
    "min": 9.958399772644043,
    "max": 10.070783615112305,
    "all": [
      10.070783615112305,
      10.02393627166748,
      10.002400398254395,
      9.958399772644043,
      9.962495803833008
    ]
  },
  "test_latency_ms": {
    "avg": 11.802623748779297,
    "min": 11.749279975891113,
    "max": 11.846783638000488,
    "all": [
      11.749279975891113,
      11.779071807861328,
      11.846783638000488,
      11.831263542175293,
      11.806719779968262
    ]
  },
  "num_runs": 5,
  "model_init_args": [
    1
  ],
  "model_init_kwargs": {},
  "seed": 100,
  "align_stats": {
    "copied_same_shape": 0,
    "unique_shape_copied": 0,
    "mapped_shape": 0,
    "skipped": 0,
    "pair_aligner": 0,
    "pair_key": "Model->ModelNew"
  },
  "runnable": true,
  "phase": "stage2_block_tiling",
  "pytorch_baseline_ms": 9.985036849975586,
  "score": 0.8460014537876209
}