{
  "timestamp": "2025-12-14T03:15:37",
  "reference_file": "KernelBench/level1_low_score/53_Min_reduction_over_a_dimension.py",
  "candidate_file": "/home/hyc/LLMKernel/run/20251214_030720_batch_range50to68_openai_deepseek/53_Min_reduction_over_a_dimension/code/kernel_20251214_031518.py",
  "tolerance": 0.001,
  "max_abs_err": 0.0,
  "mean_abs_err": 0.0,
  "ref_latency_ms": {
    "avg": 9.985036849975586,
    "min": 9.958399772644043,
    "max": 10.003616333007812,
    "all": [
      9.98902416229248,
      10.003616333007812,
      9.979904174804688,
      9.994239807128906,
      9.958399772644043
    ]
  },
  "test_latency_ms": {
    "avg": 23.338982391357423,
    "min": 23.232511520385742,
    "max": 23.436288833618164,
    "all": [
      23.436288833618164,
      23.30099105834961,
      23.232511520385742,
      23.346176147460938,
      23.378944396972656
    ]
  },
  "num_runs": 5,
  "model_init_args": [
    1
  ],
  "model_init_kwargs": {},
  "seed": 100,
  "align_stats": {
    "copied_same_shape": 0,
    "unique_shape_copied": 0,
    "mapped_shape": 0,
    "skipped": 0,
    "pair_aligner": 0,
    "pair_key": "Model->ModelNew"
  },
  "runnable": true,
  "phase": "seed",
  "score": 0.42782657283605946
}