{
  "timestamp": "2025-12-14T03:17:18",
  "reference_file": "KernelBench/level1_low_score/53_Min_reduction_over_a_dimension.py",
  "candidate_file": "/home/hyc/LLMKernel/run/20251214_030720_batch_range50to68_openai_deepseek/53_Min_reduction_over_a_dimension/code/kernel_20251214_031700.py",
  "tolerance": 0.001,
  "max_abs_err": 0.0,
  "mean_abs_err": 0.0,
  "ref_latency_ms": {
    "avg": 9.97519359588623,
    "min": 9.904128074645996,
    "max": 10.033151626586914,
    "all": [
      9.904128074645996,
      9.973759651184082,
      10.033151626586914,
      9.948160171508789,
      10.016768455505371
    ]
  },
  "test_latency_ms": {
    "avg": 11.523443031311036,
    "min": 11.498496055603027,
    "max": 11.552767753601074,
    "all": [
      11.505663871765137,
      11.498496055603027,
      11.528191566467285,
      11.532095909118652,
      11.552767753601074
    ]
  },
  "num_runs": 5,
  "model_init_args": [
    1
  ],
  "model_init_kwargs": {},
  "seed": 100,
  "align_stats": {
    "copied_same_shape": 0,
    "unique_shape_copied": 0,
    "mapped_shape": 0,
    "skipped": 0,
    "pair_aligner": 0,
    "pair_key": "Model->ModelNew"
  },
  "runnable": true,
  "phase": "stage1_grid_and_parallel",
  "pytorch_baseline_ms": 9.985036849975586,
  "score": 0.8664976971591429
}