{
  "timestamp": "2025-12-14T03:24:43",
  "reference_file": "KernelBench/level1_low_score/53_Min_reduction_over_a_dimension.py",
  "candidate_file": "/home/hyc/LLMKernel/run/20251214_030720_batch_range50to68_openai_deepseek/53_Min_reduction_over_a_dimension/code/kernel_20251214_032421.py",
  "tolerance": 0.001,
  "max_abs_err": 0.0,
  "mean_abs_err": 0.0,
  "ref_latency_ms": {
    "avg": 9.996435165405273,
    "min": 9.928704261779785,
    "max": 10.085375785827637,
    "all": [
      10.085375785827637,
      9.954303741455078,
      10.01968002319336,
      9.928704261779785,
      9.994112014770508
    ]
  },
  "test_latency_ms": {
    "avg": 9.448070526123047,
    "min": 9.423968315124512,
    "max": 9.483327865600586,
    "all": [
      9.483327865600586,
      9.423968315124512,
      9.443327903747559,
      9.461952209472656,
      9.427776336669922
    ]
  },
  "num_runs": 5,
  "model_init_args": [
    1
  ],
  "model_init_kwargs": {},
  "seed": 100,
  "align_stats": {
    "copied_same_shape": 0,
    "unique_shape_copied": 0,
    "mapped_shape": 0,
    "skipped": 0,
    "pair_aligner": 0,
    "pair_key": "Model->ModelNew"
  },
  "runnable": true,
  "phase": "stage4_advanced_memory",
  "pytorch_baseline_ms": 9.985036849975586,
  "score": 1.0568334373000154
}