{
  "timestamp": "2025-12-28T14:39:31",
  "reference_file": "KernelBench/tt/24_Conv3d_Min_Softmax.py",
  "candidate_file": "/home/hyc/LLMKernel/run/20251228_142934_batch_range24to33_openai_deepseek/24_Conv3d_Min_Softmax/code/kernel_20251228_143926.py",
  "tolerance": 1,
  "max_abs_err": 0.22144779562950134,
  "mean_abs_err": 0.029722804203629494,
  "ref_latency_ms": {
    "avg": 1.7088256120681762,
    "min": 1.7026560306549072,
    "max": 1.721343994140625,
    "all": [
      1.721343994140625,
      1.7080320119857788,
      1.7061439752578735,
      1.7026560306549072,
      1.7059520483016968
    ]
  },
  "test_latency_ms": {
    "avg": 4.1397631645202635,
    "min": 4.1359357833862305,
    "max": 4.146175861358643,
    "all": [
      4.146175861358643,
      4.139840126037598,
      4.136960029602051,
      4.1359357833862305,
      4.139904022216797
    ]
  },
  "num_runs": 5,
  "model_init_args": [
    3,
    24,
    3,
    2
  ],
  "model_init_kwargs": {},
  "seed": 100,
  "align_stats": {
    "pair_aligner": 1,
    "copied_same_shape": 1,
    "mapped_shape": 0,
    "skipped": 0,
    "pair_key": "Model->ModelNew"
  },
  "runnable": true,
  "phase": "stage2_block_tiling",
  "pytorch_baseline_ms": 1.7090240001678467,
  "score": 0.41283134620236106
}