{
  "timestamp": "2025-12-15T07:38:40",
  "reference_file": "KernelBench/level2/24_Conv3d_Min_Softmax.py",
  "candidate_file": "/home/hyc/LLMKernel/run/20251215_070831_batch_range21to25_openai_deepseek/24_Conv3d_Min_Softmax/code/kernel_20251215_073836.py",
  "tolerance": 0.001,
  "max_abs_err": 0.0,
  "mean_abs_err": 0.0,
  "ref_latency_ms": {
    "avg": 1.706163191795349,
    "min": 1.6998399496078491,
    "max": 1.7181440591812134,
    "all": [
      1.7181440591812134,
      1.7059839963912964,
      1.7018879652023315,
      1.6998399496078491,
      1.7049599885940552
    ]
  },
  "test_latency_ms": {
    "avg": 3.1582207679748535,
    "min": 3.155967950820923,
    "max": 3.16211199760437,
    "all": [
      3.1600639820098877,
      3.156991958618164,
      3.155967950820923,
      3.155967950820923,
      3.16211199760437
    ]
  },
  "num_runs": 5,
  "model_init_args": [
    3,
    24,
    3,
    2
  ],
  "model_init_kwargs": {},
  "seed": 100,
  "align_stats": {
    "pair_aligner": 1,
    "copied_same_shape": 1,
    "mapped_shape": 0,
    "skipped": 0,
    "pair_key": "Model->ModelNew"
  },
  "runnable": true,
  "phase": "seed",
  "score": 0.5402292357444639
}