{
  "timestamp": "2025-12-15T07:47:17",
  "reference_file": "KernelBench/level2/24_Conv3d_Min_Softmax.py",
  "candidate_file": "/home/hyc/LLMKernel/run/20251215_070831_batch_range21to25_openai_deepseek/24_Conv3d_Min_Softmax/code/kernel_20251215_074713.py",
  "tolerance": 0.001,
  "max_abs_err": 5.455315113067627e-05,
  "mean_abs_err": 7.58751411922276e-06,
  "ref_latency_ms": {
    "avg": 1.7059008121490478,
    "min": 1.698815941810608,
    "max": 1.7172479629516602,
    "all": [
      1.7172479629516602,
      1.7089600563049316,
      1.698815941810608,
      1.7017600536346436,
      1.702720046043396
    ]
  },
  "test_latency_ms": {
    "avg": 1.7864383935928345,
    "min": 1.7838079929351807,
    "max": 1.7897919416427612,
    "all": [
      1.7897919416427612,
      1.785856008529663,
      1.7838079929351807,
      1.7838079929351807,
      1.7889280319213867
    ]
  },
  "num_runs": 5,
  "model_init_args": [
    3,
    24,
    3,
    2
  ],
  "model_init_kwargs": {},
  "seed": 100,
  "align_stats": {
    "pair_aligner": 1,
    "copied_same_shape": 1,
    "mapped_shape": 0,
    "skipped": 0,
    "pair_key": "Model->ModelNew"
  },
  "runnable": true,
  "phase": "stage4_advanced_memory",
  "pytorch_baseline_ms": 1.706163191795349,
  "score": 0.9550641085159179
}