{
  "timestamp": "2025-12-28T14:33:01",
  "reference_file": "KernelBench/tt/24_Conv3d_Min_Softmax.py",
  "candidate_file": "/home/hyc/LLMKernel/run/20251228_142934_batch_range24to33_openai_deepseek/24_Conv3d_Min_Softmax/code/kernel_20251228_143256.py",
  "tolerance": 1,
  "max_abs_err": 5.455315113067627e-05,
  "mean_abs_err": 7.5872044362768065e-06,
  "ref_latency_ms": {
    "avg": 1.7086015939712524,
    "min": 1.7048319578170776,
    "max": 1.7192319631576538,
    "all": [
      1.7192319631576538,
      1.7049599885940552,
      1.7059520483016968,
      1.7048319578170776,
      1.7080320119857788
    ]
  },
  "test_latency_ms": {
    "avg": 3.8477631568908692,
    "min": 3.846143960952759,
    "max": 3.8492159843444824,
    "all": [
      3.8492159843444824,
      3.84716796875,
      3.846143960952759,
      3.847071886062622,
      3.8492159843444824
    ]
  },
  "num_runs": 5,
  "model_init_args": [
    3,
    24,
    3,
    2
  ],
  "model_init_kwargs": {},
  "seed": 100,
  "align_stats": {
    "pair_aligner": 1,
    "copied_same_shape": 1,
    "mapped_shape": 0,
    "skipped": 0,
    "pair_key": "Model->ModelNew"
  },
  "runnable": true,
  "phase": "seed_1",
  "pytorch_baseline_ms": 1.7090240001678467,
  "score": 0.44416039409993197
}