{
  "timestamp": "2025-12-28T14:31:05",
  "reference_file": "KernelBench/tt/24_Conv3d_Min_Softmax.py",
  "candidate_file": "/home/hyc/LLMKernel/run/20251228_142934_batch_range24to33_openai_deepseek/24_Conv3d_Min_Softmax/code/kernel_20251228_143101.py",
  "tolerance": 1,
  "max_abs_err": 0.23168227076530457,
  "mean_abs_err": 0.029903963208198547,
  "ref_latency_ms": {
    "avg": 1.7090240001678467,
    "min": 1.703935980796814,
    "max": 1.7203199863433838,
    "all": [
      1.7203199863433838,
      1.7078720331192017,
      1.7049599885940552,
      1.703935980796814,
      1.7080320119857788
    ]
  },
  "test_latency_ms": {
    "avg": 3.1191039085388184,
    "min": 3.117055892944336,
    "max": 3.122175931930542,
    "all": [
      3.1201279163360596,
      3.1191039085388184,
      3.117055892944336,
      3.117055892944336,
      3.122175931930542
    ]
  },
  "num_runs": 5,
  "model_init_args": [
    3,
    24,
    3,
    2
  ],
  "model_init_kwargs": {},
  "seed": 100,
  "align_stats": {
    "pair_aligner": 1,
    "copied_same_shape": 1,
    "mapped_shape": 0,
    "skipped": 0,
    "pair_key": "Model->ModelNew"
  },
  "runnable": true,
  "phase": "seed_0",
  "score": 0.5479214704868424
}