{
  "timestamp": "2025-12-28T14:36:55",
  "reference_file": "KernelBench/tt/24_Conv3d_Min_Softmax.py",
  "candidate_file": "/home/hyc/LLMKernel/run/20251228_142934_batch_range24to33_openai_deepseek/24_Conv3d_Min_Softmax/code/kernel_20251228_143651.py",
  "tolerance": 1,
  "max_abs_err": 5.455315113067627e-05,
  "mean_abs_err": 7.5872044362768065e-06,
  "ref_latency_ms": {
    "avg": 1.7106752157211305,
    "min": 1.7058240175247192,
    "max": 1.721343994140625,
    "all": [
      1.721343994140625,
      1.71014404296875,
      1.70905601978302,
      1.7058240175247192,
      1.7070080041885376
    ]
  },
  "test_latency_ms": {
    "avg": 1.340441608428955,
    "min": 1.334272027015686,
    "max": 1.3475840091705322,
    "all": [
      1.3475840091705322,
      1.3404159545898438,
      1.3363200426101685,
      1.334272027015686,
      1.343616008758545
    ]
  },
  "num_runs": 5,
  "model_init_args": [
    3,
    24,
    3,
    2
  ],
  "model_init_kwargs": {},
  "seed": 100,
  "align_stats": {
    "pair_aligner": 1,
    "copied_same_shape": 1,
    "mapped_shape": 0,
    "skipped": 0,
    "pair_key": "Model->ModelNew"
  },
  "runnable": true,
  "phase": "algorithm_optimized_seed1",
  "pytorch_baseline_ms": 1.7090240001678467,
  "score": 1.274970867377717
}