{
  "timestamp": "2025-12-15T07:41:29",
  "reference_file": "KernelBench/level2/24_Conv3d_Min_Softmax.py",
  "candidate_file": "/home/hyc/LLMKernel/run/20251215_070831_batch_range21to25_openai_deepseek/24_Conv3d_Min_Softmax/code/kernel_20251215_074124.py",
  "tolerance": 0.001,
  "max_abs_err": 5.455315113067627e-05,
  "mean_abs_err": 7.58751411922276e-06,
  "ref_latency_ms": {
    "avg": 1.7060159683227538,
    "min": 1.7008639574050903,
    "max": 1.7182719707489014,
    "all": [
      1.7182719707489014,
      1.7029119729995728,
      1.7008639574050903,
      1.7049599885940552,
      1.70307195186615
    ]
  },
  "test_latency_ms": {
    "avg": 2.254054403305054,
    "min": 2.250783920288086,
    "max": 2.2568960189819336,
    "all": [
      2.2559680938720703,
      2.2527999877929688,
      2.25382399559021,
      2.250783920288086,
      2.2568960189819336
    ]
  },
  "num_runs": 5,
  "model_init_args": [
    3,
    24,
    3,
    2
  ],
  "model_init_kwargs": {},
  "seed": 100,
  "align_stats": {
    "pair_aligner": 1,
    "copied_same_shape": 1,
    "mapped_shape": 0,
    "skipped": 0,
    "pair_key": "Model->ModelNew"
  },
  "runnable": true,
  "phase": "stage1_grid_and_parallel",
  "pytorch_baseline_ms": 1.706163191795349,
  "score": 0.7569307951456948
}