{
  "timestamp": "2025-12-15T07:43:21",
  "reference_file": "KernelBench/level2/24_Conv3d_Min_Softmax.py",
  "candidate_file": "/home/hyc/LLMKernel/run/20251215_070831_batch_range21to25_openai_deepseek/24_Conv3d_Min_Softmax/code/kernel_20251215_074317.py",
  "tolerance": 0.001,
  "max_abs_err": 5.455315113067627e-05,
  "mean_abs_err": 7.58751411922276e-06,
  "ref_latency_ms": {
    "avg": 1.70590078830719,
    "min": 1.6996480226516724,
    "max": 1.7192959785461426,
    "all": [
      1.7192959785461426,
      1.7047359943389893,
      1.7029119729995728,
      1.6996480226516724,
      1.7029119729995728
    ]
  },
  "test_latency_ms": {
    "avg": 1.8331712007522583,
    "min": 1.8298879861831665,
    "max": 1.8362560272216797,
    "all": [
      1.8362560272216797,
      1.833791971206665,
      1.8309119939804077,
      1.8298879861831665,
      1.8350080251693726
    ]
  },
  "num_runs": 5,
  "model_init_args": [
    3,
    24,
    3,
    2
  ],
  "model_init_kwargs": {},
  "seed": 100,
  "align_stats": {
    "pair_aligner": 1,
    "copied_same_shape": 1,
    "mapped_shape": 0,
    "skipped": 0,
    "pair_key": "Model->ModelNew"
  },
  "runnable": true,
  "phase": "stage2_repair",
  "pytorch_baseline_ms": 1.706163191795349,
  "score": 0.9307167770774545
}