{
  "timestamp": "2025-12-15T07:46:17",
  "reference_file": "KernelBench/level2/24_Conv3d_Min_Softmax.py",
  "candidate_file": "/home/hyc/LLMKernel/run/20251215_070831_batch_range21to25_openai_deepseek/24_Conv3d_Min_Softmax/code/kernel_20251215_074610.py",
  "tolerance": 0.001,
  "max_abs_err": 5.455315113067627e-05,
  "mean_abs_err": 7.58751411922276e-06,
  "ref_latency_ms": {
    "avg": 1.7053759813308715,
    "min": 1.6989760398864746,
    "max": 1.7182719707489014,
    "all": [
      1.7182719707489014,
      1.7049599885940552,
      1.7008639574050903,
      1.6989760398864746,
      1.7038079500198364
    ]
  },
  "test_latency_ms": {
    "avg": 1.8343936204910278,
    "min": 1.831936001777649,
    "max": 1.837056040763855,
    "all": [
      1.837056040763855,
      1.8329600095748901,
      1.831936001777649,
      1.8329600095748901,
      1.837056040763855
    ]
  },
  "num_runs": 5,
  "model_init_args": [
    3,
    24,
    3,
    2
  ],
  "model_init_kwargs": {},
  "seed": 100,
  "align_stats": {
    "pair_aligner": 1,
    "copied_same_shape": 1,
    "mapped_shape": 0,
    "skipped": 0,
    "pair_key": "Model->ModelNew"
  },
  "runnable": true,
  "phase": "stage3_repair",
  "pytorch_baseline_ms": 1.706163191795349,
  "score": 0.9300965576508305
}