{
  "timestamp": "2025-12-28T14:34:26",
  "reference_file": "KernelBench/tt/24_Conv3d_Min_Softmax.py",
  "candidate_file": "/home/hyc/LLMKernel/run/20251228_142934_batch_range24to33_openai_deepseek/24_Conv3d_Min_Softmax/code/kernel_20251228_143422.py",
  "tolerance": 1,
  "max_abs_err": 0.23168227076530457,
  "mean_abs_err": 0.029903963208198547,
  "ref_latency_ms": {
    "avg": 1.709222412109375,
    "min": 1.7059520483016968,
    "max": 1.7203199863433838,
    "all": [
      1.7203199863433838,
      1.7070080041885376,
      1.7068480253219604,
      1.7059520483016968,
      1.7059839963912964
    ]
  },
  "test_latency_ms": {
    "avg": 1.2271167755126953,
    "min": 1.218559980392456,
    "max": 1.2318719625473022,
    "all": [
      1.2318719625473022,
      1.2318719625473022,
      1.2234560251235962,
      1.218559980392456,
      1.2298239469528198
    ]
  },
  "num_runs": 5,
  "model_init_args": [
    3,
    24,
    3,
    2
  ],
  "model_init_kwargs": {},
  "seed": 100,
  "align_stats": {
    "pair_aligner": 1,
    "copied_same_shape": 1,
    "mapped_shape": 0,
    "skipped": 0,
    "pair_key": "Model->ModelNew"
  },
  "runnable": true,
  "phase": "algorithm_optimized_seed0",
  "pytorch_baseline_ms": 1.7090240001678467,
  "score": 1.392715049025231
}