{
  "timestamp": "2025-12-28T14:38:38",
  "reference_file": "KernelBench/tt/24_Conv3d_Min_Softmax.py",
  "candidate_file": "/home/hyc/LLMKernel/run/20251228_142934_batch_range24to33_openai_deepseek/24_Conv3d_Min_Softmax/code/kernel_20251228_143834.py",
  "tolerance": 1,
  "max_abs_err": 0.22144779562950134,
  "mean_abs_err": 0.029722804203629494,
  "ref_latency_ms": {
    "avg": 1.7088383913040162,
    "min": 1.7029119729995728,
    "max": 1.7223680019378662,
    "all": [
      1.7223680019378662,
      1.7080320119857788,
      1.7049599885940552,
      1.7029119729995728,
      1.7059199810028076
    ]
  },
  "test_latency_ms": {
    "avg": 7.23438081741333,
    "min": 7.227392196655273,
    "max": 7.2427520751953125,
    "all": [
      7.238656044006348,
      7.2325119972229,
      7.227392196655273,
      7.230591773986816,
      7.2427520751953125
    ]
  },
  "num_runs": 5,
  "model_init_args": [
    3,
    24,
    3,
    2
  ],
  "model_init_kwargs": {},
  "seed": 100,
  "align_stats": {
    "pair_aligner": 1,
    "copied_same_shape": 1,
    "mapped_shape": 0,
    "skipped": 0,
    "pair_key": "Model->ModelNew"
  },
  "runnable": true,
  "phase": "stage1_grid_and_parallel",
  "pytorch_baseline_ms": 1.7090240001678467,
  "score": 0.23623638889097248
}