{
  "timestamp": "2025-12-12T23:46:39",
  "reference_file": "KernelBench/level1/27_SELU_.py",
  "candidate_file": "/home/hyc/LLMKernel/run/20251212_170043_batch_range5to40_deepseek_deepseek/27_SELU_/code/kernel_20251212_234627.py",
  "tolerance": 0.001,
  "max_abs_err": 0.0,
  "mean_abs_err": 0.0,
  "ref_latency_ms": {
    "avg": 14.014233589172363,
    "min": 14.012319564819336,
    "max": 14.017536163330078,
    "all": [
      14.017536163330078,
      14.014431953430176,
      14.014464378356934,
      14.012415885925293,
      14.012319564819336
    ]
  },
  "test_latency_ms": {
    "avg": 20.72394218444824,
    "min": 20.716543197631836,
    "max": 20.728031158447266,
    "all": [
      20.72643280029297,
      20.728031158447266,
      20.721599578857422,
      20.716543197631836,
      20.72710418701172
    ]
  },
  "num_runs": 5,
  "model_init_args": [],
  "model_init_kwargs": {},
  "seed": 100,
  "align_stats": {
    "copied_same_shape": 0,
    "unique_shape_copied": 0,
    "mapped_shape": 0,
    "skipped": 0,
    "pair_aligner": 0,
    "pair_key": "Model->ModelNew"
  },
  "runnable": true,
  "phase": "seed",
  "score": 0.6762339647757265
}