{
  "timestamp": "2025-12-13T00:11:27",
  "reference_file": "KernelBench/level1/27_SELU_.py",
  "candidate_file": "/home/hyc/LLMKernel/run/20251212_170043_batch_range5to40_deepseek_deepseek/27_SELU_/code/kernel_20251213_001108.py",
  "tolerance": 0.001,
  "max_abs_err": 0.0,
  "mean_abs_err": 0.0,
  "ref_latency_ms": {
    "avg": 14.016019248962403,
    "min": 14.011136054992676,
    "max": 14.020607948303223,
    "all": [
      14.019519805908203,
      14.013440132141113,
      14.015392303466797,
      14.020607948303223,
      14.011136054992676
    ]
  },
  "test_latency_ms": {
    "avg": 20.68773078918457,
    "min": 20.686847686767578,
    "max": 20.68889617919922,
    "all": [
      20.68796730041504,
      20.686847686767578,
      20.68889617919922,
      20.688095092773438,
      20.686847686767578
    ]
  },
  "num_runs": 5,
  "model_init_args": [],
  "model_init_kwargs": {},
  "seed": 100,
  "align_stats": {
    "copied_same_shape": 0,
    "unique_shape_copied": 0,
    "mapped_shape": 0,
    "skipped": 0,
    "pair_aligner": 0,
    "pair_key": "Model->ModelNew"
  },
  "runnable": true,
  "phase": "stage4_advanced_memory",
  "pytorch_baseline_ms": 14.014233589172363,
  "score": 0.6774176313478966
}