{
  "timestamp": "2025-12-12T23:54:30",
  "reference_file": "KernelBench/level1/27_SELU_.py",
  "candidate_file": "/home/hyc/LLMKernel/run/20251212_170043_batch_range5to40_deepseek_deepseek/27_SELU_/code/kernel_20251212_235416.py",
  "tolerance": 0.001,
  "max_abs_err": 0.0,
  "mean_abs_err": 0.0,
  "ref_latency_ms": {
    "avg": 14.021471977233887,
    "min": 14.017439842224121,
    "max": 14.025728225708008,
    "all": [
      14.025728225708008,
      14.017439842224121,
      14.017536163330078,
      14.024959564208984,
      14.021696090698242
    ]
  },
  "test_latency_ms": {
    "avg": 20.695827102661134,
    "min": 20.69398307800293,
    "max": 20.69913673400879,
    "all": [
      20.69913673400879,
      20.695039749145508,
      20.69491195678711,
      20.69398307800293,
      20.696063995361328
    ]
  },
  "num_runs": 5,
  "model_init_args": [],
  "model_init_kwargs": {},
  "seed": 100,
  "align_stats": {
    "copied_same_shape": 0,
    "unique_shape_copied": 0,
    "mapped_shape": 0,
    "skipped": 0,
    "pair_aligner": 0,
    "pair_key": "Model->ModelNew"
  },
  "runnable": true,
  "phase": "stage1_repair",
  "pytorch_baseline_ms": 14.014233589172363,
  "score": 0.6771526221037268
}