{
  "timestamp": "2025-12-13T00:04:49",
  "reference_file": "KernelBench/level1/27_SELU_.py",
  "candidate_file": "/home/hyc/LLMKernel/run/20251212_170043_batch_range5to40_deepseek_deepseek/27_SELU_/code/kernel_20251213_000435.py",
  "tolerance": 0.001,
  "max_abs_err": 0.0,
  "mean_abs_err": 0.0,
  "ref_latency_ms": {
    "avg": 14.02083854675293,
    "min": 14.017536163330078,
    "max": 14.025728225708008,
    "all": [
      14.025728225708008,
      14.018688201904297,
      14.017536163330078,
      14.019583702087402,
      14.022656440734863
    ]
  },
  "test_latency_ms": {
    "avg": 20.69068145751953,
    "min": 20.684799194335938,
    "max": 20.701183319091797,
    "all": [
      20.69081687927246,
      20.690784454345703,
      20.685823440551758,
      20.701183319091797,
      20.684799194335938
    ]
  },
  "num_runs": 5,
  "model_init_args": [],
  "model_init_kwargs": {},
  "seed": 100,
  "align_stats": {
    "copied_same_shape": 0,
    "unique_shape_copied": 0,
    "mapped_shape": 0,
    "skipped": 0,
    "pair_aligner": 0,
    "pair_key": "Model->ModelNew"
  },
  "runnable": true,
  "phase": "stage3_repair",
  "pytorch_baseline_ms": 14.014233589172363,
  "score": 0.6773210257934364
}