{
  "timestamp": "2025-12-16T05:46:41",
  "reference_file": "KernelBench/level3/40_GRUHidden.py",
  "candidate_file": "/home/hyc/LLMKernel/run/20251216_051553_batch_range34to50_openai_deepseek/40_GRUHidden/code/kernel_20251216_054632.py",
  "tolerance": 0.1,
  "max_abs_err": 0.0005332529544830322,
  "mean_abs_err": 0.00010083818779094145,
  "ref_latency_ms": {
    "avg": 31.67051582336426,
    "min": 31.19615936279297,
    "max": 32.42067337036133,
    "all": [
      32.42067337036133,
      32.23878479003906,
      31.22585678100586,
      31.27110481262207,
      31.19615936279297
    ]
  },
  "test_latency_ms": {
    "avg": 429.2132629394531,
    "min": 428.0770568847656,
    "max": 431.1641845703125,
    "all": [
      428.0770568847656,
      428.66278076171875,
      429.0887756347656,
      431.1641845703125,
      429.0735168457031
    ]
  },
  "num_runs": 5,
  "model_init_args": [
    128,
    256,
    6
  ],
  "model_init_kwargs": {},
  "seed": 100,
  "align_stats": {
    "copied_same_shape": 24,
    "unique_shape_copied": 0,
    "mapped_shape": 0,
    "skipped": 0,
    "pair_aligner": 0,
    "pair_key": "Model->ModelNew"
  },
  "runnable": true,
  "phase": "stage4_repair",
  "pytorch_baseline_ms": 25.844121551513673,
  "score": 0.06021277482089217
}