{
  "timestamp": "2025-12-16T05:45:12",
  "reference_file": "KernelBench/level3/40_GRUHidden.py",
  "candidate_file": "/home/hyc/LLMKernel/run/20251216_051553_batch_range34to50_openai_deepseek/40_GRUHidden/code/kernel_20251216_054500.py",
  "tolerance": 0.1,
  "max_abs_err": 0.0005332529544830322,
  "mean_abs_err": 0.00010083818779094145,
  "ref_latency_ms": {
    "avg": 25.66616287231445,
    "min": 25.48531150817871,
    "max": 25.830400466918945,
    "all": [
      25.777151107788086,
      25.830400466918945,
      25.621503829956055,
      25.61644744873047,
      25.48531150817871
    ]
  },
  "test_latency_ms": {
    "avg": 564.498583984375,
    "min": 561.5748901367188,
    "max": 567.4915771484375,
    "all": [
      567.4915771484375,
      566.9713745117188,
      561.5748901367188,
      562.3171997070312,
      564.1378784179688
    ]
  },
  "num_runs": 5,
  "model_init_args": [
    128,
    256,
    6
  ],
  "model_init_kwargs": {},
  "seed": 100,
  "align_stats": {
    "copied_same_shape": 24,
    "unique_shape_copied": 0,
    "mapped_shape": 0,
    "skipped": 0,
    "pair_aligner": 0,
    "pair_key": "Model->ModelNew"
  },
  "runnable": true,
  "phase": "stage3_memory_access",
  "pytorch_baseline_ms": 25.844121551513673,
  "score": 0.045782438228807
}