{
  "timestamp": "2025-12-16T05:42:06",
  "reference_file": "KernelBench/level3/40_GRUHidden.py",
  "candidate_file": "/home/hyc/LLMKernel/run/20251216_051553_batch_range34to50_openai_deepseek/40_GRUHidden/code/kernel_20251216_054155.py",
  "tolerance": 0.1,
  "max_abs_err": 0.0005332529544830322,
  "mean_abs_err": 0.00010083818779094145,
  "ref_latency_ms": {
    "avg": 25.844121551513673,
    "min": 25.74847984313965,
    "max": 25.9553279876709,
    "all": [
      25.9553279876709,
      25.90105628967285,
      25.820159912109375,
      25.74847984313965,
      25.795583724975586
    ]
  },
  "test_latency_ms": {
    "avg": 794.9279418945313,
    "min": 767.6357421875,
    "max": 866.0447387695312,
    "all": [
      796.0934448242188,
      773.2295532226562,
      866.0447387695312,
      767.6357421875,
      771.63623046875
    ]
  },
  "num_runs": 5,
  "model_init_args": [
    128,
    256,
    6
  ],
  "model_init_kwargs": {},
  "seed": 100,
  "align_stats": {
    "copied_same_shape": 24,
    "unique_shape_copied": 0,
    "mapped_shape": 0,
    "skipped": 0,
    "pair_aligner": 0,
    "pair_key": "Model->ModelNew"
  },
  "runnable": true,
  "phase": "seed_repair",
  "score": 0.03251127578924958
}