{
  "timestamp": "2025-12-16T05:43:29",
  "reference_file": "KernelBench/level3/40_GRUHidden.py",
  "candidate_file": "/home/hyc/LLMKernel/run/20251216_051553_batch_range34to50_openai_deepseek/40_GRUHidden/code/kernel_20251216_054318.py",
  "tolerance": 0.1,
  "max_abs_err": 0.0005332529544830322,
  "mean_abs_err": 0.00010083818779094145,
  "ref_latency_ms": {
    "avg": 25.522150421142577,
    "min": 25.401344299316406,
    "max": 25.59280014038086,
    "all": [
      25.59280014038086,
      25.585664749145508,
      25.49964714050293,
      25.531295776367188,
      25.401344299316406
    ]
  },
  "test_latency_ms": {
    "avg": 566.69267578125,
    "min": 565.4149169921875,
    "max": 569.6727294921875,
    "all": [
      567.3359375,
      565.44775390625,
      565.592041015625,
      565.4149169921875,
      569.6727294921875
    ]
  },
  "num_runs": 5,
  "model_init_args": [
    128,
    256,
    6
  ],
  "model_init_kwargs": {},
  "seed": 100,
  "align_stats": {
    "copied_same_shape": 24,
    "unique_shape_copied": 0,
    "mapped_shape": 0,
    "skipped": 0,
    "pair_aligner": 0,
    "pair_key": "Model->ModelNew"
  },
  "runnable": true,
  "phase": "stage1_grid_and_parallel",
  "pytorch_baseline_ms": 25.844121551513673,
  "score": 0.0456051801196912
}