{
  "timestamp": "2025-12-16T05:44:21",
  "reference_file": "KernelBench/level3/40_GRUHidden.py",
  "candidate_file": "/home/hyc/LLMKernel/run/20251216_051553_batch_range34to50_openai_deepseek/40_GRUHidden/code/kernel_20251216_054411.py",
  "tolerance": 0.1,
  "max_abs_err": 0.0005332529544830322,
  "mean_abs_err": 0.00010083818779094145,
  "ref_latency_ms": {
    "avg": 25.90428810119629,
    "min": 25.70751953125,
    "max": 26.317760467529297,
    "all": [
      26.317760467529297,
      25.866975784301758,
      25.805824279785156,
      25.823360443115234,
      25.70751953125
    ]
  },
  "test_latency_ms": {
    "avg": 563.7791015625,
    "min": 560.249755859375,
    "max": 566.7654418945312,
    "all": [
      566.7654418945312,
      566.595458984375,
      562.956298828125,
      562.3285522460938,
      560.249755859375
    ]
  },
  "num_runs": 5,
  "model_init_args": [
    128,
    256,
    6
  ],
  "model_init_kwargs": {},
  "seed": 100,
  "align_stats": {
    "copied_same_shape": 24,
    "unique_shape_copied": 0,
    "mapped_shape": 0,
    "skipped": 0,
    "pair_aligner": 0,
    "pair_key": "Model->ModelNew"
  },
  "runnable": true,
  "phase": "stage2_block_tiling",
  "pytorch_baseline_ms": 25.844121551513673,
  "score": 0.045840864764031375
}