{
  "timestamp": "2025-12-13T11:03:33",
  "reference_file": "KernelBench/level2/7_Conv3d_ReLU_LeakyReLU_GELU_Sigmoid_BiasAdd.py",
  "candidate_file": "/home/hyc/LLMKernel/run/20251213_080709_batch_range1to40_deepseek_deepseek/7_Conv3d_ReLU_LeakyReLU_GELU_Sigmoid_BiasAdd/code/kernel_20251213_110329.py",
  "tolerance": 0.001,
  "max_abs_err": 0.00016808509826660156,
  "mean_abs_err": 1.8455040162734804e-07,
  "ref_latency_ms": {
    "avg": 17.31674919128418,
    "min": 17.302783966064453,
    "max": 17.328384399414062,
    "all": [
      17.328384399414062,
      17.3239688873291,
      17.311744689941406,
      17.316864013671875,
      17.302783966064453
    ]
  },
  "test_latency_ms": {
    "avg": 10.144953346252441,
    "min": 10.131327629089355,
    "max": 10.157055854797363,
    "all": [
      10.157055854797363,
      10.14896011352539,
      10.131327629089355,
      10.132255554199219,
      10.155167579650879
    ]
  },
  "num_runs": 5,
  "model_init_args": [
    8,
    32,
    3,
    [
      32,
      1,
      1,
      1
    ]
  ],
  "model_init_kwargs": {},
  "seed": 100,
  "align_stats": {
    "pair_aligner": 1,
    "copied_same_shape": 1,
    "mapped_shape": 0,
    "skipped": 0,
    "pair_key": "Model->ModelNew"
  },
  "runnable": true,
  "phase": "seed_repair",
  "score": 1.7069323633391582
}