{
  "timestamp": "2025-12-16T09:08:44",
  "reference_file": "KernelBench/level3/46_NetVladWithGhostClusters.py",
  "candidate_file": "/home/hyc/LLMKernel/run/20251216_085416_batch_range45to50_openai_deepseek/46_NetVladWithGhostClusters/code/kernel_20251216_090833.py",
  "tolerance": 0.1,
  "max_abs_err": 2.2547319531440735e-06,
  "mean_abs_err": 4.165071345596516e-07,
  "ref_latency_ms": {
    "avg": 3.542636775970459,
    "min": 3.433568000793457,
    "max": 3.6759679317474365,
    "all": [
      3.6759679317474365,
      3.5708160400390625,
      3.535871982574463,
      3.496959924697876,
      3.433568000793457
    ]
  },
  "test_latency_ms": {
    "avg": 2.5437951564788817,
    "min": 2.516063928604126,
    "max": 2.589695930480957,
    "all": [
      2.52291202545166,
      2.516063928604126,
      2.589695930480957,
      2.535423994064331,
      2.554879903793335
    ]
  },
  "num_runs": 5,
  "model_init_args": [
    32,
    512,
    16
  ],
  "model_init_kwargs": {},
  "seed": 100,
  "align_stats": {
    "copied_same_shape": 7,
    "unique_shape_copied": 0,
    "mapped_shape": 0,
    "skipped": 0,
    "pair_aligner": 0,
    "pair_key": "Model->ModelNew"
  },
  "runnable": true,
  "phase": "stage4_advanced_memory",
  "pytorch_baseline_ms": 3.6048895359039306,
  "score": 1.4171304347059983
}