{
  "timestamp": "2025-12-16T09:03:01",
  "reference_file": "KernelBench/level3/46_NetVladWithGhostClusters.py",
  "candidate_file": "/home/hyc/LLMKernel/run/20251216_085416_batch_range45to50_openai_deepseek/46_NetVladWithGhostClusters/code/kernel_20251216_090250.py",
  "tolerance": 0.1,
  "max_abs_err": 2.2551976144313812e-06,
  "mean_abs_err": 4.165074187767459e-07,
  "ref_latency_ms": {
    "avg": 3.541977548599243,
    "min": 3.438528060913086,
    "max": 3.5932159423828125,
    "all": [
      3.4968318939208984,
      3.438528060913086,
      3.59116792678833,
      3.5932159423828125,
      3.590143918991089
    ]
  },
  "test_latency_ms": {
    "avg": 3.863859224319458,
    "min": 3.7263360023498535,
    "max": 3.926975965499878,
    "all": [
      3.7263360023498535,
      3.919680118560791,
      3.926784038543701,
      3.926975965499878,
      3.8195199966430664
    ]
  },
  "num_runs": 5,
  "model_init_args": [
    32,
    512,
    16
  ],
  "model_init_kwargs": {},
  "seed": 100,
  "align_stats": {
    "copied_same_shape": 7,
    "unique_shape_copied": 0,
    "mapped_shape": 0,
    "skipped": 0,
    "pair_aligner": 0,
    "pair_key": "Model->ModelNew"
  },
  "runnable": true,
  "phase": "stage1_grid_and_parallel",
  "pytorch_baseline_ms": 3.6048895359039306,
  "score": 0.932976417260352
}