{
  "timestamp": "2025-12-16T09:07:37",
  "reference_file": "KernelBench/level3/46_NetVladWithGhostClusters.py",
  "candidate_file": "/home/hyc/LLMKernel/run/20251216_085416_batch_range45to50_openai_deepseek/46_NetVladWithGhostClusters/code/kernel_20251216_090729.py",
  "tolerance": 0.1,
  "max_abs_err": 2.2547319531440735e-06,
  "mean_abs_err": 4.165071345596516e-07,
  "ref_latency_ms": {
    "avg": 3.548793601989746,
    "min": 3.5051839351654053,
    "max": 3.6270079612731934,
    "all": [
      3.6270079612731934,
      3.5471999645233154,
      3.5051839351654053,
      3.520512104034424,
      3.5440640449523926
    ]
  },
  "test_latency_ms": {
    "avg": 2.616486406326294,
    "min": 2.5620479583740234,
    "max": 2.734015941619873,
    "all": [
      2.734015941619873,
      2.60915207862854,
      2.6019840240478516,
      2.5752320289611816,
      2.5620479583740234
    ]
  },
  "num_runs": 5,
  "model_init_args": [
    32,
    512,
    16
  ],
  "model_init_kwargs": {},
  "seed": 100,
  "align_stats": {
    "copied_same_shape": 7,
    "unique_shape_copied": 0,
    "mapped_shape": 0,
    "skipped": 0,
    "pair_aligner": 0,
    "pair_key": "Model->ModelNew"
  },
  "runnable": true,
  "phase": "stage3_memory_access",
  "pytorch_baseline_ms": 3.6048895359039306,
  "score": 1.3777597036956957
}