{
  "timestamp": "2025-12-16T09:01:35",
  "reference_file": "KernelBench/level3/46_NetVladWithGhostClusters.py",
  "candidate_file": "/home/hyc/LLMKernel/run/20251216_085416_batch_range45to50_openai_deepseek/46_NetVladWithGhostClusters/code/kernel_20251216_090123.py",
  "tolerance": 0.1,
  "max_abs_err": 2.2551976144313812e-06,
  "mean_abs_err": 4.165074187767459e-07,
  "ref_latency_ms": {
    "avg": 3.6048895359039306,
    "min": 3.5399680137634277,
    "max": 3.679231882095337,
    "all": [
      3.679231882095337,
      3.59116792678833,
      3.624959945678711,
      3.5891199111938477,
      3.5399680137634277
    ]
  },
  "test_latency_ms": {
    "avg": 3.7961919784545897,
    "min": 3.6024320125579834,
    "max": 3.970047950744629,
    "all": [
      3.970047950744629,
      3.8011839389801025,
      3.7171199321746826,
      3.6024320125579834,
      3.8901760578155518
    ]
  },
  "num_runs": 5,
  "model_init_args": [
    32,
    512,
    16
  ],
  "model_init_kwargs": {},
  "seed": 100,
  "align_stats": {
    "copied_same_shape": 7,
    "unique_shape_copied": 0,
    "mapped_shape": 0,
    "skipped": 0,
    "pair_aligner": 0,
    "pair_key": "Model->ModelNew"
  },
  "runnable": true,
  "phase": "seed",
  "score": 0.9496067523359192
}