{
  "timestamp": "2025-12-15T07:31:27",
  "reference_file": "KernelBench/level2/29_Matmul_Mish_Mish.py",
  "candidate_file": "/home/hyc/LLMKernel/run/20251215_070855_batch_range26to30_openai_deepseek/29_Matmul_Mish_Mish/code/kernel_20251215_073107.py",
  "tolerance": 0.001,
  "max_abs_err": 0.01061248779296875,
  "mean_abs_err": 8.613902900833637e-05,
  "ref_latency_ms": {
    "avg": 3.3523072242736816,
    "min": 3.3392961025238037,
    "max": 3.369823932647705,
    "all": [
      3.369823932647705,
      3.3505280017852783,
      3.3505280017852783,
      3.3513600826263428,
      3.3392961025238037
    ]
  },
  "test_latency_ms": {
    "avg": 2.189139175415039,
    "min": 2.1831679344177246,
    "max": 2.1965761184692383,
    "all": [
      2.1924479007720947,
      2.1862399578094482,
      2.1872639656066895,
      2.1831679344177246,
      2.1965761184692383
    ]
  },
  "num_runs": 5,
  "model_init_args": [
    8192,
    8192
  ],
  "model_init_kwargs": {},
  "seed": 100,
  "align_stats": {
    "copied_same_shape": 0,
    "unique_shape_copied": 2,
    "mapped_shape": 0,
    "skipped": 0,
    "pair_aligner": 0,
    "pair_key": "Model->ModelNew"
  },
  "runnable": true,
  "phase": "stage3_repair",
  "pytorch_baseline_ms": 3.3430912017822267,
  "score": 1.5271259312000618
}