{
  "timestamp": "2025-12-15T07:27:42",
  "reference_file": "KernelBench/level2/29_Matmul_Mish_Mish.py",
  "candidate_file": "/home/hyc/LLMKernel/run/20251215_070855_batch_range26to30_openai_deepseek/29_Matmul_Mish_Mish/code/kernel_20251215_072733.py",
  "tolerance": 0.001,
  "max_abs_err": 0.01061248779296875,
  "mean_abs_err": 8.613902900833637e-05,
  "ref_latency_ms": {
    "avg": 3.3447359561920167,
    "min": 3.33516788482666,
    "max": 3.358720064163208,
    "all": [
      3.358720064163208,
      3.3399999141693115,
      3.33516788482666,
      3.348479986190796,
      3.3413119316101074
    ]
  },
  "test_latency_ms": {
    "avg": 1.819219207763672,
    "min": 1.8053120374679565,
    "max": 1.8267199993133545,
    "all": [
      1.8267199993133545,
      1.8227200508117676,
      1.8053120374679565,
      1.8257919549942017,
      1.815551996231079
    ]
  },
  "num_runs": 5,
  "model_init_args": [
    8192,
    8192
  ],
  "model_init_kwargs": {},
  "seed": 100,
  "align_stats": {
    "copied_same_shape": 0,
    "unique_shape_copied": 2,
    "mapped_shape": 0,
    "skipped": 0,
    "pair_aligner": 0,
    "pair_key": "Model->ModelNew"
  },
  "runnable": true,
  "phase": "stage1_repair",
  "pytorch_baseline_ms": 3.3430912017822267,
  "score": 1.8376516626008026
}