{
  "timestamp": "2025-12-15T07:33:01",
  "reference_file": "KernelBench/level2/29_Matmul_Mish_Mish.py",
  "candidate_file": "/home/hyc/LLMKernel/run/20251215_070855_batch_range26to30_openai_deepseek/29_Matmul_Mish_Mish/code/kernel_20251215_073253.py",
  "tolerance": 0.001,
  "max_abs_err": 0.01061248779296875,
  "mean_abs_err": 8.613902900833637e-05,
  "ref_latency_ms": {
    "avg": 3.3962560176849363,
    "min": 3.389375925064087,
    "max": 3.412992000579834,
    "all": [
      3.412992000579834,
      3.3944640159606934,
      3.3901760578155518,
      3.389375925064087,
      3.3942720890045166
    ]
  },
  "test_latency_ms": {
    "avg": 2.2771647453308104,
    "min": 2.271967887878418,
    "max": 2.2814719676971436,
    "all": [
      2.2814719676971436,
      2.27839994430542,
      2.271967887878418,
      2.2753279209136963,
      2.278656005859375
    ]
  },
  "num_runs": 5,
  "model_init_args": [
    8192,
    8192
  ],
  "model_init_kwargs": {},
  "seed": 100,
  "align_stats": {
    "copied_same_shape": 0,
    "unique_shape_copied": 2,
    "mapped_shape": 0,
    "skipped": 0,
    "pair_aligner": 0,
    "pair_key": "Model->ModelNew"
  },
  "runnable": true,
  "phase": "stage4_repair",
  "pytorch_baseline_ms": 3.3430912017822267,
  "score": 1.4680936935445863
}