{
  "timestamp": "2025-12-15T07:29:25",
  "reference_file": "KernelBench/level2/29_Matmul_Mish_Mish.py",
  "candidate_file": "/home/hyc/LLMKernel/run/20251215_070855_batch_range26to30_openai_deepseek/29_Matmul_Mish_Mish/code/kernel_20251215_072919.py",
  "tolerance": 0.001,
  "max_abs_err": 0.01061248779296875,
  "mean_abs_err": 8.613902900833637e-05,
  "ref_latency_ms": {
    "avg": 3.3429311752319335,
    "min": 3.3371200561523438,
    "max": 3.348479986190796,
    "all": [
      3.348479986190796,
      3.3413119316101074,
      3.3474559783935547,
      3.3371200561523438,
      3.340287923812866
    ]
  },
  "test_latency_ms": {
    "avg": 2.080396842956543,
    "min": 2.0142080783843994,
    "max": 2.1791679859161377,
    "all": [
      2.0264320373535156,
      2.0176000595092773,
      2.0142080783843994,
      2.1645760536193848,
      2.1791679859161377
    ]
  },
  "num_runs": 5,
  "model_init_args": [
    8192,
    8192
  ],
  "model_init_kwargs": {},
  "seed": 100,
  "align_stats": {
    "copied_same_shape": 0,
    "unique_shape_copied": 2,
    "mapped_shape": 0,
    "skipped": 0,
    "pair_aligner": 0,
    "pair_key": "Model->ModelNew"
  },
  "runnable": true,
  "phase": "stage2_repair",
  "pytorch_baseline_ms": 3.3430912017822267,
  "score": 1.6069487958995425
}