{
  "timestamp": "2025-12-15T07:25:33",
  "reference_file": "KernelBench/level2/29_Matmul_Mish_Mish.py",
  "candidate_file": "/home/hyc/LLMKernel/run/20251215_070855_batch_range26to30_openai_deepseek/29_Matmul_Mish_Mish/code/kernel_20251215_072527.py",
  "tolerance": 0.001,
  "max_abs_err": 0.01061248779296875,
  "mean_abs_err": 8.613903628429398e-05,
  "ref_latency_ms": {
    "avg": 3.3430912017822267,
    "min": 3.3371200561523438,
    "max": 3.349503993988037,
    "all": [
      3.349503993988037,
      3.3371200561523438,
      3.34006404876709,
      3.340287923812866,
      3.348479986190796
    ]
  },
  "test_latency_ms": {
    "avg": 1.8535680055618287,
    "min": 1.844223976135254,
    "max": 1.860640048980713,
    "all": [
      1.860640048980713,
      1.859328031539917,
      1.8483200073242188,
      1.844223976135254,
      1.8553279638290405
    ]
  },
  "num_runs": 5,
  "model_init_args": [
    8192,
    8192
  ],
  "model_init_kwargs": {},
  "seed": 100,
  "align_stats": {
    "copied_same_shape": 0,
    "unique_shape_copied": 2,
    "mapped_shape": 0,
    "skipped": 0,
    "pair_aligner": 0,
    "pair_key": "Model->ModelNew"
  },
  "runnable": true,
  "phase": "seed",
  "score": 1.803597813379884
}