{
  "timestamp": "2025-12-13T02:02:45",
  "reference_file": "KernelBench/level1/95_CrossEntropyLoss.py",
  "candidate_file": "/home/hyc/LLMKernel/run/20251212_170115_batch_range70to100_deepseek_deepseek/95_CrossEntropyLoss/code/kernel_20251213_020241.py",
  "tolerance": 0.001,
  "max_abs_err": 9.5367431640625e-07,
  "mean_abs_err": 9.5367431640625e-07,
  "ref_latency_ms": {
    "avg": 1.7768576383590697,
    "min": 1.7756160497665405,
    "max": 1.7795840501785278,
    "all": [
      1.7768640518188477,
      1.7766079902648926,
      1.7756160497665405,
      1.7795840501785278,
      1.7756160497665405
    ]
  },
  "test_latency_ms": {
    "avg": 0.6099968194961548,
    "min": 0.605184018611908,
    "max": 0.6133760213851929,
    "all": [
      0.6121280193328857,
      0.605184018611908,
      0.6133760213851929,
      0.6061440110206604,
      0.613152027130127
    ]
  },
  "num_runs": 5,
  "model_init_args": [],
  "model_init_kwargs": {},
  "seed": 100,
  "align_stats": {
    "copied_same_shape": 0,
    "unique_shape_copied": 0,
    "mapped_shape": 0,
    "skipped": 0,
    "pair_aligner": 0,
    "pair_key": "Model->ModelNew"
  },
  "runnable": true,
  "phase": "seed_repair",
  "score": 2.9128965620291574
}