{
  "timestamp": "2025-12-15T03:56:56",
  "reference_file": "KernelBench/level2/65_Conv2d_AvgPool_Sigmoid_Sum.py",
  "candidate_file": "/home/hyc/LLMKernel/run/20251215_024837_batch_range56to88_openai_deepseek/65_Conv2d_AvgPool_Sigmoid_Sum/code/kernel_20251215_035637.py",
  "tolerance": 0.001,
  "max_abs_err": 0.3125,
  "mean_abs_err": 0.069091796875,
  "ref_latency_ms": {
    "avg": 23.27918701171875,
    "min": 23.24787139892578,
    "max": 23.331647872924805,
    "all": [
      23.331647872924805,
      23.290847778320312,
      23.259136199951172,
      23.24787139892578,
      23.26643180847168
    ]
  },
  "test_latency_ms": {
    "avg": 871.4862426757812,
    "min": 871.37353515625,
    "max": 871.6871948242188,
    "all": [
      871.37353515625,
      871.4240112304688,
      871.5499267578125,
      871.6871948242188,
      871.3965454101562
    ]
  },
  "num_runs": 5,
  "model_init_args": [
    8,
    64,
    3,
    4
  ],
  "model_init_kwargs": {},
  "seed": 100,
  "align_stats": {
    "pair_aligner": 1,
    "copied_same_shape": 1,
    "mapped_shape": 0,
    "skipped": 0,
    "pair_key": "Model->ModelNew"
  },
  "runnable": true,
  "phase": "stage3_memory_access",
  "pytorch_baseline_ms": 23.112089157104492,
  "score": 0.026520314406962908
}