{
  "timestamp": "2025-12-15T03:51:36",
  "reference_file": "KernelBench/level2/65_Conv2d_AvgPool_Sigmoid_Sum.py",
  "candidate_file": "/home/hyc/LLMKernel/run/20251215_024837_batch_range56to88_openai_deepseek/65_Conv2d_AvgPool_Sigmoid_Sum/code/kernel_20251215_035130.py",
  "tolerance": 0.001,
  "max_abs_err": 0.53125,
  "mean_abs_err": 0.1416015625,
  "ref_latency_ms": {
    "avg": 23.228178787231446,
    "min": 23.08095932006836,
    "max": 23.304031372070312,
    "all": [
      23.08095932006836,
      23.27859115600586,
      23.304031372070312,
      23.27449607849121,
      23.202816009521484
    ]
  },
  "test_latency_ms": {
    "avg": 32.51214752197266,
    "min": 32.445438385009766,
    "max": 32.61110305786133,
    "all": [
      32.61110305786133,
      32.445438385009766,
      32.52524948120117,
      32.49049758911133,
      32.48844909667969
    ]
  },
  "num_runs": 5,
  "model_init_args": [
    8,
    64,
    3,
    4
  ],
  "model_init_kwargs": {},
  "seed": 100,
  "align_stats": {
    "pair_aligner": 1,
    "copied_same_shape": 1,
    "mapped_shape": 0,
    "skipped": 0,
    "pair_key": "Model->ModelNew"
  },
  "runnable": true,
  "phase": "stage1_grid_and_parallel",
  "pytorch_baseline_ms": 23.112089157104492,
  "score": 0.7108755009642064
}