{
  "timestamp": "2025-12-23T08:48:09",
  "reference_file": "KernelBench/level2/65_Conv2d_AvgPool_Sigmoid_Sum.py",
  "candidate_file": "/home/hyc/LLMKernel/run/20251223_083911_65_Conv2d_AvgPool_Sigmoid_Sum_openai_deepseek/65_Conv2d_AvgPool_Sigmoid_Sum/code/kernel_20251223_084804.py",
  "tolerance": 1,
  "max_abs_err": 7.8125,
  "mean_abs_err": 6.8916015625,
  "ref_latency_ms": {
    "avg": 26.144018936157227,
    "min": 25.91436767578125,
    "max": 26.333887100219727,
    "all": [
      25.923583984375,
      25.91436767578125,
      26.241024017333984,
      26.307231903076172,
      26.333887100219727
    ]
  },
  "test_latency_ms": {
    "avg": 3.944371223449707,
    "min": 3.9369919300079346,
    "max": 3.9577600955963135,
    "all": [
      3.9502720832824707,
      3.939552068710327,
      3.9372799396514893,
      3.9369919300079346,
      3.9577600955963135
    ]
  },
  "num_runs": 5,
  "model_init_args": [
    8,
    64,
    3,
    4
  ],
  "model_init_kwargs": {},
  "seed": 100,
  "align_stats": {
    "pair_aligner": 1,
    "copied_same_shape": 1,
    "mapped_shape": 0,
    "skipped": 0,
    "pair_key": "Model->ModelNew"
  },
  "runnable": true,
  "phase": "algorithm_optimized_seed1_repair1",
  "pytorch_baseline_ms": 26.360319900512696,
  "score": 6.683022060347106
}