{
  "timestamp": "2025-12-15T03:50:22",
  "reference_file": "KernelBench/level2/65_Conv2d_AvgPool_Sigmoid_Sum.py",
  "candidate_file": "/home/hyc/LLMKernel/run/20251215_024837_batch_range56to88_openai_deepseek/65_Conv2d_AvgPool_Sigmoid_Sum/code/kernel_20251215_035017.py",
  "tolerance": 0.001,
  "max_abs_err": 0.78125,
  "mean_abs_err": 0.20654296875,
  "ref_latency_ms": {
    "avg": 23.112089157104492,
    "min": 23.052288055419922,
    "max": 23.26323127746582,
    "all": [
      23.07993507385254,
      23.07993507385254,
      23.052288055419922,
      23.08505630493164,
      23.26323127746582
    ]
  },
  "test_latency_ms": {
    "avg": 38.037228393554685,
    "min": 37.9238395690918,
    "max": 38.185760498046875,
    "all": [
      37.95148849487305,
      38.185760498046875,
      38.0263671875,
      37.9238395690918,
      38.09868621826172
    ]
  },
  "num_runs": 5,
  "model_init_args": [
    8,
    64,
    3,
    4
  ],
  "model_init_kwargs": {},
  "seed": 100,
  "align_stats": {
    "pair_aligner": 1,
    "copied_same_shape": 1,
    "mapped_shape": 0,
    "skipped": 0,
    "pair_key": "Model->ModelNew"
  },
  "runnable": true,
  "phase": "seed",
  "score": 0.6076175929006641
}