{
  "timestamp": "2025-12-23T08:44:11",
  "reference_file": "KernelBench/level2/65_Conv2d_AvgPool_Sigmoid_Sum.py",
  "candidate_file": "/home/hyc/LLMKernel/run/20251223_083911_65_Conv2d_AvgPool_Sigmoid_Sum_openai_deepseek/65_Conv2d_AvgPool_Sigmoid_Sum/code/kernel_20251223_084406.py",
  "tolerance": 1,
  "max_abs_err": 2023.0625,
  "mean_abs_err": 2022.898193359375,
  "ref_latency_ms": {
    "avg": 26.365068435668945,
    "min": 26.34137535095215,
    "max": 26.413055419921875,
    "all": [
      26.35980796813965,
      26.356735229492188,
      26.34137535095215,
      26.413055419921875,
      26.354368209838867
    ]
  },
  "test_latency_ms": {
    "avg": 53.954854583740236,
    "min": 53.943294525146484,
    "max": 53.965824127197266,
    "all": [
      53.96035385131836,
      53.945343017578125,
      53.95945739746094,
      53.965824127197266,
      53.943294525146484
    ]
  },
  "num_runs": 5,
  "model_init_args": [
    8,
    64,
    3,
    4
  ],
  "model_init_kwargs": {},
  "seed": 100,
  "align_stats": {
    "pair_aligner": 1,
    "copied_same_shape": 1,
    "mapped_shape": 0,
    "skipped": 0,
    "pair_key": "Model->ModelNew"
  },
  "runnable": true,
  "phase": "algorithm_optimized_seed0",
  "pytorch_baseline_ms": 26.360319900512696,
  "score": 0.48856252331475297
}