{
  "timestamp": "2025-12-23T08:43:06",
  "reference_file": "KernelBench/level2/65_Conv2d_AvgPool_Sigmoid_Sum.py",
  "candidate_file": "/home/hyc/LLMKernel/run/20251223_083911_65_Conv2d_AvgPool_Sigmoid_Sum_openai_deepseek/65_Conv2d_AvgPool_Sigmoid_Sum/code/kernel_20251223_084301.py",
  "tolerance": 1,
  "max_abs_err": 7.78125,
  "mean_abs_err": 6.901123046875,
  "ref_latency_ms": {
    "avg": 26.32401924133301,
    "min": 26.30076789855957,
    "max": 26.366880416870117,
    "all": [
      26.30076789855957,
      26.3055362701416,
      26.3055362701416,
      26.34137535095215,
      26.366880416870117
    ]
  },
  "test_latency_ms": {
    "avg": 21.976671981811524,
    "min": 21.96463966369629,
    "max": 22.007808685302734,
    "all": [
      21.974143981933594,
      21.965824127197266,
      21.970943450927734,
      21.96463966369629,
      22.007808685302734
    ]
  },
  "num_runs": 5,
  "model_init_args": [
    8,
    64,
    3,
    4
  ],
  "model_init_kwargs": {},
  "seed": 100,
  "align_stats": {
    "pair_aligner": 1,
    "copied_same_shape": 1,
    "mapped_shape": 0,
    "skipped": 0,
    "pair_key": "Model->ModelNew"
  },
  "runnable": true,
  "phase": "seed_1_repair_1",
  "pytorch_baseline_ms": 26.360319900512696,
  "score": 1.1994682326026977
}