{
  "timestamp": "2025-12-23T08:40:59",
  "reference_file": "KernelBench/level2/65_Conv2d_AvgPool_Sigmoid_Sum.py",
  "candidate_file": "/home/hyc/LLMKernel/run/20251223_083911_65_Conv2d_AvgPool_Sigmoid_Sum_openai_deepseek/65_Conv2d_AvgPool_Sigmoid_Sum/code/kernel_20251223_084052.py",
  "tolerance": 1,
  "max_abs_err": 2016.15625,
  "mean_abs_err": 2016.01025390625,
  "ref_latency_ms": {
    "avg": 26.360319900512696,
    "min": 26.352928161621094,
    "max": 26.370336532592773,
    "all": [
      26.370336532592773,
      26.356735229492188,
      26.352928161621094,
      26.35980796813965,
      26.361791610717773
    ]
  },
  "test_latency_ms": {
    "avg": 172.24481201171875,
    "min": 172.2348175048828,
    "max": 172.25209045410156,
    "all": [
      172.24703979492188,
      172.25209045410156,
      172.2408905029297,
      172.2348175048828,
      172.2492218017578
    ]
  },
  "num_runs": 5,
  "model_init_args": [
    8,
    64,
    3,
    4
  ],
  "model_init_kwargs": {},
  "seed": 100,
  "align_stats": {
    "pair_aligner": 1,
    "copied_same_shape": 1,
    "mapped_shape": 0,
    "skipped": 0,
    "pair_key": "Model->ModelNew"
  },
  "runnable": true,
  "phase": "seed_0",
  "score": 0.15303984829870673
}