{
  "timestamp": "2025-12-23T08:49:47",
  "reference_file": "KernelBench/level2/65_Conv2d_AvgPool_Sigmoid_Sum.py",
  "candidate_file": "/home/hyc/LLMKernel/run/20251223_083911_65_Conv2d_AvgPool_Sigmoid_Sum_openai_deepseek/65_Conv2d_AvgPool_Sigmoid_Sum/code/kernel_20251223_084942.py",
  "tolerance": 1,
  "max_abs_err": 7.65625,
  "mean_abs_err": 6.87939453125,
  "ref_latency_ms": {
    "avg": 25.99096336364746,
    "min": 25.94304084777832,
    "max": 26.031103134155273,
    "all": [
      25.970687866210938,
      26.031103134155273,
      25.94304084777832,
      26.029056549072266,
      25.980928421020508
    ]
  },
  "test_latency_ms": {
    "avg": 4.755404853820801,
    "min": 4.739935874938965,
    "max": 4.799424171447754,
    "all": [
      4.750368118286133,
      4.747200012207031,
      4.740096092224121,
      4.739935874938965,
      4.799424171447754
    ]
  },
  "num_runs": 5,
  "model_init_args": [
    8,
    64,
    3,
    4
  ],
  "model_init_kwargs": {},
  "seed": 100,
  "align_stats": {
    "pair_aligner": 1,
    "copied_same_shape": 1,
    "mapped_shape": 0,
    "skipped": 0,
    "pair_key": "Model->ModelNew"
  },
  "runnable": true,
  "phase": "stage1_grid_and_parallel",
  "pytorch_baseline_ms": 26.360319900512696,
  "score": 5.543233585954959
}