{
  "timestamp": "2025-12-13T15:06:21",
  "reference_file": "KernelBench/level1_low_score/77_conv_transposed_3D_square_input_square_kernel___padded____dilated____strided__.py",
  "candidate_file": "/home/hyc/LLMKernel/run/20251213_140652_batch_range66to87_openai_deepseek/77_conv_transposed_3D_square_input_square_kernel___padded____dilated____strided__/code/kernel_20251213_150604.py",
  "tolerance": 0.001,
  "max_abs_err": 0.0005681514739990234,
  "mean_abs_err": 1.722549495752901e-05,
  "ref_latency_ms": {
    "avg": 13.122975921630859,
    "min": 13.103103637695312,
    "max": 13.150208473205566,
    "all": [
      13.122271537780762,
      13.106464385986328,
      13.103103637695312,
      13.132831573486328,
      13.150208473205566
    ]
  },
  "test_latency_ms": {
    "avg": 85.00549011230468,
    "min": 84.98303985595703,
    "max": 85.02476501464844,
    "all": [
      85.02476501464844,
      84.98303985595703,
      85.00633239746094,
      85.01337432861328,
      84.99993896484375
    ]
  },
  "num_runs": 5,
  "model_init_args": [
    32,
    64,
    3,
    2,
    1,
    2
  ],
  "model_init_kwargs": {},
  "seed": 100,
  "align_stats": {
    "pair_aligner": 1,
    "copied_same_shape": 1,
    "mapped_shape": 0,
    "skipped": 0,
    "pair_key": "Model->ModelNew"
  },
  "runnable": true,
  "phase": "stage1_repair",
  "pytorch_baseline_ms": 13.70827522277832,
  "score": 0.16126341021818336
}