{
  "timestamp": "2025-12-13T15:03:28",
  "reference_file": "KernelBench/level1_low_score/77_conv_transposed_3D_square_input_square_kernel___padded____dilated____strided__.py",
  "candidate_file": "/home/hyc/LLMKernel/run/20251213_140652_batch_range66to87_openai_deepseek/77_conv_transposed_3D_square_input_square_kernel___padded____dilated____strided__/code/kernel_20251213_150322.py",
  "tolerance": 0.001,
  "max_abs_err": 0.0005681514739990234,
  "mean_abs_err": 1.722549495752901e-05,
  "ref_latency_ms": {
    "avg": 13.70827522277832,
    "min": 13.703167915344238,
    "max": 13.711392402648926,
    "all": [
      13.708288192749023,
      13.711359977722168,
      13.703167915344238,
      13.707167625427246,
      13.711392402648926
    ]
  },
  "test_latency_ms": {
    "avg": 37.92371826171875,
    "min": 37.42803192138672,
    "max": 39.58464050292969,
    "all": [
      39.58464050292969,
      37.57561492919922,
      37.43436813354492,
      37.42803192138672,
      37.5959358215332
    ]
  },
  "num_runs": 5,
  "model_init_args": [
    32,
    64,
    3,
    2,
    1,
    2
  ],
  "model_init_kwargs": {},
  "seed": 100,
  "align_stats": {
    "pair_aligner": 1,
    "copied_same_shape": 1,
    "mapped_shape": 0,
    "skipped": 0,
    "pair_key": "Model->ModelNew"
  },
  "runnable": true,
  "phase": "seed_repair",
  "score": 0.36146970421452146
}