{
  "timestamp": "2025-12-13T15:08:49",
  "reference_file": "KernelBench/level1_low_score/77_conv_transposed_3D_square_input_square_kernel___padded____dilated____strided__.py",
  "candidate_file": "/home/hyc/LLMKernel/run/20251213_140652_batch_range66to87_openai_deepseek/77_conv_transposed_3D_square_input_square_kernel___padded____dilated____strided__/code/kernel_20251213_150820.py",
  "tolerance": 0.001,
  "max_abs_err": 0.0005681514739990234,
  "mean_abs_err": 1.722549495752901e-05,
  "ref_latency_ms": {
    "avg": 13.456185722351075,
    "min": 13.139967918395996,
    "max": 13.720576286315918,
    "all": [
      13.720576286315918,
      13.711392402648926,
      13.561856269836426,
      13.139967918395996,
      13.147135734558105
    ]
  },
  "test_latency_ms": {
    "avg": 26.746675109863283,
    "min": 26.74073600769043,
    "max": 26.75200080871582,
    "all": [
      26.75200080871582,
      26.74790382385254,
      26.744831085205078,
      26.74073600769043,
      26.74790382385254
    ]
  },
  "num_runs": 5,
  "model_init_args": [
    32,
    64,
    3,
    2,
    1,
    2
  ],
  "model_init_kwargs": {},
  "seed": 100,
  "align_stats": {
    "pair_aligner": 1,
    "copied_same_shape": 1,
    "mapped_shape": 0,
    "skipped": 0,
    "pair_key": "Model->ModelNew"
  },
  "runnable": true,
  "phase": "stage3_memory_access",
  "pytorch_baseline_ms": 13.70827522277832,
  "score": 0.5125225908069285
}