{
  "timestamp": "2025-12-13T15:07:16",
  "reference_file": "KernelBench/level1_low_score/77_conv_transposed_3D_square_input_square_kernel___padded____dilated____strided__.py",
  "candidate_file": "/home/hyc/LLMKernel/run/20251213_140652_batch_range66to87_openai_deepseek/77_conv_transposed_3D_square_input_square_kernel___padded____dilated____strided__/code/kernel_20251213_150704.py",
  "tolerance": 0.001,
  "max_abs_err": 0.0005681514739990234,
  "mean_abs_err": 1.722549495752901e-05,
  "ref_latency_ms": {
    "avg": 13.14181137084961,
    "min": 13.137920379638672,
    "max": 13.146112442016602,
    "all": [
      13.144063949584961,
      13.146112442016602,
      13.140992164611816,
      13.139967918395996,
      13.137920379638672
    ]
  },
  "test_latency_ms": {
    "avg": 15.879839897155762,
    "min": 15.87609577178955,
    "max": 15.88428783416748,
    "all": [
      15.880255699157715,
      15.88428783416748,
      15.87609577178955,
      15.877344131469727,
      15.881216049194336
    ]
  },
  "num_runs": 5,
  "model_init_args": [
    32,
    64,
    3,
    2,
    1,
    2
  ],
  "model_init_kwargs": {},
  "seed": 100,
  "align_stats": {
    "pair_aligner": 1,
    "copied_same_shape": 1,
    "mapped_shape": 0,
    "skipped": 0,
    "pair_key": "Model->ModelNew"
  },
  "runnable": true,
  "phase": "stage2_block_tiling",
  "pytorch_baseline_ms": 13.70827522277832,
  "score": 0.8632502160952901
}