{
  "timestamp": "2025-12-13T15:10:24",
  "reference_file": "KernelBench/level1_low_score/77_conv_transposed_3D_square_input_square_kernel___padded____dilated____strided__.py",
  "candidate_file": "/home/hyc/LLMKernel/run/20251213_140652_batch_range66to87_openai_deepseek/77_conv_transposed_3D_square_input_square_kernel___padded____dilated____strided__/code/kernel_20251213_151007.py",
  "tolerance": 0.001,
  "max_abs_err": 0.0005681514739990234,
  "mean_abs_err": 1.722549495752901e-05,
  "ref_latency_ms": {
    "avg": 13.145267105102539,
    "min": 13.136863708496094,
    "max": 13.154303550720215,
    "all": [
      13.154303550720215,
      13.144063949584961,
      13.138848304748535,
      13.136863708496094,
      13.15225601196289
    ]
  },
  "test_latency_ms": {
    "avg": 15.540486335754395,
    "min": 15.535103797912598,
    "max": 15.550368309020996,
    "all": [
      15.5414400100708,
      15.538175582885742,
      15.535103797912598,
      15.537343978881836,
      15.550368309020996
    ]
  },
  "num_runs": 5,
  "model_init_args": [
    32,
    64,
    3,
    2,
    1,
    2
  ],
  "model_init_kwargs": {},
  "seed": 100,
  "align_stats": {
    "pair_aligner": 1,
    "copied_same_shape": 1,
    "mapped_shape": 0,
    "skipped": 0,
    "pair_key": "Model->ModelNew"
  },
  "runnable": true,
  "phase": "stage4_advanced_memory",
  "pytorch_baseline_ms": 13.70827522277832,
  "score": 0.8821007867198687
}