{
  "timestamp": "2025-12-15T05:50:24",
  "reference_file": "KernelBench/level2/48_Conv3d_Scaling_Tanh_Multiply_Sigmoid.py",
  "candidate_file": "/home/hyc/LLMKernel/run/20251215_024803_batch_range31to55_openai_deepseek/48_Conv3d_Scaling_Tanh_Multiply_Sigmoid/code/kernel_20251215_055007.py",
  "tolerance": 0.001,
  "max_abs_err": 1.1920928955078125e-07,
  "mean_abs_err": 1.1539391664427967e-08,
  "ref_latency_ms": {
    "avg": 6.716198539733886,
    "min": 6.691840171813965,
    "max": 6.727680206298828,
    "all": [
      6.719488143920898,
      6.691840171813965,
      6.724544048309326,
      6.717440128326416,
      6.727680206298828
    ]
  },
  "test_latency_ms": {
    "avg": 4.451488018035889,
    "min": 4.436992168426514,
    "max": 4.459519863128662,
    "all": [
      4.436992168426514,
      4.45417594909668,
      4.454400062561035,
      4.452352046966553,
      4.459519863128662
    ]
  },
  "num_runs": 5,
  "model_init_args": [
    3,
    16,
    3,
    2,
    [
      16,
      1,
      1,
      1
    ]
  ],
  "model_init_kwargs": {},
  "seed": 100,
  "align_stats": {
    "pair_aligner": 1,
    "copied_same_shape": 1,
    "mapped_shape": 0,
    "skipped": 0,
    "pair_key": "Model->ModelNew"
  },
  "runnable": true,
  "phase": "stage2_block_tiling",
  "pytorch_baseline_ms": 6.670547199249268,
  "score": 1.4984982936542834
}