{
  "timestamp": "2025-12-29T02:52:40",
  "reference_file": "KernelBench/t/48_Conv3d_Scaling_Tanh_Multiply_Sigmoid.py",
  "candidate_file": "/home/hyc/LLMKernel/run/20251229_022911_batch_range41to51_openai_deepseek/48_Conv3d_Scaling_Tanh_Multiply_Sigmoid/code/kernel_20251229_025233.py",
  "tolerance": 1,
  "max_abs_err": 0.0982268750667572,
  "mean_abs_err": 0.049836426973342896,
  "ref_latency_ms": {
    "avg": 6.933247852325439,
    "min": 6.92633581161499,
    "max": 6.948607921600342,
    "all": [
      6.948607921600342,
      6.930431842803955,
      6.92633581161499,
      6.930431842803955,
      6.930431842803955
    ]
  },
  "test_latency_ms": {
    "avg": 4.096038436889648,
    "min": 4.093952178955078,
    "max": 4.098239898681641,
    "all": [
      4.098239898681641,
      4.09497594833374,
      4.093952178955078,
      4.0960001945495605,
      4.097023963928223
    ]
  },
  "num_runs": 5,
  "model_init_args": [
    3,
    16,
    3,
    2,
    [
      16,
      1,
      1,
      1
    ]
  ],
  "model_init_kwargs": {},
  "seed": 100,
  "align_stats": {
    "pair_aligner": 1,
    "copied_same_shape": 1,
    "mapped_shape": 0,
    "skipped": 0,
    "pair_key": "Model->ModelNew"
  },
  "runnable": true,
  "phase": "stage3_memory_and_tuning",
  "pytorch_baseline_ms": 6.935283184051514,
  "score": 1.6931684824026856
}