{
  "timestamp": "2025-12-15T05:51:42",
  "reference_file": "KernelBench/level2/48_Conv3d_Scaling_Tanh_Multiply_Sigmoid.py",
  "candidate_file": "/home/hyc/LLMKernel/run/20251215_024803_batch_range31to55_openai_deepseek/48_Conv3d_Scaling_Tanh_Multiply_Sigmoid/code/kernel_20251215_055132.py",
  "tolerance": 0.001,
  "max_abs_err": 1.1920928955078125e-07,
  "mean_abs_err": 1.4953018379060268e-08,
  "ref_latency_ms": {
    "avg": 6.798316764831543,
    "min": 6.790143966674805,
    "max": 6.820767879486084,
    "all": [
      6.820767879486084,
      6.792191982269287,
      6.790143966674805,
      6.796288013458252,
      6.792191982269287
    ]
  },
  "test_latency_ms": {
    "avg": 5.287750339508056,
    "min": 5.278719902038574,
    "max": 5.297247886657715,
    "all": [
      5.280767917633057,
      5.2848639488220215,
      5.278719902038574,
      5.297247886657715,
      5.297152042388916
    ]
  },
  "num_runs": 5,
  "model_init_args": [
    3,
    16,
    3,
    2,
    [
      16,
      1,
      1,
      1
    ]
  ],
  "model_init_kwargs": {},
  "seed": 100,
  "align_stats": {
    "pair_aligner": 1,
    "copied_same_shape": 1,
    "mapped_shape": 0,
    "skipped": 0,
    "pair_key": "Model->ModelNew"
  },
  "runnable": true,
  "phase": "stage3_memory_access",
  "pytorch_baseline_ms": 6.670547199249268,
  "score": 1.2615094834204785
}