{
  "timestamp": "2025-12-29T02:42:28",
  "reference_file": "KernelBench/t/48_Conv3d_Scaling_Tanh_Multiply_Sigmoid.py",
  "candidate_file": "/home/hyc/LLMKernel/run/20251229_022911_batch_range41to51_openai_deepseek/48_Conv3d_Scaling_Tanh_Multiply_Sigmoid/code/kernel_20251229_024223.py",
  "tolerance": 1,
  "max_abs_err": 0.00013023614883422852,
  "mean_abs_err": 2.6262729079462588e-05,
  "ref_latency_ms": {
    "avg": 6.935283184051514,
    "min": 6.929056167602539,
    "max": 6.9503679275512695,
    "all": [
      6.9503679275512695,
      6.934720039367676,
      6.932415962219238,
      6.929056167602539,
      6.929855823516846
    ]
  },
  "test_latency_ms": {
    "avg": 6.3569151878356935,
    "min": 6.073567867279053,
    "max": 7.054111957550049,
    "all": [
      6.076992034912109,
      6.073567867279053,
      6.0764479637146,
      7.054111957550049,
      6.503456115722656
    ]
  },
  "num_runs": 5,
  "model_init_args": [
    3,
    16,
    3,
    2,
    [
      16,
      1,
      1,
      1
    ]
  ],
  "model_init_kwargs": {},
  "seed": 100,
  "align_stats": {
    "pair_aligner": 1,
    "copied_same_shape": 1,
    "mapped_shape": 0,
    "skipped": 0,
    "pair_key": "Model->ModelNew"
  },
  "runnable": true,
  "phase": "seed_0",
  "score": 1.0909824937294363
}