{
  "timestamp": "2025-12-29T02:44:35",
  "reference_file": "KernelBench/t/48_Conv3d_Scaling_Tanh_Multiply_Sigmoid.py",
  "candidate_file": "/home/hyc/LLMKernel/run/20251229_022911_batch_range41to51_openai_deepseek/48_Conv3d_Scaling_Tanh_Multiply_Sigmoid/code/kernel_20251229_024431.py",
  "tolerance": 1,
  "max_abs_err": 0.0982268750667572,
  "mean_abs_err": 0.049836426973342896,
  "ref_latency_ms": {
    "avg": 6.936569499969482,
    "min": 6.9303998947143555,
    "max": 6.953983783721924,
    "all": [
      6.953983783721924,
      6.93452787399292,
      6.9303998947143555,
      6.930431842803955,
      6.933504104614258
    ]
  },
  "test_latency_ms": {
    "avg": 5.047686386108398,
    "min": 5.045248031616211,
    "max": 5.051263809204102,
    "all": [
      5.051263809204102,
      5.047296047210693,
      5.045248031616211,
      5.0483198165893555,
      5.046304225921631
    ]
  },
  "num_runs": 5,
  "model_init_args": [
    3,
    16,
    3,
    2,
    [
      16,
      1,
      1,
      1
    ]
  ],
  "model_init_kwargs": {},
  "seed": 100,
  "align_stats": {
    "pair_aligner": 1,
    "copied_same_shape": 1,
    "mapped_shape": 0,
    "skipped": 0,
    "pair_key": "Model->ModelNew"
  },
  "runnable": true,
  "phase": "seed_1_repair_1",
  "pytorch_baseline_ms": 6.935283184051514,
  "score": 1.3739528674241568
}