{
  "timestamp": "2025-12-29T02:51:42",
  "reference_file": "KernelBench/t/48_Conv3d_Scaling_Tanh_Multiply_Sigmoid.py",
  "candidate_file": "/home/hyc/LLMKernel/run/20251229_022911_batch_range41to51_openai_deepseek/48_Conv3d_Scaling_Tanh_Multiply_Sigmoid/code/kernel_20251229_025136.py",
  "tolerance": 1,
  "max_abs_err": 0.0982268750667572,
  "mean_abs_err": 0.049836426973342896,
  "ref_latency_ms": {
    "avg": 6.935763263702393,
    "min": 6.925343990325928,
    "max": 6.950911998748779,
    "all": [
      6.950911998748779,
      6.93555212020874,
      6.931456089019775,
      6.925343990325928,
      6.93555212020874
    ]
  },
  "test_latency_ms": {
    "avg": 3.5240447998046873,
    "min": 3.521536111831665,
    "max": 3.5257599353790283,
    "all": [
      3.5257279872894287,
      3.5246078968048096,
      3.522592067718506,
      3.521536111831665,
      3.5257599353790283
    ]
  },
  "num_runs": 5,
  "model_init_args": [
    3,
    16,
    3,
    2,
    [
      16,
      1,
      1,
      1
    ]
  ],
  "model_init_kwargs": {},
  "seed": 100,
  "align_stats": {
    "pair_aligner": 1,
    "copied_same_shape": 1,
    "mapped_shape": 0,
    "skipped": 0,
    "pair_key": "Model->ModelNew"
  },
  "runnable": true,
  "phase": "stage2_block_tiling",
  "pytorch_baseline_ms": 6.935283184051514,
  "score": 1.9679895058189631
}