{
  "timestamp": "2025-12-29T02:50:47",
  "reference_file": "KernelBench/t/48_Conv3d_Scaling_Tanh_Multiply_Sigmoid.py",
  "candidate_file": "/home/hyc/LLMKernel/run/20251229_022911_batch_range41to51_openai_deepseek/48_Conv3d_Scaling_Tanh_Multiply_Sigmoid/code/kernel_20251229_025043.py",
  "tolerance": 1,
  "max_abs_err": 0.0982268750667572,
  "mean_abs_err": 0.049836426973342896,
  "ref_latency_ms": {
    "avg": 7.01784315109253,
    "min": 6.91267204284668,
    "max": 7.340928077697754,
    "all": [
      6.956031799316406,
      6.938623905181885,
      6.940959930419922,
      7.340928077697754,
      6.91267204284668
    ]
  },
  "test_latency_ms": {
    "avg": 5.2166143417358395,
    "min": 4.7948479652404785,
    "max": 5.837791919708252,
    "all": [
      4.831264019012451,
      4.822847843170166,
      5.837791919708252,
      5.796319961547852,
      4.7948479652404785
    ]
  },
  "num_runs": 5,
  "model_init_args": [
    3,
    16,
    3,
    2,
    [
      16,
      1,
      1,
      1
    ]
  ],
  "model_init_kwargs": {},
  "seed": 100,
  "align_stats": {
    "pair_aligner": 1,
    "copied_same_shape": 1,
    "mapped_shape": 0,
    "skipped": 0,
    "pair_key": "Model->ModelNew"
  },
  "runnable": true,
  "phase": "stage1_grid_and_parallel",
  "pytorch_baseline_ms": 6.935283184051514,
  "score": 1.329460590668043
}