{
  "timestamp": "2025-12-29T02:46:05",
  "reference_file": "KernelBench/t/48_Conv3d_Scaling_Tanh_Multiply_Sigmoid.py",
  "candidate_file": "/home/hyc/LLMKernel/run/20251229_022911_batch_range41to51_openai_deepseek/48_Conv3d_Scaling_Tanh_Multiply_Sigmoid/code/kernel_20251229_024601.py",
  "tolerance": 1,
  "max_abs_err": 0.0029715299606323242,
  "mean_abs_err": 0.000305312336422503,
  "ref_latency_ms": {
    "avg": 6.936102390289307,
    "min": 6.929408073425293,
    "max": 6.949888229370117,
    "all": [
      6.949888229370117,
      6.934463977813721,
      6.929408073425293,
      6.934271812438965,
      6.9324798583984375
    ]
  },
  "test_latency_ms": {
    "avg": 6.041433620452881,
    "min": 6.039552211761475,
    "max": 6.043839931488037,
    "all": [
      6.043647766113281,
      6.039552211761475,
      6.039552211761475,
      6.040575981140137,
      6.043839931488037
    ]
  },
  "num_runs": 5,
  "model_init_args": [
    3,
    16,
    3,
    2,
    [
      16,
      1,
      1,
      1
    ]
  ],
  "model_init_kwargs": {},
  "seed": 100,
  "align_stats": {
    "pair_aligner": 1,
    "copied_same_shape": 1,
    "mapped_shape": 0,
    "skipped": 0,
    "pair_key": "Model->ModelNew"
  },
  "runnable": true,
  "phase": "algorithm_optimized_seed0",
  "pytorch_baseline_ms": 6.935283184051514,
  "score": 1.147953220999162
}