{
  "timestamp": "2025-12-15T05:49:06",
  "reference_file": "KernelBench/level2/48_Conv3d_Scaling_Tanh_Multiply_Sigmoid.py",
  "candidate_file": "/home/hyc/LLMKernel/run/20251215_024803_batch_range31to55_openai_deepseek/48_Conv3d_Scaling_Tanh_Multiply_Sigmoid/code/kernel_20251215_054847.py",
  "tolerance": 0.001,
  "max_abs_err": 1.1920928955078125e-07,
  "mean_abs_err": 1.1539391664427967e-08,
  "ref_latency_ms": {
    "avg": 6.792825698852539,
    "min": 6.78707218170166,
    "max": 6.800479888916016,
    "all": [
      6.800479888916016,
      6.78707218170166,
      6.793216228485107,
      6.7942399978637695,
      6.789120197296143
    ]
  },
  "test_latency_ms": {
    "avg": 4.4181568145751955,
    "min": 4.414463996887207,
    "max": 4.422656059265137,
    "all": [
      4.416543960571289,
      4.4165120124816895,
      4.420608043670654,
      4.414463996887207,
      4.422656059265137
    ]
  },
  "num_runs": 5,
  "model_init_args": [
    3,
    16,
    3,
    2,
    [
      16,
      1,
      1,
      1
    ]
  ],
  "model_init_kwargs": {},
  "seed": 100,
  "align_stats": {
    "pair_aligner": 1,
    "copied_same_shape": 1,
    "mapped_shape": 0,
    "skipped": 0,
    "pair_key": "Model->ModelNew"
  },
  "runnable": true,
  "phase": "stage1_grid_and_parallel",
  "pytorch_baseline_ms": 6.670547199249268,
  "score": 1.5098031779323884
}