{
  "timestamp": "2025-12-15T05:47:25",
  "reference_file": "KernelBench/level2/48_Conv3d_Scaling_Tanh_Multiply_Sigmoid.py",
  "candidate_file": "/home/hyc/LLMKernel/run/20251215_024803_batch_range31to55_openai_deepseek/48_Conv3d_Scaling_Tanh_Multiply_Sigmoid/code/kernel_20251215_054721.py",
  "tolerance": 0.001,
  "max_abs_err": 1.1920928955078125e-07,
  "mean_abs_err": 1.1539391664427967e-08,
  "ref_latency_ms": {
    "avg": 6.670547199249268,
    "min": 6.6611199378967285,
    "max": 6.686560153961182,
    "all": [
      6.686560153961182,
      6.6611199378967285,
      6.662176132202148,
      6.672383785247803,
      6.670495986938477
    ]
  },
  "test_latency_ms": {
    "avg": 6.9322559356689455,
    "min": 6.930335998535156,
    "max": 6.938623905181885,
    "all": [
      6.938623905181885,
      6.931456089019775,
      6.930335998535156,
      6.930431842803955,
      6.930431842803955
    ]
  },
  "num_runs": 5,
  "model_init_args": [
    3,
    16,
    3,
    2,
    [
      16,
      1,
      1,
      1
    ]
  ],
  "model_init_kwargs": {},
  "seed": 100,
  "align_stats": {
    "pair_aligner": 1,
    "copied_same_shape": 1,
    "mapped_shape": 0,
    "skipped": 0,
    "pair_key": "Model->ModelNew"
  },
  "runnable": true,
  "phase": "seed",
  "score": 0.9622476811519476
}