{
  "timestamp": "2025-12-15T05:52:54",
  "reference_file": "KernelBench/level2/48_Conv3d_Scaling_Tanh_Multiply_Sigmoid.py",
  "candidate_file": "/home/hyc/LLMKernel/run/20251215_024803_batch_range31to55_openai_deepseek/48_Conv3d_Scaling_Tanh_Multiply_Sigmoid/code/kernel_20251215_055237.py",
  "tolerance": 0.001,
  "max_abs_err": 1.1920928955078125e-07,
  "mean_abs_err": 1.1539391664427967e-08,
  "ref_latency_ms": {
    "avg": 6.793824100494385,
    "min": 6.785920143127441,
    "max": 6.806528091430664,
    "all": [
      6.806528091430664,
      6.7903361320495605,
      6.793216228485107,
      6.785920143127441,
      6.79311990737915
    ]
  },
  "test_latency_ms": {
    "avg": 4.330649566650391,
    "min": 4.32531213760376,
    "max": 4.338687896728516,
    "all": [
      4.332543849945068,
      4.32531213760376,
      4.329472064971924,
      4.3272318840026855,
      4.338687896728516
    ]
  },
  "num_runs": 5,
  "model_init_args": [
    3,
    16,
    3,
    2,
    [
      16,
      1,
      1,
      1
    ]
  ],
  "model_init_kwargs": {},
  "seed": 100,
  "align_stats": {
    "pair_aligner": 1,
    "copied_same_shape": 1,
    "mapped_shape": 0,
    "skipped": 0,
    "pair_key": "Model->ModelNew"
  },
  "runnable": true,
  "phase": "stage4_advanced_memory",
  "pytorch_baseline_ms": 6.670547199249268,
  "score": 1.5403110079878173
}