{
  "timestamp": "2025-12-23T06:05:54",
  "reference_file": "KernelBench/level3/41_GRUBidirectional.py",
  "candidate_file": "/home/hyc/LLMKernel/run/20251223_055828_41_GRUBidirectional_openai_deepseek/41_GRUBidirectional/code/kernel_20251223_060549.py",
  "tolerance": 1,
  "max_abs_err": 0.8783011436462402,
  "mean_abs_err": 0.1527653932571411,
  "ref_latency_ms": {
    "avg": 53.00661697387695,
    "min": 52.371456146240234,
    "max": 53.4466552734375,
    "all": [
      53.4466552734375,
      53.212894439697266,
      52.371456146240234,
      52.76976013183594,
      53.23231887817383
    ]
  },
  "test_latency_ms": {
    "avg": 53.17994232177735,
    "min": 53.13100814819336,
    "max": 53.22643280029297,
    "all": [
      53.22643280029297,
      53.169151306152344,
      53.13100814819336,
      53.168128967285156,
      53.20499038696289
    ]
  },
  "num_runs": 5,
  "model_init_args": [
    128,
    256,
    6
  ],
  "model_init_kwargs": {},
  "seed": 100,
  "align_stats": {
    "copied_same_shape": 0,
    "unique_shape_copied": 0,
    "mapped_shape": 0,
    "skipped": 48,
    "pair_aligner": 0,
    "pair_key": "Model->ModelNew"
  },
  "runnable": true,
  "phase": "algorithm_optimized_seed0_repair1",
  "pytorch_baseline_ms": 52.19599227905273,
  "score": 0.9814977226419126
}