{
  "timestamp": "2025-12-16T05:48:23",
  "reference_file": "KernelBench/level3/41_GRUBidirectional.py",
  "candidate_file": "/home/hyc/LLMKernel/run/20251216_051553_batch_range34to50_openai_deepseek/41_GRUBidirectional/code/kernel_20251216_054810.py",
  "tolerance": 0.1,
  "max_abs_err": 0.0010676681995391846,
  "mean_abs_err": 0.0002287567622261122,
  "ref_latency_ms": {
    "avg": 89.44535675048829,
    "min": 88.27289581298828,
    "max": 92.46310424804688,
    "all": [
      89.23257446289062,
      88.7930908203125,
      88.46511840820312,
      88.27289581298828,
      92.46310424804688
    ]
  },
  "test_latency_ms": {
    "avg": 1066.650732421875,
    "min": 1062.683837890625,
    "max": 1070.29931640625,
    "all": [
      1069.8250732421875,
      1062.683837890625,
      1063.479248046875,
      1066.9661865234375,
      1070.29931640625
    ]
  },
  "num_runs": 5,
  "model_init_args": [
    128,
    256,
    6
  ],
  "model_init_kwargs": {},
  "seed": 100,
  "align_stats": {
    "copied_same_shape": 48,
    "unique_shape_copied": 0,
    "mapped_shape": 0,
    "skipped": 0,
    "pair_aligner": 0,
    "pair_key": "Model->ModelNew"
  },
  "runnable": true,
  "phase": "seed",
  "score": 0.08385627462833956
}