{
  "timestamp": "2025-12-16T05:51:40",
  "reference_file": "KernelBench/level3/41_GRUBidirectional.py",
  "candidate_file": "/home/hyc/LLMKernel/run/20251216_051553_batch_range34to50_openai_deepseek/41_GRUBidirectional/code/kernel_20251216_055126.py",
  "tolerance": 0.1,
  "max_abs_err": 0.001057744026184082,
  "mean_abs_err": 0.00022895853908266872,
  "ref_latency_ms": {
    "avg": 65.82325744628906,
    "min": 65.62889862060547,
    "max": 66.01936340332031,
    "all": [
      66.01936340332031,
      65.94866943359375,
      65.8256607055664,
      65.62889862060547,
      65.69369506835938
    ]
  },
  "test_latency_ms": {
    "avg": 952.7735961914062,
    "min": 925.60595703125,
    "max": 983.904052734375,
    "all": [
      979.44873046875,
      936.2022705078125,
      938.7069702148438,
      983.904052734375,
      925.60595703125
    ]
  },
  "num_runs": 5,
  "model_init_args": [
    128,
    256,
    6
  ],
  "model_init_kwargs": {},
  "seed": 100,
  "align_stats": {
    "copied_same_shape": 48,
    "unique_shape_copied": 0,
    "mapped_shape": 0,
    "skipped": 0,
    "pair_aligner": 0,
    "pair_key": "Model->ModelNew"
  },
  "runnable": true,
  "phase": "stage2_block_tiling",
  "pytorch_baseline_ms": 89.44535675048829,
  "score": 0.09387892056206738
}