{
  "timestamp": "2025-12-16T05:54:06",
  "reference_file": "KernelBench/level3/41_GRUBidirectional.py",
  "candidate_file": "/home/hyc/LLMKernel/run/20251216_051553_batch_range34to50_openai_deepseek/41_GRUBidirectional/code/kernel_20251216_055351.py",
  "tolerance": 0.1,
  "max_abs_err": 0.001067429780960083,
  "mean_abs_err": 0.0002288704999955371,
  "ref_latency_ms": {
    "avg": 67.22433166503906,
    "min": 65.4804458618164,
    "max": 70.88025665283203,
    "all": [
      67.42127990722656,
      65.64246368408203,
      65.4804458618164,
      66.69721221923828,
      70.88025665283203
    ]
  },
  "test_latency_ms": {
    "avg": 910.3168090820312,
    "min": 882.8385009765625,
    "max": 922.8472290039062,
    "all": [
      913.165283203125,
      922.8472290039062,
      912.1149291992188,
      920.6181030273438,
      882.8385009765625
    ]
  },
  "num_runs": 5,
  "model_init_args": [
    128,
    256,
    6
  ],
  "model_init_kwargs": {},
  "seed": 100,
  "align_stats": {
    "copied_same_shape": 48,
    "unique_shape_copied": 0,
    "mapped_shape": 0,
    "skipped": 0,
    "pair_aligner": 0,
    "pair_key": "Model->ModelNew"
  },
  "runnable": true,
  "phase": "stage4_advanced_memory",
  "pytorch_baseline_ms": 89.44535675048829,
  "score": 0.09825739331418641
}