{
  "timestamp": "2025-12-16T05:53:07",
  "reference_file": "KernelBench/level3/41_GRUBidirectional.py",
  "candidate_file": "/home/hyc/LLMKernel/run/20251216_051553_batch_range34to50_openai_deepseek/41_GRUBidirectional/code/kernel_20251216_055248.py",
  "tolerance": 0.1,
  "max_abs_err": 0.001067429780960083,
  "mean_abs_err": 0.0002288704999955371,
  "ref_latency_ms": {
    "avg": 65.29100036621094,
    "min": 65.12537384033203,
    "max": 65.38626861572266,
    "all": [
      65.38626861572266,
      65.37318420410156,
      65.26048278808594,
      65.12537384033203,
      65.3096923828125
    ]
  },
  "test_latency_ms": {
    "avg": 810.0968872070313,
    "min": 802.9339599609375,
    "max": 814.7906494140625,
    "all": [
      802.9339599609375,
      807.93701171875,
      811.5609741210938,
      813.2618408203125,
      814.7906494140625
    ]
  },
  "num_runs": 5,
  "model_init_args": [
    128,
    256,
    6
  ],
  "model_init_kwargs": {},
  "seed": 100,
  "align_stats": {
    "copied_same_shape": 48,
    "unique_shape_copied": 0,
    "mapped_shape": 0,
    "skipped": 0,
    "pair_aligner": 0,
    "pair_key": "Model->ModelNew"
  },
  "runnable": true,
  "phase": "stage3_memory_access",
  "pytorch_baseline_ms": 89.44535675048829,
  "score": 0.11041315941710231
}