{
  "timestamp": "2025-12-16T05:50:39",
  "reference_file": "KernelBench/level3/41_GRUBidirectional.py",
  "candidate_file": "/home/hyc/LLMKernel/run/20251216_051553_batch_range34to50_openai_deepseek/41_GRUBidirectional/code/kernel_20251216_055024.py",
  "tolerance": 0.1,
  "max_abs_err": 0.001067429780960083,
  "mean_abs_err": 0.0002288704999955371,
  "ref_latency_ms": {
    "avg": 64.46953582763672,
    "min": 64.30799865722656,
    "max": 64.6328353881836,
    "all": [
      64.60809326171875,
      64.6328353881836,
      64.48540496826172,
      64.30799865722656,
      64.31334686279297
    ]
  },
  "test_latency_ms": {
    "avg": 815.2189819335938,
    "min": 812.2562255859375,
    "max": 819.34130859375,
    "all": [
      813.2269897460938,
      816.494873046875,
      812.2562255859375,
      819.34130859375,
      814.7755126953125
    ]
  },
  "num_runs": 5,
  "model_init_args": [
    128,
    256,
    6
  ],
  "model_init_kwargs": {},
  "seed": 100,
  "align_stats": {
    "copied_same_shape": 48,
    "unique_shape_copied": 0,
    "mapped_shape": 0,
    "skipped": 0,
    "pair_aligner": 0,
    "pair_key": "Model->ModelNew"
  },
  "runnable": true,
  "phase": "stage1_repair",
  "pytorch_baseline_ms": 89.44535675048829,
  "score": 0.10971942353247896
}