{
  "timestamp": "2025-12-23T06:03:08",
  "reference_file": "KernelBench/level3/41_GRUBidirectional.py",
  "candidate_file": "/home/hyc/LLMKernel/run/20251223_055828_41_GRUBidirectional_openai_deepseek/41_GRUBidirectional/code/kernel_20251223_060301.py",
  "tolerance": 1,
  "max_abs_err": 1.7848420143127441,
  "mean_abs_err": 0.88773113489151,
  "ref_latency_ms": {
    "avg": 53.117401885986325,
    "min": 52.99097442626953,
    "max": 53.360801696777344,
    "all": [
      53.360801696777344,
      53.109825134277344,
      52.99097442626953,
      53.05331039428711,
      53.07209777832031
    ]
  },
  "test_latency_ms": {
    "avg": 360.3543334960938,
    "min": 356.6295166015625,
    "max": 363.9568786621094,
    "all": [
      361.449462890625,
      359.77728271484375,
      363.9568786621094,
      356.6295166015625,
      359.9585266113281
    ]
  },
  "num_runs": 5,
  "model_init_args": [
    128,
    256,
    6
  ],
  "model_init_kwargs": {},
  "seed": 100,
  "align_stats": {
    "copied_same_shape": 0,
    "unique_shape_copied": 0,
    "mapped_shape": 0,
    "skipped": 48,
    "pair_aligner": 0,
    "pair_key": "Model->ModelNew"
  },
  "runnable": true,
  "phase": "seed_1_repair_1",
  "pytorch_baseline_ms": 52.19599227905273,
  "score": 0.1448463010633353
}