{
  "timestamp": "2025-12-16T02:48:40",
  "reference_file": "KernelBench/level3/4_LeNet5.py",
  "candidate_file": "/home/hyc/LLMKernel/run/20251216_022404_batch_range2to17_openai_deepseek/4_LeNet5/code/kernel_20251216_024800.py",
  "tolerance": 0.1,
  "max_abs_err": 8.122064173221588e-05,
  "mean_abs_err": 1.551176501379814e-05,
  "ref_latency_ms": {
    "avg": 1.0223616123199464,
    "min": 1.0168319940567017,
    "max": 1.0301439762115479,
    "all": [
      1.0301439762115479,
      1.0219520330429077,
      1.0168319940567017,
      1.018880009651184,
      1.0240000486373901
    ]
  },
  "test_latency_ms": {
    "avg": 0.6080511927604675,
    "min": 0.6062080264091492,
    "max": 0.6113280057907104,
    "all": [
      0.6113280057907104,
      0.6082559823989868,
      0.6062080264091492,
      0.6072319746017456,
      0.6072319746017456
    ]
  },
  "num_runs": 5,
  "model_init_args": [
    20
  ],
  "model_init_kwargs": {},
  "seed": 100,
  "align_stats": {
    "copied_same_shape": 0,
    "unique_shape_copied": 10,
    "mapped_shape": 0,
    "skipped": 0,
    "pair_aligner": 0,
    "pair_key": "Model->ModelNew"
  },
  "runnable": true,
  "phase": "stage4_repair",
  "pytorch_baseline_ms": 1.0373247861862183,
  "score": 1.705982651685804
}