{
  "timestamp": "2025-12-16T02:36:34",
  "reference_file": "KernelBench/level3/4_LeNet5.py",
  "candidate_file": "/home/hyc/LLMKernel/run/20251216_022404_batch_range2to17_openai_deepseek/4_LeNet5/code/kernel_20251216_023627.py",
  "tolerance": 0.1,
  "max_abs_err": 8.122064173221588e-05,
  "mean_abs_err": 1.551176501379814e-05,
  "ref_latency_ms": {
    "avg": 1.0373247861862183,
    "min": 1.0331519842147827,
    "max": 1.0455039739608765,
    "all": [
      1.0455039739608765,
      1.0371840000152588,
      1.0331519842147827,
      1.0354559421539307,
      1.0353280305862427
    ]
  },
  "test_latency_ms": {
    "avg": 11.534745788574218,
    "min": 11.515904426574707,
    "max": 11.569024085998535,
    "all": [
      11.569024085998535,
      11.518912315368652,
      11.531455993652344,
      11.515904426574707,
      11.538432121276855
    ]
  },
  "num_runs": 5,
  "model_init_args": [
    20
  ],
  "model_init_kwargs": {},
  "seed": 100,
  "align_stats": {
    "copied_same_shape": 0,
    "unique_shape_copied": 10,
    "mapped_shape": 0,
    "skipped": 0,
    "pair_aligner": 0,
    "pair_key": "Model->ModelNew"
  },
  "runnable": true,
  "phase": "seed_repair",
  "score": 0.08993044191868917
}