{
  "timestamp": "2025-12-16T02:39:57",
  "reference_file": "KernelBench/level3/4_LeNet5.py",
  "candidate_file": "/home/hyc/LLMKernel/run/20251216_022404_batch_range2to17_openai_deepseek/4_LeNet5/code/kernel_20251216_023948.py",
  "tolerance": 0.1,
  "max_abs_err": 8.122064173221588e-05,
  "mean_abs_err": 1.551176501379814e-05,
  "ref_latency_ms": {
    "avg": 1.0244096040725708,
    "min": 1.0209280252456665,
    "max": 1.031167984008789,
    "all": [
      1.031167984008789,
      1.026047945022583,
      1.0209280252456665,
      1.022976040840149,
      1.0209280252456665
    ]
  },
  "test_latency_ms": {
    "avg": 0.5133951902389526,
    "min": 0.5109760165214539,
    "max": 0.5150719881057739,
    "all": [
      0.5150719881057739,
      0.5130239725112915,
      0.5140479803085327,
      0.5109760165214539,
      0.5138559937477112
    ]
  },
  "num_runs": 5,
  "model_init_args": [
    20
  ],
  "model_init_kwargs": {},
  "seed": 100,
  "align_stats": {
    "copied_same_shape": 0,
    "unique_shape_copied": 10,
    "mapped_shape": 0,
    "skipped": 0,
    "pair_aligner": 0,
    "pair_key": "Model->ModelNew"
  },
  "runnable": true,
  "phase": "stage2_block_tiling",
  "pytorch_baseline_ms": 1.0373247861862183,
  "score": 2.0205190970009084
}