{
  "timestamp": "2025-12-16T02:44:46",
  "reference_file": "KernelBench/level3/4_LeNet5.py",
  "candidate_file": "/home/hyc/LLMKernel/run/20251216_022404_batch_range2to17_openai_deepseek/4_LeNet5/code/kernel_20251216_024344.py",
  "tolerance": 0.1,
  "max_abs_err": 8.122064173221588e-05,
  "mean_abs_err": 1.551176501379814e-05,
  "ref_latency_ms": {
    "avg": 1.0229376077651977,
    "min": 1.0199040174484253,
    "max": 1.0280959606170654,
    "all": [
      1.0280959606170654,
      1.022976040840149,
      1.0199040174484253,
      1.0217599868774414,
      1.0219520330429077
    ]
  },
  "test_latency_ms": {
    "avg": 0.7793024063110352,
    "min": 0.7782400250434875,
    "max": 0.7813119888305664,
    "all": [
      0.7802879810333252,
      0.7813119888305664,
      0.7784320116043091,
      0.7782400250434875,
      0.7782400250434875
    ]
  },
  "num_runs": 5,
  "model_init_args": [
    20
  ],
  "model_init_kwargs": {},
  "seed": 100,
  "align_stats": {
    "copied_same_shape": 0,
    "unique_shape_copied": 10,
    "mapped_shape": 0,
    "skipped": 0,
    "pair_aligner": 0,
    "pair_key": "Model->ModelNew"
  },
  "runnable": true,
  "phase": "stage3_repair",
  "pytorch_baseline_ms": 1.0373247861862183,
  "score": 1.331094037161488
}