{
  "timestamp": "2025-12-16T02:38:24",
  "reference_file": "KernelBench/level3/4_LeNet5.py",
  "candidate_file": "/home/hyc/LLMKernel/run/20251216_022404_batch_range2to17_openai_deepseek/4_LeNet5/code/kernel_20251216_023819.py",
  "tolerance": 0.1,
  "max_abs_err": 8.122064173221588e-05,
  "mean_abs_err": 1.551176501379814e-05,
  "ref_latency_ms": {
    "avg": 1.0369279861450196,
    "min": 1.0270719528198242,
    "max": 1.0536320209503174,
    "all": [
      1.041599988937378,
      1.0301439762115479,
      1.0321919918060303,
      1.0270719528198242,
      1.0536320209503174
    ]
  },
  "test_latency_ms": {
    "avg": 1.051475214958191,
    "min": 1.0455039739608765,
    "max": 1.0599360466003418,
    "all": [
      1.0599360466003418,
      1.0547840595245361,
      1.0475519895553589,
      1.0455039739608765,
      1.0496000051498413
    ]
  },
  "num_runs": 5,
  "model_init_args": [
    20
  ],
  "model_init_kwargs": {},
  "seed": 100,
  "align_stats": {
    "copied_same_shape": 0,
    "unique_shape_copied": 10,
    "mapped_shape": 0,
    "skipped": 0,
    "pair_aligner": 0,
    "pair_key": "Model->ModelNew"
  },
  "runnable": true,
  "phase": "stage1_grid_and_parallel",
  "pytorch_baseline_ms": 1.0373247861862183,
  "score": 0.9865423087765931
}