{
  "timestamp": "2025-12-12T23:15:17",
  "reference_file": "KernelBench/level1/88_MinGPTNewGelu.py",
  "candidate_file": "/home/hyc/LLMKernel/run/20251212_170115_batch_range70to100_deepseek_deepseek/88_MinGPTNewGelu/code/kernel_20251212_231514.py",
  "tolerance": 0.001,
  "max_abs_err": 1.1920928955078125e-07,
  "mean_abs_err": 8.158020037285496e-09,
  "ref_latency_ms": {
    "avg": 5.265779113769531,
    "min": 5.262335777282715,
    "max": 5.269504070281982,
    "all": [
      5.266240119934082,
      5.262335777282715,
      5.269504070281982,
      5.26643180847168,
      5.264383792877197
    ]
  },
  "test_latency_ms": {
    "avg": 0.8699840068817138,
    "min": 0.8690879940986633,
    "max": 0.8714240193367004,
    "all": [
      0.8714240193367004,
      0.8704000115394592,
      0.8696640133857727,
      0.8690879940986633,
      0.8693439960479736
    ]
  },
  "num_runs": 5,
  "model_init_args": [],
  "model_init_kwargs": {},
  "seed": 100,
  "align_stats": {
    "copied_same_shape": 0,
    "unique_shape_copied": 0,
    "mapped_shape": 0,
    "skipped": 0,
    "pair_aligner": 0,
    "pair_key": "Model->ModelNew"
  },
  "runnable": true,
  "phase": "stage3_memory_access",
  "pytorch_baseline_ms": 5.265580749511718,
  "score": 6.052502928628717
}