{
  "timestamp": "2025-12-12T23:10:20",
  "reference_file": "KernelBench/level1/88_MinGPTNewGelu.py",
  "candidate_file": "/home/hyc/LLMKernel/run/20251212_170115_batch_range70to100_deepseek_deepseek/88_MinGPTNewGelu/code/kernel_20251212_231017.py",
  "tolerance": 0.001,
  "max_abs_err": 1.1920928955078125e-07,
  "mean_abs_err": 8.158020037285496e-09,
  "ref_latency_ms": {
    "avg": 5.265580749511718,
    "min": 5.260287761688232,
    "max": 5.268256187438965,
    "all": [
      5.265471935272217,
      5.26643180847168,
      5.260287761688232,
      5.268256187438965,
      5.2674560546875
    ]
  },
  "test_latency_ms": {
    "avg": 0.87221759557724,
    "min": 0.8702719807624817,
    "max": 0.8744959831237793,
    "all": [
      0.8744959831237793,
      0.8734719753265381,
      0.8702719807624817,
      0.8724480271339417,
      0.8704000115394592
    ]
  },
  "num_runs": 5,
  "model_init_args": [],
  "model_init_kwargs": {},
  "seed": 100,
  "align_stats": {
    "copied_same_shape": 0,
    "unique_shape_copied": 0,
    "mapped_shape": 0,
    "skipped": 0,
    "pair_aligner": 0,
    "pair_key": "Model->ModelNew"
  },
  "runnable": true,
  "phase": "seed",
  "score": 6.0370035828352195
}