{
  "timestamp": "2025-12-12T23:13:06",
  "reference_file": "KernelBench/level1/88_MinGPTNewGelu.py",
  "candidate_file": "/home/hyc/LLMKernel/run/20251212_170115_batch_range70to100_deepseek_deepseek/88_MinGPTNewGelu/code/kernel_20251212_231302.py",
  "tolerance": 0.001,
  "max_abs_err": 1.1920928955078125e-07,
  "mean_abs_err": 8.158020037285496e-09,
  "ref_latency_ms": {
    "avg": 5.264998245239258,
    "min": 5.262335777282715,
    "max": 5.268479824066162,
    "all": [
      5.268479824066162,
      5.262335777282715,
      5.264383792877197,
      5.2674560546875,
      5.262335777282715
    ]
  },
  "test_latency_ms": {
    "avg": 0.8878080010414123,
    "min": 0.8847360014915466,
    "max": 0.8908799886703491,
    "all": [
      0.886784017086029,
      0.8898559808731079,
      0.8847360014915466,
      0.886784017086029,
      0.8908799886703491
    ]
  },
  "num_runs": 5,
  "model_init_args": [],
  "model_init_kwargs": {},
  "seed": 100,
  "align_stats": {
    "copied_same_shape": 0,
    "unique_shape_copied": 0,
    "mapped_shape": 0,
    "skipped": 0,
    "pair_aligner": 0,
    "pair_key": "Model->ModelNew"
  },
  "runnable": true,
  "phase": "stage1_grid_and_parallel",
  "pytorch_baseline_ms": 5.265580749511718,
  "score": 5.930990420603455
}