{
  "timestamp": "2025-12-15T02:10:11",
  "reference_file": "KernelBench/level2/80_Gemm_Max_Subtract_GELU.py",
  "candidate_file": "/home/hyc/LLMKernel/run/20251214_114735_batch_range56to80_deepseek_deepseek/80_Gemm_Max_Subtract_GELU/code/kernel_20251215_021007.py",
  "tolerance": 0.001,
  "max_abs_err": 0.0,
  "mean_abs_err": 0.0,
  "ref_latency_ms": {
    "avg": 3.0272959232330323,
    "min": 3.0218238830566406,
    "max": 3.0320639610290527,
    "all": [
      3.024735927581787,
      3.026815891265869,
      3.0218238830566406,
      3.0310399532318115,
      3.0320639610290527
    ]
  },
  "test_latency_ms": {
    "avg": 4.003840065002441,
    "min": 3.999743938446045,
    "max": 4.009984016418457,
    "all": [
      4.009984016418457,
      4.000768184661865,
      3.999743938446045,
      4.001791954040527,
      4.0069122314453125
    ]
  },
  "num_runs": 5,
  "model_init_args": [
    8192,
    8192,
    1
  ],
  "model_init_kwargs": {},
  "seed": 100,
  "align_stats": {
    "copied_same_shape": 0,
    "unique_shape_copied": 1,
    "mapped_shape": 0,
    "skipped": 0,
    "pair_aligner": 0,
    "pair_key": "Model->ModelNew"
  },
  "runnable": true,
  "phase": "seed_repair",
  "score": 0.7560981143314441
}