{
  "timestamp": "2025-12-28T16:46:29",
  "reference_file": "KernelBench/tt/80_Gemm_Max_Subtract_GELU.py",
  "candidate_file": "/home/hyc/LLMKernel/run/20251228_161811_batch_range79to85_openai_deepseek/80_Gemm_Max_Subtract_GELU/code/kernel_20251228_164624.py",
  "tolerance": 1,
  "max_abs_err": 0.0,
  "mean_abs_err": 0.0,
  "ref_latency_ms": {
    "avg": 3.137990379333496,
    "min": 3.130527973175049,
    "max": 3.150847911834717,
    "all": [
      3.150847911834717,
      3.1385600566864014,
      3.130527973175049,
      3.132416009902954,
      3.1375999450683594
    ]
  },
  "test_latency_ms": {
    "avg": 3.2636928081512453,
    "min": 3.2532479763031006,
    "max": 3.289088010787964,
    "all": [
      3.289088010787964,
      3.259392023086548,
      3.2532479763031006,
      3.255295991897583,
      3.2614400386810303
    ]
  },
  "num_runs": 5,
  "model_init_args": [
    8192,
    8192,
    1
  ],
  "model_init_kwargs": {},
  "seed": 100,
  "align_stats": {
    "copied_same_shape": 2,
    "unique_shape_copied": 0,
    "mapped_shape": 0,
    "skipped": 0,
    "pair_aligner": 0,
    "pair_key": "Model->ModelNew"
  },
  "runnable": true,
  "phase": "stage1_grid_and_parallel_repair",
  "pytorch_baseline_ms": 3.142259216308594,
  "score": 0.9627925791485753
}