{
  "timestamp": "2025-12-28T16:41:54",
  "reference_file": "KernelBench/tt/80_Gemm_Max_Subtract_GELU.py",
  "candidate_file": "/home/hyc/LLMKernel/run/20251228_161811_batch_range79to85_openai_deepseek/80_Gemm_Max_Subtract_GELU/code/kernel_20251228_164149.py",
  "tolerance": 1,
  "max_abs_err": 0.0,
  "mean_abs_err": 0.0,
  "ref_latency_ms": {
    "avg": 3.1409472465515136,
    "min": 3.132416009902954,
    "max": 3.154848098754883,
    "all": [
      3.154848098754883,
      3.1385600566864014,
      3.1383039951324463,
      3.132416009902954,
      3.140608072280884
    ]
  },
  "test_latency_ms": {
    "avg": 2.1089728355407713,
    "min": 2.1032960414886475,
    "max": 2.115488052368164,
    "all": [
      2.1125121116638184,
      2.1094400882720947,
      2.1032960414886475,
      2.104127883911133,
      2.115488052368164
    ]
  },
  "num_runs": 5,
  "model_init_args": [
    8192,
    8192,
    1
  ],
  "model_init_kwargs": {},
  "seed": 100,
  "align_stats": {
    "copied_same_shape": 2,
    "unique_shape_copied": 0,
    "mapped_shape": 0,
    "skipped": 0,
    "pair_aligner": 0,
    "pair_key": "Model->ModelNew"
  },
  "runnable": true,
  "phase": "algorithm_optimized_seed0",
  "pytorch_baseline_ms": 3.142259216308594,
  "score": 1.4899476955580953
}