{
  "timestamp": "2025-12-28T16:41:08",
  "reference_file": "KernelBench/tt/80_Gemm_Max_Subtract_GELU.py",
  "candidate_file": "/home/hyc/LLMKernel/run/20251228_161811_batch_range79to85_openai_deepseek/80_Gemm_Max_Subtract_GELU/code/kernel_20251228_164103.py",
  "tolerance": 1,
  "max_abs_err": 0.0,
  "mean_abs_err": 0.0,
  "ref_latency_ms": {
    "avg": 3.247916841506958,
    "min": 3.229696035385132,
    "max": 3.2890560626983643,
    "all": [
      3.2890560626983643,
      3.235840082168579,
      3.229696035385132,
      3.254271984100342,
      3.230720043182373
    ]
  },
  "test_latency_ms": {
    "avg": 4.374272060394287,
    "min": 4.345856189727783,
    "max": 4.403200149536133,
    "all": [
      4.346879959106445,
      4.388864040374756,
      4.386559963226318,
      4.403200149536133,
      4.345856189727783
    ]
  },
  "num_runs": 5,
  "model_init_args": [
    8192,
    8192,
    1
  ],
  "model_init_kwargs": {},
  "seed": 100,
  "align_stats": {
    "copied_same_shape": 0,
    "unique_shape_copied": 2,
    "mapped_shape": 0,
    "skipped": 0,
    "pair_aligner": 0,
    "pair_key": "Model->ModelNew"
  },
  "runnable": true,
  "phase": "seed_1_repair_1",
  "pytorch_baseline_ms": 3.142259216308594,
  "score": 0.7183502015705345
}