{
  "timestamp": "2025-12-28T16:38:32",
  "reference_file": "KernelBench/tt/80_Gemm_Max_Subtract_GELU.py",
  "candidate_file": "/home/hyc/LLMKernel/run/20251228_161811_batch_range79to85_openai_deepseek/80_Gemm_Max_Subtract_GELU/code/kernel_20251228_163828.py",
  "tolerance": 1,
  "max_abs_err": 0.0,
  "mean_abs_err": 0.0,
  "ref_latency_ms": {
    "avg": 3.142259216308594,
    "min": 3.136512041091919,
    "max": 3.1550400257110596,
    "all": [
      3.1550400257110596,
      3.139647960662842,
      3.136512041091919,
      3.1373119354248047,
      3.1427841186523438
    ]
  },
  "test_latency_ms": {
    "avg": 4.017075157165527,
    "min": 4.013055801391602,
    "max": 4.019999980926514,
    "all": [
      4.019999980926514,
      4.018176078796387,
      4.018176078796387,
      4.015967845916748,
      4.013055801391602
    ]
  },
  "num_runs": 5,
  "model_init_args": [
    8192,
    8192,
    1
  ],
  "model_init_kwargs": {},
  "seed": 100,
  "align_stats": {
    "copied_same_shape": 2,
    "unique_shape_copied": 0,
    "mapped_shape": 0,
    "skipped": 0,
    "pair_aligner": 0,
    "pair_key": "Model->ModelNew"
  },
  "runnable": true,
  "phase": "seed_0",
  "score": 0.7822256476091902
}