{
  "timestamp": "2025-12-28T16:44:17",
  "reference_file": "KernelBench/tt/80_Gemm_Max_Subtract_GELU.py",
  "candidate_file": "/home/hyc/LLMKernel/run/20251228_161811_batch_range79to85_openai_deepseek/80_Gemm_Max_Subtract_GELU/code/kernel_20251228_164413.py",
  "tolerance": 1,
  "max_abs_err": 0.0,
  "mean_abs_err": 0.0,
  "ref_latency_ms": {
    "avg": 3.1441280364990236,
    "min": 3.1355199813842773,
    "max": 3.154911994934082,
    "all": [
      3.154911994934082,
      3.140768051147461,
      3.1385600566864014,
      3.1355199813842773,
      3.1508800983428955
    ]
  },
  "test_latency_ms": {
    "avg": 12.604096031188964,
    "min": 12.574655532836914,
    "max": 12.684096336364746,
    "all": [
      12.684096336364746,
      12.592927932739258,
      12.587008476257324,
      12.574655532836914,
      12.581791877746582
    ]
  },
  "num_runs": 5,
  "model_init_args": [
    8192,
    8192,
    1
  ],
  "model_init_kwargs": {},
  "seed": 100,
  "align_stats": {
    "copied_same_shape": 0,
    "unique_shape_copied": 2,
    "mapped_shape": 0,
    "skipped": 0,
    "pair_aligner": 0,
    "pair_key": "Model->ModelNew"
  },
  "runnable": true,
  "phase": "algorithm_optimized_seed1",
  "pytorch_baseline_ms": 3.142259216308594,
  "score": 0.24930460768729795
}