{
  "timestamp": "2025-12-28T16:47:29",
  "reference_file": "KernelBench/tt/80_Gemm_Max_Subtract_GELU.py",
  "candidate_file": "/home/hyc/LLMKernel/run/20251228_161811_batch_range79to85_openai_deepseek/80_Gemm_Max_Subtract_GELU/code/kernel_20251228_164723.py",
  "tolerance": 1,
  "max_abs_err": 0.0,
  "mean_abs_err": 0.0,
  "ref_latency_ms": {
    "avg": 3.210297632217407,
    "min": 3.2041919231414795,
    "max": 3.2238080501556396,
    "all": [
      3.2238080501556396,
      3.207200050354004,
      3.2081921100616455,
      3.2080960273742676,
      3.2041919231414795
    ]
  },
  "test_latency_ms": {
    "avg": 2.9359935760498046,
    "min": 2.9276158809661865,
    "max": 2.939903974533081,
    "all": [
      2.9377601146698,
      2.935807943344116,
      2.93887996673584,
      2.9276158809661865,
      2.939903974533081
    ]
  },
  "num_runs": 5,
  "model_init_args": [
    8192,
    8192,
    1
  ],
  "model_init_kwargs": {},
  "seed": 100,
  "align_stats": {
    "copied_same_shape": 2,
    "unique_shape_copied": 0,
    "mapped_shape": 0,
    "skipped": 0,
    "pair_aligner": 0,
    "pair_key": "Model->ModelNew"
  },
  "runnable": true,
  "phase": "stage2_block_tiling",
  "pytorch_baseline_ms": 3.142259216308594,
  "score": 1.0702541183813852
}