{
  "timestamp": "2025-12-29T04:02:32",
  "reference_file": "KernelBench/t/51_Gemm_Subtract_GlobalAvgPool_LogSumExp_GELU_ResidualAdd.py",
  "candidate_file": "/home/hyc/LLMKernel/run/20251229_022911_batch_range41to51_openai_deepseek/51_Gemm_Subtract_GlobalAvgPool_LogSumExp_GELU_ResidualAdd/code/kernel_20251229_040227.py",
  "tolerance": 1,
  "max_abs_err": 0.484588623046875,
  "mean_abs_err": 0.27100318670272827,
  "ref_latency_ms": {
    "avg": 6.63701114654541,
    "min": 6.565887928009033,
    "max": 6.783999919891357,
    "all": [
      6.576416015625,
      6.565887928009033,
      6.633471965789795,
      6.783999919891357,
      6.625279903411865
    ]
  },
  "test_latency_ms": {
    "avg": 0.2796031951904297,
    "min": 0.2764799892902374,
    "max": 0.28380799293518066,
    "all": [
      0.2805759906768799,
      0.2796480059623718,
      0.27750399708747864,
      0.2764799892902374,
      0.28380799293518066
    ]
  },
  "num_runs": 5,
  "model_init_args": [
    8192,
    8192
  ],
  "model_init_kwargs": {},
  "seed": 100,
  "align_stats": {
    "copied_same_shape": 1,
    "unique_shape_copied": 1,
    "mapped_shape": 0,
    "skipped": 3,
    "pair_aligner": 0,
    "pair_key": "Model->ModelNew"
  },
  "runnable": true,
  "phase": "algorithm_optimized_seed1",
  "pytorch_baseline_ms": 6.894809532165527,
  "score": 24.65926588381678
}