{
  "timestamp": "2025-12-29T03:51:46",
  "reference_file": "KernelBench/t/51_Gemm_Subtract_GlobalAvgPool_LogSumExp_GELU_ResidualAdd.py",
  "candidate_file": "/home/hyc/LLMKernel/run/20251229_022911_batch_range41to51_openai_deepseek/51_Gemm_Subtract_GlobalAvgPool_LogSumExp_GELU_ResidualAdd/code/kernel_20251229_035141.py",
  "tolerance": 1,
  "max_abs_err": 0.0033894777297973633,
  "mean_abs_err": 0.001784943277016282,
  "ref_latency_ms": {
    "avg": 6.5533631324768065,
    "min": 6.543360233306885,
    "max": 6.567872047424316,
    "all": [
      6.556575775146484,
      6.551551818847656,
      6.543360233306885,
      6.567872047424316,
      6.547455787658691
    ]
  },
  "test_latency_ms": {
    "avg": 0.6059520006179809,
    "min": 0.6041600108146667,
    "max": 0.6082559823989868,
    "all": [
      0.606112003326416,
      0.6082559823989868,
      0.605023980140686,
      0.6041600108146667,
      0.6062080264091492
    ]
  },
  "num_runs": 5,
  "model_init_args": [
    8192,
    8192
  ],
  "model_init_kwargs": {},
  "seed": 100,
  "align_stats": {
    "copied_same_shape": 1,
    "unique_shape_copied": 1,
    "mapped_shape": 0,
    "skipped": 1,
    "pair_aligner": 0,
    "pair_key": "Model->ModelNew"
  },
  "runnable": true,
  "phase": "seed_0_repair_1",
  "score": 10.814987203265854
}