{
  "timestamp": "2025-12-29T03:58:18",
  "reference_file": "KernelBench/t/51_Gemm_Subtract_GlobalAvgPool_LogSumExp_GELU_ResidualAdd.py",
  "candidate_file": "/home/hyc/LLMKernel/run/20251229_022911_batch_range41to51_openai_deepseek/51_Gemm_Subtract_GlobalAvgPool_LogSumExp_GELU_ResidualAdd/code/kernel_20251229_035811.py",
  "tolerance": 1,
  "max_abs_err": 0.0014614462852478027,
  "mean_abs_err": 0.0014546663733199239,
  "ref_latency_ms": {
    "avg": 6.894809532165527,
    "min": 6.841343879699707,
    "max": 6.927487850189209,
    "all": [
      6.927487850189209,
      6.841343879699707,
      6.920191764831543,
      6.891520023345947,
      6.8935041427612305
    ]
  },
  "test_latency_ms": {
    "avg": 0.7444479942321778,
    "min": 0.7188479900360107,
    "max": 0.8130559921264648,
    "all": [
      0.8130559921264648,
      0.7526400089263916,
      0.7188479900360107,
      0.7188479900360107,
      0.7188479900360107
    ]
  },
  "num_runs": 5,
  "model_init_args": [
    8192,
    8192
  ],
  "model_init_kwargs": {},
  "seed": 100,
  "align_stats": {
    "copied_same_shape": 1,
    "unique_shape_copied": 1,
    "mapped_shape": 0,
    "skipped": 1,
    "pair_aligner": 0,
    "pair_key": "Model->ModelNew"
  },
  "runnable": true,
  "phase": "seed_1",
  "score": 9.26164028325017
}