{
  "timestamp": "2025-12-29T04:04:35",
  "reference_file": "KernelBench/t/51_Gemm_Subtract_GlobalAvgPool_LogSumExp_GELU_ResidualAdd.py",
  "candidate_file": "/home/hyc/LLMKernel/run/20251229_022911_batch_range41to51_openai_deepseek/51_Gemm_Subtract_GlobalAvgPool_LogSumExp_GELU_ResidualAdd/code/kernel_20251229_040425.py",
  "tolerance": 1,
  "max_abs_err": 0.4845888614654541,
  "mean_abs_err": 0.2710031569004059,
  "ref_latency_ms": {
    "avg": 6.586572933197021,
    "min": 6.5720319747924805,
    "max": 6.604800224304199,
    "all": [
      6.602752208709717,
      6.58022403717041,
      6.573056221008301,
      6.5720319747924805,
      6.604800224304199
    ]
  },
  "test_latency_ms": {
    "avg": 0.32091520428657533,
    "min": 0.30720001459121704,
    "max": 0.3420160114765167,
    "all": [
      0.32051199674606323,
      0.3092159926891327,
      0.30720001459121704,
      0.3256320059299469,
      0.3420160114765167
    ]
  },
  "num_runs": 5,
  "model_init_args": [
    8192,
    8192
  ],
  "model_init_kwargs": {},
  "seed": 100,
  "align_stats": {
    "copied_same_shape": 1,
    "unique_shape_copied": 1,
    "mapped_shape": 0,
    "skipped": 3,
    "pair_aligner": 0,
    "pair_key": "Model->ModelNew"
  },
  "runnable": true,
  "phase": "stage1_grid_and_parallel_repair",
  "pytorch_baseline_ms": 6.894809532165527,
  "score": 21.484832878184555
}