{
  "timestamp": "2025-12-29T04:05:37",
  "reference_file": "KernelBench/t/51_Gemm_Subtract_GlobalAvgPool_LogSumExp_GELU_ResidualAdd.py",
  "candidate_file": "/home/hyc/LLMKernel/run/20251229_022911_batch_range41to51_openai_deepseek/51_Gemm_Subtract_GlobalAvgPool_LogSumExp_GELU_ResidualAdd/code/kernel_20251229_040532.py",
  "tolerance": 1,
  "max_abs_err": 0.4845888614654541,
  "mean_abs_err": 0.2710031569004059,
  "ref_latency_ms": {
    "avg": 6.592102336883545,
    "min": 6.563839912414551,
    "max": 6.669312000274658,
    "all": [
      6.581247806549072,
      6.577151775360107,
      6.563839912414551,
      6.568960189819336,
      6.669312000274658
    ]
  },
  "test_latency_ms": {
    "avg": 0.28056960105895995,
    "min": 0.27750399708747864,
    "max": 0.28467199206352234,
    "all": [
      0.28467199206352234,
      0.2795200049877167,
      0.27852800488471985,
      0.27750399708747864,
      0.2826240062713623
    ]
  },
  "num_runs": 5,
  "model_init_args": [
    8192,
    8192
  ],
  "model_init_kwargs": {},
  "seed": 100,
  "align_stats": {
    "copied_same_shape": 1,
    "unique_shape_copied": 1,
    "mapped_shape": 0,
    "skipped": 3,
    "pair_aligner": 0,
    "pair_key": "Model->ModelNew"
  },
  "runnable": true,
  "phase": "stage2_block_tiling",
  "pytorch_baseline_ms": 6.894809532165527,
  "score": 24.574328459470653
}