{
  "timestamp": "2025-12-29T04:07:23",
  "reference_file": "KernelBench/t/51_Gemm_Subtract_GlobalAvgPool_LogSumExp_GELU_ResidualAdd.py",
  "candidate_file": "/home/hyc/LLMKernel/run/20251229_022911_batch_range41to51_openai_deepseek/51_Gemm_Subtract_GlobalAvgPool_LogSumExp_GELU_ResidualAdd/code/kernel_20251229_040718.py",
  "tolerance": 1,
  "max_abs_err": 0.4845888614654541,
  "mean_abs_err": 0.2710031569004059,
  "ref_latency_ms": {
    "avg": 6.578707218170166,
    "min": 6.575104236602783,
    "max": 6.582047939300537,
    "all": [
      6.582047939300537,
      6.581247806549072,
      6.576064109802246,
      6.579071998596191,
      6.575104236602783
    ]
  },
  "test_latency_ms": {
    "avg": 0.2809855997562408,
    "min": 0.27750399708747864,
    "max": 0.28569599986076355,
    "all": [
      0.28569599986076355,
      0.2815999984741211,
      0.27750399708747864,
      0.27750399708747864,
      0.2826240062713623
    ]
  },
  "num_runs": 5,
  "model_init_args": [
    8192,
    8192
  ],
  "model_init_kwargs": {},
  "seed": 100,
  "align_stats": {
    "copied_same_shape": 1,
    "unique_shape_copied": 1,
    "mapped_shape": 0,
    "skipped": 3,
    "pair_aligner": 0,
    "pair_key": "Model->ModelNew"
  },
  "runnable": true,
  "phase": "stage3_memory_and_tuning_repair",
  "pytorch_baseline_ms": 6.894809532165527,
  "score": 24.53794620844227
}