{
  "timestamp": "2025-12-29T04:01:17",
  "reference_file": "KernelBench/t/51_Gemm_Subtract_GlobalAvgPool_LogSumExp_GELU_ResidualAdd.py",
  "candidate_file": "/home/hyc/LLMKernel/run/20251229_022911_batch_range41to51_openai_deepseek/51_Gemm_Subtract_GlobalAvgPool_LogSumExp_GELU_ResidualAdd/code/kernel_20251229_040110.py",
  "tolerance": 1,
  "max_abs_err": 0.01590019464492798,
  "mean_abs_err": 0.01399694662541151,
  "ref_latency_ms": {
    "avg": 6.581247997283936,
    "min": 6.575104236602783,
    "max": 6.593535900115967,
    "all": [
      6.593535900115967,
      6.576128005981445,
      6.58022403717041,
      6.575104236602783,
      6.581247806549072
    ]
  },
  "test_latency_ms": {
    "avg": 0.31908479928970335,
    "min": 0.3123199939727783,
    "max": 0.3256320059299469,
    "all": [
      0.3235839903354645,
      0.3256320059299469,
      0.3133760094642639,
      0.3123199939727783,
      0.32051199674606323
    ]
  },
  "num_runs": 5,
  "model_init_args": [
    8192,
    8192
  ],
  "model_init_kwargs": {},
  "seed": 100,
  "align_stats": {
    "copied_same_shape": 1,
    "unique_shape_copied": 1,
    "mapped_shape": 0,
    "skipped": 3,
    "pair_aligner": 0,
    "pair_key": "Model->ModelNew"
  },
  "runnable": true,
  "phase": "algorithm_optimized_seed0",
  "pytorch_baseline_ms": 6.894809532165527,
  "score": 21.608078941753643
}