{
  "timestamp": "2025-12-12T20:36:19",
  "reference_file": "KernelBench/level1/17_Matmul_with_transposed_B.py",
  "candidate_file": "/home/hyc/LLMKernel/run/20251212_170043_batch_range5to40_deepseek_deepseek/17_Matmul_with_transposed_B/code/kernel_20251212_203615.py",
  "tolerance": 0.001,
  "max_abs_err": 1.61376953125,
  "mean_abs_err": 1.5398725271224976,
  "ref_latency_ms": {
    "avg": 3.238432025909424,
    "min": 3.2235519886016846,
    "max": 3.265536069869995,
    "all": [
      3.229311943054199,
      3.2235519886016846,
      3.226624011993408,
      3.247136116027832,
      3.265536069869995
    ]
  },
  "test_latency_ms": {
    "avg": 1.9762751817703248,
    "min": 1.920032024383545,
    "max": 2.185983896255493,
    "all": [
      2.185983896255493,
      1.9271680116653442,
      1.920032024383545,
      1.921023964881897,
      1.9271680116653442
    ]
  },
  "num_runs": 5,
  "model_init_args": [],
  "model_init_kwargs": {},
  "seed": 100,
  "align_stats": {
    "copied_same_shape": 0,
    "unique_shape_copied": 0,
    "mapped_shape": 0,
    "skipped": 0,
    "pair_aligner": 0,
    "pair_key": "Model->ModelNew"
  },
  "runnable": true,
  "phase": "seed_repair",
  "score": 1.6386544018674938
}