{
  "timestamp": "2025-12-12T20:53:29",
  "reference_file": "KernelBench/level1/17_Matmul_with_transposed_B.py",
  "candidate_file": "/home/hyc/LLMKernel/run/20251212_170043_batch_range5to40_deepseek_deepseek/17_Matmul_with_transposed_B/code/kernel_20251212_205324.py",
  "tolerance": 0.001,
  "max_abs_err": 1.61376953125,
  "mean_abs_err": 1.5398725271224976,
  "ref_latency_ms": {
    "avg": 3.3422784328460695,
    "min": 3.3013761043548584,
    "max": 3.4693119525909424,
    "all": [
      3.3178560733795166,
      3.4693119525909424,
      3.3102080821990967,
      3.3126399517059326,
      3.3013761043548584
    ]
  },
  "test_latency_ms": {
    "avg": 1.8099711656570434,
    "min": 1.7612799406051636,
    "max": 1.9025919437408447,
    "all": [
      1.9025919437408447,
      1.850111961364746,
      1.7704960107803345,
      1.7612799406051636,
      1.7653759717941284
    ]
  },
  "num_runs": 5,
  "model_init_args": [],
  "model_init_kwargs": {},
  "seed": 100,
  "align_stats": {
    "copied_same_shape": 0,
    "unique_shape_copied": 0,
    "mapped_shape": 0,
    "skipped": 0,
    "pair_aligner": 0,
    "pair_key": "Model->ModelNew"
  },
  "runnable": true,
  "phase": "stage4_advanced_memory",
  "pytorch_baseline_ms": 3.238432025909424,
  "score": 1.7892174678560862
}