{
  "timestamp": "2025-12-12T20:39:51",
  "reference_file": "KernelBench/level1/17_Matmul_with_transposed_B.py",
  "candidate_file": "/home/hyc/LLMKernel/run/20251212_170043_batch_range5to40_deepseek_deepseek/17_Matmul_with_transposed_B/code/kernel_20251212_203943.py",
  "tolerance": 0.001,
  "max_abs_err": 1.61376953125,
  "mean_abs_err": 1.5398725271224976,
  "ref_latency_ms": {
    "avg": 3.3032320022583006,
    "min": 3.300352096557617,
    "max": 3.3064959049224854,
    "all": [
      3.300352096557617,
      3.3023040294647217,
      3.3025600910186768,
      3.304447889328003,
      3.3064959049224854
    ]
  },
  "test_latency_ms": {
    "avg": 1.7732223987579345,
    "min": 1.7683520317077637,
    "max": 1.7803839445114136,
    "all": [
      1.7803839445114136,
      1.7755199670791626,
      1.7683520317077637,
      1.7693120241165161,
      1.772544026374817
    ]
  },
  "num_runs": 5,
  "model_init_args": [],
  "model_init_kwargs": {},
  "seed": 100,
  "align_stats": {
    "copied_same_shape": 0,
    "unique_shape_copied": 0,
    "mapped_shape": 0,
    "skipped": 0,
    "pair_aligner": 0,
    "pair_key": "Model->ModelNew"
  },
  "runnable": true,
  "phase": "stage1_repair",
  "pytorch_baseline_ms": 3.238432025909424,
  "score": 1.8262977211306406
}