{
  "timestamp": "2025-12-12T20:50:24",
  "reference_file": "KernelBench/level1/17_Matmul_with_transposed_B.py",
  "candidate_file": "/home/hyc/LLMKernel/run/20251212_170043_batch_range5to40_deepseek_deepseek/17_Matmul_with_transposed_B/code/kernel_20251212_205017.py",
  "tolerance": 0.001,
  "max_abs_err": 1.61376953125,
  "mean_abs_err": 1.5398725271224976,
  "ref_latency_ms": {
    "avg": 3.3000832080841063,
    "min": 3.295135974884033,
    "max": 3.3052480220794678,
    "all": [
      3.3052480220794678,
      3.300352096557617,
      3.2962560653686523,
      3.3034238815307617,
      3.295135974884033
    ]
  },
  "test_latency_ms": {
    "avg": 2.0231167793273928,
    "min": 1.8234879970550537,
    "max": 2.0836799144744873,
    "all": [
      2.0836799144744873,
      2.0776000022888184,
      2.075648069381714,
      2.0551679134368896,
      1.8234879970550537
    ]
  },
  "num_runs": 5,
  "model_init_args": [],
  "model_init_kwargs": {},
  "seed": 100,
  "align_stats": {
    "copied_same_shape": 0,
    "unique_shape_copied": 0,
    "mapped_shape": 0,
    "skipped": 0,
    "pair_aligner": 0,
    "pair_key": "Model->ModelNew"
  },
  "runnable": true,
  "phase": "stage3_repair",
  "pytorch_baseline_ms": 3.238432025909424,
  "score": 1.600714332954164
}