{
  "timestamp": "2025-12-12T20:43:14",
  "reference_file": "KernelBench/level1/17_Matmul_with_transposed_B.py",
  "candidate_file": "/home/hyc/LLMKernel/run/20251212_170043_batch_range5to40_deepseek_deepseek/17_Matmul_with_transposed_B/code/kernel_20251212_204308.py",
  "tolerance": 0.001,
  "max_abs_err": 1.61376953125,
  "mean_abs_err": 1.5398725271224976,
  "ref_latency_ms": {
    "avg": 3.33537278175354,
    "min": 3.324928045272827,
    "max": 3.3464319705963135,
    "all": [
      3.34335994720459,
      3.3372159004211426,
      3.324928045272827,
      3.3464319705963135,
      3.324928045272827
    ]
  },
  "test_latency_ms": {
    "avg": 1.6772799968719483,
    "min": 1.669119954109192,
    "max": 1.696768045425415,
    "all": [
      1.696768045425415,
      1.6762880086898804,
      1.669983983039856,
      1.669119954109192,
      1.674239993095398
    ]
  },
  "num_runs": 5,
  "model_init_args": [],
  "model_init_kwargs": {},
  "seed": 100,
  "align_stats": {
    "copied_same_shape": 0,
    "unique_shape_copied": 0,
    "mapped_shape": 0,
    "skipped": 0,
    "pair_aligner": 0,
    "pair_key": "Model->ModelNew"
  },
  "runnable": true,
  "phase": "stage2_repair",
  "pytorch_baseline_ms": 3.238432025909424,
  "score": 1.9307641132959041
}