{
  "timestamp": "2025-12-28T10:11:45",
  "reference_file": "KernelBench/level3/29_SwinMLP.py",
  "candidate_file": "/home/hyc/LLMKernel/run/20251228_100958_29_SwinMLP_openai_deepseek/29_SwinMLP/code/kernel_20251228_101140.py",
  "tolerance": 1,
  "max_abs_err": 0.0010323822498321533,
  "mean_abs_err": 0.000190455699339509,
  "ref_latency_ms": {
    "avg": 6.804671955108643,
    "min": 6.764448165893555,
    "max": 6.871039867401123,
    "all": [
      6.797311782836914,
      6.871039867401123,
      6.764448165893555,
      6.783775806427002,
      6.806784152984619
    ]
  },
  "test_latency_ms": {
    "avg": 6.555046463012696,
    "min": 6.52396821975708,
    "max": 6.586368083953857,
    "all": [
      6.586368083953857,
      6.540287971496582,
      6.53926420211792,
      6.585343837738037,
      6.52396821975708
    ]
  },
  "num_runs": 5,
  "model_init_args": [],
  "model_init_kwargs": {},
  "seed": 100,
  "align_stats": {
    "pair_aligner": 1,
    "copied_same_shape": 1,
    "mapped_shape": 0,
    "skipped": 0,
    "pair_key": "Model->ModelNew"
  },
  "runnable": true,
  "phase": "seed_0",
  "score": 1.0380814222301056
}