{
  "timestamp": "2025-12-28T10:24:15",
  "reference_file": "KernelBench/level3/29_SwinMLP.py",
  "candidate_file": "/home/hyc/LLMKernel/run/20251228_100958_29_SwinMLP_openai_deepseek/29_SwinMLP/code/kernel_20251228_102407.py",
  "tolerance": 1,
  "max_abs_err": 0.0008018612861633301,
  "mean_abs_err": 0.00015134469140321016,
  "ref_latency_ms": {
    "avg": 6.637350368499756,
    "min": 6.593535900115967,
    "max": 6.7000322341918945,
    "all": [
      6.7000322341918945,
      6.662367820739746,
      6.6170878410339355,
      6.593535900115967,
      6.613728046417236
    ]
  },
  "test_latency_ms": {
    "avg": 4.427628803253174,
    "min": 4.384768009185791,
    "max": 4.452352046966553,
    "all": [
      4.414463996887207,
      4.452352046966553,
      4.4462080001831055,
      4.384768009185791,
      4.440351963043213
    ]
  },
  "num_runs": 5,
  "model_init_args": [],
  "model_init_kwargs": {},
  "seed": 100,
  "align_stats": {
    "pair_aligner": 1,
    "copied_same_shape": 1,
    "mapped_shape": 0,
    "skipped": 0,
    "pair_key": "Model->ModelNew"
  },
  "runnable": true,
  "phase": "stage1_grid_and_parallel",
  "pytorch_baseline_ms": 6.804671955108643,
  "score": 1.536865951840622
}