{
  "timestamp": "2025-12-28T10:20:04",
  "reference_file": "KernelBench/level3/29_SwinMLP.py",
  "candidate_file": "/home/hyc/LLMKernel/run/20251228_100958_29_SwinMLP_openai_deepseek/29_SwinMLP/code/kernel_20251228_101959.py",
  "tolerance": 1,
  "max_abs_err": 0.0007332265377044678,
  "mean_abs_err": 0.0001394429855281487,
  "ref_latency_ms": {
    "avg": 6.83818244934082,
    "min": 6.771679878234863,
    "max": 6.908160209655762,
    "all": [
      6.908160209655762,
      6.818816184997559,
      6.845600128173828,
      6.84665584564209,
      6.771679878234863
    ]
  },
  "test_latency_ms": {
    "avg": 4.4722240447998045,
    "min": 4.432896137237549,
    "max": 4.5352959632873535,
    "all": [
      4.472832202911377,
      4.5352959632873535,
      4.432896137237549,
      4.45030403137207,
      4.469791889190674
    ]
  },
  "num_runs": 5,
  "model_init_args": [],
  "model_init_kwargs": {},
  "seed": 100,
  "align_stats": {
    "pair_aligner": 1,
    "copied_same_shape": 1,
    "mapped_shape": 0,
    "skipped": 0,
    "pair_key": "Model->ModelNew"
  },
  "runnable": true,
  "phase": "algorithm_optimized_seed0",
  "pytorch_baseline_ms": 6.804671955108643,
  "score": 1.5215409351016198
}