{
  "timestamp": "2025-12-16T05:54:18",
  "reference_file": "KernelBench/level3/29_SwinMLP.py",
  "candidate_file": "/home/hyc/LLMKernel/run/20251216_051549_batch_range18to33_openai_deepseek/29_SwinMLP/code/kernel_20251216_055409.py",
  "tolerance": 0.1,
  "max_abs_err": 0.0009848177433013916,
  "mean_abs_err": 0.00018959575390908867,
  "ref_latency_ms": {
    "avg": 8.197747421264648,
    "min": 8.15436840057373,
    "max": 8.297280311584473,
    "all": [
      8.297280311584473,
      8.15436840057373,
      8.183808326721191,
      8.175616264343262,
      8.177663803100586
    ]
  },
  "test_latency_ms": {
    "avg": 7.852876758575439,
    "min": 7.794879913330078,
    "max": 7.932864189147949,
    "all": [
      7.878655910491943,
      7.84281587600708,
      7.932864189147949,
      7.8151679039001465,
      7.794879913330078
    ]
  },
  "num_runs": 5,
  "model_init_args": [],
  "model_init_kwargs": {},
  "seed": 100,
  "align_stats": {
    "pair_aligner": 1,
    "copied_same_shape": 1,
    "mapped_shape": 0,
    "skipped": 0,
    "pair_key": "Model->ModelNew"
  },
  "runnable": true,
  "phase": "seed",
  "score": 1.0439164745980007
}