{
  "timestamp": "2025-12-16T05:59:43",
  "reference_file": "KernelBench/level3/29_SwinMLP.py",
  "candidate_file": "/home/hyc/LLMKernel/run/20251216_051549_batch_range18to33_openai_deepseek/29_SwinMLP/code/kernel_20251216_055929.py",
  "tolerance": 0.1,
  "max_abs_err": 0.0009848177433013916,
  "mean_abs_err": 0.00018959575390908867,
  "ref_latency_ms": {
    "avg": 7.976787281036377,
    "min": 7.898143768310547,
    "max": 8.037376403808594,
    "all": [
      8.011775970458984,
      8.037376403808594,
      7.9626240730285645,
      7.974016189575195,
      7.898143768310547
    ]
  },
  "test_latency_ms": {
    "avg": 7.214822387695312,
    "min": 7.163616180419922,
    "max": 7.250944137573242,
    "all": [
      7.250944137573242,
      7.163616180419922,
      7.216127872467041,
      7.226367950439453,
      7.217055797576904
    ]
  },
  "num_runs": 5,
  "model_init_args": [],
  "model_init_kwargs": {},
  "seed": 100,
  "align_stats": {
    "pair_aligner": 1,
    "copied_same_shape": 1,
    "mapped_shape": 0,
    "skipped": 0,
    "pair_key": "Model->ModelNew"
  },
  "runnable": true,
  "phase": "stage4_advanced_memory",
  "pytorch_baseline_ms": 8.197747421264648,
  "score": 1.136236899642282
}