{
  "timestamp": "2025-12-28T10:17:06",
  "reference_file": "KernelBench/level3/29_SwinMLP.py",
  "candidate_file": "/home/hyc/LLMKernel/run/20251228_100958_29_SwinMLP_openai_deepseek/29_SwinMLP/code/kernel_20251228_101702.py",
  "tolerance": 1,
  "max_abs_err": 0.0010142922401428223,
  "mean_abs_err": 0.0002010330936172977,
  "ref_latency_ms": {
    "avg": 6.44847354888916,
    "min": 6.365983963012695,
    "max": 6.527071952819824,
    "all": [
      6.527071952819824,
      6.460224151611328,
      6.365983963012695,
      6.452223777770996,
      6.436863899230957
    ]
  },
  "test_latency_ms": {
    "avg": 6.0090559959411625,
    "min": 5.838943958282471,
    "max": 6.259744167327881,
    "all": [
      5.867712020874023,
      5.838943958282471,
      6.259744167327881,
      6.096672058105469,
      5.982207775115967
    ]
  },
  "num_runs": 5,
  "model_init_args": [],
  "model_init_kwargs": {},
  "seed": 100,
  "align_stats": {
    "pair_aligner": 1,
    "copied_same_shape": 1,
    "mapped_shape": 0,
    "skipped": 0,
    "pair_key": "Model->ModelNew"
  },
  "runnable": true,
  "phase": "seed_1_repair_3",
  "pytorch_baseline_ms": 6.804671955108643,
  "score": 1.1324028199612188
}