{
  "timestamp": "2025-12-16T05:55:47",
  "reference_file": "KernelBench/level3/29_SwinMLP.py",
  "candidate_file": "/home/hyc/LLMKernel/run/20251216_051549_batch_range18to33_openai_deepseek/29_SwinMLP/code/kernel_20251216_055533.py",
  "tolerance": 0.1,
  "max_abs_err": 0.0009848177433013916,
  "mean_abs_err": 0.00018959575390908867,
  "ref_latency_ms": {
    "avg": 10.182246208190918,
    "min": 10.107904434204102,
    "max": 10.349727630615234,
    "all": [
      10.349727630615234,
      10.160127639770508,
      10.137439727783203,
      10.107904434204102,
      10.156031608581543
    ]
  },
  "test_latency_ms": {
    "avg": 9.059571266174316,
    "min": 9.02348804473877,
    "max": 9.104384422302246,
    "all": [
      9.053183555603027,
      9.104384422302246,
      9.051136016845703,
      9.02348804473877,
      9.065664291381836
    ]
  },
  "num_runs": 5,
  "model_init_args": [],
  "model_init_kwargs": {},
  "seed": 100,
  "align_stats": {
    "pair_aligner": 1,
    "copied_same_shape": 1,
    "mapped_shape": 0,
    "skipped": 0,
    "pair_key": "Model->ModelNew"
  },
  "runnable": true,
  "phase": "stage1_grid_and_parallel",
  "pytorch_baseline_ms": 8.197747421264648,
  "score": 0.904871453671604
}