{
  "timestamp": "2025-12-28T10:22:56",
  "reference_file": "KernelBench/level3/29_SwinMLP.py",
  "candidate_file": "/home/hyc/LLMKernel/run/20251228_100958_29_SwinMLP_openai_deepseek/29_SwinMLP/code/kernel_20251228_102249.py",
  "tolerance": 1,
  "max_abs_err": 0.0008018612861633301,
  "mean_abs_err": 0.00015134469140321016,
  "ref_latency_ms": {
    "avg": 6.57201919555664,
    "min": 6.541312217712402,
    "max": 6.610879898071289,
    "all": [
      6.610879898071289,
      6.578176021575928,
      6.541312217712402,
      6.577151775360107,
      6.552576065063477
    ]
  },
  "test_latency_ms": {
    "avg": 4.053766345977783,
    "min": 4.021247863769531,
    "max": 4.070432186126709,
    "all": [
      4.05299186706543,
      4.069119930267334,
      4.070432186126709,
      4.021247863769531,
      4.055039882659912
    ]
  },
  "num_runs": 5,
  "model_init_args": [],
  "model_init_kwargs": {},
  "seed": 100,
  "align_stats": {
    "pair_aligner": 1,
    "copied_same_shape": 1,
    "mapped_shape": 0,
    "skipped": 0,
    "pair_key": "Model->ModelNew"
  },
  "runnable": true,
  "phase": "algorithm_optimized_seed1",
  "pytorch_baseline_ms": 6.804671955108643,
  "score": 1.6786048761444665
}