{
  "timestamp": "2025-12-16T05:58:38",
  "reference_file": "KernelBench/level3/29_SwinMLP.py",
  "candidate_file": "/home/hyc/LLMKernel/run/20251216_051549_batch_range18to33_openai_deepseek/29_SwinMLP/code/kernel_20251216_055822.py",
  "tolerance": 0.1,
  "max_abs_err": 0.0009848177433013916,
  "mean_abs_err": 0.00018959575390908867,
  "ref_latency_ms": {
    "avg": 8.087833595275878,
    "min": 7.941152095794678,
    "max": 8.539135932922363,
    "all": [
      8.539135932922363,
      8.038175582885742,
      7.941152095794678,
      7.957280158996582,
      7.963424205780029
    ]
  },
  "test_latency_ms": {
    "avg": 7.175788879394531,
    "min": 7.145376205444336,
    "max": 7.231584072113037,
    "all": [
      7.197696208953857,
      7.231584072113037,
      7.145503997802734,
      7.158783912658691,
      7.145376205444336
    ]
  },
  "num_runs": 5,
  "model_init_args": [],
  "model_init_kwargs": {},
  "seed": 100,
  "align_stats": {
    "pair_aligner": 1,
    "copied_same_shape": 1,
    "mapped_shape": 0,
    "skipped": 0,
    "pair_key": "Model->ModelNew"
  },
  "runnable": true,
  "phase": "stage3_memory_access",
  "pytorch_baseline_ms": 8.197747421264648,
  "score": 1.1424175876752307
}