{
  "timestamp": "2025-12-16T04:52:52",
  "reference_file": "KernelBench/level3/19_MobileNetV1.py",
  "candidate_file": "/home/hyc/LLMKernel/run/20251216_042259_batch_range18to33_openai_deepseek/19_MobileNetV1/code/kernel_20251216_045238.py",
  "tolerance": 0.1,
  "max_abs_err": 0.0,
  "mean_abs_err": 0.0,
  "ref_latency_ms": {
    "avg": 2.712998390197754,
    "min": 2.3746559619903564,
    "max": 3.9310081005096436,
    "all": [
      2.4441280364990234,
      2.401439905166626,
      2.41375994682312,
      2.3746559619903564,
      3.9310081005096436
    ]
  },
  "test_latency_ms": {
    "avg": 4.529574394226074,
    "min": 4.491360187530518,
    "max": 4.5946879386901855,
    "all": [
      4.529119968414307,
      4.491360187530518,
      4.5946879386901855,
      4.5220160484313965,
      4.510687828063965
    ]
  },
  "num_runs": 5,
  "model_init_args": [
    1000,
    3,
    1.0
  ],
  "model_init_kwargs": {},
  "seed": 100,
  "align_stats": {
    "copied_same_shape": 164,
    "unique_shape_copied": 0,
    "mapped_shape": 0,
    "skipped": 0,
    "pair_aligner": 0,
    "pair_key": "Model->ModelNew"
  },
  "runnable": true,
  "phase": "stage4_repair",
  "pytorch_baseline_ms": 2.0148480415344237,
  "score": 0.4448206092172335
}