{
  "timestamp": "2025-12-16T04:30:30",
  "reference_file": "KernelBench/level3/19_MobileNetV1.py",
  "candidate_file": "/home/hyc/LLMKernel/run/20251216_042259_batch_range18to33_openai_deepseek/19_MobileNetV1/code/kernel_20251216_043003.py",
  "tolerance": 0.1,
  "max_abs_err": 2.2737367544323206e-13,
  "mean_abs_err": 4.547473393985798e-17,
  "ref_latency_ms": {
    "avg": 1.973695993423462,
    "min": 1.947648048400879,
    "max": 2.026655912399292,
    "all": [
      2.026655912399292,
      1.9701759815216064,
      1.9722239971160889,
      1.9517760276794434,
      1.947648048400879
    ]
  },
  "test_latency_ms": {
    "avg": 5.072940826416016,
    "min": 5.064703941345215,
    "max": 5.087520122528076,
    "all": [
      5.077951908111572,
      5.06982421875,
      5.064703941345215,
      5.087520122528076,
      5.064703941345215
    ]
  },
  "num_runs": 5,
  "model_init_args": [
    1000,
    3,
    1.0
  ],
  "model_init_kwargs": {},
  "seed": 100,
  "align_stats": {
    "copied_same_shape": 164,
    "unique_shape_copied": 0,
    "mapped_shape": 0,
    "skipped": 0,
    "pair_aligner": 0,
    "pair_key": "Model->ModelNew"
  },
  "runnable": true,
  "phase": "stage1_grid_and_parallel",
  "pytorch_baseline_ms": 2.0148480415344237,
  "score": 0.39717554579833225
}