{
  "timestamp": "2025-12-16T04:35:41",
  "reference_file": "KernelBench/level3/19_MobileNetV1.py",
  "candidate_file": "/home/hyc/LLMKernel/run/20251216_042259_batch_range18to33_openai_deepseek/19_MobileNetV1/code/kernel_20251216_043527.py",
  "tolerance": 0.1,
  "max_abs_err": 0.0,
  "mean_abs_err": 0.0,
  "ref_latency_ms": {
    "avg": 1.913875198364258,
    "min": 1.8657280206680298,
    "max": 1.9711999893188477,
    "all": [
      1.9711999893188477,
      1.9192320108413696,
      1.9106240272521973,
      1.9025919437408447,
      1.8657280206680298
    ]
  },
  "test_latency_ms": {
    "avg": 3.794803237915039,
    "min": 3.7731521129608154,
    "max": 3.82259202003479,
    "all": [
      3.82259202003479,
      3.7731521129608154,
      3.780319929122925,
      3.802112102508545,
      3.79584002494812
    ]
  },
  "num_runs": 5,
  "model_init_args": [
    1000,
    3,
    1.0
  ],
  "model_init_kwargs": {},
  "seed": 100,
  "align_stats": {
    "copied_same_shape": 164,
    "unique_shape_copied": 0,
    "mapped_shape": 0,
    "skipped": 0,
    "pair_aligner": 0,
    "pair_key": "Model->ModelNew"
  },
  "runnable": true,
  "phase": "stage2_block_tiling",
  "pytorch_baseline_ms": 2.0148480415344237,
  "score": 0.5309492785827368
}