{
  "timestamp": "2025-12-16T04:24:41",
  "reference_file": "KernelBench/level3/19_MobileNetV1.py",
  "candidate_file": "/home/hyc/LLMKernel/run/20251216_042259_batch_range18to33_openai_deepseek/19_MobileNetV1/code/kernel_20251216_042432.py",
  "tolerance": 0.1,
  "max_abs_err": 0.0,
  "mean_abs_err": 0.0,
  "ref_latency_ms": {
    "avg": 2.0148480415344237,
    "min": 1.9886080026626587,
    "max": 2.0716800689697266,
    "all": [
      2.0716800689697266,
      2.001919984817505,
      1.9886080026626587,
      2.016256093978882,
      1.9957760572433472
    ]
  },
  "test_latency_ms": {
    "avg": 4.395551967620849,
    "min": 4.379424095153809,
    "max": 4.402112007141113,
    "all": [
      4.402112007141113,
      4.40012788772583,
      4.396031856536865,
      4.379424095153809,
      4.400063991546631
    ]
  },
  "num_runs": 5,
  "model_init_args": [
    1000,
    3,
    1.0
  ],
  "model_init_kwargs": {},
  "seed": 100,
  "align_stats": {
    "copied_same_shape": 164,
    "unique_shape_copied": 0,
    "mapped_shape": 0,
    "skipped": 0,
    "pair_aligner": 0,
    "pair_key": "Model->ModelNew"
  },
  "runnable": true,
  "phase": "seed",
  "score": 0.4583833967557405
}