{
  "timestamp": "2025-12-16T04:44:01",
  "reference_file": "KernelBench/level3/19_MobileNetV1.py",
  "candidate_file": "/home/hyc/LLMKernel/run/20251216_042259_batch_range18to33_openai_deepseek/19_MobileNetV1/code/kernel_20251216_044344.py",
  "tolerance": 0.1,
  "max_abs_err": 0.0,
  "mean_abs_err": 0.0,
  "ref_latency_ms": {
    "avg": 1.9694143772125243,
    "min": 1.9232959747314453,
    "max": 2.0231359004974365,
    "all": [
      2.0231359004974365,
      1.9858239889144897,
      1.9599360227584839,
      1.9232959747314453,
      1.9548799991607666
    ]
  },
  "test_latency_ms": {
    "avg": 3.960991954803467,
    "min": 3.9383039474487305,
    "max": 3.99564790725708,
    "all": [
      3.99564790725708,
      3.9474239349365234,
      3.939199924468994,
      3.9383039474487305,
      3.984384059906006
    ]
  },
  "num_runs": 5,
  "model_init_args": [
    1000,
    3,
    1.0
  ],
  "model_init_kwargs": {},
  "seed": 100,
  "align_stats": {
    "copied_same_shape": 164,
    "unique_shape_copied": 0,
    "mapped_shape": 0,
    "skipped": 0,
    "pair_aligner": 0,
    "pair_key": "Model->ModelNew"
  },
  "runnable": true,
  "phase": "stage3_memory_access",
  "pytorch_baseline_ms": 2.0148480415344237,
  "score": 0.508672591240947
}