{
  "timestamp": "2025-12-15T05:25:57",
  "reference_file": "KernelBench/level2/13_ConvTranspose3d_Mean_Add_Softmax_Tanh_Scaling.py",
  "candidate_file": "/home/hyc/LLMKernel/run/20251215_045938_batch_range12to30_openai_deepseek/13_ConvTranspose3d_Mean_Add_Softmax_Tanh_Scaling/code/kernel_20251215_052550.py",
  "tolerance": 0.001,
  "max_abs_err": 1.2665987014770508e-07,
  "mean_abs_err": 3.071477649996268e-08,
  "ref_latency_ms": {
    "avg": 28.155455780029296,
    "min": 28.13337516784668,
    "max": 28.213056564331055,
    "all": [
      28.14156723022461,
      28.213056564331055,
      28.14566421508789,
      28.14361572265625,
      28.13337516784668
    ]
  },
  "test_latency_ms": {
    "avg": 34.01152572631836,
    "min": 33.91068649291992,
    "max": 34.130943298339844,
    "all": [
      34.00089645385742,
      33.99679946899414,
      34.130943298339844,
      34.01830291748047,
      33.91068649291992
    ]
  },
  "num_runs": 5,
  "model_init_args": [
    16,
    64,
    3,
    1,
    1,
    2.0
  ],
  "model_init_kwargs": {},
  "seed": 100,
  "align_stats": {
    "pair_aligner": 1,
    "copied_same_shape": 1,
    "mapped_shape": 0,
    "skipped": 0,
    "pair_key": "Model->ModelNew"
  },
  "runnable": true,
  "phase": "stage3_memory_access",
  "pytorch_baseline_ms": 28.140460205078124,
  "score": 0.8273801190666032
}