{
  "timestamp": "2025-12-15T05:00:38",
  "reference_file": "KernelBench/level2/13_ConvTranspose3d_Mean_Add_Softmax_Tanh_Scaling.py",
  "candidate_file": "/home/hyc/LLMKernel/run/20251215_045938_batch_range12to30_openai_deepseek/13_ConvTranspose3d_Mean_Add_Softmax_Tanh_Scaling/code/kernel_20251215_050030.py",
  "tolerance": 0.001,
  "max_abs_err": 1.564621925354004e-07,
  "mean_abs_err": 3.861158148765753e-08,
  "ref_latency_ms": {
    "avg": 28.140460205078124,
    "min": 28.13542366027832,
    "max": 28.15078353881836,
    "all": [
      28.15078353881836,
      28.143423080444336,
      28.13724708557129,
      28.13542366027832,
      28.13542366027832
    ]
  },
  "test_latency_ms": {
    "avg": 321.98756103515626,
    "min": 321.3084411621094,
    "max": 322.49139404296875,
    "all": [
      322.2056884765625,
      321.3084411621094,
      322.1812438964844,
      321.75103759765625,
      322.49139404296875
    ]
  },
  "num_runs": 5,
  "model_init_args": [
    16,
    64,
    3,
    1,
    1,
    2.0
  ],
  "model_init_kwargs": {},
  "seed": 100,
  "align_stats": {
    "pair_aligner": 1,
    "copied_same_shape": 1,
    "mapped_shape": 0,
    "skipped": 0,
    "pair_key": "Model->ModelNew"
  },
  "runnable": true,
  "phase": "seed",
  "score": 0.08739610969631713
}