{
  "timestamp": "2025-12-15T05:34:10",
  "reference_file": "KernelBench/level2/13_ConvTranspose3d_Mean_Add_Softmax_Tanh_Scaling.py",
  "candidate_file": "/home/hyc/LLMKernel/run/20251215_045938_batch_range12to30_openai_deepseek/13_ConvTranspose3d_Mean_Add_Softmax_Tanh_Scaling/code/kernel_20251215_053405.py",
  "tolerance": 0.001,
  "max_abs_err": 1.2665987014770508e-07,
  "mean_abs_err": 3.0735947120774654e-08,
  "ref_latency_ms": {
    "avg": 28.134841537475587,
    "min": 28.12825584411621,
    "max": 28.13849639892578,
    "all": [
      28.13849639892578,
      28.13849639892578,
      28.131423950195312,
      28.137535095214844,
      28.12825584411621
    ]
  },
  "test_latency_ms": {
    "avg": 28.526182556152342,
    "min": 28.520448684692383,
    "max": 28.53171157836914,
    "all": [
      28.52556800842285,
      28.52454376220703,
      28.520448684692383,
      28.528640747070312,
      28.53171157836914
    ]
  },
  "num_runs": 5,
  "model_init_args": [
    16,
    64,
    3,
    1,
    1,
    2.0
  ],
  "model_init_kwargs": {},
  "seed": 100,
  "align_stats": {
    "pair_aligner": 1,
    "copied_same_shape": 1,
    "mapped_shape": 0,
    "skipped": 0,
    "pair_key": "Model->ModelNew"
  },
  "runnable": true,
  "phase": "stage4_advanced_memory",
  "pytorch_baseline_ms": 28.140460205078124,
  "score": 0.9864783046131411
}