{
  "timestamp": "2025-12-15T05:09:48",
  "reference_file": "KernelBench/level2/13_ConvTranspose3d_Mean_Add_Softmax_Tanh_Scaling.py",
  "candidate_file": "/home/hyc/LLMKernel/run/20251215_045938_batch_range12to30_openai_deepseek/13_ConvTranspose3d_Mean_Add_Softmax_Tanh_Scaling/code/kernel_20251215_050942.py",
  "tolerance": 0.001,
  "max_abs_err": 1.2665987014770508e-07,
  "mean_abs_err": 3.0735947120774654e-08,
  "ref_latency_ms": {
    "avg": 28.137100982666016,
    "min": 28.126239776611328,
    "max": 28.15385627746582,
    "all": [
      28.15385627746582,
      28.135616302490234,
      28.129247665405273,
      28.140544891357422,
      28.126239776611328
    ]
  },
  "test_latency_ms": {
    "avg": 28.707840347290038,
    "min": 28.703744888305664,
    "max": 28.710912704467773,
    "all": [
      28.708864212036133,
      28.70476722717285,
      28.703744888305664,
      28.710912704467773,
      28.710912704467773
    ]
  },
  "num_runs": 5,
  "model_init_args": [
    16,
    64,
    3,
    1,
    1,
    2.0
  ],
  "model_init_kwargs": {},
  "seed": 100,
  "align_stats": {
    "pair_aligner": 1,
    "copied_same_shape": 1,
    "mapped_shape": 0,
    "skipped": 0,
    "pair_key": "Model->ModelNew"
  },
  "runnable": true,
  "phase": "stage1_repair",
  "pytorch_baseline_ms": 28.140460205078124,
  "score": 0.9802360562359239
}