{
  "timestamp": "2025-12-15T03:06:20",
  "reference_file": "KernelBench/level2/56_Matmul_Sigmoid_Sum.py",
  "candidate_file": "/home/hyc/LLMKernel/run/20251215_024837_batch_range56to88_openai_deepseek/56_Matmul_Sigmoid_Sum/code/kernel_20251215_030557.py",
  "tolerance": 0.001,
  "max_abs_err": 0.0341796875,
  "mean_abs_err": 0.00957489013671875,
  "ref_latency_ms": {
    "avg": 6.2322687149047855,
    "min": 6.172671794891357,
    "max": 6.276095867156982,
    "all": [
      6.276095867156982,
      6.267903804779053,
      6.262784004211426,
      6.172671794891357,
      6.181888103485107
    ]
  },
  "test_latency_ms": {
    "avg": 235.83270263671875,
    "min": 235.7882843017578,
    "max": 235.98284912109375,
    "all": [
      235.98284912109375,
      235.79840087890625,
      235.80467224121094,
      235.7882843017578,
      235.789306640625
    ]
  },
  "num_runs": 5,
  "model_init_args": [
    32768,
    32768
  ],
  "model_init_kwargs": {},
  "seed": 100,
  "align_stats": {
    "copied_same_shape": 2,
    "unique_shape_copied": 0,
    "mapped_shape": 0,
    "skipped": 0,
    "pair_aligner": 0,
    "pair_key": "Model->ModelNew"
  },
  "runnable": true,
  "phase": "stage2_block_tiling",
  "pytorch_baseline_ms": 5.92161283493042,
  "score": 0.025109379525078787
}