{
  "timestamp": "2025-12-15T03:00:50",
  "reference_file": "KernelBench/level2/56_Matmul_Sigmoid_Sum.py",
  "candidate_file": "/home/hyc/LLMKernel/run/20251215_024837_batch_range56to88_openai_deepseek/56_Matmul_Sigmoid_Sum/code/kernel_20251215_030036.py",
  "tolerance": 0.001,
  "max_abs_err": 0.0283203125,
  "mean_abs_err": 0.01004791259765625,
  "ref_latency_ms": {
    "avg": 5.92161283493042,
    "min": 5.912576198577881,
    "max": 5.932159900665283,
    "all": [
      5.92793607711792,
      5.912576198577881,
      5.91871976852417,
      5.916672229766846,
      5.932159900665283
    ]
  },
  "test_latency_ms": {
    "avg": 5.116121482849121,
    "min": 4.994143962860107,
    "max": 5.304351806640625,
    "all": [
      5.1332478523254395,
      4.9991679191589355,
      4.994143962860107,
      5.149695873260498,
      5.304351806640625
    ]
  },
  "num_runs": 5,
  "model_init_args": [
    32768,
    32768
  ],
  "model_init_kwargs": {},
  "seed": 100,
  "align_stats": {
    "copied_same_shape": 2,
    "unique_shape_copied": 0,
    "mapped_shape": 0,
    "skipped": 0,
    "pair_aligner": 0,
    "pair_key": "Model->ModelNew"
  },
  "runnable": true,
  "phase": "seed_repair",
  "score": 1.1574417954658747
}