{
  "timestamp": "2025-12-23T09:10:19",
  "reference_file": "KernelBench/level2/78_ConvTranspose3d_Max_Max_Sum.py",
  "candidate_file": "/home/hyc/LLMKernel/run/20251223_085900_78_ConvTranspose3d_Max_Max_Sum_openai_deepseek/78_ConvTranspose3d_Max_Max_Sum/code/kernel_20251223_091006.py",
  "tolerance": 1,
  "max_abs_err": 7.939424514770508,
  "mean_abs_err": 7.938521385192871,
  "ref_latency_ms": {
    "avg": 861.8910766601563,
    "min": 859.8651123046875,
    "max": 864.0479125976562,
    "all": [
      859.8651123046875,
      860.1095581054688,
      861.7728271484375,
      864.0479125976562,
      863.6599731445312
    ]
  },
  "test_latency_ms": {
    "avg": 200.42051696777344,
    "min": 197.38418579101562,
    "max": 202.50521850585938,
    "all": [
      197.38418579101562,
      200.5399627685547,
      202.37107849121094,
      202.50521850585938,
      199.30213928222656
    ]
  },
  "num_runs": 5,
  "model_init_args": [
    32,
    64,
    5,
    2,
    2
  ],
  "model_init_kwargs": {},
  "seed": 100,
  "align_stats": {
    "pair_aligner": 1,
    "copied_same_shape": 1,
    "mapped_shape": 0,
    "skipped": 0,
    "pair_key": "Model->ModelNew"
  },
  "runnable": true,
  "phase": "algorithm_optimized_seed1",
  "pytorch_baseline_ms": 859.9190673828125,
  "score": 4.290574040985449
}