{
  "timestamp": "2025-12-23T09:06:34",
  "reference_file": "KernelBench/level2/78_ConvTranspose3d_Max_Max_Sum.py",
  "candidate_file": "/home/hyc/LLMKernel/run/20251223_085900_78_ConvTranspose3d_Max_Max_Sum_openai_deepseek/78_ConvTranspose3d_Max_Max_Sum/code/kernel_20251223_090610.py",
  "tolerance": 1,
  "max_abs_err": 0.03779029846191406,
  "mean_abs_err": 0.03778305649757385,
  "ref_latency_ms": {
    "avg": 863.1826293945312,
    "min": 861.3436279296875,
    "max": 863.7583618164062,
    "all": [
      861.3436279296875,
      863.5279541015625,
      863.7583618164062,
      863.6917724609375,
      863.5914306640625
    ]
  },
  "test_latency_ms": {
    "avg": 1581.6054443359376,
    "min": 1581.33984375,
    "max": 1581.7724609375,
    "all": [
      1581.7724609375,
      1581.33984375,
      1581.5987548828125,
      1581.7183837890625,
      1581.5977783203125
    ]
  },
  "num_runs": 5,
  "model_init_args": [
    32,
    64,
    5,
    2,
    2
  ],
  "model_init_kwargs": {},
  "seed": 100,
  "align_stats": {
    "pair_aligner": 1,
    "copied_same_shape": 1,
    "mapped_shape": 0,
    "skipped": 0,
    "pair_key": "Model->ModelNew"
  },
  "runnable": true,
  "phase": "algorithm_optimized_seed0",
  "pytorch_baseline_ms": 859.9190673828125,
  "score": 0.5437001184223056
}