{
  "timestamp": "2025-12-23T09:18:38",
  "reference_file": "KernelBench/level2/78_ConvTranspose3d_Max_Max_Sum.py",
  "candidate_file": "/home/hyc/LLMKernel/run/20251223_085900_78_ConvTranspose3d_Max_Max_Sum_openai_deepseek/78_ConvTranspose3d_Max_Max_Sum/code/kernel_20251223_091818.py",
  "tolerance": 1,
  "max_abs_err": 7.939424514770508,
  "mean_abs_err": 7.938521385192871,
  "ref_latency_ms": {
    "avg": 863.8404541015625,
    "min": 863.6436157226562,
    "max": 863.9552612304688,
    "all": [
      863.8720092773438,
      863.9552612304688,
      863.8822631835938,
      863.6436157226562,
      863.84912109375
    ]
  },
  "test_latency_ms": {
    "avg": 110.04144592285157,
    "min": 109.02710723876953,
    "max": 110.6994857788086,
    "all": [
      109.02710723876953,
      109.30892944335938,
      110.47833251953125,
      110.6994857788086,
      110.69337463378906
    ]
  },
  "num_runs": 5,
  "model_init_args": [
    32,
    64,
    5,
    2,
    2
  ],
  "model_init_kwargs": {},
  "seed": 100,
  "align_stats": {
    "pair_aligner": 1,
    "copied_same_shape": 1,
    "mapped_shape": 0,
    "skipped": 0,
    "pair_key": "Model->ModelNew"
  },
  "runnable": true,
  "phase": "stage3_memory_and_tuning",
  "pytorch_baseline_ms": 859.9190673828125,
  "score": 7.814501710434531
}