{
  "timestamp": "2025-12-23T09:01:21",
  "reference_file": "KernelBench/level2/78_ConvTranspose3d_Max_Max_Sum.py",
  "candidate_file": "/home/hyc/LLMKernel/run/20251223_085900_78_ConvTranspose3d_Max_Max_Sum_openai_deepseek/78_ConvTranspose3d_Max_Max_Sum/code/kernel_20251223_090057.py",
  "tolerance": 1,
  "max_abs_err": 0.03779029846191406,
  "mean_abs_err": 0.03778305649757385,
  "ref_latency_ms": {
    "avg": 859.9190673828125,
    "min": 859.7667846679688,
    "max": 860.105712890625,
    "all": [
      860.105712890625,
      859.8986206054688,
      859.87109375,
      859.953125,
      859.7667846679688
    ]
  },
  "test_latency_ms": {
    "avg": 1574.4577392578126,
    "min": 1573.9716796875,
    "max": 1575.673828125,
    "all": [
      1573.9716796875,
      1574.0477294921875,
      1574.446044921875,
      1574.1494140625,
      1575.673828125
    ]
  },
  "num_runs": 5,
  "model_init_args": [
    32,
    64,
    5,
    2,
    2
  ],
  "model_init_kwargs": {},
  "seed": 100,
  "align_stats": {
    "pair_aligner": 1,
    "copied_same_shape": 1,
    "mapped_shape": 0,
    "skipped": 0,
    "pair_key": "Model->ModelNew"
  },
  "runnable": true,
  "phase": "seed_0",
  "score": 0.5461684019465469
}