{
  "timestamp": "2025-12-23T09:13:13",
  "reference_file": "KernelBench/level2/78_ConvTranspose3d_Max_Max_Sum.py",
  "candidate_file": "/home/hyc/LLMKernel/run/20251223_085900_78_ConvTranspose3d_Max_Max_Sum_openai_deepseek/78_ConvTranspose3d_Max_Max_Sum/code/kernel_20251223_091254.py",
  "tolerance": 1,
  "max_abs_err": 7.939424514770508,
  "mean_abs_err": 7.938521385192871,
  "ref_latency_ms": {
    "avg": 859.7538818359375,
    "min": 859.3244018554688,
    "max": 860.2869873046875,
    "all": [
      859.762939453125,
      859.6787109375,
      859.7163696289062,
      859.3244018554688,
      860.2869873046875
    ]
  },
  "test_latency_ms": {
    "avg": 108.87767028808594,
    "min": 108.37206268310547,
    "max": 109.92237091064453,
    "all": [
      108.37206268310547,
      108.39561462402344,
      108.50303649902344,
      109.19526672363281,
      109.92237091064453
    ]
  },
  "num_runs": 5,
  "model_init_args": [
    32,
    64,
    5,
    2,
    2
  ],
  "model_init_kwargs": {},
  "seed": 100,
  "align_stats": {
    "pair_aligner": 1,
    "copied_same_shape": 1,
    "mapped_shape": 0,
    "skipped": 0,
    "pair_key": "Model->ModelNew"
  },
  "runnable": true,
  "phase": "stage1_grid_and_parallel",
  "pytorch_baseline_ms": 859.9190673828125,
  "score": 7.8980296428781145
}