{
  "timestamp": "2025-12-15T00:31:14",
  "reference_file": "KernelBench/level2/78_ConvTranspose3d_Max_Max_Sum.py",
  "candidate_file": "/home/hyc/LLMKernel/run/20251214_114735_batch_range56to80_deepseek_deepseek/78_ConvTranspose3d_Max_Max_Sum/code/kernel_20251215_003110.py",
  "tolerance": 0.001,
  "max_abs_err": 1.9073486328125e-06,
  "mean_abs_err": 3.204941663170757e-07,
  "ref_latency_ms": {
    "avg": 16.670912170410155,
    "min": 16.64614486694336,
    "max": 16.690176010131836,
    "all": [
      16.690176010131836,
      16.681983947753906,
      16.651264190673828,
      16.68499183654785,
      16.64614486694336
    ]
  },
  "test_latency_ms": {
    "avg": 21.849061965942383,
    "min": 21.83679962158203,
    "max": 21.86534309387207,
    "all": [
      21.85215950012207,
      21.8470401763916,
      21.84396743774414,
      21.83679962158203,
      21.86534309387207
    ]
  },
  "num_runs": 5,
  "model_init_args": [
    32,
    64,
    5,
    2,
    2
  ],
  "model_init_kwargs": {},
  "seed": 100,
  "align_stats": {
    "pair_aligner": 1,
    "copied_same_shape": 1,
    "mapped_shape": 0,
    "skipped": 0,
    "pair_key": "Model->ModelNew"
  },
  "runnable": true,
  "phase": "seed_repair",
  "score": 0.763003564930899
}