{
  "timestamp": "2025-12-23T09:03:49",
  "reference_file": "KernelBench/level2/78_ConvTranspose3d_Max_Max_Sum.py",
  "candidate_file": "/home/hyc/LLMKernel/run/20251223_085900_78_ConvTranspose3d_Max_Max_Sum_openai_deepseek/78_ConvTranspose3d_Max_Max_Sum/code/kernel_20251223_090318.py",
  "tolerance": 1,
  "max_abs_err": 7.947170257568359,
  "mean_abs_err": 7.947159767150879,
  "ref_latency_ms": {
    "avg": 860.9789672851563,
    "min": 859.7532958984375,
    "max": 863.77880859375,
    "all": [
      860.0651245117188,
      860.0286254882812,
      859.7532958984375,
      861.2689819335938,
      863.77880859375
    ]
  },
  "test_latency_ms": {
    "avg": 2445.254443359375,
    "min": 2440.11328125,
    "max": 2451.82763671875,
    "all": [
      2440.25244140625,
      2440.11328125,
      2442.346435546875,
      2451.732421875,
      2451.82763671875
    ]
  },
  "num_runs": 5,
  "model_init_args": [
    32,
    64,
    5,
    2,
    2
  ],
  "model_init_kwargs": {},
  "seed": 100,
  "align_stats": {
    "pair_aligner": 1,
    "copied_same_shape": 1,
    "mapped_shape": 0,
    "skipped": 0,
    "pair_key": "Model->ModelNew"
  },
  "runnable": true,
  "phase": "seed_1",
  "pytorch_baseline_ms": 859.9190673828125,
  "score": 0.35166854300913813
}