{
  "timestamp": "2025-12-23T09:15:57",
  "reference_file": "KernelBench/level2/78_ConvTranspose3d_Max_Max_Sum.py",
  "candidate_file": "/home/hyc/LLMKernel/run/20251223_085900_78_ConvTranspose3d_Max_Max_Sum_openai_deepseek/78_ConvTranspose3d_Max_Max_Sum/code/kernel_20251223_091538.py",
  "tolerance": 1,
  "max_abs_err": 7.939424514770508,
  "mean_abs_err": 7.938521385192871,
  "ref_latency_ms": {
    "avg": 863.8726196289062,
    "min": 863.79931640625,
    "max": 864.0614624023438,
    "all": [
      863.8750610351562,
      863.8074951171875,
      863.79931640625,
      863.8197631835938,
      864.0614624023438
    ]
  },
  "test_latency_ms": {
    "avg": 133.92740478515626,
    "min": 133.8849639892578,
    "max": 133.9832305908203,
    "all": [
      133.9279327392578,
      133.9832305908203,
      133.8849639892578,
      133.90170288085938,
      133.93919372558594
    ]
  },
  "num_runs": 5,
  "model_init_args": [
    32,
    64,
    5,
    2,
    2
  ],
  "model_init_kwargs": {},
  "seed": 100,
  "align_stats": {
    "pair_aligner": 1,
    "copied_same_shape": 1,
    "mapped_shape": 0,
    "skipped": 0,
    "pair_key": "Model->ModelNew"
  },
  "runnable": true,
  "phase": "stage2_block_tiling",
  "pytorch_baseline_ms": 859.9190673828125,
  "score": 6.420784967514886
}