{
  "timestamp": "2025-12-15T05:51:59",
  "reference_file": "KernelBench/level2/15_ConvTranspose3d_BatchNorm_Subtract.py",
  "candidate_file": "/home/hyc/LLMKernel/run/20251215_045938_batch_range12to30_openai_deepseek/15_ConvTranspose3d_BatchNorm_Subtract/code/kernel_20251215_055154.py",
  "tolerance": 0.001,
  "max_abs_err": 2.9802322387695312e-08,
  "mean_abs_err": 6.409573760635112e-09,
  "ref_latency_ms": {
    "avg": 3.824608039855957,
    "min": 3.8195199966430664,
    "max": 3.832672119140625,
    "all": [
      3.832672119140625,
      3.8195199966430664,
      3.821568012237549,
      3.826688051223755,
      3.82259202003479
    ]
  },
  "test_latency_ms": {
    "avg": 4.195462417602539,
    "min": 4.1900482177734375,
    "max": 4.2033281326293945,
    "all": [
      4.2033281326293945,
      4.197375774383545,
      4.1943039894104,
      4.192255973815918,
      4.1900482177734375
    ]
  },
  "num_runs": 5,
  "model_init_args": [
    16,
    32,
    3,
    2,
    1
  ],
  "model_init_kwargs": {},
  "seed": 100,
  "align_stats": {
    "pair_aligner": 1,
    "copied_same_shape": 1,
    "mapped_shape": 0,
    "skipped": 0,
    "pair_key": "Model->ModelNew"
  },
  "runnable": true,
  "phase": "stage1_repair",
  "pytorch_baseline_ms": 3.822374391555786,
  "score": 0.9110734434227273
}