{
  "timestamp": "2025-12-28T15:06:26",
  "reference_file": "KernelBench/tt/15_ConvTranspose3d_BatchNorm_Subtract.py",
  "candidate_file": "/home/hyc/LLMKernel/run/20251228_142926_batch_range13to23_openai_deepseek/15_ConvTranspose3d_BatchNorm_Subtract/code/kernel_20251228_150623.py",
  "tolerance": 1,
  "max_abs_err": 5.030089855194092,
  "mean_abs_err": 0.7290284037590027,
  "ref_latency_ms": {
    "avg": 3.822316837310791,
    "min": 3.8143680095672607,
    "max": 3.8307840824127197,
    "all": [
      3.8307840824127197,
      3.8215041160583496,
      3.8143680095672607,
      3.8236160278320312,
      3.8213119506835938
    ]
  },
  "test_latency_ms": {
    "avg": 3.6902591705322267,
    "min": 3.684351921081543,
    "max": 3.694528102874756,
    "all": [
      3.694528102874756,
      3.6903998851776123,
      3.684351921081543,
      3.689471960067749,
      3.6925439834594727
    ]
  },
  "num_runs": 5,
  "model_init_args": [
    16,
    32,
    3,
    2,
    1
  ],
  "model_init_kwargs": {},
  "seed": 100,
  "align_stats": {
    "pair_aligner": 1,
    "copied_same_shape": 1,
    "mapped_shape": 0,
    "skipped": 0,
    "pair_key": "Model->ModelNew"
  },
  "runnable": true,
  "phase": "stage1_grid_and_parallel",
  "pytorch_baseline_ms": 3.825062370300293,
  "score": 1.0365294667768887
}