{
  "timestamp": "2025-12-28T15:00:55",
  "reference_file": "KernelBench/tt/15_ConvTranspose3d_BatchNorm_Subtract.py",
  "candidate_file": "/home/hyc/LLMKernel/run/20251228_142926_batch_range13to23_openai_deepseek/15_ConvTranspose3d_BatchNorm_Subtract/code/kernel_20251228_150050.py",
  "tolerance": 1,
  "max_abs_err": 0.00011988729238510132,
  "mean_abs_err": 1.6446769222966395e-05,
  "ref_latency_ms": {
    "avg": 3.8266880035400392,
    "min": 3.817471981048584,
    "max": 3.842047929763794,
    "all": [
      3.842047929763794,
      3.82259202003479,
      3.8307840824127197,
      3.817471981048584,
      3.8205440044403076
    ]
  },
  "test_latency_ms": {
    "avg": 56.58249053955078,
    "min": 56.58009719848633,
    "max": 56.586177825927734,
    "all": [
      56.586177825927734,
      56.58009719848633,
      56.581119537353516,
      56.582977294921875,
      56.58208084106445
    ]
  },
  "num_runs": 5,
  "model_init_args": [
    16,
    32,
    3,
    2,
    1
  ],
  "model_init_kwargs": {},
  "seed": 100,
  "align_stats": {
    "pair_aligner": 1,
    "copied_same_shape": 1,
    "mapped_shape": 0,
    "skipped": 0,
    "pair_key": "Model->ModelNew"
  },
  "runnable": true,
  "phase": "seed_1",
  "pytorch_baseline_ms": 3.825062370300293,
  "score": 0.06760152007848788
}