{
  "timestamp": "2025-12-28T14:59:11",
  "reference_file": "KernelBench/tt/15_ConvTranspose3d_BatchNorm_Subtract.py",
  "candidate_file": "/home/hyc/LLMKernel/run/20251228_142926_batch_range13to23_openai_deepseek/15_ConvTranspose3d_BatchNorm_Subtract/code/kernel_20251228_145907.py",
  "tolerance": 1,
  "max_abs_err": 5.030091762542725,
  "mean_abs_err": 0.729028582572937,
  "ref_latency_ms": {
    "avg": 3.825062370300293,
    "min": 3.817375898361206,
    "max": 3.8347840309143066,
    "all": [
      3.8347840309143066,
      3.817375898361206,
      3.824863910675049,
      3.8308160305023193,
      3.817471981048584
    ]
  },
  "test_latency_ms": {
    "avg": 4.554547214508057,
    "min": 4.5496320724487305,
    "max": 4.561920166015625,
    "all": [
      4.561920166015625,
      4.55782413482666,
      4.552703857421875,
      4.5496320724487305,
      4.550655841827393
    ]
  },
  "num_runs": 5,
  "model_init_args": [
    16,
    32,
    3,
    2,
    1
  ],
  "model_init_kwargs": {},
  "seed": 100,
  "align_stats": {
    "pair_aligner": 1,
    "copied_same_shape": 1,
    "mapped_shape": 0,
    "skipped": 0,
    "pair_key": "Model->ModelNew"
  },
  "runnable": true,
  "phase": "seed_0",
  "score": 0.8398337288316909
}