{
  "timestamp": "2025-12-28T15:09:03",
  "reference_file": "KernelBench/tt/15_ConvTranspose3d_BatchNorm_Subtract.py",
  "candidate_file": "/home/hyc/LLMKernel/run/20251228_142926_batch_range13to23_openai_deepseek/15_ConvTranspose3d_BatchNorm_Subtract/code/kernel_20251228_150858.py",
  "tolerance": 1,
  "max_abs_err": 5.030089855194092,
  "mean_abs_err": 0.7290284037590027,
  "ref_latency_ms": {
    "avg": 3.8268672466278075,
    "min": 3.82259202003479,
    "max": 3.8327040672302246,
    "all": [
      3.8327040672302246,
      3.8246400356292725,
      3.8236160278320312,
      3.8307840824127197,
      3.82259202003479
    ]
  },
  "test_latency_ms": {
    "avg": 3.52620153427124,
    "min": 3.524384021759033,
    "max": 3.5287039279937744,
    "all": [
      3.525631904602051,
      3.527679920196533,
      3.5246078968048096,
      3.5287039279937744,
      3.524384021759033
    ]
  },
  "num_runs": 5,
  "model_init_args": [
    16,
    32,
    3,
    2,
    1
  ],
  "model_init_kwargs": {},
  "seed": 100,
  "align_stats": {
    "pair_aligner": 1,
    "copied_same_shape": 1,
    "mapped_shape": 0,
    "skipped": 0,
    "pair_key": "Model->ModelNew"
  },
  "runnable": true,
  "phase": "stage2_block_tiling",
  "pytorch_baseline_ms": 3.825062370300293,
  "score": 1.0847543264684156
}