{
  "timestamp": "2025-12-28T15:04:12",
  "reference_file": "KernelBench/tt/15_ConvTranspose3d_BatchNorm_Subtract.py",
  "candidate_file": "/home/hyc/LLMKernel/run/20251228_142926_batch_range13to23_openai_deepseek/15_ConvTranspose3d_BatchNorm_Subtract/code/kernel_20251228_150407.py",
  "tolerance": 1,
  "max_abs_err": 0.48947155475616455,
  "mean_abs_err": 0.10273801535367966,
  "ref_latency_ms": {
    "avg": 3.8213248252868652,
    "min": 3.815200090408325,
    "max": 3.830847978591919,
    "all": [
      3.830847978591919,
      3.822848081588745,
      3.815200090408325,
      3.816159963607788,
      3.821568012237549
    ]
  },
  "test_latency_ms": {
    "avg": 12.368000030517578,
    "min": 12.35968017578125,
    "max": 12.37606430053711,
    "all": [
      12.373727798461914,
      12.367775917053223,
      12.35968017578125,
      12.362751960754395,
      12.37606430053711
    ]
  },
  "num_runs": 5,
  "model_init_args": [
    16,
    32,
    3,
    2,
    1
  ],
  "model_init_kwargs": {},
  "seed": 100,
  "align_stats": {
    "pair_aligner": 1,
    "copied_same_shape": 1,
    "mapped_shape": 0,
    "skipped": 0,
    "pair_key": "Model->ModelNew"
  },
  "runnable": true,
  "phase": "algorithm_optimized_seed1",
  "pytorch_baseline_ms": 3.825062370300293,
  "score": 0.3092708894616829
}