{
  "timestamp": "2025-12-28T15:02:36",
  "reference_file": "KernelBench/tt/15_ConvTranspose3d_BatchNorm_Subtract.py",
  "candidate_file": "/home/hyc/LLMKernel/run/20251228_142926_batch_range13to23_openai_deepseek/15_ConvTranspose3d_BatchNorm_Subtract/code/kernel_20251228_150232.py",
  "tolerance": 1,
  "max_abs_err": 5.030089855194092,
  "mean_abs_err": 0.7290284633636475,
  "ref_latency_ms": {
    "avg": 3.827116823196411,
    "min": 3.8126399517059326,
    "max": 3.836735963821411,
    "all": [
      3.836735963821411,
      3.8338561058044434,
      3.818495988845825,
      3.8338561058044434,
      3.8126399517059326
    ]
  },
  "test_latency_ms": {
    "avg": 3.668300819396973,
    "min": 3.664896011352539,
    "max": 3.67411208152771,
    "all": [
      3.67411208152771,
      3.6668479442596436,
      3.667680025100708,
      3.664896011352539,
      3.6679680347442627
    ]
  },
  "num_runs": 5,
  "model_init_args": [
    16,
    32,
    3,
    2,
    1
  ],
  "model_init_kwargs": {},
  "seed": 100,
  "align_stats": {
    "pair_aligner": 1,
    "copied_same_shape": 1,
    "mapped_shape": 0,
    "skipped": 0,
    "pair_key": "Model->ModelNew"
  },
  "runnable": true,
  "phase": "algorithm_optimized_seed0",
  "pytorch_baseline_ms": 3.825062370300293,
  "score": 1.0427341045953504
}