{
  "timestamp": "2025-12-15T05:49:40",
  "reference_file": "KernelBench/level2/15_ConvTranspose3d_BatchNorm_Subtract.py",
  "candidate_file": "/home/hyc/LLMKernel/run/20251215_045938_batch_range12to30_openai_deepseek/15_ConvTranspose3d_BatchNorm_Subtract/code/kernel_20251215_054936.py",
  "tolerance": 0.001,
  "max_abs_err": 2.9802322387695312e-08,
  "mean_abs_err": 1.0074634460011112e-08,
  "ref_latency_ms": {
    "avg": 3.822374391555786,
    "min": 3.812351942062378,
    "max": 3.8409600257873535,
    "all": [
      3.8409600257873535,
      3.817471981048584,
      3.8246400356292725,
      3.8164479732513428,
      3.812351942062378
    ]
  },
  "test_latency_ms": {
    "avg": 4.333772659301758,
    "min": 4.322303771972656,
    "max": 4.348927974700928,
    "all": [
      4.348927974700928,
      4.334591865539551,
      4.322303771972656,
      4.338687896728516,
      4.324351787567139
    ]
  },
  "num_runs": 5,
  "model_init_args": [
    16,
    32,
    3,
    2,
    1
  ],
  "model_init_kwargs": {},
  "seed": 100,
  "align_stats": {
    "pair_aligner": 1,
    "copied_same_shape": 1,
    "mapped_shape": 0,
    "skipped": 0,
    "pair_key": "Model->ModelNew"
  },
  "runnable": true,
  "phase": "seed",
  "score": 0.881996978625924
}