{
  "timestamp": "2025-12-15T05:56:23",
  "reference_file": "KernelBench/level2/15_ConvTranspose3d_BatchNorm_Subtract.py",
  "candidate_file": "/home/hyc/LLMKernel/run/20251215_045938_batch_range12to30_openai_deepseek/15_ConvTranspose3d_BatchNorm_Subtract/code/kernel_20251215_055619.py",
  "tolerance": 0.001,
  "max_abs_err": 2.9802322387695312e-08,
  "mean_abs_err": 5.379799272731134e-09,
  "ref_latency_ms": {
    "avg": 3.82708477973938,
    "min": 3.819488048553467,
    "max": 3.8399999141693115,
    "all": [
      3.8399999141693115,
      3.819488048553467,
      3.824575901031494,
      3.8275840282440186,
      3.8237760066986084
    ]
  },
  "test_latency_ms": {
    "avg": 4.209843254089355,
    "min": 4.206592082977295,
    "max": 4.213632106781006,
    "all": [
      4.206592082977295,
      4.208640098571777,
      4.21068811416626,
      4.2096638679504395,
      4.213632106781006
    ]
  },
  "num_runs": 5,
  "model_init_args": [
    16,
    32,
    3,
    2,
    1
  ],
  "model_init_kwargs": {},
  "seed": 100,
  "align_stats": {
    "pair_aligner": 1,
    "copied_same_shape": 1,
    "mapped_shape": 0,
    "skipped": 0,
    "pair_key": "Model->ModelNew"
  },
  "runnable": true,
  "phase": "stage4_advanced_memory",
  "pytorch_baseline_ms": 3.822374391555786,
  "score": 0.9079612139579806
}