{
  "timestamp": "2025-12-15T05:54:17",
  "reference_file": "KernelBench/level2/15_ConvTranspose3d_BatchNorm_Subtract.py",
  "candidate_file": "/home/hyc/LLMKernel/run/20251215_045938_batch_range12to30_openai_deepseek/15_ConvTranspose3d_BatchNorm_Subtract/code/kernel_20251215_055413.py",
  "tolerance": 0.001,
  "max_abs_err": 2.9802322387695312e-08,
  "mean_abs_err": 5.379799272731134e-09,
  "ref_latency_ms": {
    "avg": 3.8414463996887207,
    "min": 3.831808090209961,
    "max": 3.851263999938965,
    "all": [
      3.848191976547241,
      3.837951898574829,
      3.8380160331726074,
      3.851263999938965,
      3.831808090209961
    ]
  },
  "test_latency_ms": {
    "avg": 4.222720146179199,
    "min": 4.217855930328369,
    "max": 4.229152202606201,
    "all": [
      4.229152202606201,
      4.217855930328369,
      4.2218241691589355,
      4.221792221069336,
      4.222976207733154
    ]
  },
  "num_runs": 5,
  "model_init_args": [
    16,
    32,
    3,
    2,
    1
  ],
  "model_init_kwargs": {},
  "seed": 100,
  "align_stats": {
    "pair_aligner": 1,
    "copied_same_shape": 1,
    "mapped_shape": 0,
    "skipped": 0,
    "pair_key": "Model->ModelNew"
  },
  "runnable": true,
  "phase": "stage3_memory_access",
  "pytorch_baseline_ms": 3.822374391555786,
  "score": 0.9051924492354403
}