{
  "timestamp": "2025-12-15T05:07:18",
  "reference_file": "KernelBench/level2/97_Matmul_BatchNorm_BiasAdd_Divide_Swish.py",
  "candidate_file": "/home/hyc/LLMKernel/run/20251215_024929_batch_range89to100_openai_deepseek/97_Matmul_BatchNorm_BiasAdd_Divide_Swish/code/kernel_20251215_050713.py",
  "tolerance": 0.001,
  "max_abs_err": 0.010610580444335938,
  "mean_abs_err": 0.0001652281789574772,
  "ref_latency_ms": {
    "avg": 3.4171648025512695,
    "min": 3.4109439849853516,
    "max": 3.428256034851074,
    "all": [
      3.428256034851074,
      3.4150400161743164,
      3.4109439849853516,
      3.4142720699310303,
      3.417311906814575
    ]
  },
  "test_latency_ms": {
    "avg": 3.934873580932617,
    "min": 3.928096055984497,
    "max": 3.9444479942321777,
    "all": [
      3.935551881790161,
      3.928096055984497,
      3.9444479942321777,
      3.930016040802002,
      3.936255931854248
    ]
  },
  "num_runs": 5,
  "model_init_args": [
    8192,
    8192,
    1e-05,
    0.1,
    [
      1
    ],
    1.0
  ],
  "model_init_kwargs": {},
  "seed": 100,
  "align_stats": {
    "copied_same_shape": 1,
    "unique_shape_copied": 1,
    "mapped_shape": 0,
    "skipped": 5,
    "pair_aligner": 0,
    "pair_key": "Model->ModelNew"
  },
  "runnable": true,
  "phase": "stage2_repair",
  "pytorch_baseline_ms": 3.4140159606933596,
  "score": 0.8676304055197098
}