{
  "timestamp": "2025-12-15T05:09:19",
  "reference_file": "KernelBench/level2/97_Matmul_BatchNorm_BiasAdd_Divide_Swish.py",
  "candidate_file": "/home/hyc/LLMKernel/run/20251215_024929_batch_range89to100_openai_deepseek/97_Matmul_BatchNorm_BiasAdd_Divide_Swish/code/kernel_20251215_050911.py",
  "tolerance": 0.001,
  "max_abs_err": 0.010610580444335938,
  "mean_abs_err": 0.00016522825171705335,
  "ref_latency_ms": {
    "avg": 3.410688018798828,
    "min": 3.388416051864624,
    "max": 3.4250240325927734,
    "all": [
      3.4250240325927734,
      3.412992000579834,
      3.4129600524902344,
      3.414047956466675,
      3.388416051864624
    ]
  },
  "test_latency_ms": {
    "avg": 3.728543996810913,
    "min": 3.7230401039123535,
    "max": 3.7395520210266113,
    "all": [
      3.7265279293060303,
      3.7230401039123535,
      3.7263360023498535,
      3.727263927459717,
      3.7395520210266113
    ]
  },
  "num_runs": 5,
  "model_init_args": [
    8192,
    8192,
    1e-05,
    0.1,
    [
      1
    ],
    1.0
  ],
  "model_init_kwargs": {},
  "seed": 100,
  "align_stats": {
    "copied_same_shape": 1,
    "unique_shape_copied": 1,
    "mapped_shape": 0,
    "skipped": 5,
    "pair_aligner": 0,
    "pair_key": "Model->ModelNew"
  },
  "runnable": true,
  "phase": "stage3_repair",
  "pytorch_baseline_ms": 3.4140159606933596,
  "score": 0.9156432011030111
}