{
  "timestamp": "2025-12-15T05:02:47",
  "reference_file": "KernelBench/level2/97_Matmul_BatchNorm_BiasAdd_Divide_Swish.py",
  "candidate_file": "/home/hyc/LLMKernel/run/20251215_024929_batch_range89to100_openai_deepseek/97_Matmul_BatchNorm_BiasAdd_Divide_Swish/code/kernel_20251215_050242.py",
  "tolerance": 0.001,
  "max_abs_err": 0.010610580444335938,
  "mean_abs_err": 0.0001652281789574772,
  "ref_latency_ms": {
    "avg": 3.4140159606933596,
    "min": 3.403775930404663,
    "max": 3.4293758869171143,
    "all": [
      3.4293758869171143,
      3.4160640239715576,
      3.403775930404663,
      3.4109439849853516,
      3.4099199771881104
    ]
  },
  "test_latency_ms": {
    "avg": 3.592198371887207,
    "min": 3.576927900314331,
    "max": 3.6024320125579834,
    "all": [
      3.6024320125579834,
      3.600383996963501,
      3.576927900314331,
      3.5900800228118896,
      3.59116792678833
    ]
  },
  "num_runs": 5,
  "model_init_args": [
    8192,
    8192,
    1e-05,
    0.1,
    [
      1
    ],
    1.0
  ],
  "model_init_kwargs": {},
  "seed": 100,
  "align_stats": {
    "copied_same_shape": 1,
    "unique_shape_copied": 1,
    "mapped_shape": 0,
    "skipped": 5,
    "pair_aligner": 0,
    "pair_key": "Model->ModelNew"
  },
  "runnable": true,
  "phase": "seed",
  "score": 0.9503973910270893
}