{
  "timestamp": "2025-12-15T05:05:04",
  "reference_file": "KernelBench/level2/97_Matmul_BatchNorm_BiasAdd_Divide_Swish.py",
  "candidate_file": "/home/hyc/LLMKernel/run/20251215_024929_batch_range89to100_openai_deepseek/97_Matmul_BatchNorm_BiasAdd_Divide_Swish/code/kernel_20251215_050458.py",
  "tolerance": 0.001,
  "max_abs_err": 0.010610580444335938,
  "mean_abs_err": 0.00016522825171705335,
  "ref_latency_ms": {
    "avg": 3.455180835723877,
    "min": 3.4457600116729736,
    "max": 3.468287944793701,
    "all": [
      3.468287944793701,
      3.458048105239868,
      3.4498560428619385,
      3.4457600116729736,
      3.4539520740509033
    ]
  },
  "test_latency_ms": {
    "avg": 4.985363292694092,
    "min": 4.860640048980713,
    "max": 5.284736156463623,
    "all": [
      5.284736156463623,
      5.047296047210693,
      4.860640048980713,
      4.865024089813232,
      4.869120121002197
    ]
  },
  "num_runs": 5,
  "model_init_args": [
    8192,
    8192,
    1e-05,
    0.1,
    [
      1
    ],
    1.0
  ],
  "model_init_kwargs": {},
  "seed": 100,
  "align_stats": {
    "copied_same_shape": 1,
    "unique_shape_copied": 1,
    "mapped_shape": 0,
    "skipped": 5,
    "pair_aligner": 0,
    "pair_key": "Model->ModelNew"
  },
  "runnable": true,
  "phase": "stage1_grid_and_parallel",
  "pytorch_baseline_ms": 3.4140159606933596,
  "score": 0.6848078585760246
}