{
  "timestamp": "2025-12-15T05:11:22",
  "reference_file": "KernelBench/level2/97_Matmul_BatchNorm_BiasAdd_Divide_Swish.py",
  "candidate_file": "/home/hyc/LLMKernel/run/20251215_024929_batch_range89to100_openai_deepseek/97_Matmul_BatchNorm_BiasAdd_Divide_Swish/code/kernel_20251215_051117.py",
  "tolerance": 0.001,
  "max_abs_err": 0.01061248779296875,
  "mean_abs_err": 0.00016524003876838833,
  "ref_latency_ms": {
    "avg": 3.4138239860534667,
    "min": 3.407871961593628,
    "max": 3.433471918106079,
    "all": [
      3.433471918106079,
      3.4117441177368164,
      3.407871961593628,
      3.4081599712371826,
      3.407871961593628
    ]
  },
  "test_latency_ms": {
    "avg": 4.252447986602784,
    "min": 4.22492790222168,
    "max": 4.261888027191162,
    "all": [
      4.261888027191162,
      4.25984001159668,
      4.258815765380859,
      4.256768226623535,
      4.22492790222168
    ]
  },
  "num_runs": 5,
  "model_init_args": [
    8192,
    8192,
    1e-05,
    0.1,
    [
      1
    ],
    1.0
  ],
  "model_init_kwargs": {},
  "seed": 100,
  "align_stats": {
    "copied_same_shape": 1,
    "unique_shape_copied": 1,
    "mapped_shape": 0,
    "skipped": 5,
    "pair_aligner": 0,
    "pair_key": "Model->ModelNew"
  },
  "runnable": true,
  "phase": "stage4_repair",
  "pytorch_baseline_ms": 3.4140159606933596,
  "score": 0.802835442420253
}