{
  "timestamp": "2025-12-14T23:17:02",
  "reference_file": "KernelBench/level2/53_Gemm_Scaling_Hardtanh_GELU.py",
  "candidate_file": "/home/hyc/LLMKernel/run/20251214_114657_batch_range25to55_deepseek_deepseek/53_Gemm_Scaling_Hardtanh_GELU/code/kernel_20251214_231656.py",
  "tolerance": 0.001,
  "max_abs_err": 0.0006012916564941406,
  "mean_abs_err": 5.113004954182543e-05,
  "ref_latency_ms": {
    "avg": 6.925740718841553,
    "min": 6.922239780426025,
    "max": 6.931456089019775,
    "all": [
      6.923264026641846,
      6.922239780426025,
      6.925407886505127,
      6.92633581161499,
      6.931456089019775
    ]
  },
  "test_latency_ms": {
    "avg": 3.6229568004608153,
    "min": 3.615744113922119,
    "max": 3.6280319690704346,
    "all": [
      3.615744113922119,
      3.6280319690704346,
      3.6218879222869873,
      3.6229119300842285,
      3.6262080669403076
    ]
  },
  "num_runs": 5,
  "model_init_args": [
    8192,
    8192,
    0.5,
    -2,
    2
  ],
  "model_init_kwargs": {},
  "seed": 100,
  "align_stats": {
    "copied_same_shape": 0,
    "unique_shape_copied": 2,
    "mapped_shape": 0,
    "skipped": 0,
    "pair_aligner": 0,
    "pair_key": "Model->ModelNew"
  },
  "runnable": true,
  "phase": "seed_repair",
  "score": 1.9116266354488813
}