{
  "timestamp": "2025-12-14T23:46:22",
  "reference_file": "KernelBench/level2/53_Gemm_Scaling_Hardtanh_GELU.py",
  "candidate_file": "/home/hyc/LLMKernel/run/20251214_114657_batch_range25to55_deepseek_deepseek/53_Gemm_Scaling_Hardtanh_GELU/code/kernel_20251214_234617.py",
  "tolerance": 0.001,
  "max_abs_err": 0.0006012916564941406,
  "mean_abs_err": 5.113004954182543e-05,
  "ref_latency_ms": {
    "avg": 6.924441528320313,
    "min": 6.9200639724731445,
    "max": 6.928383827209473,
    "all": [
      6.928383827209473,
      6.9200639724731445,
      6.923327922821045,
      6.927167892456055,
      6.923264026641846
    ]
  },
  "test_latency_ms": {
    "avg": 3.6642751693725586,
    "min": 3.6188158988952637,
    "max": 3.802112102508545,
    "all": [
      3.6229119300842285,
      3.6249279975891113,
      3.6188158988952637,
      3.6526079177856445,
      3.802112102508545
    ]
  },
  "num_runs": 5,
  "model_init_args": [
    8192,
    8192,
    0.5,
    -2,
    2
  ],
  "model_init_kwargs": {},
  "seed": 100,
  "align_stats": {
    "copied_same_shape": 0,
    "unique_shape_copied": 2,
    "mapped_shape": 0,
    "skipped": 0,
    "pair_aligner": 0,
    "pair_key": "Model->ModelNew"
  },
  "runnable": true,
  "phase": "stage4_advanced_memory",
  "pytorch_baseline_ms": 6.925740718841553,
  "score": 1.8900711324110142
}