{
  "timestamp": "2025-12-14T23:43:58",
  "reference_file": "KernelBench/level2/53_Gemm_Scaling_Hardtanh_GELU.py",
  "candidate_file": "/home/hyc/LLMKernel/run/20251214_114657_batch_range25to55_deepseek_deepseek/53_Gemm_Scaling_Hardtanh_GELU/code/kernel_20251214_234349.py",
  "tolerance": 0.001,
  "max_abs_err": 0.0006012916564941406,
  "mean_abs_err": 5.113004954182543e-05,
  "ref_latency_ms": {
    "avg": 6.932671928405762,
    "min": 6.928383827209473,
    "max": 6.937535762786865,
    "all": [
      6.93452787399292,
      6.933504104614258,
      6.928383827209473,
      6.937535762786865,
      6.929408073425293
    ]
  },
  "test_latency_ms": {
    "avg": 3.4886080265045165,
    "min": 3.422208070755005,
    "max": 3.5973119735717773,
    "all": [
      3.431648015975952,
      3.427328109741211,
      3.422208070755005,
      3.5645439624786377,
      3.5973119735717773
    ]
  },
  "num_runs": 5,
  "model_init_args": [
    8192,
    8192,
    0.5,
    -2,
    2
  ],
  "model_init_kwargs": {},
  "seed": 100,
  "align_stats": {
    "copied_same_shape": 0,
    "unique_shape_copied": 2,
    "mapped_shape": 0,
    "skipped": 0,
    "pair_aligner": 0,
    "pair_key": "Model->ModelNew"
  },
  "runnable": true,
  "phase": "stage3_memory_access",
  "pytorch_baseline_ms": 6.925740718841553,
  "score": 1.9852447355001195
}