{
  "timestamp": "2025-12-14T23:30:17",
  "reference_file": "KernelBench/level2/53_Gemm_Scaling_Hardtanh_GELU.py",
  "candidate_file": "/home/hyc/LLMKernel/run/20251214_114657_batch_range25to55_deepseek_deepseek/53_Gemm_Scaling_Hardtanh_GELU/code/kernel_20251214_233012.py",
  "tolerance": 0.001,
  "max_abs_err": 0.0006013214588165283,
  "mean_abs_err": 5.112949656904675e-05,
  "ref_latency_ms": {
    "avg": 6.920780849456787,
    "min": 6.907968044281006,
    "max": 6.93452787399292,
    "all": [
      6.93452787399292,
      6.921216011047363,
      6.907968044281006,
      6.918144226074219,
      6.922048091888428
    ]
  },
  "test_latency_ms": {
    "avg": 6.242092704772949,
    "min": 5.475327968597412,
    "max": 9.02575969696045,
    "all": [
      9.02575969696045,
      5.475327968597412,
      5.584896087646484,
      5.647359848022461,
      5.4771199226379395
    ]
  },
  "num_runs": 5,
  "model_init_args": [
    8192,
    8192,
    0.5,
    -2,
    2
  ],
  "model_init_kwargs": {},
  "seed": 100,
  "align_stats": {
    "copied_same_shape": 0,
    "unique_shape_copied": 2,
    "mapped_shape": 0,
    "skipped": 0,
    "pair_aligner": 0,
    "pair_key": "Model->ModelNew"
  },
  "runnable": true,
  "phase": "stage2_repair",
  "pytorch_baseline_ms": 6.925740718841553,
  "score": 1.1095222462085288
}