{
  "timestamp": "2025-12-16T04:24:22",
  "reference_file": "KernelBench/level3/5_AlexNet.py",
  "candidate_file": "/home/hyc/LLMKernel/run/20251216_042251_batch_range2to17_openai_deepseek/5_AlexNet/code/kernel_20251216_042411.py",
  "tolerance": 0.1,
  "max_abs_err": 2.1020881831645966e-05,
  "mean_abs_err": 3.7638046705978923e-06,
  "ref_latency_ms": {
    "avg": 58.84683380126953,
    "min": 58.8298225402832,
    "max": 58.86671829223633,
    "all": [
      58.86671829223633,
      58.85238265991211,
      58.841087341308594,
      58.84415817260742,
      58.8298225402832
    ]
  },
  "test_latency_ms": {
    "avg": 59.47842559814453,
    "min": 59.465728759765625,
    "max": 59.49747085571289,
    "all": [
      59.480064392089844,
      59.482112884521484,
      59.49747085571289,
      59.46675109863281,
      59.465728759765625
    ]
  },
  "num_runs": 5,
  "model_init_args": [
    1000
  ],
  "model_init_kwargs": {},
  "seed": 100,
  "align_stats": {
    "copied_same_shape": 16,
    "unique_shape_copied": 0,
    "mapped_shape": 0,
    "skipped": 0,
    "pair_aligner": 0,
    "pair_key": "Model->ModelNew"
  },
  "runnable": true,
  "phase": "seed_repair",
  "score": 0.9893811614795887
}