{
  "timestamp": "2025-12-16T06:00:53",
  "reference_file": "KernelBench/level3/15_DenseNet121.py",
  "candidate_file": "/home/hyc/LLMKernel/run/20251216_051542_batch_range2to17_openai_deepseek/15_DenseNet121/code/kernel_20251216_060049.py",
  "tolerance": 0.1,
  "max_abs_err": 1.862645149230957e-09,
  "mean_abs_err": 2.0023435687299695e-10,
  "ref_latency_ms": {
    "avg": 6.15543041229248,
    "min": 6.0293121337890625,
    "max": 6.450175762176514,
    "all": [
      6.092800140380859,
      6.450175762176514,
      6.0293121337890625,
      6.098944187164307,
      6.10591983795166
    ]
  },
  "test_latency_ms": {
    "avg": 6.1444097518920895,
    "min": 6.1030402183532715,
    "max": 6.196224212646484,
    "all": [
      6.196224212646484,
      6.1030402183532715,
      6.119423866271973,
      6.136832237243652,
      6.166528224945068
    ]
  },
  "num_runs": 5,
  "model_init_args": [
    32,
    10
  ],
  "model_init_kwargs": {},
  "seed": 100,
  "align_stats": {
    "copied_same_shape": 379,
    "unique_shape_copied": 0,
    "mapped_shape": 0,
    "skipped": 0,
    "pair_aligner": 0,
    "pair_key": "Model->ModelNew"
  },
  "runnable": true,
  "phase": "seed",
  "score": 1.0017936076605238
}