{
  "timestamp": "2025-12-16T06:02:15",
  "reference_file": "KernelBench/level3/15_DenseNet121.py",
  "candidate_file": "/home/hyc/LLMKernel/run/20251216_051542_batch_range2to17_openai_deepseek/15_DenseNet121/code/kernel_20251216_060211.py",
  "tolerance": 0.1,
  "max_abs_err": 1.862645149230957e-09,
  "mean_abs_err": 2.0023435687299695e-10,
  "ref_latency_ms": {
    "avg": 7.299302196502685,
    "min": 7.23967981338501,
    "max": 7.332863807678223,
    "all": [
      7.332863807678223,
      7.265279769897461,
      7.328767776489258,
      7.23967981338501,
      7.329919815063477
    ]
  },
  "test_latency_ms": {
    "avg": 7.437113571166992,
    "min": 7.329792022705078,
    "max": 7.636864185333252,
    "all": [
      7.4997758865356445,
      7.636864185333252,
      7.331999778747559,
      7.387135982513428,
      7.329792022705078
    ]
  },
  "num_runs": 5,
  "model_init_args": [
    32,
    10
  ],
  "model_init_kwargs": {},
  "seed": 100,
  "align_stats": {
    "copied_same_shape": 379,
    "unique_shape_copied": 0,
    "mapped_shape": 0,
    "skipped": 0,
    "pair_aligner": 0,
    "pair_key": "Model->ModelNew"
  },
  "runnable": true,
  "phase": "stage1_grid_and_parallel",
  "pytorch_baseline_ms": 6.15543041229248,
  "score": 0.8276638985528633
}