{
  "timestamp": "2025-12-16T06:04:49",
  "reference_file": "KernelBench/level3/15_DenseNet121.py",
  "candidate_file": "/home/hyc/LLMKernel/run/20251216_051542_batch_range2to17_openai_deepseek/15_DenseNet121/code/kernel_20251216_060442.py",
  "tolerance": 0.1,
  "max_abs_err": 1.862645149230957e-09,
  "mean_abs_err": 2.0023435687299695e-10,
  "ref_latency_ms": {
    "avg": 10.050406455993652,
    "min": 9.973759651184082,
    "max": 10.13862419128418,
    "all": [
      10.036224365234375,
      9.973759651184082,
      9.981184005737305,
      10.13862419128418,
      10.12224006652832
    ]
  },
  "test_latency_ms": {
    "avg": 10.044633483886718,
    "min": 9.948224067687988,
    "max": 10.116095542907715,
    "all": [
      10.04748821258545,
      9.948224067687988,
      10.116095542907715,
      10.0382719039917,
      10.073087692260742
    ]
  },
  "num_runs": 5,
  "model_init_args": [
    32,
    10
  ],
  "model_init_kwargs": {},
  "seed": 100,
  "align_stats": {
    "copied_same_shape": 379,
    "unique_shape_copied": 0,
    "mapped_shape": 0,
    "skipped": 0,
    "pair_aligner": 0,
    "pair_key": "Model->ModelNew"
  },
  "runnable": true,
  "phase": "stage4_advanced_memory",
  "pytorch_baseline_ms": 6.15543041229248,
  "score": 0.6128078662269585
}