{
  "timestamp": "2025-12-16T06:04:01",
  "reference_file": "KernelBench/level3/15_DenseNet121.py",
  "candidate_file": "/home/hyc/LLMKernel/run/20251216_051542_batch_range2to17_openai_deepseek/15_DenseNet121/code/kernel_20251216_060354.py",
  "tolerance": 0.1,
  "max_abs_err": 1.862645149230957e-09,
  "mean_abs_err": 2.0023435687299695e-10,
  "ref_latency_ms": {
    "avg": 10.058956718444824,
    "min": 9.969663619995117,
    "max": 10.098688125610352,
    "all": [
      10.042367935180664,
      10.097663879394531,
      9.969663619995117,
      10.086400032043457,
      10.098688125610352
    ]
  },
  "test_latency_ms": {
    "avg": 10.013286590576172,
    "min": 9.955327987670898,
    "max": 10.070015907287598,
    "all": [
      10.070015907287598,
      9.955327987670898,
      10.044416427612305,
      10.036224365234375,
      9.960448265075684
    ]
  },
  "num_runs": 5,
  "model_init_args": [
    32,
    10
  ],
  "model_init_kwargs": {},
  "seed": 100,
  "align_stats": {
    "copied_same_shape": 379,
    "unique_shape_copied": 0,
    "mapped_shape": 0,
    "skipped": 0,
    "pair_aligner": 0,
    "pair_key": "Model->ModelNew"
  },
  "runnable": true,
  "phase": "stage3_memory_access",
  "pytorch_baseline_ms": 6.15543041229248,
  "score": 0.6147262795899155
}