{
  "timestamp": "2025-12-16T06:03:15",
  "reference_file": "KernelBench/level3/15_DenseNet121.py",
  "candidate_file": "/home/hyc/LLMKernel/run/20251216_051542_batch_range2to17_openai_deepseek/15_DenseNet121/code/kernel_20251216_060311.py",
  "tolerance": 0.1,
  "max_abs_err": 1.862645149230957e-09,
  "mean_abs_err": 2.0023435687299695e-10,
  "ref_latency_ms": {
    "avg": 6.093164730072021,
    "min": 6.07539176940918,
    "max": 6.121471881866455,
    "all": [
      6.084415912628174,
      6.07539176940918,
      6.099967956542969,
      6.121471881866455,
      6.08457612991333
    ]
  },
  "test_latency_ms": {
    "avg": 6.123488044738769,
    "min": 6.096896171569824,
    "max": 6.1532158851623535,
    "all": [
      6.1532158851623535,
      6.145887851715088,
      6.096896171569824,
      6.120448112487793,
      6.100992202758789
    ]
  },
  "num_runs": 5,
  "model_init_args": [
    32,
    10
  ],
  "model_init_kwargs": {},
  "seed": 100,
  "align_stats": {
    "copied_same_shape": 379,
    "unique_shape_copied": 0,
    "mapped_shape": 0,
    "skipped": 0,
    "pair_aligner": 0,
    "pair_key": "Model->ModelNew"
  },
  "runnable": true,
  "phase": "stage2_block_tiling",
  "pytorch_baseline_ms": 6.15543041229248,
  "score": 1.00521636807655
}