{
  "timestamp": "2025-12-15T05:54:04",
  "reference_file": "KernelBench/level2/49_ConvTranspose3d_Softmax_Sigmoid.py",
  "candidate_file": "/home/hyc/LLMKernel/run/20251215_024803_batch_range31to55_openai_deepseek/49_ConvTranspose3d_Softmax_Sigmoid/code/kernel_20251215_055401.py",
  "tolerance": 0.001,
  "max_abs_err": 5.960464477539063e-08,
  "mean_abs_err": 1.4222548472275776e-08,
  "ref_latency_ms": {
    "avg": 6.564684772491455,
    "min": 6.554592132568359,
    "max": 6.577119827270508,
    "all": [
      6.577119827270508,
      6.559743881225586,
      6.558720111846924,
      6.573247909545898,
      6.554592132568359
    ]
  },
  "test_latency_ms": {
    "avg": 16.714899444580077,
    "min": 16.07369613647461,
    "max": 16.91315269470215,
    "all": [
      16.91315269470215,
      16.910335540771484,
      16.906240463256836,
      16.771072387695312,
      16.07369613647461
    ]
  },
  "num_runs": 5,
  "model_init_args": [
    32,
    64,
    3,
    2,
    1,
    1
  ],
  "model_init_kwargs": {},
  "seed": 100,
  "align_stats": {
    "pair_aligner": 1,
    "copied_same_shape": 1,
    "mapped_shape": 0,
    "skipped": 0,
    "pair_key": "Model->ModelNew"
  },
  "runnable": true,
  "phase": "seed",
  "score": 0.39274449686385043
}