{
  "timestamp": "2025-12-15T06:00:09",
  "reference_file": "KernelBench/level2/49_ConvTranspose3d_Softmax_Sigmoid.py",
  "candidate_file": "/home/hyc/LLMKernel/run/20251215_024803_batch_range31to55_openai_deepseek/49_ConvTranspose3d_Softmax_Sigmoid/code/kernel_20251215_060004.py",
  "tolerance": 0.001,
  "max_abs_err": 5.960464477539063e-08,
  "mean_abs_err": 1.4222548472275776e-08,
  "ref_latency_ms": {
    "avg": 6.483692741394043,
    "min": 6.469632148742676,
    "max": 6.489920139312744,
    "all": [
      6.486015796661377,
      6.488063812255859,
      6.489920139312744,
      6.484831809997559,
      6.469632148742676
    ]
  },
  "test_latency_ms": {
    "avg": 12.330252838134765,
    "min": 12.327936172485352,
    "max": 12.332032203674316,
    "all": [
      12.327936172485352,
      12.332032203674316,
      12.330047607421875,
      12.332032203674316,
      12.329216003417969
    ]
  },
  "num_runs": 5,
  "model_init_args": [
    32,
    64,
    3,
    2,
    1,
    1
  ],
  "model_init_kwargs": {},
  "seed": 100,
  "align_stats": {
    "pair_aligner": 1,
    "copied_same_shape": 1,
    "mapped_shape": 0,
    "skipped": 0,
    "pair_key": "Model->ModelNew"
  },
  "runnable": true,
  "phase": "stage3_memory_access",
  "pytorch_baseline_ms": 6.564684772491455,
  "score": 0.5324047169729016
}