{
  "timestamp": "2025-12-15T05:56:50",
  "reference_file": "KernelBench/level2/49_ConvTranspose3d_Softmax_Sigmoid.py",
  "candidate_file": "/home/hyc/LLMKernel/run/20251215_024803_batch_range31to55_openai_deepseek/49_ConvTranspose3d_Softmax_Sigmoid/code/kernel_20251215_055646.py",
  "tolerance": 0.001,
  "max_abs_err": 5.960464477539063e-08,
  "mean_abs_err": 1.4222548472275776e-08,
  "ref_latency_ms": {
    "avg": 6.484959983825684,
    "min": 6.465760231018066,
    "max": 6.492159843444824,
    "all": [
      6.490111827850342,
      6.465760231018066,
      6.492159843444824,
      6.486879825592041,
      6.4898881912231445
    ]
  },
  "test_latency_ms": {
    "avg": 12.126227188110352,
    "min": 12.122112274169922,
    "max": 12.128255844116211,
    "all": [
      12.128191947937012,
      12.122112274169922,
      12.128255844116211,
      12.127488136291504,
      12.12508773803711
    ]
  },
  "num_runs": 5,
  "model_init_args": [
    32,
    64,
    3,
    2,
    1,
    1
  ],
  "model_init_kwargs": {},
  "seed": 100,
  "align_stats": {
    "pair_aligner": 1,
    "copied_same_shape": 1,
    "mapped_shape": 0,
    "skipped": 0,
    "pair_key": "Model->ModelNew"
  },
  "runnable": true,
  "phase": "stage1_grid_and_parallel",
  "pytorch_baseline_ms": 6.564684772491455,
  "score": 0.5413625087717361
}