{
  "timestamp": "2025-12-15T06:02:18",
  "reference_file": "KernelBench/level2/49_ConvTranspose3d_Softmax_Sigmoid.py",
  "candidate_file": "/home/hyc/LLMKernel/run/20251215_024803_batch_range31to55_openai_deepseek/49_ConvTranspose3d_Softmax_Sigmoid/code/kernel_20251215_060214.py",
  "tolerance": 0.001,
  "max_abs_err": 5.960464477539063e-08,
  "mean_abs_err": 1.4222548472275776e-08,
  "ref_latency_ms": {
    "avg": 6.505023956298828,
    "min": 6.486015796661377,
    "max": 6.525951862335205,
    "all": [
      6.521728038787842,
      6.500351905822754,
      6.491072177886963,
      6.525951862335205,
      6.486015796661377
    ]
  },
  "test_latency_ms": {
    "avg": 12.13342056274414,
    "min": 12.131327629089355,
    "max": 12.13644790649414,
    "all": [
      12.13542366027832,
      12.131551742553711,
      12.13644790649414,
      12.131327629089355,
      12.132351875305176
    ]
  },
  "num_runs": 5,
  "model_init_args": [
    32,
    64,
    3,
    2,
    1,
    1
  ],
  "model_init_kwargs": {},
  "seed": 100,
  "align_stats": {
    "pair_aligner": 1,
    "copied_same_shape": 1,
    "mapped_shape": 0,
    "skipped": 0,
    "pair_key": "Model->ModelNew"
  },
  "runnable": true,
  "phase": "stage4_advanced_memory",
  "pytorch_baseline_ms": 6.564684772491455,
  "score": 0.5410415586061876
}