{
  "timestamp": "2025-12-22T14:08:55",
  "reference_file": "KernelBench/level3/11_VGG16.py",
  "candidate_file": "/home/hyc/LLMKernel/run/20251222_140256_11_VGG16_openai_deepseek/11_VGG16/code/kernel_20251222_140846.py",
  "tolerance": 1,
  "max_abs_err": 1.173652708530426e-05,
  "mean_abs_err": 2.5624387944844784e-06,
  "ref_latency_ms": {
    "avg": 7.237446308135986,
    "min": 7.2296319007873535,
    "max": 7.2478718757629395,
    "all": [
      7.243775844573975,
      7.2478718757629395,
      7.234560012817383,
      7.2296319007873535,
      7.231391906738281
    ]
  },
  "test_latency_ms": {
    "avg": 9.927385520935058,
    "min": 9.919327735900879,
    "max": 9.938655853271484,
    "all": [
      9.938655853271484,
      9.928704261779785,
      9.924799919128418,
      9.919327735900879,
      9.925439834594727
    ]
  },
  "num_runs": 5,
  "model_init_args": [
    1000
  ],
  "model_init_kwargs": {},
  "seed": 100,
  "align_stats": {
    "copied_same_shape": 32,
    "unique_shape_copied": 0,
    "mapped_shape": 0,
    "skipped": 0,
    "pair_aligner": 0,
    "pair_key": "Model->ModelNew"
  },
  "runnable": true,
  "phase": "stage2_block_tiling_cand0",
  "pytorch_baseline_ms": 7.8388543128967285,
  "score": 0.7896192100494138
}