{
  "timestamp": "2025-12-22T14:05:13",
  "reference_file": "KernelBench/level3/11_VGG16.py",
  "candidate_file": "/home/hyc/LLMKernel/run/20251222_140256_11_VGG16_openai_deepseek/11_VGG16/code/kernel_20251222_140507.py",
  "tolerance": 1,
  "max_abs_err": 1.173652708530426e-05,
  "mean_abs_err": 2.5624387944844784e-06,
  "ref_latency_ms": {
    "avg": 7.72915210723877,
    "min": 7.727104187011719,
    "max": 7.731200218200684,
    "all": [
      7.731200218200684,
      7.729248046875,
      7.727104187011719,
      7.728032112121582,
      7.730175971984863
    ]
  },
  "test_latency_ms": {
    "avg": 11.720422554016114,
    "min": 11.71116828918457,
    "max": 11.73196792602539,
    "all": [
      11.723775863647461,
      11.721728324890137,
      11.73196792602539,
      11.713472366333008,
      11.71116828918457
    ]
  },
  "num_runs": 5,
  "model_init_args": [
    1000
  ],
  "model_init_kwargs": {},
  "seed": 100,
  "align_stats": {
    "copied_same_shape": 32,
    "unique_shape_copied": 0,
    "mapped_shape": 0,
    "skipped": 0,
    "pair_aligner": 0,
    "pair_key": "Model->ModelNew"
  },
  "runnable": true,
  "phase": "seed_1",
  "pytorch_baseline_ms": 7.8388543128967285,
  "score": 0.6688201109447773
}