{
  "timestamp": "2025-12-24T03:03:15",
  "reference_file": "KernelBench/level3/25_ShuffleNetUnit.py",
  "candidate_file": "/home/hyc/LLMKernel/run/20251224_025836_25_ShuffleNetUnit_openai_deepseek/25_ShuffleNetUnit/code/kernel_20251224_030309.py",
  "tolerance": 1,
  "max_abs_err": 0.9422675371170044,
  "mean_abs_err": 0.15498124063014984,
  "ref_latency_ms": {
    "avg": 21.348063659667968,
    "min": 21.329919815063477,
    "max": 21.37264060974121,
    "all": [
      21.37264060974121,
      21.329919815063477,
      21.34739112854004,
      21.349151611328125,
      21.341215133666992
    ]
  },
  "test_latency_ms": {
    "avg": 16.41101493835449,
    "min": 16.39936065673828,
    "max": 16.41574478149414,
    "all": [
      16.41574478149414,
      16.41574478149414,
      16.4136962890625,
      16.4105281829834,
      16.39936065673828
    ]
  },
  "num_runs": 5,
  "model_init_args": [
    240,
    480,
    3
  ],
  "model_init_kwargs": {},
  "seed": 100,
  "align_stats": {
    "copied_same_shape": 18,
    "unique_shape_copied": 1,
    "mapped_shape": 0,
    "skipped": 5,
    "pair_aligner": 0,
    "pair_key": "Model->ModelNew"
  },
  "runnable": true,
  "phase": "algorithm_optimized_seed0",
  "pytorch_baseline_ms": 21.357114028930663,
  "score": 1.3013889822875337
}