{
  "timestamp": "2025-12-16T05:33:18",
  "reference_file": "KernelBench/level3/25_ShuffleNetUnit.py",
  "candidate_file": "/home/hyc/LLMKernel/run/20251216_051549_batch_range18to33_openai_deepseek/25_ShuffleNetUnit/code/kernel_20251216_053313.py",
  "tolerance": 0.1,
  "max_abs_err": 0.0,
  "mean_abs_err": 0.0,
  "ref_latency_ms": {
    "avg": 21.35285758972168,
    "min": 21.348352432250977,
    "max": 21.362688064575195,
    "all": [
      21.362688064575195,
      21.351423263549805,
      21.348352432250977,
      21.353471755981445,
      21.348352432250977
    ]
  },
  "test_latency_ms": {
    "avg": 21.372160339355467,
    "min": 21.364736557006836,
    "max": 21.380096435546875,
    "all": [
      21.373952865600586,
      21.380096435546875,
      21.364992141723633,
      21.377023696899414,
      21.364736557006836
    ]
  },
  "num_runs": 5,
  "model_init_args": [
    240,
    480,
    3
  ],
  "model_init_kwargs": {},
  "seed": 100,
  "align_stats": {
    "copied_same_shape": 24,
    "unique_shape_copied": 0,
    "mapped_shape": 0,
    "skipped": 0,
    "pair_aligner": 0,
    "pair_key": "Model->ModelNew"
  },
  "runnable": true,
  "phase": "stage2_block_tiling",
  "pytorch_baseline_ms": 21.37210884094238,
  "score": 0.9999975903974017
}