{
  "timestamp": "2025-12-24T03:06:21",
  "reference_file": "KernelBench/level3/25_ShuffleNetUnit.py",
  "candidate_file": "/home/hyc/LLMKernel/run/20251224_025836_25_ShuffleNetUnit_openai_deepseek/25_ShuffleNetUnit/code/kernel_20251224_030610.py",
  "tolerance": 1,
  "max_abs_err": 0.9422675371170044,
  "mean_abs_err": 0.15498124063014984,
  "ref_latency_ms": {
    "avg": 21.359571075439455,
    "min": 21.343231201171875,
    "max": 21.367679595947266,
    "all": [
      21.367679595947266,
      21.360416412353516,
      21.366943359375,
      21.35958480834961,
      21.343231201171875
    ]
  },
  "test_latency_ms": {
    "avg": 15.887366485595702,
    "min": 15.876992225646973,
    "max": 15.897600173950195,
    "all": [
      15.897600173950195,
      15.876992225646973,
      15.890432357788086,
      15.892640113830566,
      15.879167556762695
    ]
  },
  "num_runs": 5,
  "model_init_args": [
    240,
    480,
    3
  ],
  "model_init_kwargs": {},
  "seed": 100,
  "align_stats": {
    "copied_same_shape": 18,
    "unique_shape_copied": 1,
    "mapped_shape": 0,
    "skipped": 5,
    "pair_aligner": 0,
    "pair_key": "Model->ModelNew"
  },
  "runnable": true,
  "phase": "stage2_block_tiling",
  "pytorch_baseline_ms": 21.357114028930663,
  "score": 1.34428283304814
}