{
  "timestamp": "2025-12-16T05:32:42",
  "reference_file": "KernelBench/level3/25_ShuffleNetUnit.py",
  "candidate_file": "/home/hyc/LLMKernel/run/20251216_051549_batch_range18to33_openai_deepseek/25_ShuffleNetUnit/code/kernel_20251216_053236.py",
  "tolerance": 0.1,
  "max_abs_err": 0.0,
  "mean_abs_err": 0.0,
  "ref_latency_ms": {
    "avg": 21.34712333679199,
    "min": 21.336063385009766,
    "max": 21.357568740844727,
    "all": [
      21.357568740844727,
      21.348352432250977,
      21.348352432250977,
      21.345279693603516,
      21.336063385009766
    ]
  },
  "test_latency_ms": {
    "avg": 21.356850814819335,
    "min": 21.326847076416016,
    "max": 21.386240005493164,
    "all": [
      21.373695373535156,
      21.364736557006836,
      21.332735061645508,
      21.326847076416016,
      21.386240005493164
    ]
  },
  "num_runs": 5,
  "model_init_args": [
    240,
    480,
    3
  ],
  "model_init_kwargs": {},
  "seed": 100,
  "align_stats": {
    "copied_same_shape": 24,
    "unique_shape_copied": 0,
    "mapped_shape": 0,
    "skipped": 0,
    "pair_aligner": 0,
    "pair_key": "Model->ModelNew"
  },
  "runnable": true,
  "phase": "stage1_grid_and_parallel",
  "pytorch_baseline_ms": 21.37210884094238,
  "score": 1.0007144323971424
}