{
  "timestamp": "2025-12-16T05:31:50",
  "reference_file": "KernelBench/level3/25_ShuffleNetUnit.py",
  "candidate_file": "/home/hyc/LLMKernel/run/20251216_051549_batch_range18to33_openai_deepseek/25_ShuffleNetUnit/code/kernel_20251216_053145.py",
  "tolerance": 0.1,
  "max_abs_err": 0.0,
  "mean_abs_err": 0.0,
  "ref_latency_ms": {
    "avg": 21.37210884094238,
    "min": 21.346303939819336,
    "max": 21.415935516357422,
    "all": [
      21.415935516357422,
      21.347328186035156,
      21.400575637817383,
      21.350400924682617,
      21.346303939819336
    ]
  },
  "test_latency_ms": {
    "avg": 23.51028480529785,
    "min": 23.46086311340332,
    "max": 23.532800674438477,
    "all": [
      23.523391723632812,
      23.532800674438477,
      23.50694465637207,
      23.527423858642578,
      23.46086311340332
    ]
  },
  "num_runs": 5,
  "model_init_args": [
    240,
    480,
    3
  ],
  "model_init_kwargs": {},
  "seed": 100,
  "align_stats": {
    "copied_same_shape": 24,
    "unique_shape_copied": 0,
    "mapped_shape": 0,
    "skipped": 0,
    "pair_aligner": 0,
    "pair_key": "Model->ModelNew"
  },
  "runnable": true,
  "phase": "seed",
  "score": 0.9090535915637378
}