{
  "timestamp": "2025-12-24T03:00:44",
  "reference_file": "KernelBench/level3/25_ShuffleNetUnit.py",
  "candidate_file": "/home/hyc/LLMKernel/run/20251224_025836_25_ShuffleNetUnit_openai_deepseek/25_ShuffleNetUnit/code/kernel_20251224_030038.py",
  "tolerance": 1,
  "max_abs_err": 0.9422675371170044,
  "mean_abs_err": 0.15498124063014984,
  "ref_latency_ms": {
    "avg": 21.357114028930663,
    "min": 21.341184616088867,
    "max": 21.36675262451172,
    "all": [
      21.36675262451172,
      21.355487823486328,
      21.3656005859375,
      21.341184616088867,
      21.356544494628906
    ]
  },
  "test_latency_ms": {
    "avg": 15.885062217712402,
    "min": 15.879167556762695,
    "max": 15.89350414276123,
    "all": [
      15.887359619140625,
      15.8853120803833,
      15.87996768951416,
      15.89350414276123,
      15.879167556762695
    ]
  },
  "num_runs": 5,
  "model_init_args": [
    240,
    480,
    3
  ],
  "model_init_kwargs": {},
  "seed": 100,
  "align_stats": {
    "copied_same_shape": 18,
    "unique_shape_copied": 1,
    "mapped_shape": 0,
    "skipped": 5,
    "pair_aligner": 0,
    "pair_key": "Model->ModelNew"
  },
  "runnable": true,
  "phase": "seed_0",
  "score": 1.3444778330875362
}