{
  "timestamp": "2025-12-16T05:33:57",
  "reference_file": "KernelBench/level3/25_ShuffleNetUnit.py",
  "candidate_file": "/home/hyc/LLMKernel/run/20251216_051549_batch_range18to33_openai_deepseek/25_ShuffleNetUnit/code/kernel_20251216_053350.py",
  "tolerance": 0.1,
  "max_abs_err": 0.0,
  "mean_abs_err": 0.0,
  "ref_latency_ms": {
    "avg": 21.347942352294922,
    "min": 21.33919906616211,
    "max": 21.355520248413086,
    "all": [
      21.349376678466797,
      21.3503360748291,
      21.355520248413086,
      21.345279693603516,
      21.33919906616211
    ]
  },
  "test_latency_ms": {
    "avg": 21.358195114135743,
    "min": 21.338111877441406,
    "max": 21.37379264831543,
    "all": [
      21.355743408203125,
      21.338111877441406,
      21.360639572143555,
      21.362688064575195,
      21.37379264831543
    ]
  },
  "num_runs": 5,
  "model_init_args": [
    240,
    480,
    3
  ],
  "model_init_kwargs": {},
  "seed": 100,
  "align_stats": {
    "copied_same_shape": 24,
    "unique_shape_copied": 0,
    "mapped_shape": 0,
    "skipped": 0,
    "pair_aligner": 0,
    "pair_key": "Model->ModelNew"
  },
  "runnable": true,
  "phase": "stage3_memory_access",
  "pytorch_baseline_ms": 21.37210884094238,
  "score": 1.00065144675064
}