{
  "timestamp": "2025-12-16T05:34:26",
  "reference_file": "KernelBench/level3/25_ShuffleNetUnit.py",
  "candidate_file": "/home/hyc/LLMKernel/run/20251216_051549_batch_range18to33_openai_deepseek/25_ShuffleNetUnit/code/kernel_20251216_053420.py",
  "tolerance": 0.1,
  "max_abs_err": 0.0,
  "mean_abs_err": 0.0,
  "ref_latency_ms": {
    "avg": 21.347948837280274,
    "min": 21.344255447387695,
    "max": 21.352447509765625,
    "all": [
      21.346303939819336,
      21.344255447387695,
      21.348384857177734,
      21.348352432250977,
      21.352447509765625
    ]
  },
  "test_latency_ms": {
    "avg": 21.375865173339843,
    "min": 21.367807388305664,
    "max": 21.383167266845703,
    "all": [
      21.3690242767334,
      21.38230323791504,
      21.383167266845703,
      21.367807388305664,
      21.377023696899414
    ]
  },
  "num_runs": 5,
  "model_init_args": [
    240,
    480,
    3
  ],
  "model_init_kwargs": {},
  "seed": 100,
  "align_stats": {
    "copied_same_shape": 24,
    "unique_shape_copied": 0,
    "mapped_shape": 0,
    "skipped": 0,
    "pair_aligner": 0,
    "pair_key": "Model->ModelNew"
  },
  "runnable": true,
  "phase": "stage4_advanced_memory",
  "pytorch_baseline_ms": 21.37210884094238,
  "score": 0.9998242722637423
}