{
  "timestamp": "2025-12-24T03:05:18",
  "reference_file": "KernelBench/level3/25_ShuffleNetUnit.py",
  "candidate_file": "/home/hyc/LLMKernel/run/20251224_025836_25_ShuffleNetUnit_openai_deepseek/25_ShuffleNetUnit/code/kernel_20251224_030513.py",
  "tolerance": 1,
  "max_abs_err": 0.9422675371170044,
  "mean_abs_err": 0.15498124063014984,
  "ref_latency_ms": {
    "avg": 21.355846405029297,
    "min": 21.344255447387695,
    "max": 21.365760803222656,
    "all": [
      21.365760803222656,
      21.353471755981445,
      21.344255447387695,
      21.35228729248047,
      21.36345672607422
    ]
  },
  "test_latency_ms": {
    "avg": 15.876128005981446,
    "min": 15.866016387939453,
    "max": 15.88428783416748,
    "all": [
      15.874048233032227,
      15.877120018005371,
      15.88428783416748,
      15.879167556762695,
      15.866016387939453
    ]
  },
  "num_runs": 5,
  "model_init_args": [
    240,
    480,
    3
  ],
  "model_init_kwargs": {},
  "seed": 100,
  "align_stats": {
    "copied_same_shape": 18,
    "unique_shape_copied": 1,
    "mapped_shape": 0,
    "skipped": 5,
    "pair_aligner": 0,
    "pair_key": "Model->ModelNew"
  },
  "runnable": true,
  "phase": "stage1_grid_and_parallel_repair",
  "pytorch_baseline_ms": 21.357114028930663,
  "score": 1.3452344312721727
}