{
  "timestamp": "2025-12-12T12:28:49",
  "reference_file": "KernelBench/level1/36_RMSNorm_.py",
  "candidate_file": "/home/hyc/LLMKernel/run/20251212_085222_batch_range20to30_deepseek_deepseek/36_RMSNorm_/code/kernel_20251212_122809.py",
  "tolerance": 0.001,
  "max_abs_err": 3.5762786865234375e-07,
  "mean_abs_err": 3.560011307968125e-08,
  "ref_latency_ms": {
    "avg": 40.48279647827148,
    "min": 40.45619201660156,
    "max": 40.49919891357422,
    "all": [
      40.49919891357422,
      40.49603271484375,
      40.49715042114258,
      40.45619201660156,
      40.46540832519531
    ]
  },
  "test_latency_ms": {
    "avg": 30.63702392578125,
    "min": 30.626815795898438,
    "max": 30.647296905517578,
    "all": [
      30.647296905517578,
      30.626815795898438,
      30.628639221191406,
      30.64531135559082,
      30.637056350708008
    ]
  },
  "num_runs": 5,
  "model_init_args": [
    64
  ],
  "model_init_kwargs": {},
  "seed": 100,
  "align_stats": {
    "copied_same_shape": 0,
    "unique_shape_copied": 0,
    "mapped_shape": 0,
    "skipped": 0,
    "pair_aligner": 0,
    "pair_key": "Model->ModelNew"
  },
  "runnable": true,
  "phase": "stage2_block_tiling",
  "pytorch_baseline_ms": 40.43919372558594,
  "score": 1.3199452343527434
}