{
  "timestamp": "2025-12-12T12:15:54",
  "reference_file": "KernelBench/level1/36_RMSNorm_.py",
  "candidate_file": "/home/hyc/LLMKernel/run/20251212_085222_batch_range20to30_deepseek_deepseek/36_RMSNorm_/code/kernel_20251212_121535.py",
  "tolerance": 0.001,
  "max_abs_err": 3.5762786865234375e-07,
  "mean_abs_err": 3.560011307968125e-08,
  "ref_latency_ms": {
    "avg": 40.43919372558594,
    "min": 40.4060173034668,
    "max": 40.51046371459961,
    "all": [
      40.51046371459961,
      40.429569244384766,
      40.425472259521484,
      40.42444610595703,
      40.4060173034668
    ]
  },
  "test_latency_ms": {
    "avg": 37.72455062866211,
    "min": 37.428287506103516,
    "max": 37.8152961730957,
    "all": [
      37.8152961730957,
      37.79875183105469,
      37.779457092285156,
      37.800960540771484,
      37.428287506103516
    ]
  },
  "num_runs": 5,
  "model_init_args": [
    64
  ],
  "model_init_kwargs": {},
  "seed": 100,
  "align_stats": {
    "copied_same_shape": 0,
    "unique_shape_copied": 0,
    "mapped_shape": 0,
    "skipped": 0,
    "pair_aligner": 0,
    "pair_key": "Model->ModelNew"
  },
  "runnable": true,
  "phase": "seed_repair",
  "score": 1.0719595873691155
}