{
  "timestamp": "2025-12-12T12:36:18",
  "reference_file": "KernelBench/level1/36_RMSNorm_.py",
  "candidate_file": "/home/hyc/LLMKernel/run/20251212_085222_batch_range20to30_deepseek_deepseek/36_RMSNorm_/code/kernel_20251212_123559.py",
  "tolerance": 0.001,
  "max_abs_err": 3.5762786865234375e-07,
  "mean_abs_err": 3.385908797781667e-08,
  "ref_latency_ms": {
    "avg": 40.419898223876956,
    "min": 40.407936096191406,
    "max": 40.427520751953125,
    "all": [
      40.427520751953125,
      40.418209075927734,
      40.422401428222656,
      40.423423767089844,
      40.407936096191406
    ]
  },
  "test_latency_ms": {
    "avg": 25.24882583618164,
    "min": 25.228063583374023,
    "max": 25.30284881591797,
    "all": [
      25.238399505615234,
      25.30284881591797,
      25.228063583374023,
      25.243648529052734,
      25.231168746948242
    ]
  },
  "num_runs": 5,
  "model_init_args": [
    64
  ],
  "model_init_kwargs": {},
  "seed": 100,
  "align_stats": {
    "copied_same_shape": 0,
    "unique_shape_copied": 0,
    "mapped_shape": 0,
    "skipped": 0,
    "pair_aligner": 0,
    "pair_key": "Model->ModelNew"
  },
  "runnable": true,
  "phase": "stage3_repair",
  "pytorch_baseline_ms": 40.43919372558594,
  "score": 1.6016267048599326
}