{
  "timestamp": "2025-12-12T12:41:41",
  "reference_file": "KernelBench/level1/36_RMSNorm_.py",
  "candidate_file": "/home/hyc/LLMKernel/run/20251212_085222_batch_range20to30_deepseek_deepseek/36_RMSNorm_/code/kernel_20251212_124121.py",
  "tolerance": 0.001,
  "max_abs_err": 3.5762786865234375e-07,
  "mean_abs_err": 3.385195768146332e-08,
  "ref_latency_ms": {
    "avg": 40.417650604248045,
    "min": 40.4029426574707,
    "max": 40.42937469482422,
    "all": [
      40.41215896606445,
      40.425472259521484,
      40.418304443359375,
      40.42937469482422,
      40.4029426574707
    ]
  },
  "test_latency_ms": {
    "avg": 52.67681350708008,
    "min": 52.65510559082031,
    "max": 52.68787384033203,
    "all": [
      52.66841506958008,
      52.68582534790039,
      52.65510559082031,
      52.68684768676758,
      52.68787384033203
    ]
  },
  "num_runs": 5,
  "model_init_args": [
    64
  ],
  "model_init_kwargs": {},
  "seed": 100,
  "align_stats": {
    "copied_same_shape": 0,
    "unique_shape_copied": 0,
    "mapped_shape": 0,
    "skipped": 0,
    "pair_aligner": 0,
    "pair_key": "Model->ModelNew"
  },
  "runnable": true,
  "phase": "stage4_repair",
  "pytorch_baseline_ms": 40.43919372558594,
  "score": 0.7676848889151329
}