{
  "timestamp": "2025-12-12T12:23:37",
  "reference_file": "KernelBench/level1/36_RMSNorm_.py",
  "candidate_file": "/home/hyc/LLMKernel/run/20251212_085222_batch_range20to30_deepseek_deepseek/36_RMSNorm_/code/kernel_20251212_122318.py",
  "tolerance": 0.001,
  "max_abs_err": 3.5762786865234375e-07,
  "mean_abs_err": 3.573516949018085e-08,
  "ref_latency_ms": {
    "avg": 40.467577362060545,
    "min": 40.39971160888672,
    "max": 40.494911193847656,
    "all": [
      40.494911193847656,
      40.48486328125,
      40.4837760925293,
      40.47462463378906,
      40.39971160888672
    ]
  },
  "test_latency_ms": {
    "avg": 28.937222290039063,
    "min": 28.916767120361328,
    "max": 28.96793556213379,
    "all": [
      28.96793556213379,
      28.916767120361328,
      28.921855926513672,
      28.932096481323242,
      28.94745635986328
    ]
  },
  "num_runs": 5,
  "model_init_args": [
    64
  ],
  "model_init_kwargs": {},
  "seed": 100,
  "align_stats": {
    "copied_same_shape": 0,
    "unique_shape_copied": 0,
    "mapped_shape": 0,
    "skipped": 0,
    "pair_aligner": 0,
    "pair_key": "Model->ModelNew"
  },
  "runnable": true,
  "phase": "stage1_repair",
  "pytorch_baseline_ms": 40.43919372558594,
  "score": 1.3974801492783966
}