{
  "timestamp": "2025-12-13T01:40:32",
  "reference_file": "KernelBench/level1/64_conv_transposed_1D.py",
  "candidate_file": "/home/hyc/LLMKernel/run/20251212_170112_batch_range40to70_deepseek_deepseek/64_conv_transposed_1D/code/kernel_20251213_014022.py",
  "tolerance": 0.001,
  "max_abs_err": 0.0013778209686279297,
  "mean_abs_err": 0.0003800495178438723,
  "ref_latency_ms": {
    "avg": 14.9229248046875,
    "min": 14.899168014526367,
    "max": 14.956543922424316,
    "all": [
      14.899168014526367,
      14.956543922424316,
      14.929792404174805,
      14.917632102966309,
      14.911487579345703
    ]
  },
  "test_latency_ms": {
    "avg": 13.62402572631836,
    "min": 13.608896255493164,
    "max": 13.65174388885498,
    "all": [
      13.608896255493164,
      13.608960151672363,
      13.609824180603027,
      13.640704154968262,
      13.65174388885498
    ]
  },
  "num_runs": 5,
  "model_init_args": [
    128,
    128,
    3
  ],
  "model_init_kwargs": {},
  "seed": 100,
  "align_stats": {
    "copied_same_shape": 0,
    "unique_shape_copied": 1,
    "mapped_shape": 0,
    "skipped": 0,
    "pair_aligner": 0,
    "pair_key": "Model->ModelNew"
  },
  "runnable": true,
  "phase": "stage4_advanced_memory",
  "pytorch_baseline_ms": 14.833926391601562,
  "score": 1.0888063990473802
}