{
  "timestamp": "2025-12-13T01:24:52",
  "reference_file": "KernelBench/level1/64_conv_transposed_1D.py",
  "candidate_file": "/home/hyc/LLMKernel/run/20251212_170112_batch_range40to70_deepseek_deepseek/64_conv_transposed_1D/code/kernel_20251213_012441.py",
  "tolerance": 0.001,
  "max_abs_err": 0.0013778209686279297,
  "mean_abs_err": 0.00038002952351234853,
  "ref_latency_ms": {
    "avg": 14.914489364624023,
    "min": 14.880767822265625,
    "max": 14.939135551452637,
    "all": [
      14.938783645629883,
      14.889984130859375,
      14.939135551452637,
      14.880767822265625,
      14.923775672912598
    ]
  },
  "test_latency_ms": {
    "avg": 17.806086349487305,
    "min": 17.778688430786133,
    "max": 17.83078384399414,
    "all": [
      17.801023483276367,
      17.796096801757812,
      17.778688430786133,
      17.83078384399414,
      17.82383918762207
    ]
  },
  "num_runs": 5,
  "model_init_args": [
    128,
    128,
    3
  ],
  "model_init_kwargs": {},
  "seed": 100,
  "align_stats": {
    "copied_same_shape": 0,
    "unique_shape_copied": 1,
    "mapped_shape": 0,
    "skipped": 0,
    "pair_aligner": 0,
    "pair_key": "Model->ModelNew"
  },
  "runnable": true,
  "phase": "stage1_grid_and_parallel",
  "pytorch_baseline_ms": 14.833926391601562,
  "score": 0.8330817957663492
}