{
  "timestamp": "2025-12-13T01:28:50",
  "reference_file": "KernelBench/level1/64_conv_transposed_1D.py",
  "candidate_file": "/home/hyc/LLMKernel/run/20251212_170112_batch_range40to70_deepseek_deepseek/64_conv_transposed_1D/code/kernel_20251213_012841.py",
  "tolerance": 0.001,
  "max_abs_err": 0.0013778209686279297,
  "mean_abs_err": 0.00038002952351234853,
  "ref_latency_ms": {
    "avg": 14.927142715454101,
    "min": 14.901056289672852,
    "max": 14.958592414855957,
    "all": [
      14.901056289672852,
      14.938112258911133,
      14.958592414855957,
      14.929920196533203,
      14.908032417297363
    ]
  },
  "test_latency_ms": {
    "avg": 17.650432205200197,
    "min": 17.63327980041504,
    "max": 17.691648483276367,
    "all": [
      17.64454460144043,
      17.63327980041504,
      17.634368896484375,
      17.648319244384766,
      17.691648483276367
    ]
  },
  "num_runs": 5,
  "model_init_args": [
    128,
    128,
    3
  ],
  "model_init_kwargs": {},
  "seed": 100,
  "align_stats": {
    "copied_same_shape": 0,
    "unique_shape_copied": 1,
    "mapped_shape": 0,
    "skipped": 0,
    "pair_aligner": 0,
    "pair_key": "Model->ModelNew"
  },
  "runnable": true,
  "phase": "stage2_block_tiling",
  "pytorch_baseline_ms": 14.833926391601562,
  "score": 0.8404285073104991
}