{
  "timestamp": "2025-12-13T01:20:15",
  "reference_file": "KernelBench/level1/64_conv_transposed_1D.py",
  "candidate_file": "/home/hyc/LLMKernel/run/20251212_170112_batch_range40to70_deepseek_deepseek/64_conv_transposed_1D/code/kernel_20251213_012009.py",
  "tolerance": 0.001,
  "max_abs_err": 0.0013778209686279297,
  "mean_abs_err": 0.00038002952351234853,
  "ref_latency_ms": {
    "avg": 14.833926391601562,
    "min": 14.811136245727539,
    "max": 14.853856086730957,
    "all": [
      14.843903541564941,
      14.811136245727539,
      14.853856086730957,
      14.830400466918945,
      14.83033561706543
    ]
  },
  "test_latency_ms": {
    "avg": 22.2412353515625,
    "min": 22.203392028808594,
    "max": 22.319103240966797,
    "all": [
      22.2126407623291,
      22.203392028808594,
      22.319103240966797,
      22.2390079498291,
      22.232032775878906
    ]
  },
  "num_runs": 5,
  "model_init_args": [
    128,
    128,
    3
  ],
  "model_init_kwargs": {},
  "seed": 100,
  "align_stats": {
    "copied_same_shape": 0,
    "unique_shape_copied": 1,
    "mapped_shape": 0,
    "skipped": 0,
    "pair_aligner": 0,
    "pair_key": "Model->ModelNew"
  },
  "runnable": true,
  "phase": "seed_repair",
  "score": 0.6669560461514311
}