{
  "timestamp": "2025-12-13T01:36:37",
  "reference_file": "KernelBench/level1/64_conv_transposed_1D.py",
  "candidate_file": "/home/hyc/LLMKernel/run/20251212_170112_batch_range40to70_deepseek_deepseek/64_conv_transposed_1D/code/kernel_20251213_013626.py",
  "tolerance": 0.001,
  "max_abs_err": 0.0013778209686279297,
  "mean_abs_err": 0.0003800495178438723,
  "ref_latency_ms": {
    "avg": 14.91988468170166,
    "min": 14.911487579345703,
    "max": 14.925824165344238,
    "all": [
      14.921919822692871,
      14.925824165344238,
      14.91641616821289,
      14.911487579345703,
      14.923775672912598
    ]
  },
  "test_latency_ms": {
    "avg": 11.794790267944336,
    "min": 11.773951530456543,
    "max": 11.8057279586792,
    "all": [
      11.795455932617188,
      11.804672241210938,
      11.794143676757812,
      11.773951530456543,
      11.8057279586792
    ]
  },
  "num_runs": 5,
  "model_init_args": [
    128,
    128,
    3
  ],
  "model_init_kwargs": {},
  "seed": 100,
  "align_stats": {
    "copied_same_shape": 0,
    "unique_shape_copied": 1,
    "mapped_shape": 0,
    "skipped": 0,
    "pair_aligner": 0,
    "pair_key": "Model->ModelNew"
  },
  "runnable": true,
  "phase": "stage3_repair",
  "pytorch_baseline_ms": 14.833926391601562,
  "score": 1.2576676697606852
}