{
  "timestamp": "2025-12-13T16:01:50",
  "reference_file": "KernelBench/level1_low_score/6_Matmul_with_large_K_dimension_.py",
  "candidate_file": "/home/hyc/LLMKernel/run/20251213_155700_6_Matmul_with_large_K_dimension__openai_deepseek/6_Matmul_with_large_K_dimension_/code/kernel_20251213_160145.py",
  "tolerance": 0.001,
  "max_abs_err": 89.03125,
  "mean_abs_err": 88.54985046386719,
  "ref_latency_ms": {
    "avg": 1.6418431997299194,
    "min": 1.6383999586105347,
    "max": 1.6486400365829468,
    "all": [
      1.6425280570983887,
      1.6383999586105347,
      1.6486400365829468,
      1.640447974205017,
      1.63919997215271
    ]
  },
  "test_latency_ms": {
    "avg": 2.0364800453186036,
    "min": 2.0305280685424805,
    "max": 2.0398080348968506,
    "all": [
      2.0398080348968506,
      2.0375680923461914,
      2.0357120037078857,
      2.0387840270996094,
      2.0305280685424805
    ]
  },
  "num_runs": 5,
  "model_init_args": [],
  "model_init_kwargs": {},
  "seed": 100,
  "align_stats": {
    "copied_same_shape": 0,
    "unique_shape_copied": 0,
    "mapped_shape": 0,
    "skipped": 0,
    "pair_aligner": 0,
    "pair_key": "Model->ModelNew"
  },
  "runnable": true,
  "phase": "stage1_grid_and_parallel",
  "pytorch_baseline_ms": 1.6433536052703857,
  "score": 0.8069578727511106
}