{
  "timestamp": "2025-12-13T16:16:59",
  "reference_file": "KernelBench/level1_low_score/6_Matmul_with_large_K_dimension_.py",
  "candidate_file": "/home/hyc/LLMKernel/run/20251213_155700_6_Matmul_with_large_K_dimension__openai_deepseek/6_Matmul_with_large_K_dimension_/code/kernel_20251213_161651.py",
  "tolerance": 0.001,
  "max_abs_err": 192.921875,
  "mean_abs_err": 191.76023864746094,
  "ref_latency_ms": {
    "avg": 1.7071359872817993,
    "min": 1.7047679424285889,
    "max": 1.70905601978302,
    "all": [
      1.7047679424285889,
      1.70905601978302,
      1.7070080041885376,
      1.7080320119857788,
      1.7068159580230713
    ]
  },
  "test_latency_ms": {
    "avg": 47.51908493041992,
    "min": 47.49107360839844,
    "max": 47.56480026245117,
    "all": [
      47.56480026245117,
      47.502079010009766,
      47.49107360839844,
      47.54332733154297,
      47.494144439697266
    ]
  },
  "num_runs": 5,
  "model_init_args": [],
  "model_init_kwargs": {},
  "seed": 100,
  "align_stats": {
    "copied_same_shape": 0,
    "unique_shape_copied": 0,
    "mapped_shape": 0,
    "skipped": 0,
    "pair_aligner": 0,
    "pair_key": "Model->ModelNew"
  },
  "runnable": true,
  "phase": "stage4_repair",
  "pytorch_baseline_ms": 1.6433536052703857,
  "score": 0.03458302296175684
}