{
  "timestamp": "2025-12-28T10:54:17",
  "reference_file": "KernelBench/select2/6_Matmul_with_large_K_dimension_.py",
  "candidate_file": "/home/hyc/LLMKernel/run/20251228_103146_batch_range4to9_openai_deepseek/6_Matmul_with_large_K_dimension_/code/kernel_20251228_105410.py",
  "tolerance": 1,
  "max_abs_err": 938.8359375,
  "mean_abs_err": 933.8277587890625,
  "ref_latency_ms": {
    "avg": 1.6719743967056275,
    "min": 1.6690560579299927,
    "max": 1.6762880086898804,
    "all": [
      1.6752640008926392,
      1.669119954109192,
      1.6690560579299927,
      1.6762880086898804,
      1.670143961906433
    ]
  },
  "test_latency_ms": {
    "avg": 10.020863914489746,
    "min": 10.016768455505371,
    "max": 10.024959564208984,
    "all": [
      10.024959564208984,
      10.02188777923584,
      10.018815994262695,
      10.016768455505371,
      10.02188777923584
    ]
  },
  "num_runs": 5,
  "model_init_args": [],
  "model_init_kwargs": {},
  "seed": 100,
  "align_stats": {
    "copied_same_shape": 0,
    "unique_shape_copied": 0,
    "mapped_shape": 0,
    "skipped": 0,
    "pair_aligner": 0,
    "pair_key": "Model->ModelNew"
  },
  "runnable": true,
  "phase": "seed_1",
  "score": 0.16684932666214766
}