{
  "timestamp": "2025-12-28T11:00:34",
  "reference_file": "KernelBench/select2/6_Matmul_with_large_K_dimension_.py",
  "candidate_file": "/home/hyc/LLMKernel/run/20251228_103146_batch_range4to9_openai_deepseek/6_Matmul_with_large_K_dimension_/code/kernel_20251228_110026.py",
  "tolerance": 1,
  "max_abs_err": 41158856.0,
  "mean_abs_err": 40957704.0,
  "ref_latency_ms": {
    "avg": 1.672383999824524,
    "min": 1.665984034538269,
    "max": 1.6803840398788452,
    "all": [
      1.6803840398788452,
      1.670143961906433,
      1.6721919775009155,
      1.6732159852981567,
      1.665984034538269
    ]
  },
  "test_latency_ms": {
    "avg": 1.2193919897079468,
    "min": 1.2154879570007324,
    "max": 1.2257280349731445,
    "all": [
      1.2257280349731445,
      1.218400001525879,
      1.2165119647979736,
      1.2154879570007324,
      1.2208319902420044
    ]
  },
  "num_runs": 5,
  "model_init_args": [],
  "model_init_kwargs": {},
  "seed": 100,
  "align_stats": {
    "copied_same_shape": 0,
    "unique_shape_copied": 0,
    "mapped_shape": 0,
    "skipped": 0,
    "pair_aligner": 0,
    "pair_key": "Model->ModelNew"
  },
  "runnable": true,
  "phase": "algorithm_optimized_seed0",
  "pytorch_baseline_ms": 1.6719743967056275,
  "score": 1.3711541578242428
}