{
  "timestamp": "2025-12-28T10:53:32",
  "reference_file": "KernelBench/select2/6_Matmul_with_large_K_dimension_.py",
  "candidate_file": "/home/hyc/LLMKernel/run/20251228_103146_batch_range4to9_openai_deepseek/6_Matmul_with_large_K_dimension_/code/kernel_20251228_105325.py",
  "tolerance": 1,
  "max_abs_err": 938.8359375,
  "mean_abs_err": 933.8277587890625,
  "ref_latency_ms": {
    "avg": 1.6701119661331176,
    "min": 1.6679359674453735,
    "max": 1.6721919775009155,
    "all": [
      1.669119954109192,
      1.6721919775009155,
      1.6679359674453735,
      1.6721919775009155,
      1.669119954109192
    ]
  },
  "test_latency_ms": {
    "avg": 10.08415355682373,
    "min": 10.079168319702148,
    "max": 10.089471817016602,
    "all": [
      10.086400032043457,
      10.086400032043457,
      10.079168319702148,
      10.079327583312988,
      10.089471817016602
    ]
  },
  "num_runs": 5,
  "model_init_args": [],
  "model_init_kwargs": {},
  "seed": 100,
  "align_stats": {
    "copied_same_shape": 0,
    "unique_shape_copied": 0,
    "mapped_shape": 0,
    "skipped": 0,
    "pair_aligner": 0,
    "pair_key": "Model->ModelNew"
  },
  "runnable": true,
  "phase": "seed_0_repair_1",
  "score": 0.16561746672361893
}