{
  "timestamp": "2025-12-13T16:06:13",
  "reference_file": "KernelBench/level1_low_score/6_Matmul_with_large_K_dimension_.py",
  "candidate_file": "/home/hyc/LLMKernel/run/20251213_155700_6_Matmul_with_large_K_dimension__openai_deepseek/6_Matmul_with_large_K_dimension_/code/kernel_20251213_160604.py",
  "tolerance": 0.001,
  "max_abs_err": 938.8359375,
  "mean_abs_err": 933.8277587890625,
  "ref_latency_ms": {
    "avg": 1.7078144073486328,
    "min": 1.703935980796814,
    "max": 1.7100800275802612,
    "all": [
      1.7100160121917725,
      1.7100800275802612,
      1.7070080041885376,
      1.703935980796814,
      1.7080320119857788
    ]
  },
  "test_latency_ms": {
    "avg": 12.94741096496582,
    "min": 12.942367553710938,
    "max": 12.95747184753418,
    "all": [
      12.95747184753418,
      12.944352149963379,
      12.94438362121582,
      12.942367553710938,
      12.948479652404785
    ]
  },
  "num_runs": 5,
  "model_init_args": [],
  "model_init_kwargs": {},
  "seed": 100,
  "align_stats": {
    "copied_same_shape": 0,
    "unique_shape_copied": 0,
    "mapped_shape": 0,
    "skipped": 0,
    "pair_aligner": 0,
    "pair_key": "Model->ModelNew"
  },
  "runnable": true,
  "phase": "stage2_repair",
  "pytorch_baseline_ms": 1.6433536052703857,
  "score": 0.12692526789464767
}