{
  "timestamp": "2025-12-13T15:57:59",
  "reference_file": "KernelBench/level1_low_score/6_Matmul_with_large_K_dimension_.py",
  "candidate_file": "/home/hyc/LLMKernel/run/20251213_155700_6_Matmul_with_large_K_dimension__openai_deepseek/6_Matmul_with_large_K_dimension_/code/kernel_20251213_155754.py",
  "tolerance": 0.001,
  "max_abs_err": 192.921875,
  "mean_abs_err": 191.76023864746094,
  "ref_latency_ms": {
    "avg": 1.6433536052703857,
    "min": 1.6383999586105347,
    "max": 1.649664044380188,
    "all": [
      1.6383999586105347,
      1.6476160287857056,
      1.638592004776001,
      1.6424959897994995,
      1.649664044380188
    ]
  },
  "test_latency_ms": {
    "avg": 49.16952285766602,
    "min": 47.7388801574707,
    "max": 50.83135986328125,
    "all": [
      50.83135986328125,
      50.82291030883789,
      48.71558380126953,
      47.7388801574707,
      47.7388801574707
    ]
  },
  "num_runs": 5,
  "model_init_args": [],
  "model_init_kwargs": {},
  "seed": 100,
  "align_stats": {
    "copied_same_shape": 0,
    "unique_shape_copied": 0,
    "mapped_shape": 0,
    "skipped": 0,
    "pair_aligner": 0,
    "pair_key": "Model->ModelNew"
  },
  "runnable": true,
  "phase": "seed",
  "score": 0.0334221995610472
}