{
  "timestamp": "2025-12-28T11:04:16",
  "reference_file": "KernelBench/select2/6_Matmul_with_large_K_dimension_.py",
  "candidate_file": "/home/hyc/LLMKernel/run/20251228_103146_batch_range4to9_openai_deepseek/6_Matmul_with_large_K_dimension_/code/kernel_20251228_110409.py",
  "tolerance": 1,
  "max_abs_err": 938.8359375,
  "mean_abs_err": 933.8277587890625,
  "ref_latency_ms": {
    "avg": 1.6694655895233155,
    "min": 1.665824055671692,
    "max": 1.6750719547271729,
    "all": [
      1.670240044593811,
      1.6680959463119507,
      1.6680959463119507,
      1.6750719547271729,
      1.665824055671692
    ]
  },
  "test_latency_ms": {
    "avg": 8.961209487915038,
    "min": 8.950783729553223,
    "max": 8.981504440307617,
    "all": [
      8.964159965515137,
      8.954879760742188,
      8.954719543457031,
      8.981504440307617,
      8.950783729553223
    ]
  },
  "num_runs": 5,
  "model_init_args": [],
  "model_init_kwargs": {},
  "seed": 100,
  "align_stats": {
    "copied_same_shape": 0,
    "unique_shape_copied": 0,
    "mapped_shape": 0,
    "skipped": 0,
    "pair_aligner": 0,
    "pair_key": "Model->ModelNew"
  },
  "runnable": true,
  "phase": "stage1_grid_and_parallel",
  "pytorch_baseline_ms": 1.6719743967056275,
  "score": 0.18657909950218537
}