{
  "timestamp": "2025-12-28T11:02:22",
  "reference_file": "KernelBench/select2/6_Matmul_with_large_K_dimension_.py",
  "candidate_file": "/home/hyc/LLMKernel/run/20251228_103146_batch_range4to9_openai_deepseek/6_Matmul_with_large_K_dimension_/code/kernel_20251228_110215.py",
  "tolerance": 1,
  "max_abs_err": 99.078125,
  "mean_abs_err": 98.54925537109375,
  "ref_latency_ms": {
    "avg": 1.6705407857894898,
    "min": 1.6660480499267578,
    "max": 1.6721919775009155,
    "all": [
      1.6721919775009155,
      1.6721279621124268,
      1.670143961906433,
      1.6721919775009155,
      1.6660480499267578
    ]
  },
  "test_latency_ms": {
    "avg": 1.3158400297164916,
    "min": 1.3035520315170288,
    "max": 1.321984052658081,
    "all": [
      1.3158400058746338,
      1.321984052658081,
      1.3035520315170288,
      1.3158400058746338,
      1.321984052658081
    ]
  },
  "num_runs": 5,
  "model_init_args": [],
  "model_init_kwargs": {},
  "seed": 100,
  "align_stats": {
    "copied_same_shape": 0,
    "unique_shape_copied": 0,
    "mapped_shape": 0,
    "skipped": 0,
    "pair_aligner": 0,
    "pair_key": "Model->ModelNew"
  },
  "runnable": true,
  "phase": "algorithm_optimized_seed1",
  "pytorch_baseline_ms": 1.6719743967056275,
  "score": 1.270651719773161
}