{
  "timestamp": "2025-12-28T11:05:44",
  "reference_file": "KernelBench/select2/6_Matmul_with_large_K_dimension_.py",
  "candidate_file": "/home/hyc/LLMKernel/run/20251228_103146_batch_range4to9_openai_deepseek/6_Matmul_with_large_K_dimension_/code/kernel_20251228_110537.py",
  "tolerance": 1,
  "max_abs_err": 938.8359375,
  "mean_abs_err": 933.8277587890625,
  "ref_latency_ms": {
    "avg": 1.693670392036438,
    "min": 1.689471960067749,
    "max": 1.7018879652023315,
    "all": [
      1.7018879652023315,
      1.6957440376281738,
      1.6906239986419678,
      1.6906239986419678,
      1.689471960067749
    ]
  },
  "test_latency_ms": {
    "avg": 10.16606101989746,
    "min": 10.159104347229004,
    "max": 10.175456047058105,
    "all": [
      10.175456047058105,
      10.167296409606934,
      10.161151885986328,
      10.159104347229004,
      10.167296409606934
    ]
  },
  "num_runs": 5,
  "model_init_args": [],
  "model_init_kwargs": {},
  "seed": 100,
  "align_stats": {
    "copied_same_shape": 0,
    "unique_shape_copied": 0,
    "mapped_shape": 0,
    "skipped": 0,
    "pair_aligner": 0,
    "pair_key": "Model->ModelNew"
  },
  "runnable": true,
  "phase": "stage2_block_tiling",
  "pytorch_baseline_ms": 1.6719743967056275,
  "score": 0.16446629559208487
}