{
  "timestamp": "2025-12-12T14:54:21",
  "reference_file": "KernelBench/level1/2_Standard_matrix_multiplication_.py",
  "candidate_file": "/home/hyc/LLMKernel/run/20251212_144449_batch_range2to20_deepseek_deepseek/2_Standard_matrix_multiplication_/code/kernel_20251212_145407.py",
  "tolerance": 0.001,
  "max_abs_err": 1.6171875,
  "mean_abs_err": 1.5398669242858887,
  "ref_latency_ms": {
    "avg": 2.6219712257385255,
    "min": 2.619391918182373,
    "max": 2.6264960765838623,
    "all": [
      2.6211841106414795,
      2.6204159259796143,
      2.619391918182373,
      2.622368097305298,
      2.6264960765838623
    ]
  },
  "test_latency_ms": {
    "avg": 2.3383935928344726,
    "min": 2.297856092453003,
    "max": 2.382848024368286,
    "all": [
      2.382848024368286,
      2.371583938598633,
      2.329535961151123,
      2.297856092453003,
      2.3101439476013184
    ]
  },
  "num_runs": 5,
  "model_init_args": [],
  "model_init_kwargs": {},
  "seed": 100,
  "align_stats": {
    "copied_same_shape": 0,
    "unique_shape_copied": 0,
    "mapped_shape": 0,
    "skipped": 0,
    "pair_aligner": 0,
    "pair_key": "Model->ModelNew"
  },
  "runnable": true,
  "phase": "stage3_memory_access",
  "pytorch_baseline_ms": 2.4082687854766847,
  "score": 1.0298817071926345
}