{
  "timestamp": "2025-12-12T14:46:28",
  "reference_file": "KernelBench/level1/2_Standard_matrix_multiplication_.py",
  "candidate_file": "/home/hyc/LLMKernel/run/20251212_144449_batch_range2to20_deepseek_deepseek/2_Standard_matrix_multiplication_/code/kernel_20251212_144623.py",
  "tolerance": 0.001,
  "max_abs_err": 1.6171875,
  "mean_abs_err": 1.5398669242858887,
  "ref_latency_ms": {
    "avg": 2.4082687854766847,
    "min": 2.395103931427002,
    "max": 2.4186880588531494,
    "all": [
      2.410655975341797,
      2.395103931427002,
      2.4043519496917725,
      2.4186880588531494,
      2.412544012069702
    ]
  },
  "test_latency_ms": {
    "avg": 2.0213759899139405,
    "min": 2.017280101776123,
    "max": 2.0295679569244385,
    "all": [
      2.021375894546509,
      2.017280101776123,
      2.0183041095733643,
      2.0203518867492676,
      2.0295679569244385
    ]
  },
  "num_runs": 5,
  "model_init_args": [],
  "model_init_kwargs": {},
  "seed": 100,
  "align_stats": {
    "copied_same_shape": 0,
    "unique_shape_copied": 0,
    "mapped_shape": 0,
    "skipped": 0,
    "pair_aligner": 0,
    "pair_key": "Model->ModelNew"
  },
  "runnable": true,
  "phase": "seed",
  "score": 1.1914007079797242
}