{
  "timestamp": "2025-12-12T14:48:05",
  "reference_file": "KernelBench/level1/2_Standard_matrix_multiplication_.py",
  "candidate_file": "/home/hyc/LLMKernel/run/20251212_144449_batch_range2to20_deepseek_deepseek/2_Standard_matrix_multiplication_/code/kernel_20251212_144801.py",
  "tolerance": 0.001,
  "max_abs_err": 1.6171875,
  "mean_abs_err": 1.5398669242858887,
  "ref_latency_ms": {
    "avg": 2.4522304058074953,
    "min": 2.4442880153656006,
    "max": 2.460671901702881,
    "all": [
      2.4461119174957275,
      2.460671901702881,
      2.4524800777435303,
      2.4442880153656006,
      2.4576001167297363
    ]
  },
  "test_latency_ms": {
    "avg": 2.1702656745910645,
    "min": 2.164736032485962,
    "max": 2.1760001182556152,
    "all": [
      2.1729280948638916,
      2.1678080558776855,
      2.169856071472168,
      2.164736032485962,
      2.1760001182556152
    ]
  },
  "num_runs": 5,
  "model_init_args": [],
  "model_init_kwargs": {},
  "seed": 100,
  "align_stats": {
    "copied_same_shape": 0,
    "unique_shape_copied": 0,
    "mapped_shape": 0,
    "skipped": 0,
    "pair_aligner": 0,
    "pair_key": "Model->ModelNew"
  },
  "runnable": true,
  "phase": "stage1_grid_and_parallel",
  "pytorch_baseline_ms": 2.4082687854766847,
  "score": 1.1096654265291581
}