{
  "timestamp": "2025-12-12T14:51:05",
  "reference_file": "KernelBench/level1/2_Standard_matrix_multiplication_.py",
  "candidate_file": "/home/hyc/LLMKernel/run/20251212_144449_batch_range2to20_deepseek_deepseek/2_Standard_matrix_multiplication_/code/kernel_20251212_145059.py",
  "tolerance": 0.001,
  "max_abs_err": 1.6171875,
  "mean_abs_err": 1.5398669242858887,
  "ref_latency_ms": {
    "avg": 2.61528959274292,
    "min": 2.610304117202759,
    "max": 2.623487949371338,
    "all": [
      2.610304117202759,
      2.6111679077148438,
      2.6151680946350098,
      2.623487949371338,
      2.6163198947906494
    ]
  },
  "test_latency_ms": {
    "avg": 1.7868800163269043,
    "min": 1.780735969543457,
    "max": 1.7920000553131104,
    "all": [
      1.7909760475158691,
      1.785856008529663,
      1.7848320007324219,
      1.780735969543457,
      1.7920000553131104
    ]
  },
  "num_runs": 5,
  "model_init_args": [],
  "model_init_kwargs": {},
  "seed": 100,
  "align_stats": {
    "copied_same_shape": 0,
    "unique_shape_copied": 0,
    "mapped_shape": 0,
    "skipped": 0,
    "pair_aligner": 0,
    "pair_key": "Model->ModelNew"
  },
  "runnable": true,
  "phase": "stage2_block_tiling",
  "pytorch_baseline_ms": 2.4082687854766847,
  "score": 1.3477506958900922
}