{
  "timestamp": "2025-12-12T14:56:35",
  "reference_file": "KernelBench/level1/2_Standard_matrix_multiplication_.py",
  "candidate_file": "/home/hyc/LLMKernel/run/20251212_144449_batch_range2to20_deepseek_deepseek/2_Standard_matrix_multiplication_/code/kernel_20251212_145630.py",
  "tolerance": 0.001,
  "max_abs_err": 1.6171875,
  "mean_abs_err": 1.5398669242858887,
  "ref_latency_ms": {
    "avg": 2.6198399543762205,
    "min": 2.61628794670105,
    "max": 2.626784086227417,
    "all": [
      2.618367910385132,
      2.6163198947906494,
      2.61628794670105,
      2.626784086227417,
      2.6214399337768555
    ]
  },
  "test_latency_ms": {
    "avg": 1.7626879692077637,
    "min": 1.7582080364227295,
    "max": 1.7672959566116333,
    "all": [
      1.7672959566116333,
      1.763327956199646,
      1.7612799406051636,
      1.7582080364227295,
      1.763327956199646
    ]
  },
  "num_runs": 5,
  "model_init_args": [],
  "model_init_kwargs": {},
  "seed": 100,
  "align_stats": {
    "copied_same_shape": 0,
    "unique_shape_copied": 0,
    "mapped_shape": 0,
    "skipped": 0,
    "pair_aligner": 0,
    "pair_key": "Model->ModelNew"
  },
  "runnable": true,
  "phase": "stage4_advanced_memory",
  "pytorch_baseline_ms": 2.4082687854766847,
  "score": 1.3662479279069886
}