{
  "timestamp": "2025-12-28T17:31:03",
  "reference_file": "KernelBench/tt/74_ConvTranspose3d_LeakyReLU_Multiply_LeakyReLU_Max.py",
  "candidate_file": "/home/hyc/LLMKernel/run/20251228_161743_batch_range68to77_openai_deepseek/74_ConvTranspose3d_LeakyReLU_Multiply_LeakyReLU_Max/code/kernel_20251228_173057.py",
  "tolerance": 1,
  "max_abs_err": 0.00025069713592529297,
  "mean_abs_err": 1.4914507119101472e-05,
  "ref_latency_ms": {
    "avg": 4.494118309020996,
    "min": 4.486144065856934,
    "max": 4.5065598487854,
    "all": [
      4.5065598487854,
      4.495359897613525,
      4.486144065856934,
      4.493311882019043,
      4.489215850830078
    ]
  },
  "test_latency_ms": {
    "avg": 55.010284423828125,
    "min": 54.952030181884766,
    "max": 55.20364761352539,
    "all": [
      55.20364761352539,
      54.959102630615234,
      54.95296096801758,
      54.952030181884766,
      54.983680725097656
    ]
  },
  "num_runs": 5,
  "model_init_args": [
    16,
    32,
    3,
    2,
    1,
    1,
    [
      32,
      1,
      1,
      1
    ]
  ],
  "model_init_kwargs": {},
  "seed": 100,
  "align_stats": {
    "pair_aligner": 1,
    "copied_same_shape": 1,
    "mapped_shape": 0,
    "skipped": 0,
    "pair_key": "Model->ModelNew"
  },
  "runnable": true,
  "phase": "algorithm_optimized_seed0",
  "pytorch_baseline_ms": 4.494752025604248,
  "score": 0.08170748565803292
}