{
  "timestamp": "2025-12-14T22:09:40",
  "reference_file": "KernelBench/level2/74_ConvTranspose3d_LeakyReLU_Multiply_LeakyReLU_Max.py",
  "candidate_file": "/home/hyc/LLMKernel/run/20251214_114735_batch_range56to80_deepseek_deepseek/74_ConvTranspose3d_LeakyReLU_Multiply_LeakyReLU_Max/code/kernel_20251214_220936.py",
  "tolerance": 0.001,
  "max_abs_err": 0.0,
  "mean_abs_err": 0.0,
  "ref_latency_ms": {
    "avg": 4.370163249969482,
    "min": 4.36732816696167,
    "max": 4.378528118133545,
    "all": [
      4.378528118133545,
      4.369215965270996,
      4.3673601150512695,
      4.36732816696167,
      4.368383884429932
    ]
  },
  "test_latency_ms": {
    "avg": 3.5820672512054443,
    "min": 3.5757761001586914,
    "max": 3.5879039764404297,
    "all": [
      3.5879039764404297,
      3.585024118423462,
      3.5840001106262207,
      3.577631950378418,
      3.5757761001586914
    ]
  },
  "num_runs": 5,
  "model_init_args": [
    16,
    32,
    3,
    2,
    1,
    1,
    [
      32,
      1,
      1,
      1
    ]
  ],
  "model_init_kwargs": {},
  "seed": 100,
  "align_stats": {
    "pair_aligner": 1,
    "copied_same_shape": 1,
    "mapped_shape": 0,
    "skipped": 0,
    "pair_key": "Model->ModelNew"
  },
  "runnable": true,
  "phase": "seed_repair",
  "score": 1.2200115027150387
}