{
  "timestamp": "2025-12-28T17:32:43",
  "reference_file": "KernelBench/tt/74_ConvTranspose3d_LeakyReLU_Multiply_LeakyReLU_Max.py",
  "candidate_file": "/home/hyc/LLMKernel/run/20251228_161743_batch_range68to77_openai_deepseek/74_ConvTranspose3d_LeakyReLU_Multiply_LeakyReLU_Max/code/kernel_20251228_173238.py",
  "tolerance": 1,
  "max_abs_err": 32.166255950927734,
  "mean_abs_err": 5.3414483070373535,
  "ref_latency_ms": {
    "avg": 4.495155239105225,
    "min": 4.488192081451416,
    "max": 4.501503944396973,
    "all": [
      4.501503944396973,
      4.497407913208008,
      4.490240097045898,
      4.488192081451416,
      4.498432159423828
    ]
  },
  "test_latency_ms": {
    "avg": 1.8696191787719727,
    "min": 1.8636159896850586,
    "max": 1.8852479457855225,
    "all": [
      1.8718719482421875,
      1.8636800050735474,
      1.8636800050735474,
      1.8636159896850586,
      1.8852479457855225
    ]
  },
  "num_runs": 5,
  "model_init_args": [
    16,
    32,
    3,
    2,
    1,
    1,
    [
      32,
      1,
      1,
      1
    ]
  ],
  "model_init_kwargs": {},
  "seed": 100,
  "align_stats": {
    "pair_aligner": 1,
    "copied_same_shape": 1,
    "mapped_shape": 0,
    "skipped": 0,
    "pair_key": "Model->ModelNew"
  },
  "runnable": true,
  "phase": "algorithm_optimized_seed1",
  "pytorch_baseline_ms": 4.494752025604248,
  "score": 2.404100298412936
}