{
  "timestamp": "2025-12-28T17:28:00",
  "reference_file": "KernelBench/tt/74_ConvTranspose3d_LeakyReLU_Multiply_LeakyReLU_Max.py",
  "candidate_file": "/home/hyc/LLMKernel/run/20251228_161743_batch_range68to77_openai_deepseek/74_ConvTranspose3d_LeakyReLU_Multiply_LeakyReLU_Max/code/kernel_20251228_172756.py",
  "tolerance": 1,
  "max_abs_err": 32.166255950927734,
  "mean_abs_err": 5.3414483070373535,
  "ref_latency_ms": {
    "avg": 4.494752025604248,
    "min": 4.490208148956299,
    "max": 4.506624221801758,
    "all": [
      4.506624221801758,
      4.492191791534424,
      4.490208148956299,
      4.491424083709717,
      4.493311882019043
    ]
  },
  "test_latency_ms": {
    "avg": 6.301056003570556,
    "min": 6.297599792480469,
    "max": 6.302720069885254,
    "all": [
      6.301695823669434,
      6.302656173706055,
      6.300608158111572,
      6.297599792480469,
      6.302720069885254
    ]
  },
  "num_runs": 5,
  "model_init_args": [
    16,
    32,
    3,
    2,
    1,
    1,
    [
      32,
      1,
      1,
      1
    ]
  ],
  "model_init_kwargs": {},
  "seed": 100,
  "align_stats": {
    "pair_aligner": 1,
    "copied_same_shape": 1,
    "mapped_shape": 0,
    "skipped": 0,
    "pair_key": "Model->ModelNew"
  },
  "runnable": true,
  "phase": "seed_1",
  "score": 0.7133331338520482
}