{
  "timestamp": "2025-12-28T17:35:01",
  "reference_file": "KernelBench/tt/74_ConvTranspose3d_LeakyReLU_Multiply_LeakyReLU_Max.py",
  "candidate_file": "/home/hyc/LLMKernel/run/20251228_161743_batch_range68to77_openai_deepseek/74_ConvTranspose3d_LeakyReLU_Multiply_LeakyReLU_Max/code/kernel_20251228_173453.py",
  "tolerance": 1,
  "max_abs_err": 32.166255950927734,
  "mean_abs_err": 5.3414483070373535,
  "ref_latency_ms": {
    "avg": 4.497369575500488,
    "min": 4.486144065856934,
    "max": 4.50867223739624,
    "all": [
      4.50867223739624,
      4.503551959991455,
      4.492159843444824,
      4.486144065856934,
      4.496319770812988
    ]
  },
  "test_latency_ms": {
    "avg": 3.290112018585205,
    "min": 3.2860159873962402,
    "max": 3.29420804977417,
    "all": [
      3.29420804977417,
      3.2921600341796875,
      3.2870399951934814,
      3.2860159873962402,
      3.2911360263824463
    ]
  },
  "num_runs": 5,
  "model_init_args": [
    16,
    32,
    3,
    2,
    1,
    1,
    [
      32,
      1,
      1,
      1
    ]
  ],
  "model_init_kwargs": {},
  "seed": 100,
  "align_stats": {
    "pair_aligner": 1,
    "copied_same_shape": 1,
    "mapped_shape": 0,
    "skipped": 0,
    "pair_key": "Model->ModelNew"
  },
  "runnable": true,
  "phase": "stage2_block_tiling",
  "pytorch_baseline_ms": 4.494752025604248,
  "score": 1.3661395114252235
}