{
  "timestamp": "2025-12-28T17:25:56",
  "reference_file": "KernelBench/tt/74_ConvTranspose3d_LeakyReLU_Multiply_LeakyReLU_Max.py",
  "candidate_file": "/home/hyc/LLMKernel/run/20251228_161743_batch_range68to77_openai_deepseek/74_ConvTranspose3d_LeakyReLU_Multiply_LeakyReLU_Max/code/kernel_20251228_172553.py",
  "tolerance": 1,
  "max_abs_err": 0.0,
  "mean_abs_err": 0.0,
  "ref_latency_ms": {
    "avg": 4.496793651580811,
    "min": 4.484096050262451,
    "max": 4.5055999755859375,
    "all": [
      4.5055999755859375,
      4.5004801750183105,
      4.493311882019043,
      4.5004801750183105,
      4.484096050262451
    ]
  },
  "test_latency_ms": {
    "avg": 2.5886143684387206,
    "min": 2.5815041065216064,
    "max": 2.596575975418091,
    "all": [
      2.596575975418091,
      2.589695930480957,
      2.5876479148864746,
      2.5815041065216064,
      2.5876479148864746
    ]
  },
  "num_runs": 5,
  "model_init_args": [
    16,
    32,
    3,
    2,
    1,
    1,
    [
      32,
      1,
      1,
      1
    ]
  ],
  "model_init_kwargs": {},
  "seed": 100,
  "align_stats": {
    "pair_aligner": 1,
    "copied_same_shape": 1,
    "mapped_shape": 0,
    "skipped": 0,
    "pair_key": "Model->ModelNew"
  },
  "runnable": true,
  "phase": "seed_0_repair_1",
  "score": 1.737143124293549
}