{
  "timestamp": "2025-12-28T17:33:52",
  "reference_file": "KernelBench/tt/74_ConvTranspose3d_LeakyReLU_Multiply_LeakyReLU_Max.py",
  "candidate_file": "/home/hyc/LLMKernel/run/20251228_161743_batch_range68to77_openai_deepseek/74_ConvTranspose3d_LeakyReLU_Multiply_LeakyReLU_Max/code/kernel_20251228_173347.py",
  "tolerance": 1,
  "max_abs_err": 32.166255950927734,
  "mean_abs_err": 5.3414483070373535,
  "ref_latency_ms": {
    "avg": 4.499686336517334,
    "min": 4.486271858215332,
    "max": 4.512767791748047,
    "all": [
      4.512767791748047,
      4.503551959991455,
      4.493311882019043,
      4.486271858215332,
      4.502528190612793
    ]
  },
  "test_latency_ms": {
    "avg": 6.036070442199707,
    "min": 6.024191856384277,
    "max": 6.050816059112549,
    "all": [
      6.050816059112549,
      6.033408164978027,
      6.025216102600098,
      6.024191856384277,
      6.046720027923584
    ]
  },
  "num_runs": 5,
  "model_init_args": [
    16,
    32,
    3,
    2,
    1,
    1,
    [
      32,
      1,
      1,
      1
    ]
  ],
  "model_init_kwargs": {},
  "seed": 100,
  "align_stats": {
    "pair_aligner": 1,
    "copied_same_shape": 1,
    "mapped_shape": 0,
    "skipped": 0,
    "pair_key": "Model->ModelNew"
  },
  "runnable": true,
  "phase": "stage1_grid_and_parallel",
  "pytorch_baseline_ms": 4.494752025604248,
  "score": 0.744648702934328
}