{
  "timestamp": "2025-12-13T11:09:55",
  "reference_file": "KernelBench/level1_low_score/83_conv_depthwise_2D_square_input_asymmetric_kernel.py",
  "candidate_file": "/home/hyc/LLMKernel/run/20251213_091928_batch_range68to99_openai_deepseek/83_conv_depthwise_2D_square_input_asymmetric_kernel/code/kernel_20251213_110951.py",
  "tolerance": 0.001,
  "max_abs_err": 0.0,
  "mean_abs_err": 0.0,
  "ref_latency_ms": {
    "avg": 2.2844160079956053,
    "min": 2.279263973236084,
    "max": 2.295680046081543,
    "all": [
      2.295680046081543,
      2.2824959754943848,
      2.2814719676971436,
      2.279263973236084,
      2.283168077468872
    ]
  },
  "test_latency_ms": {
    "avg": 1.7511039972305298,
    "min": 1.7469760179519653,
    "max": 1.7551360130310059,
    "all": [
      1.7541120052337646,
      1.7492799758911133,
      1.7500159740447998,
      1.7469760179519653,
      1.7551360130310059
    ]
  },
  "num_runs": 5,
  "model_init_args": [
    8,
    3,
    1,
    0,
    1
  ],
  "model_init_kwargs": {},
  "seed": 100,
  "align_stats": {
    "pair_aligner": 1,
    "copied_same_shape": 1,
    "mapped_shape": 0,
    "skipped": 0,
    "pair_key": "Model->ModelNew"
  },
  "runnable": true,
  "phase": "seed_repair",
  "score": 1.3045575885889922
}