{
  "timestamp": "2025-12-13T11:12:19",
  "reference_file": "KernelBench/level1_low_score/83_conv_depthwise_2D_square_input_asymmetric_kernel.py",
  "candidate_file": "/home/hyc/LLMKernel/run/20251213_091928_batch_range68to99_openai_deepseek/83_conv_depthwise_2D_square_input_asymmetric_kernel/code/kernel_20251213_111214.py",
  "tolerance": 0.001,
  "max_abs_err": 0.0,
  "mean_abs_err": 0.0,
  "ref_latency_ms": {
    "avg": 2.158796787261963,
    "min": 2.1534719467163086,
    "max": 2.169919967651367,
    "all": [
      2.169919967651367,
      2.1575679779052734,
      2.1534719467163086,
      2.1544320583343506,
      2.1585919857025146
    ]
  },
  "test_latency_ms": {
    "avg": 1.740556812286377,
    "min": 1.738752007484436,
    "max": 1.743872046470642,
    "all": [
      1.7418240308761597,
      1.738752007484436,
      1.738752007484436,
      1.739583969116211,
      1.743872046470642
    ]
  },
  "num_runs": 5,
  "model_init_args": [
    8,
    3,
    1,
    0,
    1
  ],
  "model_init_kwargs": {},
  "seed": 100,
  "align_stats": {
    "pair_aligner": 1,
    "copied_same_shape": 1,
    "mapped_shape": 0,
    "skipped": 0,
    "pair_key": "Model->ModelNew"
  },
  "runnable": true,
  "phase": "stage3_memory_access",
  "pytorch_baseline_ms": 2.2844160079956053,
  "score": 1.3124627658633106
}