{
  "timestamp": "2025-12-13T11:13:26",
  "reference_file": "KernelBench/level1_low_score/83_conv_depthwise_2D_square_input_asymmetric_kernel.py",
  "candidate_file": "/home/hyc/LLMKernel/run/20251213_091928_batch_range68to99_openai_deepseek/83_conv_depthwise_2D_square_input_asymmetric_kernel/code/kernel_20251213_111320.py",
  "tolerance": 0.001,
  "max_abs_err": 0.0,
  "mean_abs_err": 0.0,
  "ref_latency_ms": {
    "avg": 2.160147190093994,
    "min": 2.1564478874206543,
    "max": 2.170880079269409,
    "all": [
      2.170880079269409,
      2.1575679779052734,
      2.157248020172119,
      2.1564478874206543,
      2.1585919857025146
    ]
  },
  "test_latency_ms": {
    "avg": 1.738649606704712,
    "min": 1.7356799840927124,
    "max": 1.7418240308761597,
    "all": [
      1.7418240308761597,
      1.7367039918899536,
      1.7385280132293701,
      1.7356799840927124,
      1.7405120134353638
    ]
  },
  "num_runs": 5,
  "model_init_args": [
    8,
    3,
    1,
    0,
    1
  ],
  "model_init_kwargs": {},
  "seed": 100,
  "align_stats": {
    "pair_aligner": 1,
    "copied_same_shape": 1,
    "mapped_shape": 0,
    "skipped": 0,
    "pair_key": "Model->ModelNew"
  },
  "runnable": true,
  "phase": "stage4_advanced_memory",
  "pytorch_baseline_ms": 2.2844160079956053,
  "score": 1.3139024672862594
}