{
  "timestamp": "2025-12-12T07:17:10",
  "reference_file": "KernelBench/level1/10_3D_tensor_matrix_multiplication.py",
  "candidate_file": "/home/hyc/LLMKernel/run/20251212_061917_batch_first10_deepseek_deepseek/10_3D_tensor_matrix_multiplication/code/kernel_20251212_071705.py",
  "tolerance": 0.001,
  "max_abs_err": 0.369873046875,
  "mean_abs_err": 0.3436991572380066,
  "ref_latency_ms": {
    "avg": 1.0597952127456665,
    "min": 1.0475519895553589,
    "max": 1.0711040496826172,
    "all": [
      1.0711040496826172,
      1.0475519895553589,
      1.059615969657898,
      1.0659840106964111,
      1.0547200441360474
    ]
  },
  "test_latency_ms": {
    "avg": 0.4630016028881073,
    "min": 0.4577920138835907,
    "max": 0.4710400104522705,
    "all": [
      0.4679679870605469,
      0.45977601408958435,
      0.45843198895454407,
      0.4577920138835907,
      0.4710400104522705
    ]
  },
  "num_runs": 5,
  "model_init_args": [],
  "model_init_kwargs": {},
  "seed": 100,
  "align_stats": {
    "copied_same_shape": 0,
    "unique_shape_copied": 0,
    "mapped_shape": 0,
    "skipped": 0,
    "pair_aligner": 0,
    "pair_key": "Model->ModelNew"
  },
  "runnable": true,
  "phase": "stage4_advanced_memory",
  "pytorch_baseline_ms": 1.0117120027542115,
  "score": 2.185115551314214
}