{
  "timestamp": "2025-12-12T07:01:51",
  "reference_file": "KernelBench/level1/10_3D_tensor_matrix_multiplication.py",
  "candidate_file": "/home/hyc/LLMKernel/run/20251212_061917_batch_first10_deepseek_deepseek/10_3D_tensor_matrix_multiplication/code/kernel_20251212_070147.py",
  "tolerance": 0.001,
  "max_abs_err": 0.369873046875,
  "mean_abs_err": 0.3436991572380066,
  "ref_latency_ms": {
    "avg": 1.0117120027542115,
    "min": 1.0035200119018555,
    "max": 1.018880009651184,
    "all": [
      1.006592035293579,
      1.013759970664978,
      1.018880009651184,
      1.0158079862594604,
      1.0035200119018555
    ]
  },
  "test_latency_ms": {
    "avg": 0.6744639873504639,
    "min": 0.6696959733963013,
    "max": 0.6850879788398743,
    "all": [
      0.6696959733963013,
      0.6727679967880249,
      0.6730239987373352,
      0.6850879788398743,
      0.6717439889907837
    ]
  },
  "num_runs": 5,
  "model_init_args": [],
  "model_init_kwargs": {},
  "seed": 100,
  "align_stats": {
    "copied_same_shape": 0,
    "unique_shape_copied": 0,
    "mapped_shape": 0,
    "skipped": 0,
    "pair_aligner": 0,
    "pair_key": "Model->ModelNew"
  },
  "runnable": true,
  "phase": "seed_repair",
  "score": 1.5000237547575797
}