{
  "timestamp": "2025-12-12T07:04:49",
  "reference_file": "KernelBench/level1/10_3D_tensor_matrix_multiplication.py",
  "candidate_file": "/home/hyc/LLMKernel/run/20251212_061917_batch_first10_deepseek_deepseek/10_3D_tensor_matrix_multiplication/code/kernel_20251212_070445.py",
  "tolerance": 0.001,
  "max_abs_err": 0.369873046875,
  "mean_abs_err": 0.3436991572380066,
  "ref_latency_ms": {
    "avg": 1.0616448163986205,
    "min": 1.0547200441360474,
    "max": 1.07315194606781,
    "all": [
      1.0646400451660156,
      1.0557440519332886,
      1.0547200441360474,
      1.07315194606781,
      1.0599679946899414
    ]
  },
  "test_latency_ms": {
    "avg": 0.47572479248046873,
    "min": 0.4700160026550293,
    "max": 0.48211199045181274,
    "all": [
      0.48211199045181274,
      0.47417598962783813,
      0.47206398844718933,
      0.4700160026550293,
      0.48025599122047424
    ]
  },
  "num_runs": 5,
  "model_init_args": [],
  "model_init_kwargs": {},
  "seed": 100,
  "align_stats": {
    "copied_same_shape": 0,
    "unique_shape_copied": 0,
    "mapped_shape": 0,
    "skipped": 0,
    "pair_aligner": 0,
    "pair_key": "Model->ModelNew"
  },
  "runnable": true,
  "phase": "stage1_grid_and_parallel",
  "pytorch_baseline_ms": 1.0117120027542115,
  "score": 2.126674957340484
}