{
  "timestamp": "2025-12-12T07:07:41",
  "reference_file": "KernelBench/level1/10_3D_tensor_matrix_multiplication.py",
  "candidate_file": "/home/hyc/LLMKernel/run/20251212_061917_batch_first10_deepseek_deepseek/10_3D_tensor_matrix_multiplication/code/kernel_20251212_070735.py",
  "tolerance": 0.001,
  "max_abs_err": 0.369873046875,
  "mean_abs_err": 0.3436991572380066,
  "ref_latency_ms": {
    "avg": 1.0607872009277344,
    "min": 1.0547200441360474,
    "max": 1.0688639879226685,
    "all": [
      1.0588159561157227,
      1.0547200441360474,
      1.0617280006408691,
      1.0688639879226685,
      1.0598080158233643
    ]
  },
  "test_latency_ms": {
    "avg": 3.556294345855713,
    "min": 3.5542080402374268,
    "max": 3.558367967605591,
    "all": [
      3.556351900100708,
      3.555327892303467,
      3.5542080402374268,
      3.557215929031372,
      3.558367967605591
    ]
  },
  "num_runs": 5,
  "model_init_args": [],
  "model_init_kwargs": {},
  "seed": 100,
  "align_stats": {
    "copied_same_shape": 0,
    "unique_shape_copied": 0,
    "mapped_shape": 0,
    "skipped": 0,
    "pair_aligner": 0,
    "pair_key": "Model->ModelNew"
  },
  "runnable": true,
  "phase": "stage2_block_tiling",
  "pytorch_baseline_ms": 1.0117120027542115,
  "score": 0.28448488914681613
}