{
  "timestamp": "2025-12-12T07:14:08",
  "reference_file": "KernelBench/level1/10_3D_tensor_matrix_multiplication.py",
  "candidate_file": "/home/hyc/LLMKernel/run/20251212_061917_batch_first10_deepseek_deepseek/10_3D_tensor_matrix_multiplication/code/kernel_20251212_071400.py",
  "tolerance": 0.001,
  "max_abs_err": 0.369873046875,
  "mean_abs_err": 0.3436991572380066,
  "ref_latency_ms": {
    "avg": 1.0505728006362915,
    "min": 1.0462720394134521,
    "max": 1.0577919483184814,
    "all": [
      1.0506240129470825,
      1.0577919483184814,
      1.0496000051498413,
      1.0485759973526,
      1.0462720394134521
    ]
  },
  "test_latency_ms": {
    "avg": 1.0317055940628053,
    "min": 1.0278400182724,
    "max": 1.0353599786758423,
    "all": [
      1.0332159996032715,
      1.0301439762115479,
      1.0319679975509644,
      1.0278400182724,
      1.0353599786758423
    ]
  },
  "num_runs": 5,
  "model_init_args": [],
  "model_init_kwargs": {},
  "seed": 100,
  "align_stats": {
    "copied_same_shape": 0,
    "unique_shape_copied": 0,
    "mapped_shape": 0,
    "skipped": 0,
    "pair_aligner": 0,
    "pair_key": "Model->ModelNew"
  },
  "runnable": true,
  "phase": "stage3_repair",
  "pytorch_baseline_ms": 1.0117120027542115,
  "score": 0.9806208365800752
}