{
  "timestamp": "2025-12-13T13:25:14",
  "reference_file": "KernelBench/level2/47_Conv3d_Mish_Tanh.py",
  "candidate_file": "/home/hyc/LLMKernel/run/20251213_080631_batch_range40to70_deepseek_deepseek/47_Conv3d_Mish_Tanh/code/kernel_20251213_132508.py",
  "tolerance": 0.001,
  "max_abs_err": 1.7881393432617188e-07,
  "mean_abs_err": 2.7814444081286638e-08,
  "ref_latency_ms": {
    "avg": 6.360467147827149,
    "min": 6.3433918952941895,
    "max": 6.377471923828125,
    "all": [
      6.377471923828125,
      6.362368106842041,
      6.3433918952941895,
      6.361087799072266,
      6.358016014099121
    ]
  },
  "test_latency_ms": {
    "avg": 5.827135944366455,
    "min": 5.810175895690918,
    "max": 5.837823867797852,
    "all": [
      5.829631805419922,
      5.826560020446777,
      5.810175895690918,
      5.837823867797852,
      5.831488132476807
    ]
  },
  "num_runs": 5,
  "model_init_args": [
    32,
    64,
    3
  ],
  "model_init_kwargs": {},
  "seed": 100,
  "align_stats": {
    "pair_aligner": 1,
    "copied_same_shape": 1,
    "mapped_shape": 0,
    "skipped": 0,
    "pair_key": "Model->ModelNew"
  },
  "runnable": true,
  "phase": "stage4_repair",
  "pytorch_baseline_ms": 6.607385635375977,
  "score": 1.1338993458293776
}