{
  "timestamp": "2025-12-13T12:47:27",
  "reference_file": "KernelBench/level2/47_Conv3d_Mish_Tanh.py",
  "candidate_file": "/home/hyc/LLMKernel/run/20251213_080631_batch_range40to70_deepseek_deepseek/47_Conv3d_Mish_Tanh/code/kernel_20251213_124722.py",
  "tolerance": 0.001,
  "max_abs_err": 2.086162567138672e-07,
  "mean_abs_err": 2.434936341444427e-08,
  "ref_latency_ms": {
    "avg": 6.5782207489013675,
    "min": 6.569888114929199,
    "max": 6.589759826660156,
    "all": [
      6.589759826660156,
      6.577151775360107,
      6.569888114929199,
      6.57919979095459,
      6.575104236602783
    ]
  },
  "test_latency_ms": {
    "avg": 6.039296054840088,
    "min": 6.0377278327941895,
    "max": 6.040319919586182,
    "all": [
      6.039616107940674,
      6.0377278327941895,
      6.03926420211792,
      6.039552211761475,
      6.040319919586182
    ]
  },
  "num_runs": 5,
  "model_init_args": [
    32,
    64,
    3
  ],
  "model_init_kwargs": {},
  "seed": 100,
  "align_stats": {
    "pair_aligner": 1,
    "copied_same_shape": 1,
    "mapped_shape": 0,
    "skipped": 0,
    "pair_key": "Model->ModelNew"
  },
  "runnable": true,
  "phase": "stage3_repair",
  "pytorch_baseline_ms": 6.607385635375977,
  "score": 1.0940655293890755
}