{
  "timestamp": "2025-12-13T11:12:41",
  "reference_file": "KernelBench/level2/47_Conv3d_Mish_Tanh.py",
  "candidate_file": "/home/hyc/LLMKernel/run/20251213_080631_batch_range40to70_deepseek_deepseek/47_Conv3d_Mish_Tanh/code/kernel_20251213_111237.py",
  "tolerance": 0.001,
  "max_abs_err": 1.7881393432617188e-07,
  "mean_abs_err": 2.7814444081286638e-08,
  "ref_latency_ms": {
    "avg": 6.607385635375977,
    "min": 6.585184097290039,
    "max": 6.633471965789795,
    "all": [
      6.604576110839844,
      6.592512130737305,
      6.585184097290039,
      6.633471965789795,
      6.6211838722229
    ]
  },
  "test_latency_ms": {
    "avg": 5.974758434295654,
    "min": 5.810143947601318,
    "max": 6.066976070404053,
    "all": [
      6.066976070404053,
      6.0590081214904785,
      6.060927867889404,
      5.876736164093018,
      5.810143947601318
    ]
  },
  "num_runs": 5,
  "model_init_args": [
    32,
    64,
    3
  ],
  "model_init_kwargs": {},
  "seed": 100,
  "align_stats": {
    "pair_aligner": 1,
    "copied_same_shape": 1,
    "mapped_shape": 0,
    "skipped": 0,
    "pair_key": "Model->ModelNew"
  },
  "runnable": true,
  "phase": "seed_repair",
  "score": 1.1058833102689114
}