{
  "timestamp": "2025-12-15T04:58:37",
  "reference_file": "KernelBench/level2/86_Matmul_Divide_GELU.py",
  "candidate_file": "/home/hyc/LLMKernel/run/20251215_024837_batch_range56to88_openai_deepseek/86_Matmul_Divide_GELU/code/kernel_20251215_045830.py",
  "tolerance": 0.001,
  "max_abs_err": 0.001194000244140625,
  "mean_abs_err": 1.0334061698813457e-05,
  "ref_latency_ms": {
    "avg": 3.213433599472046,
    "min": 3.203903913497925,
    "max": 3.2337920665740967,
    "all": [
      3.2337920665740967,
      3.2133119106292725,
      3.203903913497925,
      3.206144094467163,
      3.2100160121917725
    ]
  },
  "test_latency_ms": {
    "avg": 1.7636736154556274,
    "min": 1.7570559978485107,
    "max": 1.7704960107803345,
    "all": [
      1.7704960107803345,
      1.7631360292434692,
      1.7570559978485107,
      1.760256052017212,
      1.7674239873886108
    ]
  },
  "num_runs": 5,
  "model_init_args": [
    8192,
    8192,
    10.0
  ],
  "model_init_kwargs": {},
  "seed": 100,
  "align_stats": {
    "copied_same_shape": 0,
    "unique_shape_copied": 2,
    "mapped_shape": 0,
    "skipped": 0,
    "pair_aligner": 0,
    "pair_key": "Model->ModelNew"
  },
  "runnable": true,
  "phase": "stage1_grid_and_parallel",
  "pytorch_baseline_ms": 3.103929615020752,
  "score": 1.759922917607906
}