{
  "timestamp": "2025-12-15T04:59:25",
  "reference_file": "KernelBench/level2/86_Matmul_Divide_GELU.py",
  "candidate_file": "/home/hyc/LLMKernel/run/20251215_024837_batch_range56to88_openai_deepseek/86_Matmul_Divide_GELU/code/kernel_20251215_045919.py",
  "tolerance": 0.001,
  "max_abs_err": 0.001194000244140625,
  "mean_abs_err": 1.0334061698813457e-05,
  "ref_latency_ms": {
    "avg": 3.2120383262634276,
    "min": 3.203007936477661,
    "max": 3.2225279808044434,
    "all": [
      3.2225279808044434,
      3.2133119106292725,
      3.2100799083709717,
      3.21126389503479,
      3.203007936477661
    ]
  },
  "test_latency_ms": {
    "avg": 1.9982208013534546,
    "min": 1.9916800260543823,
    "max": 2.0060160160064697,
    "all": [
      2.0060160160064697,
      1.9937599897384644,
      1.9977279901504517,
      1.9916800260543823,
      2.001919984817505
    ]
  },
  "num_runs": 5,
  "model_init_args": [
    8192,
    8192,
    10.0
  ],
  "model_init_kwargs": {},
  "seed": 100,
  "align_stats": {
    "copied_same_shape": 0,
    "unique_shape_copied": 2,
    "mapped_shape": 0,
    "skipped": 0,
    "pair_aligner": 0,
    "pair_key": "Model->ModelNew"
  },
  "runnable": true,
  "phase": "stage2_block_tiling",
  "pytorch_baseline_ms": 3.103929615020752,
  "score": 1.553346663651168
}