{
  "timestamp": "2025-12-15T05:01:06",
  "reference_file": "KernelBench/level2/86_Matmul_Divide_GELU.py",
  "candidate_file": "/home/hyc/LLMKernel/run/20251215_024837_batch_range56to88_openai_deepseek/86_Matmul_Divide_GELU/code/kernel_20251215_050057.py",
  "tolerance": 0.001,
  "max_abs_err": 0.001194000244140625,
  "mean_abs_err": 1.0334061698813457e-05,
  "ref_latency_ms": {
    "avg": 3.2114240646362306,
    "min": 3.205120086669922,
    "max": 3.225600004196167,
    "all": [
      3.225600004196167,
      3.2100160121917725,
      3.2092161178588867,
      3.205120086669922,
      3.2071681022644043
    ]
  },
  "test_latency_ms": {
    "avg": 1.807366394996643,
    "min": 1.7940479516983032,
    "max": 1.8206720352172852,
    "all": [
      1.807487964630127,
      1.807263970375061,
      1.807360053062439,
      1.7940479516983032,
      1.8206720352172852
    ]
  },
  "num_runs": 5,
  "model_init_args": [
    8192,
    8192,
    10.0
  ],
  "model_init_kwargs": {},
  "seed": 100,
  "align_stats": {
    "copied_same_shape": 0,
    "unique_shape_copied": 2,
    "mapped_shape": 0,
    "skipped": 0,
    "pair_aligner": 0,
    "pair_key": "Model->ModelNew"
  },
  "runnable": true,
  "phase": "stage3_memory_access",
  "pytorch_baseline_ms": 3.103929615020752,
  "score": 1.7173770761774716
}