{
  "timestamp": "2025-12-15T05:03:52",
  "reference_file": "KernelBench/level2/86_Matmul_Divide_GELU.py",
  "candidate_file": "/home/hyc/LLMKernel/run/20251215_024837_batch_range56to88_openai_deepseek/86_Matmul_Divide_GELU/code/kernel_20251215_050346.py",
  "tolerance": 0.001,
  "max_abs_err": 0.001194000244140625,
  "mean_abs_err": 1.0334061698813457e-05,
  "ref_latency_ms": {
    "avg": 3.2130176067352294,
    "min": 3.201024055480957,
    "max": 3.2273600101470947,
    "all": [
      3.2273600101470947,
      3.2133119106292725,
      3.201024055480957,
      3.2141759395599365,
      3.2092161178588867
    ]
  },
  "test_latency_ms": {
    "avg": 1.9255295991897583,
    "min": 1.9199999570846558,
    "max": 1.9333120584487915,
    "all": [
      1.9333120584487915,
      1.9251199960708618,
      1.9251199960708618,
      1.9199999570846558,
      1.9240959882736206
    ]
  },
  "num_runs": 5,
  "model_init_args": [
    8192,
    8192,
    10.0
  ],
  "model_init_kwargs": {},
  "seed": 100,
  "align_stats": {
    "copied_same_shape": 0,
    "unique_shape_copied": 2,
    "mapped_shape": 0,
    "skipped": 0,
    "pair_aligner": 0,
    "pair_key": "Model->ModelNew"
  },
  "runnable": true,
  "phase": "stage4_advanced_memory",
  "pytorch_baseline_ms": 3.103929615020752,
  "score": 1.61198748454807
}