{
  "timestamp": "2025-12-15T04:57:32",
  "reference_file": "KernelBench/level2/86_Matmul_Divide_GELU.py",
  "candidate_file": "/home/hyc/LLMKernel/run/20251215_024837_batch_range56to88_openai_deepseek/86_Matmul_Divide_GELU/code/kernel_20251215_045727.py",
  "tolerance": 0.001,
  "max_abs_err": 0.001194000244140625,
  "mean_abs_err": 1.0334061698813457e-05,
  "ref_latency_ms": {
    "avg": 3.103929615020752,
    "min": 3.094304084777832,
    "max": 3.1160318851470947,
    "all": [
      3.1160318851470947,
      3.094304084777832,
      3.1016321182250977,
      3.1008639335632324,
      3.106816053390503
    ]
  },
  "test_latency_ms": {
    "avg": 2.0327936172485352,
    "min": 2.0252480506896973,
    "max": 2.041856050491333,
    "all": [
      2.036736011505127,
      2.029536008834839,
      2.0252480506896973,
      2.0305919647216797,
      2.041856050491333
    ]
  },
  "num_runs": 5,
  "model_init_args": [
    8192,
    8192,
    10.0
  ],
  "model_init_kwargs": {},
  "seed": 100,
  "align_stats": {
    "copied_same_shape": 0,
    "unique_shape_copied": 2,
    "mapped_shape": 0,
    "skipped": 0,
    "pair_aligner": 0,
    "pair_key": "Model->ModelNew"
  },
  "runnable": true,
  "phase": "seed_repair",
  "score": 1.526928060322248
}