{
  "timestamp": "2025-12-23T06:00:11",
  "reference_file": "KernelBench/level3/41_GRUBidirectional.py",
  "candidate_file": "/home/hyc/LLMKernel/run/20251223_055828_41_GRUBidirectional_openai_deepseek/41_GRUBidirectional/code/kernel_20251223_060002.py",
  "tolerance": 1,
  "max_abs_err": 0.8613779544830322,
  "mean_abs_err": 0.1522490680217743,
  "ref_latency_ms": {
    "avg": 52.19599227905273,
    "min": 51.93852615356445,
    "max": 52.36735916137695,
    "all": [
      52.36735916137695,
      52.04275131225586,
      52.35609436035156,
      52.275230407714844,
      51.93852615356445
    ]
  },
  "test_latency_ms": {
    "avg": 542.1370971679687,
    "min": 540.9362182617188,
    "max": 543.9681396484375,
    "all": [
      541.4096069335938,
      542.60302734375,
      541.7684936523438,
      543.9681396484375,
      540.9362182617188
    ]
  },
  "num_runs": 5,
  "model_init_args": [
    128,
    256,
    6
  ],
  "model_init_kwargs": {},
  "seed": 100,
  "align_stats": {
    "copied_same_shape": 0,
    "unique_shape_copied": 0,
    "mapped_shape": 0,
    "skipped": 48,
    "pair_aligner": 0,
    "pair_key": "Model->ModelNew"
  },
  "runnable": true,
  "phase": "seed_0",
  "score": 0.09627821551359546
}