{
  "timestamp": "2025-12-24T12:11:25",
  "reference_file": "KernelBench/selected_kernels/6_int8_dequant_ref.py",
  "candidate_file": "/home/hyc/LLMKernel/run/20251224_120545_6_int8_dequant_ref_openai_deepseek/6_int8_dequant_ref/code/kernel_20251224_121120.py",
  "tolerance": 1,
  "max_abs_err": 7.62939453125e-06,
  "mean_abs_err": 1.0618350643198937e-10,
  "ref_latency_ms": {
    "avg": 0.22200960218906401,
    "min": 0.21401600539684296,
    "max": 0.24063999950885773,
    "all": [
      0.24063999950885773,
      0.22323200106620789,
      0.21401600539684296,
      0.2181120067834854,
      0.21404799818992615
    ]
  },
  "test_latency_ms": {
    "avg": 0.158924800157547,
    "min": 0.15052799880504608,
    "max": 0.17203199863433838,
    "all": [
      0.17203199863433838,
      0.15667200088500977,
      0.15462400019168854,
      0.15052799880504608,
      0.16076800227165222
    ]
  },
  "num_runs": 5,
  "model_init_args": [
    2048,
    2048
  ],
  "model_init_kwargs": {},
  "seed": 100,
  "align_stats": {
    "copied_same_shape": 3,
    "unique_shape_copied": 0,
    "mapped_shape": 0,
    "skipped": 0,
    "pair_aligner": 0,
    "pair_key": "Model->ModelNew"
  },
  "runnable": true,
  "phase": "stage3_memory_and_tuning",
  "score": 1.3969474995027782
}