{
  "timestamp": "2025-12-24T12:07:27",
  "reference_file": "KernelBench/selected_kernels/6_int8_dequant_ref.py",
  "candidate_file": "/home/hyc/LLMKernel/run/20251224_120545_6_int8_dequant_ref_openai_deepseek/6_int8_dequant_ref/code/kernel_20251224_120723.py",
  "tolerance": 1,
  "max_abs_err": 1.9073486328125e-06,
  "mean_abs_err": 9.549694368615746e-12,
  "ref_latency_ms": {
    "avg": 0.2479935973882675,
    "min": 0.22118400037288666,
    "max": 0.3164159953594208,
    "all": [
      0.3164159953594208,
      0.24473600089550018,
      0.22118400037288666,
      0.22723199427127838,
      0.2303999960422516
    ]
  },
  "test_latency_ms": {
    "avg": 0.14356479942798614,
    "min": 0.13312000036239624,
    "max": 0.16281600296497345,
    "all": [
      0.14950400590896606,
      0.1382399946451187,
      0.13312000036239624,
      0.13414399325847626,
      0.16281600296497345
    ]
  },
  "num_runs": 5,
  "model_init_args": [
    2048,
    2048
  ],
  "model_init_kwargs": {},
  "seed": 100,
  "align_stats": {
    "copied_same_shape": 3,
    "unique_shape_copied": 0,
    "mapped_shape": 0,
    "skipped": 0,
    "pair_aligner": 0,
    "pair_key": "Model->ModelNew"
  },
  "runnable": true,
  "phase": "seed_0_repair_1",
  "score": 1.7273983481770134
}