{
  "timestamp": "2025-12-24T12:08:21",
  "reference_file": "KernelBench/selected_kernels/6_int8_dequant_ref.py",
  "candidate_file": "/home/hyc/LLMKernel/run/20251224_120545_6_int8_dequant_ref_openai_deepseek/6_int8_dequant_ref/code/kernel_20251224_120817.py",
  "tolerance": 1,
  "max_abs_err": 1.9073486328125e-06,
  "mean_abs_err": 9.549694368615746e-12,
  "ref_latency_ms": {
    "avg": 0.13087360113859176,
    "min": 0.12403199821710587,
    "max": 0.14336000382900238,
    "all": [
      0.14336000382900238,
      0.13199999928474426,
      0.12403199821710587,
      0.12697599828243256,
      0.12800000607967377
    ]
  },
  "test_latency_ms": {
    "avg": 0.10113279819488526,
    "min": 0.09907200187444687,
    "max": 0.10332799702882767,
    "all": [
      0.10239999741315842,
      0.10051199793815613,
      0.10035199671983719,
      0.09907200187444687,
      0.10332799702882767
    ]
  },
  "num_runs": 5,
  "model_init_args": [
    2048,
    2048
  ],
  "model_init_kwargs": {},
  "seed": 100,
  "align_stats": {
    "copied_same_shape": 3,
    "unique_shape_copied": 0,
    "mapped_shape": 0,
    "skipped": 0,
    "pair_aligner": 0,
    "pair_key": "Model->ModelNew"
  },
  "runnable": true,
  "phase": "algorithm_optimized_seed0",
  "score": 1.2940767335083054
}