{
  "timestamp": "2025-12-24T12:09:38",
  "reference_file": "KernelBench/selected_kernels/6_int8_dequant_ref.py",
  "candidate_file": "/home/hyc/LLMKernel/run/20251224_120545_6_int8_dequant_ref_openai_deepseek/6_int8_dequant_ref/code/kernel_20251224_120933.py",
  "tolerance": 1,
  "max_abs_err": 1.9073486328125e-06,
  "mean_abs_err": 9.549694368615746e-12,
  "ref_latency_ms": {
    "avg": 0.19319040179252625,
    "min": 0.1855040043592453,
    "max": 0.2088959962129593,
    "all": [
      0.2088959962129593,
      0.18956799805164337,
      0.1855040043592453,
      0.1945600062608719,
      0.18742400407791138
    ]
  },
  "test_latency_ms": {
    "avg": 0.12224640101194381,
    "min": 0.11468800157308578,
    "max": 0.13302400708198547,
    "all": [
      0.13302400708198547,
      0.12185599654912949,
      0.11980800330638885,
      0.11468800157308578,
      0.12185599654912949
    ]
  },
  "num_runs": 5,
  "model_init_args": [
    2048,
    2048
  ],
  "model_init_kwargs": {},
  "seed": 100,
  "align_stats": {
    "copied_same_shape": 3,
    "unique_shape_copied": 0,
    "mapped_shape": 0,
    "skipped": 0,
    "pair_aligner": 0,
    "pair_key": "Model->ModelNew"
  },
  "runnable": true,
  "phase": "stage1_grid_and_parallel",
  "score": 1.5803361096385244
}