{
  "timestamp": "2025-12-24T12:10:28",
  "reference_file": "KernelBench/selected_kernels/6_int8_dequant_ref.py",
  "candidate_file": "/home/hyc/LLMKernel/run/20251224_120545_6_int8_dequant_ref_openai_deepseek/6_int8_dequant_ref/code/kernel_20251224_121023.py",
  "tolerance": 1,
  "max_abs_err": 7.62939453125e-06,
  "mean_abs_err": 1.0618350643198937e-10,
  "ref_latency_ms": {
    "avg": 0.2197631984949112,
    "min": 0.19871999323368073,
    "max": 0.26316800713539124,
    "all": [
      0.26316800713539124,
      0.23347200453281403,
      0.19871999323368073,
      0.2027519941329956,
      0.20070399343967438
    ]
  },
  "test_latency_ms": {
    "avg": 0.1443711996078491,
    "min": 0.13414399325847626,
    "max": 0.15360000729560852,
    "all": [
      0.15360000729560852,
      0.14233599603176117,
      0.14022399485111237,
      0.13414399325847626,
      0.1515520066022873
    ]
  },
  "num_runs": 5,
  "model_init_args": [
    2048,
    2048
  ],
  "model_init_kwargs": {},
  "seed": 100,
  "align_stats": {
    "copied_same_shape": 3,
    "unique_shape_copied": 0,
    "mapped_shape": 0,
    "skipped": 0,
    "pair_aligner": 0,
    "pair_key": "Model->ModelNew"
  },
  "runnable": true,
  "phase": "stage2_block_tiling",
  "score": 1.5222094094379417
}