{
  "timestamp": "2025-12-12T06:26:28",
  "reference_file": "KernelBench/level1/100_HingeLoss.py",
  "candidate_file": "/home/hyc/LLMKernel/run/20251212_061917_batch_first10_deepseek_deepseek/100_HingeLoss/code/kernel_20251212_062613.py",
  "tolerance": 0.001,
  "max_abs_err": 0.0,
  "mean_abs_err": 0.0,
  "ref_latency_ms": {
    "avg": 31.71669731140137,
    "min": 31.681215286254883,
    "max": 31.802175521850586,
    "all": [
      31.802175521850586,
      31.698911666870117,
      31.681215286254883,
      31.698944091796875,
      31.702239990234375
    ]
  },
  "test_latency_ms": {
    "avg": 4.55542402267456,
    "min": 4.5496320724487305,
    "max": 4.567999839782715,
    "all": [
      4.567999839782715,
      4.551680088043213,
      4.554080009460449,
      4.5496320724487305,
      4.553728103637695
    ]
  },
  "num_runs": 5,
  "model_init_args": [],
  "model_init_kwargs": {},
  "seed": 100,
  "align_stats": {
    "copied_same_shape": 0,
    "unique_shape_copied": 0,
    "mapped_shape": 0,
    "skipped": 0,
    "pair_aligner": 0,
    "pair_key": "Model->ModelNew"
  },
  "runnable": true,
  "phase": "seed_repair",
  "score": 6.962402874799787
}