{
  "timestamp": "2025-12-12T06:51:37",
  "reference_file": "KernelBench/level1/100_HingeLoss.py",
  "candidate_file": "/home/hyc/LLMKernel/run/20251212_061917_batch_first10_deepseek_deepseek/100_HingeLoss/code/kernel_20251212_065120.py",
  "tolerance": 0.001,
  "max_abs_err": 1.1920928955078125e-07,
  "mean_abs_err": 1.1920928955078125e-07,
  "ref_latency_ms": {
    "avg": 65.65704803466797,
    "min": 64.94207763671875,
    "max": 66.11660766601562,
    "all": [
      66.11148834228516,
      64.94207763671875,
      66.10431671142578,
      65.01074981689453,
      66.11660766601562
    ]
  },
  "test_latency_ms": {
    "avg": 10.782962989807128,
    "min": 10.771455764770508,
    "max": 10.80627155303955,
    "all": [
      10.80627155303955,
      10.782719612121582,
      10.773695945739746,
      10.771455764770508,
      10.780672073364258
    ]
  },
  "num_runs": 5,
  "model_init_args": [],
  "model_init_kwargs": {},
  "seed": 100,
  "align_stats": {
    "copied_same_shape": 0,
    "unique_shape_copied": 0,
    "mapped_shape": 0,
    "skipped": 0,
    "pair_aligner": 0,
    "pair_key": "Model->ModelNew"
  },
  "runnable": true,
  "phase": "stage4_advanced_memory",
  "pytorch_baseline_ms": 31.71669731140137,
  "score": 2.941371248457626
}