{
  "timestamp": "2025-12-12T06:32:04",
  "reference_file": "KernelBench/level1/100_HingeLoss.py",
  "candidate_file": "/home/hyc/LLMKernel/run/20251212_061917_batch_first10_deepseek_deepseek/100_HingeLoss/code/kernel_20251212_063142.py",
  "tolerance": 0.001,
  "max_abs_err": 0.0,
  "mean_abs_err": 0.0,
  "ref_latency_ms": {
    "avg": 65.23563995361329,
    "min": 64.02662658691406,
    "max": 66.12902069091797,
    "all": [
      64.96284484863281,
      66.12902069091797,
      64.02662658691406,
      66.12274932861328,
      64.93695831298828
    ]
  },
  "test_latency_ms": {
    "avg": 11.018854331970214,
    "min": 9.307135581970215,
    "max": 11.55174446105957,
    "all": [
      11.415552139282227,
      11.406335830688477,
      11.413503646850586,
      9.307135581970215,
      11.55174446105957
    ]
  },
  "num_runs": 5,
  "model_init_args": [],
  "model_init_kwargs": {},
  "seed": 100,
  "align_stats": {
    "copied_same_shape": 0,
    "unique_shape_copied": 0,
    "mapped_shape": 0,
    "skipped": 0,
    "pair_aligner": 0,
    "pair_key": "Model->ModelNew"
  },
  "runnable": true,
  "phase": "stage1_repair",
  "pytorch_baseline_ms": 31.71669731140137,
  "score": 2.8784024505504373
}