{
  "timestamp": "2025-12-14T03:11:56",
  "reference_file": "KernelBench/level1_low_score/73_conv_transposed_3D_asymmetric_input_square_kernel__strided_padded__grouped.py",
  "candidate_file": "/home/hyc/LLMKernel/run/20251214_031011_batch_range73to87_openai_deepseek/73_conv_transposed_3D_asymmetric_input_square_kernel__strided_padded__grouped/code/kernel_20251214_031151.py",
  "tolerance": 0.001,
  "max_abs_err": 0.00016042590141296387,
  "mean_abs_err": 1.9282482753624208e-05,
  "ref_latency_ms": {
    "avg": 7.681343936920166,
    "min": 7.67471981048584,
    "max": 7.695072174072266,
    "all": [
      7.695072174072266,
      7.67471981048584,
      7.677951812744141,
      7.6769280433654785,
      7.6820478439331055
    ]
  },
  "test_latency_ms": {
    "avg": 96.8989486694336,
    "min": 96.67068481445312,
    "max": 97.28498840332031,
    "all": [
      96.67068481445312,
      96.76585388183594,
      96.69503784179688,
      97.07817840576172,
      97.28498840332031
    ]
  },
  "num_runs": 5,
  "model_init_args": [
    32,
    32,
    3,
    2,
    1,
    4
  ],
  "model_init_kwargs": {},
  "seed": 100,
  "align_stats": {
    "pair_aligner": 1,
    "copied_same_shape": 1,
    "mapped_shape": 0,
    "skipped": 0,
    "pair_key": "Model->ModelNew"
  },
  "runnable": true,
  "phase": "seed",
  "score": 0.07927169533205902
}