{
  "timestamp": "2025-12-14T03:15:49",
  "reference_file": "KernelBench/level1_low_score/73_conv_transposed_3D_asymmetric_input_square_kernel__strided_padded__grouped.py",
  "candidate_file": "/home/hyc/LLMKernel/run/20251214_031011_batch_range73to87_openai_deepseek/73_conv_transposed_3D_asymmetric_input_square_kernel__strided_padded__grouped/code/kernel_20251214_031539.py",
  "tolerance": 0.001,
  "max_abs_err": 0.00016042590141296387,
  "mean_abs_err": 1.9282482753624208e-05,
  "ref_latency_ms": {
    "avg": 7.724384021759033,
    "min": 7.716544151306152,
    "max": 7.7363200187683105,
    "all": [
      7.7363200187683105,
      7.720992088317871,
      7.721983909606934,
      7.716544151306152,
      7.726079940795898
    ]
  },
  "test_latency_ms": {
    "avg": 92.03705596923828,
    "min": 91.97261047363281,
    "max": 92.1343994140625,
    "all": [
      91.97261047363281,
      92.05741119384766,
      92.0216293334961,
      92.1343994140625,
      91.99922943115234
    ]
  },
  "num_runs": 5,
  "model_init_args": [
    32,
    32,
    3,
    2,
    1,
    4
  ],
  "model_init_kwargs": {},
  "seed": 100,
  "align_stats": {
    "pair_aligner": 1,
    "copied_same_shape": 1,
    "mapped_shape": 0,
    "skipped": 0,
    "pair_key": "Model->ModelNew"
  },
  "runnable": true,
  "phase": "stage4_advanced_memory",
  "pytorch_baseline_ms": 7.681343936920166,
  "score": 0.08345925297184122
}