{
  "timestamp": "2025-12-28T13:24:07",
  "reference_file": "KernelBench/select2/73_conv_transposed_3D_asymmetric_input_square_kernel__strided_padded__grouped.py",
  "candidate_file": "/home/hyc/LLMKernel/run/20251228_121454_batch_range66to73_openai_deepseek/73_conv_transposed_3D_asymmetric_input_square_kernel__strided_padded__grouped/code/kernel_20251228_132403.py",
  "tolerance": 1,
  "max_abs_err": 0.7563573718070984,
  "mean_abs_err": 0.10484153032302856,
  "ref_latency_ms": {
    "avg": 8.110463905334473,
    "min": 8.102879524230957,
    "max": 8.125439643859863,
    "all": [
      8.125439643859863,
      8.104864120483398,
      8.103936195373535,
      8.102879524230957,
      8.11520004272461
    ]
  },
  "test_latency_ms": {
    "avg": 38.87737045288086,
    "min": 38.39984130859375,
    "max": 40.65894317626953,
    "all": [
      40.65894317626953,
      38.39984130859375,
      38.405120849609375,
      38.43590545654297,
      38.48704147338867
    ]
  },
  "num_runs": 5,
  "model_init_args": [
    32,
    32,
    3,
    2,
    1,
    4
  ],
  "model_init_kwargs": {},
  "seed": 100,
  "align_stats": {
    "pair_aligner": 1,
    "copied_same_shape": 1,
    "mapped_shape": 0,
    "skipped": 0,
    "pair_key": "Model->ModelNew"
  },
  "runnable": true,
  "phase": "algorithm_optimized_seed1",
  "pytorch_baseline_ms": 8.106604766845702,
  "score": 0.2085173115468511
}