{
  "timestamp": "2025-12-28T13:26:56",
  "reference_file": "KernelBench/select2/73_conv_transposed_3D_asymmetric_input_square_kernel__strided_padded__grouped.py",
  "candidate_file": "/home/hyc/LLMKernel/run/20251228_121454_batch_range66to73_openai_deepseek/73_conv_transposed_3D_asymmetric_input_square_kernel__strided_padded__grouped/code/kernel_20251228_132649.py",
  "tolerance": 1,
  "max_abs_err": 0.7563573718070984,
  "mean_abs_err": 0.10484153032302856,
  "ref_latency_ms": {
    "avg": 7.596390342712402,
    "min": 7.587615966796875,
    "max": 7.612383842468262,
    "all": [
      7.612383842468262,
      7.592959880828857,
      7.590911865234375,
      7.587615966796875,
      7.598080158233643
    ]
  },
  "test_latency_ms": {
    "avg": 38.224179077148435,
    "min": 38.135807037353516,
    "max": 38.26176071166992,
    "all": [
      38.26176071166992,
      38.25939178466797,
      38.25254440307617,
      38.21139144897461,
      38.135807037353516
    ]
  },
  "num_runs": 5,
  "model_init_args": [
    32,
    32,
    3,
    2,
    1,
    4
  ],
  "model_init_kwargs": {},
  "seed": 100,
  "align_stats": {
    "pair_aligner": 1,
    "copied_same_shape": 1,
    "mapped_shape": 0,
    "skipped": 0,
    "pair_key": "Model->ModelNew"
  },
  "runnable": true,
  "phase": "stage2_block_tiling",
  "pytorch_baseline_ms": 8.106604766845702,
  "score": 0.21208054594145817
}