{
  "timestamp": "2025-12-28T13:13:28",
  "reference_file": "KernelBench/select2/73_conv_transposed_3D_asymmetric_input_square_kernel__strided_padded__grouped.py",
  "candidate_file": "/home/hyc/LLMKernel/run/20251228_121454_batch_range66to73_openai_deepseek/73_conv_transposed_3D_asymmetric_input_square_kernel__strided_padded__grouped/code/kernel_20251228_130410.py",
  "tolerance": 1,
  "max_abs_err": 0.0001605004072189331,
  "mean_abs_err": 1.928243182192091e-05,
  "ref_latency_ms": {
    "avg": 8.106604766845702,
    "min": 8.09984016418457,
    "max": 8.112128257751465,
    "all": [
      8.112128257751465,
      8.10700798034668,
      8.09984016418457,
      8.108063697814941,
      8.10598373413086
    ]
  },
  "test_latency_ms": {
    "avg": 90.90730743408203,
    "min": 90.8042221069336,
    "max": 90.94143676757812,
    "all": [
      90.8042221069336,
      90.94143676757812,
      90.92623901367188,
      90.93017578125,
      90.93446350097656
    ]
  },
  "num_runs": 5,
  "model_init_args": [
    32,
    32,
    3,
    2,
    1,
    4
  ],
  "model_init_kwargs": {},
  "seed": 100,
  "align_stats": {
    "pair_aligner": 1,
    "copied_same_shape": 1,
    "mapped_shape": 0,
    "skipped": 0,
    "pair_key": "Model->ModelNew"
  },
  "runnable": true,
  "phase": "seed_0",
  "score": 0.08917440187879173
}