{
  "timestamp": "2025-12-14T03:14:36",
  "reference_file": "KernelBench/level1_low_score/73_conv_transposed_3D_asymmetric_input_square_kernel__strided_padded__grouped.py",
  "candidate_file": "/home/hyc/LLMKernel/run/20251214_031011_batch_range73to87_openai_deepseek/73_conv_transposed_3D_asymmetric_input_square_kernel__strided_padded__grouped/code/kernel_20251214_031428.py",
  "tolerance": 0.001,
  "max_abs_err": 0.00016042590141296387,
  "mean_abs_err": 1.9282482753624208e-05,
  "ref_latency_ms": {
    "avg": 7.7052414894104,
    "min": 7.696383953094482,
    "max": 7.715839862823486,
    "all": [
      7.715839862823486,
      7.705599784851074,
      7.70252799987793,
      7.696383953094482,
      7.705855846405029
    ]
  },
  "test_latency_ms": {
    "avg": 92.07169036865234,
    "min": 91.8720932006836,
    "max": 92.1692123413086,
    "all": [
      91.8720932006836,
      92.1692123413086,
      92.15385437011719,
      92.03593444824219,
      92.12735748291016
    ]
  },
  "num_runs": 5,
  "model_init_args": [
    32,
    32,
    3,
    2,
    1,
    4
  ],
  "model_init_kwargs": {},
  "seed": 100,
  "align_stats": {
    "pair_aligner": 1,
    "copied_same_shape": 1,
    "mapped_shape": 0,
    "skipped": 0,
    "pair_key": "Model->ModelNew"
  },
  "runnable": true,
  "phase": "stage3_repair",
  "pytorch_baseline_ms": 7.681343936920166,
  "score": 0.08342785829351336
}