{
  "timestamp": "2025-12-28T13:24:59",
  "reference_file": "KernelBench/select2/73_conv_transposed_3D_asymmetric_input_square_kernel__strided_padded__grouped.py",
  "candidate_file": "/home/hyc/LLMKernel/run/20251228_121454_batch_range66to73_openai_deepseek/73_conv_transposed_3D_asymmetric_input_square_kernel__strided_padded__grouped/code/kernel_20251228_132453.py",
  "tolerance": 1,
  "max_abs_err": 0.7563573718070984,
  "mean_abs_err": 0.10484153032302856,
  "ref_latency_ms": {
    "avg": 7.601734447479248,
    "min": 7.592959880828857,
    "max": 7.6175360679626465,
    "all": [
      7.6175360679626465,
      7.602176189422607,
      7.5960001945495605,
      7.592959880828857,
      7.599999904632568
    ]
  },
  "test_latency_ms": {
    "avg": 38.66127395629883,
    "min": 38.51366424560547,
    "max": 38.91302490234375,
    "all": [
      38.91302490234375,
      38.51366424560547,
      38.67238235473633,
      38.5882568359375,
      38.619041442871094
    ]
  },
  "num_runs": 5,
  "model_init_args": [
    32,
    32,
    3,
    2,
    1,
    4
  ],
  "model_init_kwargs": {},
  "seed": 100,
  "align_stats": {
    "pair_aligner": 1,
    "copied_same_shape": 1,
    "mapped_shape": 0,
    "skipped": 0,
    "pair_key": "Model->ModelNew"
  },
  "runnable": true,
  "phase": "stage1_grid_and_parallel",
  "pytorch_baseline_ms": 8.106604766845702,
  "score": 0.2096828153156331
}