{
  "timestamp": "2025-12-28T13:17:08",
  "reference_file": "KernelBench/select2/73_conv_transposed_3D_asymmetric_input_square_kernel__strided_padded__grouped.py",
  "candidate_file": "/home/hyc/LLMKernel/run/20251228_121454_batch_range66to73_openai_deepseek/73_conv_transposed_3D_asymmetric_input_square_kernel__strided_padded__grouped/code/kernel_20251228_131655.py",
  "tolerance": 1,
  "max_abs_err": 0.7567089796066284,
  "mean_abs_err": 0.10488267987966537,
  "ref_latency_ms": {
    "avg": 7.5852992057800295,
    "min": 7.576543807983398,
    "max": 7.598080158233643,
    "all": [
      7.598080158233643,
      7.585567951202393,
      7.580607891082764,
      7.576543807983398,
      7.585696220397949
    ]
  },
  "test_latency_ms": {
    "avg": 1105.408251953125,
    "min": 1103.1846923828125,
    "max": 1108.23193359375,
    "all": [
      1103.86376953125,
      1105.3443603515625,
      1103.1846923828125,
      1106.41650390625,
      1108.23193359375
    ]
  },
  "num_runs": 5,
  "model_init_args": [
    32,
    32,
    3,
    2,
    1,
    4
  ],
  "model_init_kwargs": {},
  "seed": 100,
  "align_stats": {
    "pair_aligner": 1,
    "copied_same_shape": 1,
    "mapped_shape": 0,
    "skipped": 0,
    "pair_key": "Model->ModelNew"
  },
  "runnable": true,
  "phase": "seed_1_repair_1",
  "pytorch_baseline_ms": 8.106604766845702,
  "score": 0.007333584449475834
}