{
  "timestamp": "2025-12-24T12:29:18",
  "reference_file": "KernelBench/selected_kernels/3_rope_ref.py",
  "candidate_file": "/home/hyc/LLMKernel/run/20251224_122414_3_rope_ref_openai_deepseek/3_rope_ref/code/kernel_20251224_122915.py",
  "tolerance": 1,
  "max_abs_err": 4.76837158203125e-07,
  "mean_abs_err": 1.6460447227473196e-08,
  "ref_latency_ms": {
    "avg": 0.12307839840650558,
    "min": 0.11673600226640701,
    "max": 0.12902399897575378,
    "all": [
      0.12902399897575378,
      0.12492799758911133,
      0.11673600226640701,
      0.12284799665212631,
      0.12185599654912949
    ]
  },
  "test_latency_ms": {
    "avg": 0.07395839989185334,
    "min": 0.06451199948787689,
    "max": 0.08806400001049042,
    "all": [
      0.07580800354480743,
      0.07587199658155441,
      0.0655359998345375,
      0.06451199948787689,
      0.08806400001049042
    ]
  },
  "num_runs": 5,
  "model_init_args": [],
  "model_init_kwargs": {},
  "seed": 100,
  "align_stats": {
    "copied_same_shape": 0,
    "unique_shape_copied": 0,
    "mapped_shape": 0,
    "skipped": 0,
    "pair_aligner": 0,
    "pair_key": "Model->ModelNew"
  },
  "runnable": true,
  "phase": "algorithm_optimized_seed0_repair1",
  "pytorch_baseline_ms": 0.20011520087718965,
  "score": 2.705780562719188
}