{
  "timestamp": "2025-12-24T12:26:29",
  "reference_file": "KernelBench/selected_kernels/3_rope_ref.py",
  "candidate_file": "/home/hyc/LLMKernel/run/20251224_122414_3_rope_ref_openai_deepseek/3_rope_ref/code/kernel_20251224_122626.py",
  "tolerance": 1,
  "max_abs_err": 4.76837158203125e-07,
  "mean_abs_err": 1.6460447227473196e-08,
  "ref_latency_ms": {
    "avg": 0.20011520087718965,
    "min": 0.1884160041809082,
    "max": 0.21299199759960175,
    "all": [
      0.20787200331687927,
      0.21299199759960175,
      0.1884160041809082,
      0.19571200013160706,
      0.1955839991569519
    ]
  },
  "test_latency_ms": {
    "avg": 0.10240000188350677,
    "min": 0.09011200070381165,
    "max": 0.12595200538635254,
    "all": [
      0.10649599879980087,
      0.09830400347709656,
      0.09113600105047226,
      0.09011200070381165,
      0.12595200538635254
    ]
  },
  "num_runs": 5,
  "model_init_args": [],
  "model_init_kwargs": {},
  "seed": 100,
  "align_stats": {
    "copied_same_shape": 0,
    "unique_shape_copied": 0,
    "mapped_shape": 0,
    "skipped": 0,
    "pair_aligner": 0,
    "pair_key": "Model->ModelNew"
  },
  "runnable": true,
  "phase": "seed_0",
  "score": 1.9542499726205722
}