{
  "timestamp": "2025-12-24T12:32:26",
  "reference_file": "KernelBench/selected_kernels/3_rope_ref.py",
  "candidate_file": "/home/hyc/LLMKernel/run/20251224_122414_3_rope_ref_openai_deepseek/3_rope_ref/code/kernel_20251224_123222.py",
  "tolerance": 1,
  "max_abs_err": 4.76837158203125e-07,
  "mean_abs_err": 1.6460447227473196e-08,
  "ref_latency_ms": {
    "avg": 0.11993600130081176,
    "min": 0.11369600147008896,
    "max": 0.12777599692344666,
    "all": [
      0.12777599692344666,
      0.12166400253772736,
      0.11369600147008896,
      0.11776000261306763,
      0.11878400295972824
    ]
  },
  "test_latency_ms": {
    "avg": 0.056159999966621396,
    "min": 0.04927999898791313,
    "max": 0.07280000299215317,
    "all": [
      0.05734400078654289,
      0.05119999870657921,
      0.050175998359918594,
      0.04927999898791313,
      0.07280000299215317
    ]
  },
  "num_runs": 5,
  "model_init_args": [],
  "model_init_kwargs": {},
  "seed": 100,
  "align_stats": {
    "copied_same_shape": 0,
    "unique_shape_copied": 0,
    "mapped_shape": 0,
    "skipped": 0,
    "pair_aligner": 0,
    "pair_key": "Model->ModelNew"
  },
  "runnable": true,
  "phase": "stage1_grid_and_parallel",
  "pytorch_baseline_ms": 0.20011520087718965,
  "score": 3.5633048610421616
}