{
  "timestamp": "2025-12-24T12:31:29",
  "reference_file": "KernelBench/selected_kernels/3_rope_ref.py",
  "candidate_file": "/home/hyc/LLMKernel/run/20251224_122414_3_rope_ref_openai_deepseek/3_rope_ref/code/kernel_20251224_123125.py",
  "tolerance": 1,
  "max_abs_err": 4.76837158203125e-07,
  "mean_abs_err": 1.6460447227473196e-08,
  "ref_latency_ms": {
    "avg": 0.1300352022051811,
    "min": 0.12083200365304947,
    "max": 0.1443520039319992,
    "all": [
      0.1340479999780655,
      0.1443520039319992,
      0.12083200365304947,
      0.1249919980764389,
      0.12595200538635254
    ]
  },
  "test_latency_ms": {
    "avg": 0.05780480057001114,
    "min": 0.05023999884724617,
    "max": 0.07475200295448303,
    "all": [
      0.060416001826524734,
      0.05241600051522255,
      0.05119999870657921,
      0.05023999884724617,
      0.07475200295448303
    ]
  },
  "num_runs": 5,
  "model_init_args": [],
  "model_init_kwargs": {},
  "seed": 100,
  "align_stats": {
    "copied_same_shape": 0,
    "unique_shape_copied": 0,
    "mapped_shape": 0,
    "skipped": 0,
    "pair_aligner": 0,
    "pair_key": "Model->ModelNew"
  },
  "runnable": true,
  "phase": "algorithm_optimized_seed1_repair1",
  "pytorch_baseline_ms": 0.20011520087718965,
  "score": 3.461913178557154
}