{
  "timestamp": "2025-12-24T12:27:35",
  "reference_file": "KernelBench/selected_kernels/3_rope_ref.py",
  "candidate_file": "/home/hyc/LLMKernel/run/20251224_122414_3_rope_ref_openai_deepseek/3_rope_ref/code/kernel_20251224_122731.py",
  "tolerance": 1,
  "max_abs_err": 4.76837158203125e-07,
  "mean_abs_err": 1.6460447227473196e-08,
  "ref_latency_ms": {
    "avg": 0.1263295978307724,
    "min": 0.12185599654912949,
    "max": 0.13209599256515503,
    "all": [
      0.13209599256515503,
      0.12886400520801544,
      0.12185599654912949,
      0.12390399724245071,
      0.12492799758911133
    ]
  },
  "test_latency_ms": {
    "avg": 0.07866879999637603,
    "min": 0.06963200122117996,
    "max": 0.09523200243711472,
    "all": [
      0.07884799689054489,
      0.07078400254249573,
      0.06963200122117996,
      0.07884799689054489,
      0.09523200243711472
    ]
  },
  "num_runs": 5,
  "model_init_args": [],
  "model_init_kwargs": {},
  "seed": 100,
  "align_stats": {
    "copied_same_shape": 0,
    "unique_shape_copied": 0,
    "mapped_shape": 0,
    "skipped": 0,
    "pair_aligner": 0,
    "pair_key": "Model->ModelNew"
  },
  "runnable": true,
  "phase": "seed_1",
  "pytorch_baseline_ms": 0.20011520087718965,
  "score": 2.543768315855945
}