{
  "timestamp": "2025-12-16T05:37:53",
  "reference_file": "KernelBench/level3/39_GRU.py",
  "candidate_file": "/home/hyc/LLMKernel/run/20251216_051553_batch_range34to50_openai_deepseek/39_GRU/code/kernel_20251216_053742.py",
  "tolerance": 0.1,
  "max_abs_err": 0.000141829252243042,
  "mean_abs_err": 1.1319711120449938e-05,
  "ref_latency_ms": {
    "avg": 25.830284881591798,
    "min": 25.723039627075195,
    "max": 25.909408569335938,
    "all": [
      25.909408569335938,
      25.881792068481445,
      25.845760345458984,
      25.723039627075195,
      25.791423797607422
    ]
  },
  "test_latency_ms": {
    "avg": 809.8556030273437,
    "min": 788.0499267578125,
    "max": 835.367919921875,
    "all": [
      835.367919921875,
      802.9664916992188,
      788.0499267578125,
      813.00390625,
      809.8897705078125
    ]
  },
  "num_runs": 5,
  "model_init_args": [
    128,
    256,
    6
  ],
  "model_init_kwargs": {},
  "seed": 100,
  "align_stats": {
    "copied_same_shape": 24,
    "unique_shape_copied": 0,
    "mapped_shape": 0,
    "skipped": 0,
    "pair_aligner": 0,
    "pair_key": "Model->ModelNew"
  },
  "runnable": true,
  "phase": "stage3_memory_access",
  "pytorch_baseline_ms": 26.0063232421875,
  "score": 0.03211229649455105
}