{
  "timestamp": "2025-12-16T05:35:02",
  "reference_file": "KernelBench/level3/39_GRU.py",
  "candidate_file": "/home/hyc/LLMKernel/run/20251216_051553_batch_range34to50_openai_deepseek/39_GRU/code/kernel_20251216_053452.py",
  "tolerance": 0.1,
  "max_abs_err": 0.000141829252243042,
  "mean_abs_err": 1.1319711120449938e-05,
  "ref_latency_ms": {
    "avg": 26.0063232421875,
    "min": 25.888896942138672,
    "max": 26.08732795715332,
    "all": [
      26.071935653686523,
      25.96771240234375,
      26.08732795715332,
      25.888896942138672,
      26.015743255615234
    ]
  },
  "test_latency_ms": {
    "avg": 743.6320922851562,
    "min": 740.5732421875,
    "max": 747.7556762695312,
    "all": [
      745.6798706054688,
      747.7556762695312,
      740.5732421875,
      741.8204345703125,
      742.3312377929688
    ]
  },
  "num_runs": 5,
  "model_init_args": [
    128,
    256,
    6
  ],
  "model_init_kwargs": {},
  "seed": 100,
  "align_stats": {
    "copied_same_shape": 24,
    "unique_shape_copied": 0,
    "mapped_shape": 0,
    "skipped": 0,
    "pair_aligner": 0,
    "pair_key": "Model->ModelNew"
  },
  "runnable": true,
  "phase": "seed_repair",
  "score": 0.034972029195607934
}