{
  "timestamp": "2025-12-16T05:38:30",
  "reference_file": "KernelBench/level3/39_GRU.py",
  "candidate_file": "/home/hyc/LLMKernel/run/20251216_051553_batch_range34to50_openai_deepseek/39_GRU/code/kernel_20251216_053819.py",
  "tolerance": 0.1,
  "max_abs_err": 0.000141829252243042,
  "mean_abs_err": 1.1319711120449938e-05,
  "ref_latency_ms": {
    "avg": 30.73061752319336,
    "min": 30.682111740112305,
    "max": 30.801952362060547,
    "all": [
      30.801759719848633,
      30.682111740112305,
      30.801952362060547,
      30.684160232543945,
      30.683103561401367
    ]
  },
  "test_latency_ms": {
    "avg": 777.7089233398438,
    "min": 777.128662109375,
    "max": 778.7376708984375,
    "all": [
      777.30322265625,
      777.4412231445312,
      777.128662109375,
      777.933837890625,
      778.7376708984375
    ]
  },
  "num_runs": 5,
  "model_init_args": [
    128,
    256,
    6
  ],
  "model_init_kwargs": {},
  "seed": 100,
  "align_stats": {
    "copied_same_shape": 24,
    "unique_shape_copied": 0,
    "mapped_shape": 0,
    "skipped": 0,
    "pair_aligner": 0,
    "pair_key": "Model->ModelNew"
  },
  "runnable": true,
  "phase": "stage4_advanced_memory",
  "pytorch_baseline_ms": 26.0063232421875,
  "score": 0.03343966162880613
}