{
  "timestamp": "2025-12-16T05:35:58",
  "reference_file": "KernelBench/level3/39_GRU.py",
  "candidate_file": "/home/hyc/LLMKernel/run/20251216_051553_batch_range34to50_openai_deepseek/39_GRU/code/kernel_20251216_053547.py",
  "tolerance": 0.1,
  "max_abs_err": 0.000141829252243042,
  "mean_abs_err": 1.1319711120449938e-05,
  "ref_latency_ms": {
    "avg": 26.151839828491212,
    "min": 26.0894718170166,
    "max": 26.261728286743164,
    "all": [
      26.261728286743164,
      26.182687759399414,
      26.13043212890625,
      26.0894718170166,
      26.094879150390625
    ]
  },
  "test_latency_ms": {
    "avg": 790.6472045898438,
    "min": 787.7816162109375,
    "max": 794.8308715820312,
    "all": [
      787.8154296875,
      788.5926513671875,
      787.7816162109375,
      794.8308715820312,
      794.2154541015625
    ]
  },
  "num_runs": 5,
  "model_init_args": [
    128,
    256,
    6
  ],
  "model_init_kwargs": {},
  "seed": 100,
  "align_stats": {
    "copied_same_shape": 24,
    "unique_shape_copied": 0,
    "mapped_shape": 0,
    "skipped": 0,
    "pair_aligner": 0,
    "pair_key": "Model->ModelNew"
  },
  "runnable": true,
  "phase": "stage1_grid_and_parallel",
  "pytorch_baseline_ms": 26.0063232421875,
  "score": 0.03289244949101988
}