{
  "timestamp": "2025-12-16T05:36:53",
  "reference_file": "KernelBench/level3/39_GRU.py",
  "candidate_file": "/home/hyc/LLMKernel/run/20251216_051553_batch_range34to50_openai_deepseek/39_GRU/code/kernel_20251216_053642.py",
  "tolerance": 0.1,
  "max_abs_err": 0.00014181435108184814,
  "mean_abs_err": 1.1319832992739975e-05,
  "ref_latency_ms": {
    "avg": 34.66549072265625,
    "min": 34.188255310058594,
    "max": 34.885887145996094,
    "all": [
      34.885887145996094,
      34.742271423339844,
      34.7534065246582,
      34.757633209228516,
      34.188255310058594
    ]
  },
  "test_latency_ms": {
    "avg": 798.7892822265625,
    "min": 796.2244262695312,
    "max": 802.3818969726562,
    "all": [
      802.3818969726562,
      797.7073974609375,
      796.2244262695312,
      798.4271240234375,
      799.20556640625
    ]
  },
  "num_runs": 5,
  "model_init_args": [
    128,
    256,
    6
  ],
  "model_init_kwargs": {},
  "seed": 100,
  "align_stats": {
    "copied_same_shape": 24,
    "unique_shape_copied": 0,
    "mapped_shape": 0,
    "skipped": 0,
    "pair_aligner": 0,
    "pair_key": "Model->ModelNew"
  },
  "runnable": true,
  "phase": "stage2_block_tiling",
  "pytorch_baseline_ms": 26.0063232421875,
  "score": 0.03255717599226784
}