{
  "timestamp": "2025-12-16T02:26:46",
  "reference_file": "KernelBench/level3/3_DeepNarrowMLP.py",
  "candidate_file": "/home/hyc/LLMKernel/run/20251216_022404_batch_range2to17_openai_deepseek/3_DeepNarrowMLP/code/kernel_20251216_022637.py",
  "tolerance": 0.1,
  "max_abs_err": 2.781301736831665e-05,
  "mean_abs_err": 5.91860316490056e-06,
  "ref_latency_ms": {
    "avg": 2.79713921546936,
    "min": 2.7832319736480713,
    "max": 2.817823886871338,
    "all": [
      2.817823886871338,
      2.7832319736480713,
      2.7975680828094482,
      2.7934720516204834,
      2.793600082397461
    ]
  },
  "test_latency_ms": {
    "avg": 1.6816384077072144,
    "min": 1.6785279512405396,
    "max": 1.6844799518585205,
    "all": [
      1.6823680400848389,
      1.6814080476760864,
      1.6844799518585205,
      1.6785279512405396,
      1.6814080476760864
    ]
  },
  "num_runs": 5,
  "model_init_args": [
    8192,
    [
      1024,
      1024,
      1024,
      1024,
      1024,
      1024,
      1024,
      1024,
      1024,
      1024,
      1024,
      1024,
      1024,
      1024,
      1024,
      1024
    ],
    8192
  ],
  "model_init_kwargs": {},
  "seed": 100,
  "align_stats": {
    "copied_same_shape": 0,
    "unique_shape_copied": 3,
    "mapped_shape": 0,
    "skipped": 31,
    "pair_aligner": 0,
    "pair_key": "Model->ModelNew"
  },
  "runnable": true,
  "phase": "stage1_grid_and_parallel",
  "pytorch_baseline_ms": 2.793849563598633,
  "score": 1.6613854386257945
}