{
  "timestamp": "2025-12-16T02:34:33",
  "reference_file": "KernelBench/level3/3_DeepNarrowMLP.py",
  "candidate_file": "/home/hyc/LLMKernel/run/20251216_022404_batch_range2to17_openai_deepseek/3_DeepNarrowMLP/code/kernel_20251216_023426.py",
  "tolerance": 0.1,
  "max_abs_err": 2.781301736831665e-05,
  "mean_abs_err": 5.91860316490056e-06,
  "ref_latency_ms": {
    "avg": 1.9701759815216064,
    "min": 1.9640320539474487,
    "max": 1.9845119714736938,
    "all": [
      1.9711999893188477,
      1.9845119714736938,
      1.9640320539474487,
      1.9650559425354004,
      1.9660799503326416
    ]
  },
  "test_latency_ms": {
    "avg": 1.6816128253936768,
    "min": 1.679360032081604,
    "max": 1.6855039596557617,
    "all": [
      1.6855039596557617,
      1.6814080476760864,
      1.6814080476760864,
      1.6803840398788452,
      1.679360032081604
    ]
  },
  "num_runs": 5,
  "model_init_args": [
    8192,
    [
      1024,
      1024,
      1024,
      1024,
      1024,
      1024,
      1024,
      1024,
      1024,
      1024,
      1024,
      1024,
      1024,
      1024,
      1024,
      1024
    ],
    8192
  ],
  "model_init_kwargs": {},
  "seed": 100,
  "align_stats": {
    "copied_same_shape": 0,
    "unique_shape_copied": 3,
    "mapped_shape": 0,
    "skipped": 31,
    "pair_aligner": 0,
    "pair_key": "Model->ModelNew"
  },
  "runnable": true,
  "phase": "stage4_advanced_memory",
  "pytorch_baseline_ms": 2.793849563598633,
  "score": 1.6614107132208473
}