{
  "timestamp": "2025-12-16T02:24:54",
  "reference_file": "KernelBench/level3/3_DeepNarrowMLP.py",
  "candidate_file": "/home/hyc/LLMKernel/run/20251216_022404_batch_range2to17_openai_deepseek/3_DeepNarrowMLP/code/kernel_20251216_022449.py",
  "tolerance": 0.1,
  "max_abs_err": 2.781301736831665e-05,
  "mean_abs_err": 5.91860316490056e-06,
  "ref_latency_ms": {
    "avg": 2.793849563598633,
    "min": 2.7781119346618652,
    "max": 2.8088319301605225,
    "all": [
      2.805759906768799,
      2.8088319301605225,
      2.7781119346618652,
      2.7801599502563477,
      2.79638409614563
    ]
  },
  "test_latency_ms": {
    "avg": 1.9566720008850098,
    "min": 1.9302400350570679,
    "max": 1.9814399480819702,
    "all": [
      1.9701759815216064,
      1.9302400350570679,
      1.9814399480819702,
      1.9396480321884155,
      1.9618560075759888
    ]
  },
  "num_runs": 5,
  "model_init_args": [
    8192,
    [
      1024,
      1024,
      1024,
      1024,
      1024,
      1024,
      1024,
      1024,
      1024,
      1024,
      1024,
      1024,
      1024,
      1024,
      1024,
      1024
    ],
    8192
  ],
  "model_init_kwargs": {},
  "seed": 100,
  "align_stats": {
    "copied_same_shape": 0,
    "unique_shape_copied": 3,
    "mapped_shape": 0,
    "skipped": 31,
    "pair_aligner": 0,
    "pair_key": "Model->ModelNew"
  },
  "runnable": true,
  "phase": "seed",
  "score": 1.4278578945960103
}