{
  "timestamp": "2025-12-16T02:31:57",
  "reference_file": "KernelBench/level3/3_DeepNarrowMLP.py",
  "candidate_file": "/home/hyc/LLMKernel/run/20251216_022404_batch_range2to17_openai_deepseek/3_DeepNarrowMLP/code/kernel_20251216_023144.py",
  "tolerance": 0.1,
  "max_abs_err": 2.781301736831665e-05,
  "mean_abs_err": 5.91860316490056e-06,
  "ref_latency_ms": {
    "avg": 1.9619839906692504,
    "min": 1.9537919759750366,
    "max": 1.9722239971160889,
    "all": [
      1.9722239971160889,
      1.9671039581298828,
      1.955839991569519,
      1.9537919759750366,
      1.960960030555725
    ]
  },
  "test_latency_ms": {
    "avg": 1.9591360330581664,
    "min": 1.9538880586624146,
    "max": 1.9630080461502075,
    "all": [
      1.9619840383529663,
      1.955839991569519,
      1.9630080461502075,
      1.960960030555725,
      1.9538880586624146
    ]
  },
  "num_runs": 5,
  "model_init_args": [
    8192,
    [
      1024,
      1024,
      1024,
      1024,
      1024,
      1024,
      1024,
      1024,
      1024,
      1024,
      1024,
      1024,
      1024,
      1024,
      1024,
      1024
    ],
    8192
  ],
  "model_init_kwargs": {},
  "seed": 100,
  "align_stats": {
    "copied_same_shape": 0,
    "unique_shape_copied": 3,
    "mapped_shape": 0,
    "skipped": 31,
    "pair_aligner": 0,
    "pair_key": "Model->ModelNew"
  },
  "runnable": true,
  "phase": "stage3_memory_access",
  "pytorch_baseline_ms": 2.793849563598633,
  "score": 1.4260620582009804
}