{
  "timestamp": "2025-12-14T23:37:56",
  "reference_file": "KernelBench/level2/77_ConvTranspose3d_Scale_BatchNorm_GlobalAvgPool.py",
  "candidate_file": "/home/hyc/LLMKernel/run/20251214_114735_batch_range56to80_deepseek_deepseek/77_ConvTranspose3d_Scale_BatchNorm_GlobalAvgPool/code/kernel_20251214_233753.py",
  "tolerance": 0.001,
  "max_abs_err": 0.0013642311096191406,
  "mean_abs_err": 0.00011901375546585768,
  "ref_latency_ms": {
    "avg": 13.543462371826172,
    "min": 13.524160385131836,
    "max": 13.596672058105469,
    "all": [
      13.537280082702637,
      13.531135559082031,
      13.524160385131836,
      13.596672058105469,
      13.528063774108887
    ]
  },
  "test_latency_ms": {
    "avg": 12.912044906616211,
    "min": 12.90777587890625,
    "max": 12.917728424072266,
    "all": [
      12.917728424072266,
      12.912639617919922,
      12.911616325378418,
      12.90777587890625,
      12.9104642868042
    ]
  },
  "num_runs": 5,
  "model_init_args": [
    64,
    128,
    5,
    2.0
  ],
  "model_init_kwargs": {},
  "seed": 100,
  "align_stats": {
    "pair_aligner": 1,
    "copied_same_shape": 1,
    "mapped_shape": 0,
    "skipped": 0,
    "pair_key": "Model->ModelNew"
  },
  "runnable": true,
  "phase": "seed_repair",
  "score": 1.048901430391279
}