{
  "timestamp": "2025-12-14T23:52:33",
  "reference_file": "KernelBench/level2/77_ConvTranspose3d_Scale_BatchNorm_GlobalAvgPool.py",
  "candidate_file": "/home/hyc/LLMKernel/run/20251214_114735_batch_range56to80_deepseek_deepseek/77_ConvTranspose3d_Scale_BatchNorm_GlobalAvgPool/code/kernel_20251214_235229.py",
  "tolerance": 0.001,
  "max_abs_err": 5.960464477539062e-07,
  "mean_abs_err": 5.769523170329194e-08,
  "ref_latency_ms": {
    "avg": 13.46186866760254,
    "min": 13.174816131591797,
    "max": 13.543423652648926,
    "all": [
      13.543423652648926,
      13.531904220581055,
      13.528063774108887,
      13.531135559082031,
      13.174816131591797
    ]
  },
  "test_latency_ms": {
    "avg": 13.858240127563477,
    "min": 13.826016426086426,
    "max": 13.86905574798584,
    "all": [
      13.826016426086426,
      13.86518383026123,
      13.867008209228516,
      13.863936424255371,
      13.86905574798584
    ]
  },
  "num_runs": 5,
  "model_init_args": [
    64,
    128,
    5,
    2.0
  ],
  "model_init_kwargs": {},
  "seed": 100,
  "align_stats": {
    "pair_aligner": 1,
    "copied_same_shape": 1,
    "mapped_shape": 0,
    "skipped": 0,
    "pair_key": "Model->ModelNew"
  },
  "runnable": true,
  "phase": "stage3_memory_access",
  "pytorch_baseline_ms": 13.543462371826172,
  "score": 0.9772858780884288
}