{
  "timestamp": "2025-12-16T05:43:33",
  "reference_file": "KernelBench/level3/11_VGG16.py",
  "candidate_file": "/home/hyc/LLMKernel/run/20251216_051542_batch_range2to17_openai_deepseek/11_VGG16/code/kernel_20251216_054239.py",
  "tolerance": 0.1,
  "max_abs_err": 0.01708010770380497,
  "mean_abs_err": 0.004264306277036667,
  "ref_latency_ms": {
    "avg": 8.30248966217041,
    "min": 8.295231819152832,
    "max": 8.309568405151367,
    "all": [
      8.309568405151367,
      8.303487777709961,
      8.302592277526855,
      8.295231819152832,
      8.301568031311035
    ]
  },
  "test_latency_ms": {
    "avg": 13.170438385009765,
    "min": 13.157376289367676,
    "max": 13.182975769042969,
    "all": [
      13.157376289367676,
      13.167424201965332,
      13.182975769042969,
      13.16761589050293,
      13.176799774169922
    ]
  },
  "num_runs": 5,
  "model_init_args": [
    1000
  ],
  "model_init_kwargs": {},
  "seed": 100,
  "align_stats": {
    "copied_same_shape": 3,
    "unique_shape_copied": 7,
    "mapped_shape": 0,
    "skipped": 22,
    "pair_aligner": 0,
    "pair_key": "Model->ModelNew"
  },
  "runnable": true,
  "phase": "stage3_memory_access",
  "pytorch_baseline_ms": 8.308307075500489,
  "score": 0.6308299566517678
}