{
  "timestamp": "2025-12-16T05:38:49",
  "reference_file": "KernelBench/level3/11_VGG16.py",
  "candidate_file": "/home/hyc/LLMKernel/run/20251216_051542_batch_range2to17_openai_deepseek/11_VGG16/code/kernel_20251216_053835.py",
  "tolerance": 0.1,
  "max_abs_err": 0.013206535950303078,
  "mean_abs_err": 0.003247927874326706,
  "ref_latency_ms": {
    "avg": 8.308307075500489,
    "min": 8.30355167388916,
    "max": 8.313759803771973,
    "all": [
      8.310784339904785,
      8.313759803771973,
      8.304703712463379,
      8.30355167388916,
      8.308735847473145
    ]
  },
  "test_latency_ms": {
    "avg": 125.31571350097656,
    "min": 125.28025817871094,
    "max": 125.37446594238281,
    "all": [
      125.37446594238281,
      125.3141098022461,
      125.32633972167969,
      125.28339385986328,
      125.28025817871094
    ]
  },
  "num_runs": 5,
  "model_init_args": [
    1000
  ],
  "model_init_kwargs": {},
  "seed": 100,
  "align_stats": {
    "copied_same_shape": 4,
    "unique_shape_copied": 8,
    "mapped_shape": 0,
    "skipped": 20,
    "pair_aligner": 0,
    "pair_key": "Model->ModelNew"
  },
  "runnable": true,
  "phase": "seed_repair",
  "score": 0.06629900467698126
}