{
  "timestamp": "2025-12-16T05:44:25",
  "reference_file": "KernelBench/level3/11_VGG16.py",
  "candidate_file": "/home/hyc/LLMKernel/run/20251216_051542_batch_range2to17_openai_deepseek/11_VGG16/code/kernel_20251216_054408.py",
  "tolerance": 0.1,
  "max_abs_err": 0.01320237573236227,
  "mean_abs_err": 0.003247601678594947,
  "ref_latency_ms": {
    "avg": 8.300940704345702,
    "min": 8.291328430175781,
    "max": 8.311807632446289,
    "all": [
      8.311807632446289,
      8.301568031311035,
      8.299519538879395,
      8.291328430175781,
      8.300479888916016
    ]
  },
  "test_latency_ms": {
    "avg": 13.074611282348632,
    "min": 13.030400276184082,
    "max": 13.20025634765625,
    "all": [
      13.030400276184082,
      13.03551959991455,
      13.20025634765625,
      13.066240310668945,
      13.040639877319336
    ]
  },
  "num_runs": 5,
  "model_init_args": [
    1000
  ],
  "model_init_kwargs": {},
  "seed": 100,
  "align_stats": {
    "copied_same_shape": 4,
    "unique_shape_copied": 8,
    "mapped_shape": 0,
    "skipped": 20,
    "pair_aligner": 0,
    "pair_key": "Model->ModelNew"
  },
  "runnable": true,
  "phase": "stage4_advanced_memory",
  "pytorch_baseline_ms": 8.308307075500489,
  "score": 0.6354534674936846
}