{
  "timestamp": "2025-12-16T05:40:24",
  "reference_file": "KernelBench/level3/11_VGG16.py",
  "candidate_file": "/home/hyc/LLMKernel/run/20251216_051542_batch_range2to17_openai_deepseek/11_VGG16/code/kernel_20251216_054000.py",
  "tolerance": 0.1,
  "max_abs_err": 0.01320237573236227,
  "mean_abs_err": 0.003247601678594947,
  "ref_latency_ms": {
    "avg": 8.295795059204101,
    "min": 8.28825569152832,
    "max": 8.30361557006836,
    "all": [
      8.30361557006836,
      8.293375968933105,
      8.28825569152832,
      8.293279647827148,
      8.300448417663574
    ]
  },
  "test_latency_ms": {
    "avg": 13.02524185180664,
    "min": 13.022208213806152,
    "max": 13.029184341430664,
    "all": [
      13.029184341430664,
      13.025279998779297,
      13.022208213806152,
      13.026304244995117,
      13.023232460021973
    ]
  },
  "num_runs": 5,
  "model_init_args": [
    1000
  ],
  "model_init_kwargs": {},
  "seed": 100,
  "align_stats": {
    "copied_same_shape": 4,
    "unique_shape_copied": 8,
    "mapped_shape": 0,
    "skipped": 20,
    "pair_aligner": 0,
    "pair_key": "Model->ModelNew"
  },
  "runnable": true,
  "phase": "stage1_grid_and_parallel",
  "pytorch_baseline_ms": 8.308307075500489,
  "score": 0.6378620197634258
}