{
  "timestamp": "2025-12-16T05:41:33",
  "reference_file": "KernelBench/level3/11_VGG16.py",
  "candidate_file": "/home/hyc/LLMKernel/run/20251216_051542_batch_range2to17_openai_deepseek/11_VGG16/code/kernel_20251216_054118.py",
  "tolerance": 0.1,
  "max_abs_err": 1.1796131730079651e-05,
  "mean_abs_err": 2.5749091037141625e-06,
  "ref_latency_ms": {
    "avg": 8.297017669677734,
    "min": 8.290304183959961,
    "max": 8.3056640625,
    "all": [
      8.3056640625,
      8.300415992736816,
      8.295328140258789,
      8.293375968933105,
      8.290304183959961
    ]
  },
  "test_latency_ms": {
    "avg": 13.309126472473144,
    "min": 13.30288028717041,
    "max": 13.316991806030273,
    "all": [
      13.316991806030273,
      13.315072059631348,
      13.306879997253418,
      13.30288028717041,
      13.303808212280273
    ]
  },
  "num_runs": 5,
  "model_init_args": [
    1000
  ],
  "model_init_kwargs": {},
  "seed": 100,
  "align_stats": {
    "copied_same_shape": 0,
    "unique_shape_copied": 10,
    "mapped_shape": 0,
    "skipped": 22,
    "pair_aligner": 0,
    "pair_key": "Model->ModelNew"
  },
  "runnable": true,
  "phase": "stage2_block_tiling",
  "pytorch_baseline_ms": 8.308307075500489,
  "score": 0.6242563772073475
}