{
  "timestamp": "2025-12-15T07:28:08",
  "reference_file": "KernelBench/level2/23_Conv3d_GroupNorm_Mean.py",
  "candidate_file": "/home/hyc/LLMKernel/run/20251215_070831_batch_range21to25_openai_deepseek/23_Conv3d_GroupNorm_Mean/code/kernel_20251215_072804.py",
  "tolerance": 0.001,
  "max_abs_err": 5.3431449487106875e-08,
  "mean_abs_err": 1.1099734464892208e-08,
  "ref_latency_ms": {
    "avg": 2.7138047218322754,
    "min": 2.7105278968811035,
    "max": 2.7207679748535156,
    "all": [
      2.7207679748535156,
      2.7156479358673096,
      2.7105278968811035,
      2.7105278968811035,
      2.7115519046783447
    ]
  },
  "test_latency_ms": {
    "avg": 5.017823886871338,
    "min": 5.015647888183594,
    "max": 5.020671844482422,
    "all": [
      5.020671844482422,
      5.016575813293457,
      5.015647888183594,
      5.016575813293457,
      5.01964807510376
    ]
  },
  "num_runs": 5,
  "model_init_args": [
    3,
    24,
    3,
    8
  ],
  "model_init_kwargs": {},
  "seed": 100,
  "align_stats": {
    "pair_aligner": 1,
    "copied_same_shape": 1,
    "mapped_shape": 0,
    "skipped": 0,
    "pair_key": "Model->ModelNew"
  },
  "runnable": true,
  "phase": "seed",
  "score": 0.540832995142115
}