{
  "timestamp": "2025-12-15T07:30:05",
  "reference_file": "KernelBench/level2/23_Conv3d_GroupNorm_Mean.py",
  "candidate_file": "/home/hyc/LLMKernel/run/20251215_070831_batch_range21to25_openai_deepseek/23_Conv3d_GroupNorm_Mean/code/kernel_20251215_073001.py",
  "tolerance": 0.001,
  "max_abs_err": 5.548650250375431e-08,
  "mean_abs_err": 1.1365271390673115e-08,
  "ref_latency_ms": {
    "avg": 2.7154431343078613,
    "min": 2.7115519046783447,
    "max": 2.721791982650757,
    "all": [
      2.721791982650757,
      2.7156479358673096,
      2.712575912475586,
      2.7115519046783447,
      2.7156479358673096
    ]
  },
  "test_latency_ms": {
    "avg": 2.8642688274383543,
    "min": 2.861855983734131,
    "max": 2.8671040534973145,
    "all": [
      2.865151882171631,
      2.8631041049957275,
      2.8641281127929688,
      2.861855983734131,
      2.8671040534973145
    ]
  },
  "num_runs": 5,
  "model_init_args": [
    3,
    24,
    3,
    8
  ],
  "model_init_kwargs": {},
  "seed": 100,
  "align_stats": {
    "pair_aligner": 1,
    "copied_same_shape": 1,
    "mapped_shape": 0,
    "skipped": 0,
    "pair_key": "Model->ModelNew"
  },
  "runnable": true,
  "phase": "stage1_repair",
  "pytorch_baseline_ms": 2.7138047218322754,
  "score": 0.947468581103595
}