{
  "timestamp": "2025-12-15T07:37:20",
  "reference_file": "KernelBench/level2/23_Conv3d_GroupNorm_Mean.py",
  "candidate_file": "/home/hyc/LLMKernel/run/20251215_070831_batch_range21to25_openai_deepseek/23_Conv3d_GroupNorm_Mean/code/kernel_20251215_073716.py",
  "tolerance": 0.001,
  "max_abs_err": 5.548650250375431e-08,
  "mean_abs_err": 1.1365271390673115e-08,
  "ref_latency_ms": {
    "avg": 2.714214324951172,
    "min": 2.7115519046783447,
    "max": 2.722815990447998,
    "all": [
      2.722815990447998,
      2.712575912475586,
      2.712575912475586,
      2.7115519046783447,
      2.7115519046783447
    ]
  },
  "test_latency_ms": {
    "avg": 2.779097557067871,
    "min": 2.777087926864624,
    "max": 2.781183958053589,
    "all": [
      2.781183958053589,
      2.7801599502563477,
      2.777087926864624,
      2.7781119346618652,
      2.7789440155029297
    ]
  },
  "num_runs": 5,
  "model_init_args": [
    3,
    24,
    3,
    8
  ],
  "model_init_kwargs": {},
  "seed": 100,
  "align_stats": {
    "pair_aligner": 1,
    "copied_same_shape": 1,
    "mapped_shape": 0,
    "skipped": 0,
    "pair_key": "Model->ModelNew"
  },
  "runnable": true,
  "phase": "stage4_advanced_memory",
  "pytorch_baseline_ms": 2.7138047218322754,
  "score": 0.9765057419198756
}