{
  "timestamp": "2025-12-15T07:31:25",
  "reference_file": "KernelBench/level2/23_Conv3d_GroupNorm_Mean.py",
  "candidate_file": "/home/hyc/LLMKernel/run/20251215_070831_batch_range21to25_openai_deepseek/23_Conv3d_GroupNorm_Mean/code/kernel_20251215_073120.py",
  "tolerance": 0.001,
  "max_abs_err": 5.548650250375431e-08,
  "mean_abs_err": 1.1365271390673115e-08,
  "ref_latency_ms": {
    "avg": 2.714566373825073,
    "min": 2.7105278968811035,
    "max": 2.7207679748535156,
    "all": [
      2.7207679748535156,
      2.7175040245056152,
      2.7115519046783447,
      2.7105278968811035,
      2.712480068206787
    ]
  },
  "test_latency_ms": {
    "avg": 2.8641151905059816,
    "min": 2.861056089401245,
    "max": 2.866175889968872,
    "all": [
      2.866175889968872,
      2.8640639781951904,
      2.8631041049957275,
      2.861056089401245,
      2.866175889968872
    ]
  },
  "num_runs": 5,
  "model_init_args": [
    3,
    24,
    3,
    8
  ],
  "model_init_kwargs": {},
  "seed": 100,
  "align_stats": {
    "pair_aligner": 1,
    "copied_same_shape": 1,
    "mapped_shape": 0,
    "skipped": 0,
    "pair_key": "Model->ModelNew"
  },
  "runnable": true,
  "phase": "stage2_block_tiling",
  "pytorch_baseline_ms": 2.7138047218322754,
  "score": 0.947519405234832
}