{
  "timestamp": "2025-12-15T03:56:05",
  "reference_file": "KernelBench/level2/11_ConvTranspose2d_BatchNorm_Tanh_MaxPool_GroupNorm.py",
  "candidate_file": "/home/hyc/LLMKernel/run/20251215_024708_batch_range6to30_openai_deepseek/11_ConvTranspose2d_BatchNorm_Tanh_MaxPool_GroupNorm/code/kernel_20251215_035601.py",
  "tolerance": 0.001,
  "max_abs_err": 1.1920928955078125e-06,
  "mean_abs_err": 1.4413153337500262e-07,
  "ref_latency_ms": {
    "avg": 7.314393615722656,
    "min": 7.310336112976074,
    "max": 7.323520183563232,
    "all": [
      7.323520183563232,
      7.312384128570557,
      7.310336112976074,
      7.314367771148682,
      7.311359882354736
    ]
  },
  "test_latency_ms": {
    "avg": 6.5161150932312015,
    "min": 6.510560035705566,
    "max": 6.519807815551758,
    "all": [
      6.519807815551758,
      6.515711784362793,
      6.515711784362793,
      6.518784046173096,
      6.510560035705566
    ]
  },
  "num_runs": 5,
  "model_init_args": [
    64,
    128,
    5,
    1,
    1,
    8,
    8
  ],
  "model_init_kwargs": {},
  "seed": 100,
  "align_stats": {
    "pair_aligner": 1,
    "copied_same_shape": 1,
    "mapped_shape": 0,
    "skipped": 0,
    "pair_key": "Model->ModelNew"
  },
  "runnable": true,
  "phase": "seed",
  "score": 1.1225083521499932
}