{
  "timestamp": "2025-12-15T04:37:11",
  "reference_file": "KernelBench/level2/11_ConvTranspose2d_BatchNorm_Tanh_MaxPool_GroupNorm.py",
  "candidate_file": "/home/hyc/LLMKernel/run/20251215_024708_batch_range6to30_openai_deepseek/11_ConvTranspose2d_BatchNorm_Tanh_MaxPool_GroupNorm/code/kernel_20251215_043707.py",
  "tolerance": 0.001,
  "max_abs_err": 1.1920928955078125e-06,
  "mean_abs_err": 1.4183027019498695e-07,
  "ref_latency_ms": {
    "avg": 7.32116470336914,
    "min": 7.3021440505981445,
    "max": 7.358463764190674,
    "all": [
      7.319551944732666,
      7.311359882354736,
      7.358463764190674,
      7.314303874969482,
      7.3021440505981445
    ]
  },
  "test_latency_ms": {
    "avg": 6.64837121963501,
    "min": 6.643712043762207,
    "max": 6.652895927429199,
    "all": [
      6.652895927429199,
      6.647808074951172,
      6.649631977081299,
      6.647808074951172,
      6.643712043762207
    ]
  },
  "num_runs": 5,
  "model_init_args": [
    64,
    128,
    5,
    1,
    1,
    8,
    8
  ],
  "model_init_kwargs": {},
  "seed": 100,
  "align_stats": {
    "pair_aligner": 1,
    "copied_same_shape": 1,
    "mapped_shape": 0,
    "skipped": 0,
    "pair_key": "Model->ModelNew"
  },
  "runnable": true,
  "phase": "stage1_grid_and_parallel",
  "pytorch_baseline_ms": 7.314393615722656,
  "score": 1.1001782803764995
}