{
  "timestamp": "2025-12-12T12:48:12",
  "reference_file": "KernelBench/level1/37_FrobeniusNorm_.py",
  "candidate_file": "/home/hyc/LLMKernel/run/20251212_085222_batch_range20to30_deepseek_deepseek/37_FrobeniusNorm_/code/kernel_20251212_124758.py",
  "tolerance": 0.001,
  "max_abs_err": 7.153357728384435e-08,
  "mean_abs_err": 3.578833229767042e-08,
  "ref_latency_ms": {
    "avg": 23.564032363891602,
    "min": 23.555904388427734,
    "max": 23.568384170532227,
    "all": [
      23.568384170532227,
      23.555904388427734,
      23.561216354370117,
      23.568384170532227,
      23.566272735595703
    ]
  },
  "test_latency_ms": {
    "avg": 31.255871963500976,
    "min": 31.251327514648438,
    "max": 31.258623123168945,
    "all": [
      31.258623123168945,
      31.25644874572754,
      31.251327514648438,
      31.256256103515625,
      31.256704330444336
    ]
  },
  "num_runs": 5,
  "model_init_args": [],
  "model_init_kwargs": {},
  "seed": 100,
  "align_stats": {
    "copied_same_shape": 0,
    "unique_shape_copied": 0,
    "mapped_shape": 0,
    "skipped": 0,
    "pair_aligner": 0,
    "pair_key": "Model->ModelNew"
  },
  "runnable": true,
  "phase": "seed_repair",
  "score": 0.7539073743138085
}