{
  "timestamp": "2025-12-12T13:17:11",
  "reference_file": "KernelBench/level1/37_FrobeniusNorm_.py",
  "candidate_file": "/home/hyc/LLMKernel/run/20251212_085222_batch_range20to30_deepseek_deepseek/37_FrobeniusNorm_/code/kernel_20251212_131653.py",
  "tolerance": 0.001,
  "max_abs_err": 2.9167487809900194e-05,
  "mean_abs_err": 1.4592667866963893e-05,
  "ref_latency_ms": {
    "avg": 23.558918380737303,
    "min": 23.556095123291016,
    "max": 23.562240600585938,
    "all": [
      23.558143615722656,
      23.559104919433594,
      23.556095123291016,
      23.562240600585938,
      23.55900764465332
    ]
  },
  "test_latency_ms": {
    "avg": 31.161958312988283,
    "min": 31.160320281982422,
    "max": 31.16441535949707,
    "all": [
      31.16441535949707,
      31.16441535949707,
      31.160320281982422,
      31.160320281982422,
      31.160320281982422
    ]
  },
  "num_runs": 5,
  "model_init_args": [],
  "model_init_kwargs": {},
  "seed": 100,
  "align_stats": {
    "copied_same_shape": 0,
    "unique_shape_copied": 0,
    "mapped_shape": 0,
    "skipped": 0,
    "pair_aligner": 0,
    "pair_key": "Model->ModelNew"
  },
  "runnable": true,
  "phase": "stage4_advanced_memory",
  "pytorch_baseline_ms": 23.564032363891602,
  "score": 0.7561794456951741
}