{
  "timestamp": "2025-12-12T12:52:42",
  "reference_file": "KernelBench/level1/37_FrobeniusNorm_.py",
  "candidate_file": "/home/hyc/LLMKernel/run/20251212_085222_batch_range20to30_deepseek_deepseek/37_FrobeniusNorm_/code/kernel_20251212_125228.py",
  "tolerance": 0.001,
  "max_abs_err": 1.0913936421275139e-11,
  "mean_abs_err": 3.779121980629352e-12,
  "ref_latency_ms": {
    "avg": 23.583942413330078,
    "min": 23.567359924316406,
    "max": 23.591936111450195,
    "all": [
      23.590911865234375,
      23.584543228149414,
      23.5849609375,
      23.591936111450195,
      23.567359924316406
    ]
  },
  "test_latency_ms": {
    "avg": 31.829535675048827,
    "min": 31.814655303955078,
    "max": 31.848447799682617,
    "all": [
      31.838207244873047,
      31.827871322631836,
      31.814655303955078,
      31.818496704101562,
      31.848447799682617
    ]
  },
  "num_runs": 5,
  "model_init_args": [],
  "model_init_kwargs": {},
  "seed": 100,
  "align_stats": {
    "copied_same_shape": 0,
    "unique_shape_copied": 0,
    "mapped_shape": 0,
    "skipped": 0,
    "pair_aligner": 0,
    "pair_key": "Model->ModelNew"
  },
  "runnable": true,
  "phase": "stage1_grid_and_parallel",
  "pytorch_baseline_ms": 23.564032363891602,
  "score": 0.7403197019415978
}