{
  "timestamp": "2025-12-12T13:12:34",
  "reference_file": "KernelBench/level1/37_FrobeniusNorm_.py",
  "candidate_file": "/home/hyc/LLMKernel/run/20251212_085222_batch_range20to30_deepseek_deepseek/37_FrobeniusNorm_/code/kernel_20251212_131219.py",
  "tolerance": 0.001,
  "max_abs_err": 3.637978807091713e-12,
  "mean_abs_err": 1.4400693094593353e-13,
  "ref_latency_ms": {
    "avg": 23.59070701599121,
    "min": 23.585792541503906,
    "max": 23.596031188964844,
    "all": [
      23.593984603881836,
      23.585792541503906,
      23.588863372802734,
      23.596031188964844,
      23.588863372802734
    ]
  },
  "test_latency_ms": {
    "avg": 31.331129455566405,
    "min": 31.321279525756836,
    "max": 31.360000610351562,
    "all": [
      31.360000610351562,
      31.323135375976562,
      31.322975158691406,
      31.321279525756836,
      31.328256607055664
    ]
  },
  "num_runs": 5,
  "model_init_args": [],
  "model_init_kwargs": {},
  "seed": 100,
  "align_stats": {
    "copied_same_shape": 0,
    "unique_shape_copied": 0,
    "mapped_shape": 0,
    "skipped": 0,
    "pair_aligner": 0,
    "pair_key": "Model->ModelNew"
  },
  "runnable": true,
  "phase": "stage3_repair",
  "pytorch_baseline_ms": 23.564032363891602,
  "score": 0.7520964859345385
}