{
  "timestamp": "2025-12-14T21:43:19",
  "reference_file": "KernelBench/level2/100_ConvTranspose3d_Clamp_Min_Divide.py",
  "candidate_file": "/home/hyc/LLMKernel/run/20251214_114800_batch_range81to100_deepseek_deepseek/100_ConvTranspose3d_Clamp_Min_Divide/code/kernel_20251214_214313.py",
  "tolerance": 0.001,
  "max_abs_err": 0.0,
  "mean_abs_err": 0.0,
  "ref_latency_ms": {
    "avg": 38.333676147460935,
    "min": 38.32099151611328,
    "max": 38.36518478393555,
    "all": [
      38.331390380859375,
      38.32099151611328,
      38.32454299926758,
      38.36518478393555,
      38.326271057128906
    ]
  },
  "test_latency_ms": {
    "avg": 34.3818244934082,
    "min": 34.33164978027344,
    "max": 34.509822845458984,
    "all": [
      34.36851119995117,
      34.33164978027344,
      34.343936920166016,
      34.509822845458984,
      34.355201721191406
    ]
  },
  "num_runs": 5,
  "model_init_args": [
    64,
    128,
    3,
    2,
    1,
    -1.0,
    2.0
  ],
  "model_init_kwargs": {},
  "seed": 100,
  "align_stats": {
    "pair_aligner": 1,
    "copied_same_shape": 1,
    "mapped_shape": 0,
    "skipped": 0,
    "pair_key": "Model->ModelNew"
  },
  "runnable": true,
  "phase": "stage3_memory_access",
  "pytorch_baseline_ms": 38.336480712890626,
  "score": 1.1150217092243206
}