{
  "timestamp": "2025-12-14T22:00:39",
  "reference_file": "KernelBench/level2/100_ConvTranspose3d_Clamp_Min_Divide.py",
  "candidate_file": "/home/hyc/LLMKernel/run/20251214_114800_batch_range81to100_deepseek_deepseek/100_ConvTranspose3d_Clamp_Min_Divide/code/kernel_20251214_220034.py",
  "tolerance": 0.001,
  "max_abs_err": 0.0,
  "mean_abs_err": 0.0,
  "ref_latency_ms": {
    "avg": 38.3187141418457,
    "min": 38.30579376220703,
    "max": 38.3375358581543,
    "all": [
      38.3375358581543,
      38.32844924926758,
      38.30579376220703,
      38.315006256103516,
      38.306785583496094
    ]
  },
  "test_latency_ms": {
    "avg": 34.42683563232422,
    "min": 34.40947341918945,
    "max": 34.45657730102539,
    "all": [
      34.45657730102539,
      34.426815032958984,
      34.40947341918945,
      34.41254425048828,
      34.428768157958984
    ]
  },
  "num_runs": 5,
  "model_init_args": [
    64,
    128,
    3,
    2,
    1,
    -1.0,
    2.0
  ],
  "model_init_kwargs": {},
  "seed": 100,
  "align_stats": {
    "pair_aligner": 1,
    "copied_same_shape": 1,
    "mapped_shape": 0,
    "skipped": 0,
    "pair_key": "Model->ModelNew"
  },
  "runnable": true,
  "phase": "stage4_repair",
  "pytorch_baseline_ms": 38.336480712890626,
  "score": 1.113563881453442
}