{
  "timestamp": "2025-12-14T21:35:40",
  "reference_file": "KernelBench/level2/100_ConvTranspose3d_Clamp_Min_Divide.py",
  "candidate_file": "/home/hyc/LLMKernel/run/20251214_114800_batch_range81to100_deepseek_deepseek/100_ConvTranspose3d_Clamp_Min_Divide/code/kernel_20251214_213534.py",
  "tolerance": 0.001,
  "max_abs_err": 0.0,
  "mean_abs_err": 0.0,
  "ref_latency_ms": {
    "avg": 38.336480712890626,
    "min": 38.32400131225586,
    "max": 38.35776138305664,
    "all": [
      38.35776138305664,
      38.32400131225586,
      38.3375358581543,
      38.3375358581543,
      38.32556915283203
    ]
  },
  "test_latency_ms": {
    "avg": 36.16865234375,
    "min": 36.15001678466797,
    "max": 36.18406295776367,
    "all": [
      36.1789436340332,
      36.162559509277344,
      36.16767883300781,
      36.18406295776367,
      36.15001678466797
    ]
  },
  "num_runs": 5,
  "model_init_args": [
    64,
    128,
    3,
    2,
    1,
    -1.0,
    2.0
  ],
  "model_init_kwargs": {},
  "seed": 100,
  "align_stats": {
    "pair_aligner": 1,
    "copied_same_shape": 1,
    "mapped_shape": 0,
    "skipped": 0,
    "pair_key": "Model->ModelNew"
  },
  "runnable": true,
  "phase": "seed_repair",
  "score": 1.059936664173644
}