{
  "timestamp": "2025-12-23T11:59:09",
  "reference_file": "KernelBench/t/55_conv_standard_2D__asymmetric_input__square_kernel.py",
  "candidate_file": "/home/hyc/LLMKernel/run/20251223_112828_batch_range49to58_openai_deepseek/55_conv_standard_2D__asymmetric_input__square_kernel/code/kernel_20251223_115901.py",
  "tolerance": 1,
  "max_abs_err": 0.0010516643524169922,
  "mean_abs_err": 0.0003056075656786561,
  "ref_latency_ms": {
    "avg": 12.146707153320312,
    "min": 12.131327629089355,
    "max": 12.16329574584961,
    "all": [
      12.16329574584961,
      12.152799606323242,
      12.134400367736816,
      12.151712417602539,
      12.131327629089355
    ]
  },
  "test_latency_ms": {
    "avg": 17.972006225585936,
    "min": 17.954816818237305,
    "max": 17.990623474121094,
    "all": [
      17.97222328186035,
      17.954816818237305,
      17.959903717041016,
      17.982463836669922,
      17.990623474121094
    ]
  },
  "num_runs": 5,
  "model_init_args": [
    64,
    128,
    3
  ],
  "model_init_kwargs": {},
  "seed": 100,
  "align_stats": {
    "pair_aligner": 1,
    "copied_same_shape": 1,
    "mapped_shape": 0,
    "skipped": 0,
    "pair_key": "Model->ModelNew"
  },
  "runnable": true,
  "phase": "stage2_block_tiling",
  "pytorch_baseline_ms": 12.137216186523437,
  "score": 0.6753400835820004
}