{
  "timestamp": "2025-12-13T15:49:40",
  "reference_file": "KernelBench/level1_low_score/55_conv_standard_2D__asymmetric_input__square_kernel.py",
  "candidate_file": "/home/hyc/LLMKernel/run/20251213_154616_batch_range55to65_openai_deepseek/55_conv_standard_2D__asymmetric_input__square_kernel/code/kernel_20251213_154932.py",
  "tolerance": 0.001,
  "max_abs_err": 0.0010516047477722168,
  "mean_abs_err": 0.00030558143043890595,
  "ref_latency_ms": {
    "avg": 9.714329719543457,
    "min": 9.697279930114746,
    "max": 9.72697639465332,
    "all": [
      9.72492790222168,
      9.72697639465332,
      9.699328422546387,
      9.697279930114746,
      9.723135948181152
    ]
  },
  "test_latency_ms": {
    "avg": 19.10110092163086,
    "min": 19.096576690673828,
    "max": 19.10358428955078,
    "all": [
      19.096576690673828,
      19.10358428955078,
      19.100927352905273,
      19.101696014404297,
      19.102720260620117
    ]
  },
  "num_runs": 5,
  "model_init_args": [
    64,
    128,
    3
  ],
  "model_init_kwargs": {},
  "seed": 100,
  "align_stats": {
    "pair_aligner": 1,
    "copied_same_shape": 1,
    "mapped_shape": 0,
    "skipped": 0,
    "pair_key": "Model->ModelNew"
  },
  "runnable": true,
  "phase": "stage1_grid_and_parallel",
  "pytorch_baseline_ms": 9.691891098022461,
  "score": 0.5073996068492037
}