{
  "timestamp": "2025-12-23T11:57:30",
  "reference_file": "KernelBench/t/55_conv_standard_2D__asymmetric_input__square_kernel.py",
  "candidate_file": "/home/hyc/LLMKernel/run/20251223_112828_batch_range49to58_openai_deepseek/55_conv_standard_2D__asymmetric_input__square_kernel/code/kernel_20251223_115722.py",
  "tolerance": 1,
  "max_abs_err": 0.0010516643524169922,
  "mean_abs_err": 0.0003056075656786561,
  "ref_latency_ms": {
    "avg": 12.133203125,
    "min": 12.125184059143066,
    "max": 12.148927688598633,
    "all": [
      12.148927688598633,
      12.125184059143066,
      12.125184059143066,
      12.128255844116211,
      12.138463973999023
    ]
  },
  "test_latency_ms": {
    "avg": 28.82968940734863,
    "min": 28.77027130126953,
    "max": 29.029375076293945,
    "all": [
      29.029375076293945,
      28.77235221862793,
      28.77027130126953,
      28.77030372619629,
      28.80614471435547
    ]
  },
  "num_runs": 5,
  "model_init_args": [
    64,
    128,
    3
  ],
  "model_init_kwargs": {},
  "seed": 100,
  "align_stats": {
    "pair_aligner": 1,
    "copied_same_shape": 1,
    "mapped_shape": 0,
    "skipped": 0,
    "pair_key": "Model->ModelNew"
  },
  "runnable": true,
  "phase": "stage1_grid_and_parallel",
  "pytorch_baseline_ms": 12.137216186523437,
  "score": 0.4209971191514011
}