{
  "timestamp": "2025-12-13T15:47:41",
  "reference_file": "KernelBench/level1_low_score/55_conv_standard_2D__asymmetric_input__square_kernel.py",
  "candidate_file": "/home/hyc/LLMKernel/run/20251213_154616_batch_range55to65_openai_deepseek/55_conv_standard_2D__asymmetric_input__square_kernel/code/kernel_20251213_154735.py",
  "tolerance": 0.001,
  "max_abs_err": 0.0010516047477722168,
  "mean_abs_err": 0.00030558143043890595,
  "ref_latency_ms": {
    "avg": 9.691891098022461,
    "min": 9.684800148010254,
    "max": 9.705375671386719,
    "all": [
      9.705375671386719,
      9.684991836547852,
      9.696224212646484,
      9.688063621520996,
      9.684800148010254
    ]
  },
  "test_latency_ms": {
    "avg": 21.187942123413087,
    "min": 21.170175552368164,
    "max": 21.22444725036621,
    "all": [
      21.187583923339844,
      21.22444725036621,
      21.172096252441406,
      21.170175552368164,
      21.185407638549805
    ]
  },
  "num_runs": 5,
  "model_init_args": [
    64,
    128,
    3
  ],
  "model_init_kwargs": {},
  "seed": 100,
  "align_stats": {
    "pair_aligner": 1,
    "copied_same_shape": 1,
    "mapped_shape": 0,
    "skipped": 0,
    "pair_key": "Model->ModelNew"
  },
  "runnable": true,
  "phase": "seed",
  "score": 0.4574248429399254
}