{
  "timestamp": "2025-12-23T12:00:22",
  "reference_file": "KernelBench/t/55_conv_standard_2D__asymmetric_input__square_kernel.py",
  "candidate_file": "/home/hyc/LLMKernel/run/20251223_112828_batch_range49to58_openai_deepseek/55_conv_standard_2D__asymmetric_input__square_kernel/code/kernel_20251223_120014.py",
  "tolerance": 1,
  "max_abs_err": 0.0010516643524169922,
  "mean_abs_err": 0.0003056075656786561,
  "ref_latency_ms": {
    "avg": 12.163315200805664,
    "min": 12.128255844116211,
    "max": 12.195839881896973,
    "all": [
      12.195839881896973,
      12.175456047058105,
      12.165216445922852,
      12.15180778503418,
      12.128255844116211
    ]
  },
  "test_latency_ms": {
    "avg": 27.78780174255371,
    "min": 27.73289680480957,
    "max": 27.871231079101562,
    "all": [
      27.871231079101562,
      27.829248428344727,
      27.767520904541016,
      27.73289680480957,
      27.73811149597168
    ]
  },
  "num_runs": 5,
  "model_init_args": [
    64,
    128,
    3
  ],
  "model_init_kwargs": {},
  "seed": 100,
  "align_stats": {
    "pair_aligner": 1,
    "copied_same_shape": 1,
    "mapped_shape": 0,
    "skipped": 0,
    "pair_key": "Model->ModelNew"
  },
  "runnable": true,
  "phase": "stage3_memory_and_tuning",
  "pytorch_baseline_ms": 12.137216186523437,
  "score": 0.43678216430977107
}