{
  "timestamp": "2025-12-23T11:53:07",
  "reference_file": "KernelBench/t/55_conv_standard_2D__asymmetric_input__square_kernel.py",
  "candidate_file": "/home/hyc/LLMKernel/run/20251223_112828_batch_range49to58_openai_deepseek/55_conv_standard_2D__asymmetric_input__square_kernel/code/kernel_20251223_115300.py",
  "tolerance": 1,
  "max_abs_err": 0.0004369020462036133,
  "mean_abs_err": 9.170416160486639e-05,
  "ref_latency_ms": {
    "avg": 12.137216186523437,
    "min": 12.121888160705566,
    "max": 12.167136192321777,
    "all": [
      12.167136192321777,
      12.130304336547852,
      12.128255844116211,
      12.121888160705566,
      12.138496398925781
    ]
  },
  "test_latency_ms": {
    "avg": 95.51514892578125,
    "min": 95.47058868408203,
    "max": 95.61068725585938,
    "all": [
      95.61068725585938,
      95.49696350097656,
      95.50233459472656,
      95.47058868408203,
      95.49517059326172
    ]
  },
  "num_runs": 5,
  "model_init_args": [
    64,
    128,
    3
  ],
  "model_init_kwargs": {},
  "seed": 100,
  "align_stats": {
    "pair_aligner": 1,
    "copied_same_shape": 1,
    "mapped_shape": 0,
    "skipped": 0,
    "pair_key": "Model->ModelNew"
  },
  "runnable": true,
  "phase": "seed_0",
  "score": 0.12707111199663726
}