{
  "timestamp": "2025-12-23T11:55:28",
  "reference_file": "KernelBench/t/55_conv_standard_2D__asymmetric_input__square_kernel.py",
  "candidate_file": "/home/hyc/LLMKernel/run/20251223_112828_batch_range49to58_openai_deepseek/55_conv_standard_2D__asymmetric_input__square_kernel/code/kernel_20251223_115522.py",
  "tolerance": 1,
  "max_abs_err": 0.0010516643524169922,
  "mean_abs_err": 0.0003056075656786561,
  "ref_latency_ms": {
    "avg": 12.130886459350586,
    "min": 12.123135566711426,
    "max": 12.146880149841309,
    "all": [
      12.146880149841309,
      12.129183769226074,
      12.123135566711426,
      12.130304336547852,
      12.12492847442627
    ]
  },
  "test_latency_ms": {
    "avg": 29.79819526672363,
    "min": 29.74822425842285,
    "max": 29.837312698364258,
    "all": [
      29.837312698364258,
      29.832191467285156,
      29.81171226501465,
      29.74822425842285,
      29.76153564453125
    ]
  },
  "num_runs": 5,
  "model_init_args": [
    64,
    128,
    3
  ],
  "model_init_kwargs": {},
  "seed": 100,
  "align_stats": {
    "pair_aligner": 1,
    "copied_same_shape": 1,
    "mapped_shape": 0,
    "skipped": 0,
    "pair_key": "Model->ModelNew"
  },
  "runnable": true,
  "phase": "algorithm_optimized_seed0",
  "pytorch_baseline_ms": 12.137216186523437,
  "score": 0.4073138013186108
}