{
  "timestamp": "2025-12-15T07:23:44",
  "reference_file": "KernelBench/level2/22_Matmul_Scale_ResidualAdd_Clamp_LogSumExp_Mish.py",
  "candidate_file": "/home/hyc/LLMKernel/run/20251215_070831_batch_range21to25_openai_deepseek/22_Matmul_Scale_ResidualAdd_Clamp_LogSumExp_Mish/code/kernel_20251215_072337.py",
  "tolerance": 0.001,
  "max_abs_err": 0.01497650146484375,
  "mean_abs_err": 0.013069979846477509,
  "ref_latency_ms": {
    "avg": 3.2620223999023437,
    "min": 3.2522239685058594,
    "max": 3.2860159873962402,
    "all": [
      3.2860159873962402,
      3.256319999694824,
      3.260256052017212,
      3.255295991897583,
      3.2522239685058594
    ]
  },
  "test_latency_ms": {
    "avg": 4.193632030487061,
    "min": 4.188159942626953,
    "max": 4.198400020599365,
    "all": [
      4.198400020599365,
      4.193183898925781,
      4.193088054656982,
      4.195328235626221,
      4.188159942626953
    ]
  },
  "num_runs": 5,
  "model_init_args": [
    8192,
    8192,
    2.0,
    -10.0,
    10.0
  ],
  "model_init_kwargs": {},
  "seed": 100,
  "align_stats": {
    "copied_same_shape": 2,
    "unique_shape_copied": 0,
    "mapped_shape": 0,
    "skipped": 0,
    "pair_aligner": 0,
    "pair_key": "Model->ModelNew"
  },
  "runnable": true,
  "phase": "stage2_block_tiling",
  "pytorch_baseline_ms": 3.2659328460693358,
  "score": 0.7787838375724206
}