{
  "timestamp": "2025-12-15T07:25:18",
  "reference_file": "KernelBench/level2/22_Matmul_Scale_ResidualAdd_Clamp_LogSumExp_Mish.py",
  "candidate_file": "/home/hyc/LLMKernel/run/20251215_070831_batch_range21to25_openai_deepseek/22_Matmul_Scale_ResidualAdd_Clamp_LogSumExp_Mish/code/kernel_20251215_072508.py",
  "tolerance": 0.001,
  "max_abs_err": 0.01497650146484375,
  "mean_abs_err": 0.013070464134216309,
  "ref_latency_ms": {
    "avg": 3.269011211395264,
    "min": 3.2614400386810303,
    "max": 3.289088010787964,
    "all": [
      3.289088010787964,
      3.2695040702819824,
      3.2634880542755127,
      3.2614400386810303,
      3.261535882949829
    ]
  },
  "test_latency_ms": {
    "avg": 4.132223987579346,
    "min": 4.128767967224121,
    "max": 4.134912014007568,
    "all": [
      4.132863998413086,
      4.134912014007568,
      4.131711959838867,
      4.132863998413086,
      4.128767967224121
    ]
  },
  "num_runs": 5,
  "model_init_args": [
    8192,
    8192,
    2.0,
    -10.0,
    10.0
  ],
  "model_init_kwargs": {},
  "seed": 100,
  "align_stats": {
    "copied_same_shape": 2,
    "unique_shape_copied": 0,
    "mapped_shape": 0,
    "skipped": 0,
    "pair_aligner": 0,
    "pair_key": "Model->ModelNew"
  },
  "runnable": true,
  "phase": "stage3_memory_access",
  "pytorch_baseline_ms": 3.2659328460693358,
  "score": 0.7903571674444775
}