{
  "timestamp": "2025-12-23T09:09:57",
  "reference_file": "KernelBench/level2/22_Matmul_Scale_ResidualAdd_Clamp_LogSumExp_Mish.py",
  "candidate_file": "/home/hyc/LLMKernel/run/20251223_090101_22_Matmul_Scale_ResidualAdd_Clamp_LogSumExp_Mish_openai_deepseek/22_Matmul_Scale_ResidualAdd_Clamp_LogSumExp_Mish/code/kernel_20251223_090952.py",
  "tolerance": 1,
  "max_abs_err": 2.288818359375e-05,
  "mean_abs_err": 2.8759241104125977e-06,
  "ref_latency_ms": {
    "avg": 3.3161152362823487,
    "min": 3.3034238815307617,
    "max": 3.3310720920562744,
    "all": [
      3.3310720920562744,
      3.3218560218811035,
      3.3175361156463623,
      3.3034238815307617,
      3.306688070297241
    ]
  },
  "test_latency_ms": {
    "avg": 3.189446449279785,
    "min": 3.176448106765747,
    "max": 3.206144094467163,
    "all": [
      3.206144094467163,
      3.195136070251465,
      3.190783977508545,
      3.178719997406006,
      3.176448106765747
    ]
  },
  "num_runs": 5,
  "model_init_args": [
    8192,
    8192,
    2.0,
    -10.0,
    10.0
  ],
  "model_init_kwargs": {},
  "seed": 100,
  "align_stats": {
    "copied_same_shape": 2,
    "unique_shape_copied": 0,
    "mapped_shape": 0,
    "skipped": 0,
    "pair_aligner": 0,
    "pair_key": "Model->ModelNew"
  },
  "runnable": true,
  "phase": "stage3_memory_and_tuning",
  "pytorch_baseline_ms": 3.285728025436401,
  "score": 1.030187550626021
}