{
  "timestamp": "2025-12-23T09:05:45",
  "reference_file": "KernelBench/level2/22_Matmul_Scale_ResidualAdd_Clamp_LogSumExp_Mish.py",
  "candidate_file": "/home/hyc/LLMKernel/run/20251223_090101_22_Matmul_Scale_ResidualAdd_Clamp_LogSumExp_Mish_openai_deepseek/22_Matmul_Scale_ResidualAdd_Clamp_LogSumExp_Mish/code/kernel_20251223_090540.py",
  "tolerance": 1,
  "max_abs_err": 0.01497650146484375,
  "mean_abs_err": 0.01307041198015213,
  "ref_latency_ms": {
    "avg": 3.3099647521972657,
    "min": 3.3024001121520996,
    "max": 3.32588791847229,
    "all": [
      3.32588791847229,
      3.3064959049224854,
      3.304447889328003,
      3.3024001121520996,
      3.31059193611145
    ]
  },
  "test_latency_ms": {
    "avg": 13.082457542419434,
    "min": 12.997632026672363,
    "max": 13.289471626281738,
    "all": [
      13.04800033569336,
      13.289471626281738,
      12.997632026672363,
      13.011967658996582,
      13.065216064453125
    ]
  },
  "num_runs": 5,
  "model_init_args": [
    8192,
    8192,
    2.0,
    -10.0,
    10.0
  ],
  "model_init_kwargs": {},
  "seed": 100,
  "align_stats": {
    "copied_same_shape": 0,
    "unique_shape_copied": 2,
    "mapped_shape": 0,
    "skipped": 0,
    "pair_aligner": 0,
    "pair_key": "Model->ModelNew"
  },
  "runnable": true,
  "phase": "algorithm_optimized_seed0",
  "pytorch_baseline_ms": 3.285728025436401,
  "score": 0.2511552599947324
}