{
  "timestamp": "2025-12-23T09:04:22",
  "reference_file": "KernelBench/level2/22_Matmul_Scale_ResidualAdd_Clamp_LogSumExp_Mish.py",
  "candidate_file": "/home/hyc/LLMKernel/run/20251223_090101_22_Matmul_Scale_ResidualAdd_Clamp_LogSumExp_Mish_openai_deepseek/22_Matmul_Scale_ResidualAdd_Clamp_LogSumExp_Mish/code/kernel_20251223_090357.py",
  "tolerance": 1,
  "max_abs_err": 0.01497650146484375,
  "mean_abs_err": 0.013070695102214813,
  "ref_latency_ms": {
    "avg": 3.292486333847046,
    "min": 3.2837119102478027,
    "max": 3.3119359016418457,
    "all": [
      3.3119359016418457,
      3.2900478839874268,
      3.2837119102478027,
      3.2889599800109863,
      3.287775993347168
    ]
  },
  "test_latency_ms": {
    "avg": 809.9683620452881,
    "min": 20.948991775512695,
    "max": 1993.60009765625,
    "all": [
      1993.60009765625,
      1992.529296875,
      21.789695739746094,
      20.97372817993164,
      20.948991775512695
    ]
  },
  "num_runs": 5,
  "model_init_args": [
    8192,
    8192,
    2.0,
    -10.0,
    10.0
  ],
  "model_init_kwargs": {},
  "seed": 100,
  "align_stats": {
    "copied_same_shape": 2,
    "unique_shape_copied": 0,
    "mapped_shape": 0,
    "skipped": 0,
    "pair_aligner": 0,
    "pair_key": "Model->ModelNew"
  },
  "runnable": true,
  "phase": "seed_1",
  "pytorch_baseline_ms": 3.285728025436401,
  "score": 0.004056612800454896
}