{
  "timestamp": "2025-12-23T09:07:11",
  "reference_file": "KernelBench/level2/22_Matmul_Scale_ResidualAdd_Clamp_LogSumExp_Mish.py",
  "candidate_file": "/home/hyc/LLMKernel/run/20251223_090101_22_Matmul_Scale_ResidualAdd_Clamp_LogSumExp_Mish_openai_deepseek/22_Matmul_Scale_ResidualAdd_Clamp_LogSumExp_Mish/code/kernel_20251223_090649.py",
  "tolerance": 1,
  "max_abs_err": 3.0517578125e-05,
  "mean_abs_err": 3.91155481338501e-06,
  "ref_latency_ms": {
    "avg": 3.279302406311035,
    "min": 3.2725439071655273,
    "max": 3.2883520126342773,
    "all": [
      3.2883520126342773,
      3.2805120944976807,
      3.2725439071655273,
      3.277631998062134,
      3.2774720191955566
    ]
  },
  "test_latency_ms": {
    "avg": 3.3710976123809813,
    "min": 3.0565760135650635,
    "max": 3.906719923019409,
    "all": [
      3.906719923019409,
      3.1720640659332275,
      3.144320011138916,
      3.575808048248291,
      3.0565760135650635
    ]
  },
  "num_runs": 5,
  "model_init_args": [
    8192,
    8192,
    2.0,
    -10.0,
    10.0
  ],
  "model_init_kwargs": {},
  "seed": 100,
  "align_stats": {
    "copied_same_shape": 2,
    "unique_shape_copied": 0,
    "mapped_shape": 0,
    "skipped": 0,
    "pair_aligner": 0,
    "pair_key": "Model->ModelNew"
  },
  "runnable": true,
  "phase": "algorithm_optimized_seed1",
  "pytorch_baseline_ms": 3.285728025436401,
  "score": 0.9746760263983326
}