{
  "timestamp": "2025-12-15T07:20:47",
  "reference_file": "KernelBench/level2/22_Matmul_Scale_ResidualAdd_Clamp_LogSumExp_Mish.py",
  "candidate_file": "/home/hyc/LLMKernel/run/20251215_070831_batch_range21to25_openai_deepseek/22_Matmul_Scale_ResidualAdd_Clamp_LogSumExp_Mish/code/kernel_20251215_072043.py",
  "tolerance": 0.001,
  "max_abs_err": 0.01497650146484375,
  "mean_abs_err": 0.013070650398731232,
  "ref_latency_ms": {
    "avg": 3.2659328460693358,
    "min": 3.255295991897583,
    "max": 3.289088010787964,
    "all": [
      3.289088010787964,
      3.264512062072754,
      3.2624640464782715,
      3.255295991897583,
      3.2583041191101074
    ]
  },
  "test_latency_ms": {
    "avg": 4.061388874053955,
    "min": 4.056064128875732,
    "max": 4.069375991821289,
    "all": [
      4.063168048858643,
      4.058176040649414,
      4.060160160064697,
      4.056064128875732,
      4.069375991821289
    ]
  },
  "num_runs": 5,
  "model_init_args": [
    8192,
    8192,
    2.0,
    -10.0,
    10.0
  ],
  "model_init_kwargs": {},
  "seed": 100,
  "align_stats": {
    "copied_same_shape": 2,
    "unique_shape_copied": 0,
    "mapped_shape": 0,
    "skipped": 0,
    "pair_aligner": 0,
    "pair_key": "Model->ModelNew"
  },
  "runnable": true,
  "phase": "seed_repair",
  "score": 0.8041418705146992
}