{
  "timestamp": "2025-12-15T07:26:46",
  "reference_file": "KernelBench/level2/22_Matmul_Scale_ResidualAdd_Clamp_LogSumExp_Mish.py",
  "candidate_file": "/home/hyc/LLMKernel/run/20251215_070831_batch_range21to25_openai_deepseek/22_Matmul_Scale_ResidualAdd_Clamp_LogSumExp_Mish/code/kernel_20251215_072637.py",
  "tolerance": 0.001,
  "max_abs_err": 0.01497650146484375,
  "mean_abs_err": 0.013070739805698395,
  "ref_latency_ms": {
    "avg": 3.2696320533752443,
    "min": 3.260416030883789,
    "max": 3.2921600341796875,
    "all": [
      3.2921600341796875,
      3.270656108856201,
      3.2634880542755127,
      3.260416030883789,
      3.2614400386810303
    ]
  },
  "test_latency_ms": {
    "avg": 4.0491009712219235,
    "min": 4.020224094390869,
    "max": 4.068352222442627,
    "all": [
      4.068352222442627,
      4.068352222442627,
      4.06220817565918,
      4.020224094390869,
      4.026368141174316
    ]
  },
  "num_runs": 5,
  "model_init_args": [
    8192,
    8192,
    2.0,
    -10.0,
    10.0
  ],
  "model_init_kwargs": {},
  "seed": 100,
  "align_stats": {
    "copied_same_shape": 2,
    "unique_shape_copied": 0,
    "mapped_shape": 0,
    "skipped": 0,
    "pair_aligner": 0,
    "pair_key": "Model->ModelNew"
  },
  "runnable": true,
  "phase": "stage4_advanced_memory",
  "pytorch_baseline_ms": 3.2659328460693358,
  "score": 0.8065822189372951
}