{
  "timestamp": "2025-12-23T09:08:30",
  "reference_file": "KernelBench/level2/22_Matmul_Scale_ResidualAdd_Clamp_LogSumExp_Mish.py",
  "candidate_file": "/home/hyc/LLMKernel/run/20251223_090101_22_Matmul_Scale_ResidualAdd_Clamp_LogSumExp_Mish_openai_deepseek/22_Matmul_Scale_ResidualAdd_Clamp_LogSumExp_Mish/code/kernel_20251223_090751.py",
  "tolerance": 1,
  "max_abs_err": 3.0517578125e-05,
  "mean_abs_err": 4.425644874572754e-06,
  "ref_latency_ms": {
    "avg": 3.382886362075806,
    "min": 3.3669118881225586,
    "max": 3.3996798992156982,
    "all": [
      3.3996798992156982,
      3.388416051864624,
      3.3751039505004883,
      3.384320020675659,
      3.3669118881225586
    ]
  },
  "test_latency_ms": {
    "avg": 3.298636817932129,
    "min": 3.284991979598999,
    "max": 3.307391881942749,
    "all": [
      3.307391881942749,
      3.284991979598999,
      3.2983040809631348,
      3.2972800731658936,
      3.305216073989868
    ]
  },
  "num_runs": 5,
  "model_init_args": [
    8192,
    8192,
    2.0,
    -10.0,
    10.0
  ],
  "model_init_kwargs": {},
  "seed": 100,
  "align_stats": {
    "copied_same_shape": 2,
    "unique_shape_copied": 0,
    "mapped_shape": 0,
    "skipped": 0,
    "pair_aligner": 0,
    "pair_key": "Model->ModelNew"
  },
  "runnable": true,
  "phase": "stage1_grid_and_parallel",
  "pytorch_baseline_ms": 3.285728025436401,
  "score": 0.9960866281411908
}