{
  "timestamp": "2025-12-23T09:02:49",
  "reference_file": "KernelBench/level2/22_Matmul_Scale_ResidualAdd_Clamp_LogSumExp_Mish.py",
  "candidate_file": "/home/hyc/LLMKernel/run/20251223_090101_22_Matmul_Scale_ResidualAdd_Clamp_LogSumExp_Mish_openai_deepseek/22_Matmul_Scale_ResidualAdd_Clamp_LogSumExp_Mish/code/kernel_20251223_090243.py",
  "tolerance": 1,
  "max_abs_err": 0.01497650146484375,
  "mean_abs_err": 0.013070516288280487,
  "ref_latency_ms": {
    "avg": 3.285728025436401,
    "min": 3.2786240577697754,
    "max": 3.2962560653686523,
    "all": [
      3.2962560653686523,
      3.289088010787964,
      3.2786240577697754,
      3.2817280292510986,
      3.2829439640045166
    ]
  },
  "test_latency_ms": {
    "avg": 3.8363264083862303,
    "min": 3.7806079387664795,
    "max": 3.8973441123962402,
    "all": [
      3.8973441123962402,
      3.890239953994751,
      3.827712059020996,
      3.7857279777526855,
      3.7806079387664795
    ]
  },
  "num_runs": 5,
  "model_init_args": [
    8192,
    8192,
    2.0,
    -10.0,
    10.0
  ],
  "model_init_kwargs": {},
  "seed": 100,
  "align_stats": {
    "copied_same_shape": 0,
    "unique_shape_copied": 2,
    "mapped_shape": 0,
    "skipped": 0,
    "pair_aligner": 0,
    "pair_key": "Model->ModelNew"
  },
  "runnable": true,
  "phase": "seed_0",
  "score": 0.8564777017549347
}