{
  "timestamp": "2025-12-23T09:09:17",
  "reference_file": "KernelBench/level2/22_Matmul_Scale_ResidualAdd_Clamp_LogSumExp_Mish.py",
  "candidate_file": "/home/hyc/LLMKernel/run/20251223_090101_22_Matmul_Scale_ResidualAdd_Clamp_LogSumExp_Mish_openai_deepseek/22_Matmul_Scale_ResidualAdd_Clamp_LogSumExp_Mish/code/kernel_20251223_090912.py",
  "tolerance": 1,
  "max_abs_err": 3.0517578125e-05,
  "mean_abs_err": 4.425644874572754e-06,
  "ref_latency_ms": {
    "avg": 3.325337600708008,
    "min": 3.3126399517059326,
    "max": 3.3372159004211426,
    "all": [
      3.3372159004211426,
      3.324928045272827,
      3.3269760608673096,
      3.3126399517059326,
      3.324928045272827
    ]
  },
  "test_latency_ms": {
    "avg": 3.1417791843414307,
    "min": 3.1283199787139893,
    "max": 3.1825919151306152,
    "all": [
      3.1825919151306152,
      3.132416009902954,
      3.130079984664917,
      3.1354880332946777,
      3.1283199787139893
    ]
  },
  "num_runs": 5,
  "model_init_args": [
    8192,
    8192,
    2.0,
    -10.0,
    10.0
  ],
  "model_init_kwargs": {},
  "seed": 100,
  "align_stats": {
    "copied_same_shape": 2,
    "unique_shape_copied": 0,
    "mapped_shape": 0,
    "skipped": 0,
    "pair_aligner": 0,
    "pair_key": "Model->ModelNew"
  },
  "runnable": true,
  "phase": "stage2_block_tiling",
  "pytorch_baseline_ms": 3.285728025436401,
  "score": 1.045817618823248
}