{
  "timestamp": "2025-12-15T07:22:34",
  "reference_file": "KernelBench/level2/22_Matmul_Scale_ResidualAdd_Clamp_LogSumExp_Mish.py",
  "candidate_file": "/home/hyc/LLMKernel/run/20251215_070831_batch_range21to25_openai_deepseek/22_Matmul_Scale_ResidualAdd_Clamp_LogSumExp_Mish/code/kernel_20251215_072224.py",
  "tolerance": 0.001,
  "max_abs_err": 0.01497650146484375,
  "mean_abs_err": 0.01307060569524765,
  "ref_latency_ms": {
    "avg": 3.268403244018555,
    "min": 3.259392023086548,
    "max": 3.2921600341796875,
    "all": [
      3.2921600341796875,
      3.2675840854644775,
      3.2624640464782715,
      3.259392023086548,
      3.260416030883789
    ]
  },
  "test_latency_ms": {
    "avg": 4.016806507110596,
    "min": 4.013184070587158,
    "max": 4.020224094390869,
    "all": [
      4.020224094390869,
      4.020224094390869,
      4.014080047607422,
      4.013184070587158,
      4.01632022857666
    ]
  },
  "num_runs": 5,
  "model_init_args": [
    8192,
    8192,
    2.0,
    -10.0,
    10.0
  ],
  "model_init_kwargs": {},
  "seed": 100,
  "align_stats": {
    "copied_same_shape": 2,
    "unique_shape_copied": 0,
    "mapped_shape": 0,
    "skipped": 0,
    "pair_aligner": 0,
    "pair_key": "Model->ModelNew"
  },
  "runnable": true,
  "phase": "stage1_grid_and_parallel",
  "pytorch_baseline_ms": 3.2659328460693358,
  "score": 0.8130670074069898
}