{
  "timestamp": "2025-12-23T09:01:33",
  "reference_file": "KernelBench/level2/84_Gemm_BatchNorm_Scaling_Softmax.py",
  "candidate_file": "/home/hyc/LLMKernel/run/20251223_090002_84_Gemm_BatchNorm_Scaling_Softmax_openai_deepseek/84_Gemm_BatchNorm_Scaling_Softmax/code/kernel_20251223_090128.py",
  "tolerance": 1,
  "max_abs_err": 5.4836273193359375e-05,
  "mean_abs_err": 7.24920035111154e-09,
  "ref_latency_ms": {
    "avg": 3.311423969268799,
    "min": 3.304352045059204,
    "max": 3.3226239681243896,
    "all": [
      3.3226239681243896,
      3.3127999305725098,
      3.3085439205169678,
      3.304352045059204,
      3.308799982070923
    ]
  },
  "test_latency_ms": {
    "avg": 2.559110403060913,
    "min": 2.5374081134796143,
    "max": 2.587615966796875,
    "all": [
      2.587615966796875,
      2.5569279193878174,
      2.5610239505767822,
      2.5374081134796143,
      2.5525760650634766
    ]
  },
  "num_runs": 5,
  "model_init_args": [
    8192,
    8192,
    1e-05,
    0.1,
    [
      1
    ]
  ],
  "model_init_kwargs": {},
  "seed": 100,
  "align_stats": {
    "copied_same_shape": 8,
    "unique_shape_copied": 0,
    "mapped_shape": 0,
    "skipped": 0,
    "pair_aligner": 0,
    "pair_key": "Model->ModelNew"
  },
  "runnable": true,
  "phase": "seed_0",
  "score": 1.2939746426367753
}