{
  "timestamp": "2025-12-23T09:06:49",
  "reference_file": "KernelBench/level2/84_Gemm_BatchNorm_Scaling_Softmax.py",
  "candidate_file": "/home/hyc/LLMKernel/run/20251223_090002_84_Gemm_BatchNorm_Scaling_Softmax_openai_deepseek/84_Gemm_BatchNorm_Scaling_Softmax/code/kernel_20251223_090643.py",
  "tolerance": 1,
  "max_abs_err": 5.4955482482910156e-05,
  "mean_abs_err": 7.24265536433677e-09,
  "ref_latency_ms": {
    "avg": 3.4119616508483888,
    "min": 3.3995521068573,
    "max": 3.428352117538452,
    "all": [
      3.428352117538452,
      3.4119679927825928,
      3.412992000579834,
      3.3995521068573,
      3.4069440364837646
    ]
  },
  "test_latency_ms": {
    "avg": 2.2487231731414794,
    "min": 2.243583917617798,
    "max": 2.2529280185699463,
    "all": [
      2.2529280185699463,
      2.243583917617798,
      2.246623992919922,
      2.248703956604004,
      2.2517759799957275
    ]
  },
  "num_runs": 5,
  "model_init_args": [
    8192,
    8192,
    1e-05,
    0.1,
    [
      1
    ]
  ],
  "model_init_kwargs": {},
  "seed": 100,
  "align_stats": {
    "copied_same_shape": 8,
    "unique_shape_copied": 0,
    "mapped_shape": 0,
    "skipped": 0,
    "pair_aligner": 0,
    "pair_key": "Model->ModelNew"
  },
  "runnable": true,
  "phase": "stage2_block_tiling",
  "pytorch_baseline_ms": 3.311423969268799,
  "score": 1.4725796437819068
}