{
  "timestamp": "2025-12-23T09:10:13",
  "reference_file": "KernelBench/level2/84_Gemm_BatchNorm_Scaling_Softmax.py",
  "candidate_file": "/home/hyc/LLMKernel/run/20251223_090002_84_Gemm_BatchNorm_Scaling_Softmax_openai_deepseek/84_Gemm_BatchNorm_Scaling_Softmax/code/kernel_20251223_091008.py",
  "tolerance": 1,
  "max_abs_err": 5.4955482482910156e-05,
  "mean_abs_err": 7.246226285673174e-09,
  "ref_latency_ms": {
    "avg": 3.4060287475585938,
    "min": 3.3996798992156982,
    "max": 3.4211840629577637,
    "all": [
      3.4211840629577637,
      3.4007039070129395,
      3.402751922607422,
      3.4058239459991455,
      3.3996798992156982
    ]
  },
  "test_latency_ms": {
    "avg": 2.478425645828247,
    "min": 2.475872039794922,
    "max": 2.481152057647705,
    "all": [
      2.4799680709838867,
      2.4791040420532227,
      2.476032018661499,
      2.475872039794922,
      2.481152057647705
    ]
  },
  "num_runs": 5,
  "model_init_args": [
    8192,
    8192,
    1e-05,
    0.1,
    [
      1
    ]
  ],
  "model_init_kwargs": {},
  "seed": 100,
  "align_stats": {
    "copied_same_shape": 8,
    "unique_shape_copied": 0,
    "mapped_shape": 0,
    "skipped": 0,
    "pair_aligner": 0,
    "pair_key": "Model->ModelNew"
  },
  "runnable": true,
  "phase": "stage3_memory_and_tuning",
  "pytorch_baseline_ms": 3.311423969268799,
  "score": 1.336099783684323
}