{
  "timestamp": "2025-12-14T13:00:57",
  "reference_file": "KernelBench/level2/84_Gemm_BatchNorm_Scaling_Softmax.py",
  "candidate_file": "/home/hyc/LLMKernel/run/20251214_114800_batch_range81to100_deepseek_deepseek/84_Gemm_BatchNorm_Scaling_Softmax/code/kernel_20251214_130052.py",
  "tolerance": 0.001,
  "max_abs_err": 8.0108642578125e-05,
  "mean_abs_err": 8.63450821952938e-09,
  "ref_latency_ms": {
    "avg": 3.219071960449219,
    "min": 3.2115519046783447,
    "max": 3.2349119186401367,
    "all": [
      3.2349119186401367,
      3.2171521186828613,
      3.2133119106292725,
      3.2115519046783447,
      3.2184319496154785
    ]
  },
  "test_latency_ms": {
    "avg": 4.2149759292602536,
    "min": 4.20963191986084,
    "max": 4.220928192138672,
    "all": [
      4.215807914733887,
      4.20963191986084,
      4.211455821990967,
      4.217055797576904,
      4.220928192138672
    ]
  },
  "num_runs": 5,
  "model_init_args": [
    8192,
    8192,
    1e-05,
    0.1,
    [
      1
    ]
  ],
  "model_init_kwargs": {},
  "seed": 100,
  "align_stats": {
    "copied_same_shape": 1,
    "unique_shape_copied": 1,
    "mapped_shape": 0,
    "skipped": 4,
    "pair_aligner": 0,
    "pair_key": "Model->ModelNew"
  },
  "runnable": true,
  "phase": "stage4_advanced_memory",
  "pytorch_baseline_ms": 3.1833791732788086,
  "score": 0.7552544134783482
}