{
  "timestamp": "2025-12-14T12:29:23",
  "reference_file": "KernelBench/level2/84_Gemm_BatchNorm_Scaling_Softmax.py",
  "candidate_file": "/home/hyc/LLMKernel/run/20251214_114800_batch_range81to100_deepseek_deepseek/84_Gemm_BatchNorm_Scaling_Softmax/code/kernel_20251214_122917.py",
  "tolerance": 0.001,
  "max_abs_err": 8.0108642578125e-05,
  "mean_abs_err": 8.63450821952938e-09,
  "ref_latency_ms": {
    "avg": 3.1833791732788086,
    "min": 3.171328067779541,
    "max": 3.200000047683716,
    "all": [
      3.200000047683716,
      3.171328067779541,
      3.1836159229278564,
      3.176287889480591,
      3.185663938522339
    ]
  },
  "test_latency_ms": {
    "avg": 4.230348682403564,
    "min": 4.227071762084961,
    "max": 4.2342400550842285,
    "all": [
      4.228096008300781,
      4.227071762084961,
      4.233215808868408,
      4.229119777679443,
      4.2342400550842285
    ]
  },
  "num_runs": 5,
  "model_init_args": [
    8192,
    8192,
    1e-05,
    0.1,
    [
      1
    ]
  ],
  "model_init_kwargs": {},
  "seed": 100,
  "align_stats": {
    "copied_same_shape": 1,
    "unique_shape_copied": 1,
    "mapped_shape": 0,
    "skipped": 4,
    "pair_aligner": 0,
    "pair_key": "Model->ModelNew"
  },
  "runnable": true,
  "phase": "seed_repair",
  "score": 0.7525098785639823
}