{
  "timestamp": "2025-12-23T09:04:38",
  "reference_file": "KernelBench/level2/84_Gemm_BatchNorm_Scaling_Softmax.py",
  "candidate_file": "/home/hyc/LLMKernel/run/20251223_090002_84_Gemm_BatchNorm_Scaling_Softmax_openai_deepseek/84_Gemm_BatchNorm_Scaling_Softmax/code/kernel_20251223_090431.py",
  "tolerance": 1,
  "max_abs_err": 5.4955482482910156e-05,
  "mean_abs_err": 7.246226285673174e-09,
  "ref_latency_ms": {
    "avg": 3.4049471855163573,
    "min": 3.396320104598999,
    "max": 3.414016008377075,
    "all": [
      3.414016008377075,
      3.396320104598999,
      3.4068479537963867,
      3.403775930404663,
      3.403775930404663
    ]
  },
  "test_latency_ms": {
    "avg": 2.0115007877349855,
    "min": 2.002943992614746,
    "max": 2.023423910140991,
    "all": [
      2.0152320861816406,
      2.0090880393981934,
      2.0068159103393555,
      2.002943992614746,
      2.023423910140991
    ]
  },
  "num_runs": 5,
  "model_init_args": [
    8192,
    8192,
    1e-05,
    0.1,
    [
      1
    ]
  ],
  "model_init_kwargs": {},
  "seed": 100,
  "align_stats": {
    "copied_same_shape": 8,
    "unique_shape_copied": 0,
    "mapped_shape": 0,
    "skipped": 0,
    "pair_aligner": 0,
    "pair_key": "Model->ModelNew"
  },
  "runnable": true,
  "phase": "stage1_grid_and_parallel",
  "pytorch_baseline_ms": 3.311423969268799,
  "score": 1.6462454250378737
}