{
  "timestamp": "2025-12-23T09:03:10",
  "reference_file": "KernelBench/level2/84_Gemm_BatchNorm_Scaling_Softmax.py",
  "candidate_file": "/home/hyc/LLMKernel/run/20251223_090002_84_Gemm_BatchNorm_Scaling_Softmax_openai_deepseek/84_Gemm_BatchNorm_Scaling_Softmax/code/kernel_20251223_090306.py",
  "tolerance": 1,
  "max_abs_err": 5.4717063903808594e-05,
  "mean_abs_err": 7.2449650723172e-09,
  "ref_latency_ms": {
    "avg": 3.3523583889007567,
    "min": 3.34335994720459,
    "max": 3.3660480976104736,
    "all": [
      3.3660480976104736,
      3.34335994720459,
      3.354624032974243,
      3.3474879264831543,
      3.3502719402313232
    ]
  },
  "test_latency_ms": {
    "avg": 2.7152383804321287,
    "min": 2.687999963760376,
    "max": 2.732032060623169,
    "all": [
      2.687999963760376,
      2.732032060623169,
      2.712575912475586,
      2.717695951461792,
      2.7258880138397217
    ]
  },
  "num_runs": 5,
  "model_init_args": [
    8192,
    8192,
    1e-05,
    0.1,
    [
      1
    ]
  ],
  "model_init_kwargs": {},
  "seed": 100,
  "align_stats": {
    "copied_same_shape": 8,
    "unique_shape_copied": 0,
    "mapped_shape": 0,
    "skipped": 0,
    "pair_aligner": 0,
    "pair_key": "Model->ModelNew"
  },
  "runnable": true,
  "phase": "algorithm_optimized_seed0",
  "pytorch_baseline_ms": 3.311423969268799,
  "score": 1.2195702569369942
}