{
  "timestamp": "2025-12-23T12:26:32",
  "reference_file": "KernelBench/t/58_conv_transposed_3D__asymmetric_input__asymmetric_kernel.py",
  "candidate_file": "/home/hyc/LLMKernel/run/20251223_112828_batch_range49to58_openai_deepseek/58_conv_transposed_3D__asymmetric_input__asymmetric_kernel/code/kernel_20251223_122627.py",
  "tolerance": 1,
  "max_abs_err": 0.0010061264038085938,
  "mean_abs_err": 0.00020791540737263858,
  "ref_latency_ms": {
    "avg": 19.583686447143556,
    "min": 19.489791870117188,
    "max": 19.7490234375,
    "all": [
      19.7490234375,
      19.695680618286133,
      19.491840362548828,
      19.492095947265625,
      19.489791870117188
    ]
  },
  "test_latency_ms": {
    "avg": 13.81988468170166,
    "min": 13.814847946166992,
    "max": 13.825023651123047,
    "all": [
      13.825023651123047,
      13.818880081176758,
      13.815648078918457,
      13.814847946166992,
      13.825023651123047
    ]
  },
  "num_runs": 5,
  "model_init_args": [
    32,
    16,
    [
      3,
      5,
      7
    ]
  ],
  "model_init_kwargs": {},
  "seed": 100,
  "align_stats": {
    "pair_aligner": 1,
    "copied_same_shape": 1,
    "mapped_shape": 0,
    "skipped": 0,
    "pair_key": "Model->ModelNew"
  },
  "runnable": true,
  "phase": "stage3_memory_and_tuning",
  "pytorch_baseline_ms": 19.51357421875,
  "score": 1.4119925504579007
}