{
  "timestamp": "2025-12-13T16:23:29",
  "reference_file": "KernelBench/level1_low_score/58_conv_transposed_3D__asymmetric_input__asymmetric_kernel.py",
  "candidate_file": "/home/hyc/LLMKernel/run/20251213_160642_batch_range56to65_openai_deepseek/58_conv_transposed_3D__asymmetric_input__asymmetric_kernel/code/kernel_20251213_162324.py",
  "tolerance": 0.001,
  "max_abs_err": 0.0005609393119812012,
  "mean_abs_err": 0.0001061823932104744,
  "ref_latency_ms": {
    "avg": 8.3618558883667,
    "min": 8.353792190551758,
    "max": 8.372223854064941,
    "all": [
      8.372223854064941,
      8.357088088989258,
      8.359199523925781,
      8.353792190551758,
      8.366975784301758
    ]
  },
  "test_latency_ms": {
    "avg": 48.62552947998047,
    "min": 48.60723114013672,
    "max": 48.643070220947266,
    "all": [
      48.63420867919922,
      48.62566375732422,
      48.61747360229492,
      48.60723114013672,
      48.643070220947266
    ]
  },
  "num_runs": 5,
  "model_init_args": [
    32,
    16,
    [
      3,
      5,
      7
    ]
  ],
  "model_init_kwargs": {},
  "seed": 100,
  "align_stats": {
    "pair_aligner": 1,
    "copied_same_shape": 1,
    "mapped_shape": 0,
    "skipped": 0,
    "pair_key": "Model->ModelNew"
  },
  "runnable": true,
  "phase": "seed",
  "score": 0.17196431540780124
}