{
  "timestamp": "2025-12-23T12:25:33",
  "reference_file": "KernelBench/t/58_conv_transposed_3D__asymmetric_input__asymmetric_kernel.py",
  "candidate_file": "/home/hyc/LLMKernel/run/20251223_112828_batch_range49to58_openai_deepseek/58_conv_transposed_3D__asymmetric_input__asymmetric_kernel/code/kernel_20251223_122528.py",
  "tolerance": 1,
  "max_abs_err": 0.0010061264038085938,
  "mean_abs_err": 0.00020791540737263858,
  "ref_latency_ms": {
    "avg": 19.559219360351562,
    "min": 19.523584365844727,
    "max": 19.65465545654297,
    "all": [
      19.65465545654297,
      19.560447692871094,
      19.523584365844727,
      19.525632858276367,
      19.531776428222656
    ]
  },
  "test_latency_ms": {
    "avg": 12.82291202545166,
    "min": 12.806143760681152,
    "max": 12.864255905151367,
    "all": [
      12.864255905151367,
      12.812224388122559,
      12.806143760681152,
      12.819647789001465,
      12.812288284301758
    ]
  },
  "num_runs": 5,
  "model_init_args": [
    32,
    16,
    [
      3,
      5,
      7
    ]
  ],
  "model_init_kwargs": {},
  "seed": 100,
  "align_stats": {
    "pair_aligner": 1,
    "copied_same_shape": 1,
    "mapped_shape": 0,
    "skipped": 0,
    "pair_key": "Model->ModelNew"
  },
  "runnable": true,
  "phase": "stage2_block_tiling",
  "pytorch_baseline_ms": 19.51357421875,
  "score": 1.5217740073407917
}