{
  "timestamp": "2025-12-13T16:43:36",
  "reference_file": "KernelBench/level1_low_score/58_conv_transposed_3D__asymmetric_input__asymmetric_kernel.py",
  "candidate_file": "/home/hyc/LLMKernel/run/20251213_160642_batch_range56to65_openai_deepseek/58_conv_transposed_3D__asymmetric_input__asymmetric_kernel/code/kernel_20251213_163614.py",
  "tolerance": 0.001,
  "max_abs_err": 0.0005609393119812012,
  "mean_abs_err": 0.0001061823932104744,
  "ref_latency_ms": {
    "avg": 7.88913927078247,
    "min": 7.880703926086426,
    "max": 7.903232097625732,
    "all": [
      7.903232097625732,
      7.884928226470947,
      7.880703926086426,
      7.884799957275391,
      7.892032146453857
    ]
  },
  "test_latency_ms": {
    "avg": 643.3734619140625,
    "min": 643.251220703125,
    "max": 643.5880737304688,
    "all": [
      643.44775390625,
      643.2696533203125,
      643.251220703125,
      643.5880737304688,
      643.3106079101562
    ]
  },
  "num_runs": 5,
  "model_init_args": [
    32,
    16,
    [
      3,
      5,
      7
    ]
  ],
  "model_init_kwargs": {},
  "seed": 100,
  "align_stats": {
    "pair_aligner": 1,
    "copied_same_shape": 1,
    "mapped_shape": 0,
    "skipped": 0,
    "pair_key": "Model->ModelNew"
  },
  "runnable": true,
  "phase": "stage3_memory_access",
  "pytorch_baseline_ms": 8.3618558883667,
  "score": 0.012996892758818235
}