{
  "timestamp": "2025-12-13T16:34:16",
  "reference_file": "KernelBench/level1_low_score/58_conv_transposed_3D__asymmetric_input__asymmetric_kernel.py",
  "candidate_file": "/home/hyc/LLMKernel/run/20251213_160642_batch_range56to65_openai_deepseek/58_conv_transposed_3D__asymmetric_input__asymmetric_kernel/code/kernel_20251213_162754.py",
  "tolerance": 0.001,
  "max_abs_err": 0.0005609393119812012,
  "mean_abs_err": 0.0001061823932104744,
  "ref_latency_ms": {
    "avg": 7.913881587982178,
    "min": 7.8745598793029785,
    "max": 7.971839904785156,
    "all": [
      7.971839904785156,
      7.921664237976074,
      7.914495944976807,
      7.8745598793029785,
      7.886847972869873
    ]
  },
  "test_latency_ms": {
    "avg": 2223.829052734375,
    "min": 2171.7587890625,
    "max": 2293.353515625,
    "all": [
      2211.377197265625,
      2226.91015625,
      2171.7587890625,
      2293.353515625,
      2215.74560546875
    ]
  },
  "num_runs": 5,
  "model_init_args": [
    32,
    16,
    [
      3,
      5,
      7
    ]
  ],
  "model_init_kwargs": {},
  "seed": 100,
  "align_stats": {
    "pair_aligner": 1,
    "copied_same_shape": 1,
    "mapped_shape": 0,
    "skipped": 0,
    "pair_key": "Model->ModelNew"
  },
  "runnable": true,
  "phase": "stage2_block_tiling",
  "pytorch_baseline_ms": 8.3618558883667,
  "score": 0.003760116308438875
}