{
  "timestamp": "2025-12-13T16:53:25",
  "reference_file": "KernelBench/level1_low_score/58_conv_transposed_3D__asymmetric_input__asymmetric_kernel.py",
  "candidate_file": "/home/hyc/LLMKernel/run/20251213_160642_batch_range56to65_openai_deepseek/58_conv_transposed_3D__asymmetric_input__asymmetric_kernel/code/kernel_20251213_165317.py",
  "tolerance": 0.001,
  "max_abs_err": 0.0005609393119812012,
  "mean_abs_err": 0.0001061823932104744,
  "ref_latency_ms": {
    "avg": 7.8733312606811525,
    "min": 7.856128215789795,
    "max": 7.921664237976074,
    "all": [
      7.921664237976074,
      7.862271785736084,
      7.856128215789795,
      7.856128215789795,
      7.870463848114014
    ]
  },
  "test_latency_ms": {
    "avg": 16.680959701538086,
    "min": 16.647167205810547,
    "max": 16.752351760864258,
    "all": [
      16.676864624023438,
      16.657695770263672,
      16.647167205810547,
      16.670719146728516,
      16.752351760864258
    ]
  },
  "num_runs": 5,
  "model_init_args": [
    32,
    16,
    [
      3,
      5,
      7
    ]
  ],
  "model_init_kwargs": {},
  "seed": 100,
  "align_stats": {
    "pair_aligner": 1,
    "copied_same_shape": 1,
    "mapped_shape": 0,
    "skipped": 0,
    "pair_key": "Model->ModelNew"
  },
  "runnable": true,
  "phase": "stage4_advanced_memory",
  "pytorch_baseline_ms": 8.3618558883667,
  "score": 0.501281463295885
}