{
  "timestamp": "2025-12-13T16:26:20",
  "reference_file": "KernelBench/level1_low_score/58_conv_transposed_3D__asymmetric_input__asymmetric_kernel.py",
  "candidate_file": "/home/hyc/LLMKernel/run/20251213_160642_batch_range56to65_openai_deepseek/58_conv_transposed_3D__asymmetric_input__asymmetric_kernel/code/kernel_20251213_162613.py",
  "tolerance": 0.001,
  "max_abs_err": 0.0005609393119812012,
  "mean_abs_err": 0.0001061823932104744,
  "ref_latency_ms": {
    "avg": 7.846694469451904,
    "min": 7.838848114013672,
    "max": 7.863296031951904,
    "all": [
      7.863296031951904,
      7.845695972442627,
      7.8397440910339355,
      7.838848114013672,
      7.845888137817383
    ]
  },
  "test_latency_ms": {
    "avg": 16.694656372070312,
    "min": 16.650239944458008,
    "max": 16.716800689697266,
    "all": [
      16.650239944458008,
      16.701440811157227,
      16.705535888671875,
      16.699264526367188,
      16.716800689697266
    ]
  },
  "num_runs": 5,
  "model_init_args": [
    32,
    16,
    [
      3,
      5,
      7
    ]
  ],
  "model_init_kwargs": {},
  "seed": 100,
  "align_stats": {
    "pair_aligner": 1,
    "copied_same_shape": 1,
    "mapped_shape": 0,
    "skipped": 0,
    "pair_key": "Model->ModelNew"
  },
  "runnable": true,
  "phase": "stage1_grid_and_parallel",
  "pytorch_baseline_ms": 8.3618558883667,
  "score": 0.5008702007401511
}