{
  "timestamp": "2025-12-23T12:19:22",
  "reference_file": "KernelBench/t/58_conv_transposed_3D__asymmetric_input__asymmetric_kernel.py",
  "candidate_file": "/home/hyc/LLMKernel/run/20251223_112828_batch_range49to58_openai_deepseek/58_conv_transposed_3D__asymmetric_input__asymmetric_kernel/code/kernel_20251223_121917.py",
  "tolerance": 1,
  "max_abs_err": 0.0010061264038085938,
  "mean_abs_err": 0.00020791540737263858,
  "ref_latency_ms": {
    "avg": 19.51357421875,
    "min": 19.480575561523438,
    "max": 19.556352615356445,
    "all": [
      19.556352615356445,
      19.537919998168945,
      19.50713539123535,
      19.480575561523438,
      19.48588752746582
    ]
  },
  "test_latency_ms": {
    "avg": 13.611161422729491,
    "min": 13.60051155090332,
    "max": 13.627391815185547,
    "all": [
      13.617152214050293,
      13.606975555419922,
      13.603775978088379,
      13.60051155090332,
      13.627391815185547
    ]
  },
  "num_runs": 5,
  "model_init_args": [
    32,
    16,
    [
      3,
      5,
      7
    ]
  ],
  "model_init_kwargs": {},
  "seed": 100,
  "align_stats": {
    "pair_aligner": 1,
    "copied_same_shape": 1,
    "mapped_shape": 0,
    "skipped": 0,
    "pair_key": "Model->ModelNew"
  },
  "runnable": true,
  "phase": "seed_0",
  "score": 1.4336450514916368
}