{
  "timestamp": "2025-12-23T12:22:54",
  "reference_file": "KernelBench/t/58_conv_transposed_3D__asymmetric_input__asymmetric_kernel.py",
  "candidate_file": "/home/hyc/LLMKernel/run/20251223_112828_batch_range49to58_openai_deepseek/58_conv_transposed_3D__asymmetric_input__asymmetric_kernel/code/kernel_20251223_122249.py",
  "tolerance": 1,
  "max_abs_err": 6.079673767089844e-06,
  "mean_abs_err": 4.349153357452451e-07,
  "ref_latency_ms": {
    "avg": 19.528460693359374,
    "min": 19.496959686279297,
    "max": 19.553279876708984,
    "all": [
      19.553279876708984,
      19.532800674438477,
      19.530559539794922,
      19.528703689575195,
      19.496959686279297
    ]
  },
  "test_latency_ms": {
    "avg": 146.5413604736328,
    "min": 146.42381286621094,
    "max": 146.72076416015625,
    "all": [
      146.72076416015625,
      146.60812377929688,
      146.42381286621094,
      146.50469970703125,
      146.44940185546875
    ]
  },
  "num_runs": 5,
  "model_init_args": [
    32,
    16,
    [
      3,
      5,
      7
    ]
  ],
  "model_init_kwargs": {},
  "seed": 100,
  "align_stats": {
    "pair_aligner": 1,
    "copied_same_shape": 1,
    "mapped_shape": 0,
    "skipped": 0,
    "pair_key": "Model->ModelNew"
  },
  "runnable": true,
  "phase": "algorithm_optimized_seed0_repair1",
  "pytorch_baseline_ms": 19.51357421875,
  "score": 0.13316086431626298
}