{
  "timestamp": "2025-12-23T12:24:07",
  "reference_file": "KernelBench/t/58_conv_transposed_3D__asymmetric_input__asymmetric_kernel.py",
  "candidate_file": "/home/hyc/LLMKernel/run/20251223_112828_batch_range49to58_openai_deepseek/58_conv_transposed_3D__asymmetric_input__asymmetric_kernel/code/kernel_20251223_122401.py",
  "tolerance": 1,
  "max_abs_err": 0.0010061264038085938,
  "mean_abs_err": 0.00020791540737263858,
  "ref_latency_ms": {
    "avg": 19.840813064575194,
    "min": 19.51126480102539,
    "max": 20.127744674682617,
    "all": [
      19.923967361450195,
      19.893247604370117,
      20.127744674682617,
      19.747840881347656,
      19.51126480102539
    ]
  },
  "test_latency_ms": {
    "avg": 13.570060920715331,
    "min": 13.561856269836426,
    "max": 13.582528114318848,
    "all": [
      13.582528114318848,
      13.572992324829102,
      13.56287956237793,
      13.561856269836426,
      13.570048332214355
    ]
  },
  "num_runs": 5,
  "model_init_args": [
    32,
    16,
    [
      3,
      5,
      7
    ]
  ],
  "model_init_kwargs": {},
  "seed": 100,
  "align_stats": {
    "pair_aligner": 1,
    "copied_same_shape": 1,
    "mapped_shape": 0,
    "skipped": 0,
    "pair_key": "Model->ModelNew"
  },
  "runnable": true,
  "phase": "stage1_grid_and_parallel",
  "pytorch_baseline_ms": 19.51357421875,
  "score": 1.4379872229579764
}