{
  "timestamp": "2025-12-15T05:12:40",
  "reference_file": "KernelBench/level2/87_Conv2d_Subtract_Subtract_Mish.py",
  "candidate_file": "/home/hyc/LLMKernel/run/20251215_024837_batch_range56to88_openai_deepseek/87_Conv2d_Subtract_Subtract_Mish/code/kernel_20251215_051235.py",
  "tolerance": 0.001,
  "max_abs_err": 0.0004669874906539917,
  "mean_abs_err": 4.395502764964476e-05,
  "ref_latency_ms": {
    "avg": 21.2592830657959,
    "min": 21.247072219848633,
    "max": 21.26540756225586,
    "all": [
      21.26540756225586,
      21.26438331604004,
      21.263296127319336,
      21.256256103515625,
      21.247072219848633
    ]
  },
  "test_latency_ms": {
    "avg": 5.101926326751709,
    "min": 5.096447944641113,
    "max": 5.109695911407471,
    "all": [
      5.1025919914245605,
      5.102399826049805,
      5.096447944641113,
      5.098495960235596,
      5.109695911407471
    ]
  },
  "num_runs": 5,
  "model_init_args": [
    8,
    64,
    3,
    0.5,
    0.2
  ],
  "model_init_kwargs": {},
  "seed": 100,
  "align_stats": {
    "pair_aligner": 1,
    "copied_same_shape": 1,
    "mapped_shape": 0,
    "skipped": 0,
    "pair_key": "Model->ModelNew"
  },
  "runnable": true,
  "phase": "stage4_advanced_memory",
  "pytorch_baseline_ms": 21.256940841674805,
  "score": 4.166453900013225
}