{
  "timestamp": "2025-12-15T05:10:03",
  "reference_file": "KernelBench/level2/87_Conv2d_Subtract_Subtract_Mish.py",
  "candidate_file": "/home/hyc/LLMKernel/run/20251215_024837_batch_range56to88_openai_deepseek/87_Conv2d_Subtract_Subtract_Mish/code/kernel_20251215_050955.py",
  "tolerance": 0.001,
  "max_abs_err": 0.0004669874906539917,
  "mean_abs_err": 4.395502764964476e-05,
  "ref_latency_ms": {
    "avg": 21.250124740600587,
    "min": 21.222143173217773,
    "max": 21.27449607849121,
    "all": [
      21.27449607849121,
      21.222143173217773,
      21.24492835998535,
      21.26540756225586,
      21.243648529052734
    ]
  },
  "test_latency_ms": {
    "avg": 4.97769603729248,
    "min": 4.973567962646484,
    "max": 4.982783794403076,
    "all": [
      4.982783794403076,
      4.976640224456787,
      4.973567962646484,
      4.975776195526123,
      4.979712009429932
    ]
  },
  "num_runs": 5,
  "model_init_args": [
    8,
    64,
    3,
    0.5,
    0.2
  ],
  "model_init_kwargs": {},
  "seed": 100,
  "align_stats": {
    "pair_aligner": 1,
    "copied_same_shape": 1,
    "mapped_shape": 0,
    "skipped": 0,
    "pair_key": "Model->ModelNew"
  },
  "runnable": true,
  "phase": "stage3_memory_access",
  "pytorch_baseline_ms": 21.256940841674805,
  "score": 4.2704377049983755
}