{
  "timestamp": "2025-12-15T05:05:13",
  "reference_file": "KernelBench/level2/87_Conv2d_Subtract_Subtract_Mish.py",
  "candidate_file": "/home/hyc/LLMKernel/run/20251215_024837_batch_range56to88_openai_deepseek/87_Conv2d_Subtract_Subtract_Mish/code/kernel_20251215_050508.py",
  "tolerance": 0.001,
  "max_abs_err": 1.4901161193847656e-07,
  "mean_abs_err": 1.85822290887927e-08,
  "ref_latency_ms": {
    "avg": 21.256940841674805,
    "min": 21.22447967529297,
    "max": 21.280479431152344,
    "all": [
      21.27667236328125,
      21.22447967529297,
      21.26019287109375,
      21.24287986755371,
      21.280479431152344
    ]
  },
  "test_latency_ms": {
    "avg": 25.382284927368165,
    "min": 25.322303771972656,
    "max": 25.402496337890625,
    "all": [
      25.322303771972656,
      25.393152236938477,
      25.395200729370117,
      25.398271560668945,
      25.402496337890625
    ]
  },
  "num_runs": 5,
  "model_init_args": [
    8,
    64,
    3,
    0.5,
    0.2
  ],
  "model_init_kwargs": {},
  "seed": 100,
  "align_stats": {
    "pair_aligner": 1,
    "copied_same_shape": 1,
    "mapped_shape": 0,
    "skipped": 0,
    "pair_key": "Model->ModelNew"
  },
  "runnable": true,
  "phase": "seed_repair",
  "score": 0.8374715240374103
}