{
  "timestamp": "2025-12-15T05:06:47",
  "reference_file": "KernelBench/level2/87_Conv2d_Subtract_Subtract_Mish.py",
  "candidate_file": "/home/hyc/LLMKernel/run/20251215_024837_batch_range56to88_openai_deepseek/87_Conv2d_Subtract_Subtract_Mish/code/kernel_20251215_050639.py",
  "tolerance": 0.001,
  "max_abs_err": 0.0004669874906539917,
  "mean_abs_err": 4.3955085857305676e-05,
  "ref_latency_ms": {
    "avg": 21.24430732727051,
    "min": 21.204992294311523,
    "max": 21.2674560546875,
    "all": [
      21.261280059814453,
      21.25004768371582,
      21.204992294311523,
      21.237760543823242,
      21.2674560546875
    ]
  },
  "test_latency_ms": {
    "avg": 5.94714241027832,
    "min": 5.941023826599121,
    "max": 5.957632064819336,
    "all": [
      5.945343971252441,
      5.941023826599121,
      5.947391986846924,
      5.944320201873779,
      5.957632064819336
    ]
  },
  "num_runs": 5,
  "model_init_args": [
    8,
    64,
    3,
    0.5,
    0.2
  ],
  "model_init_kwargs": {},
  "seed": 100,
  "align_stats": {
    "pair_aligner": 1,
    "copied_same_shape": 1,
    "mapped_shape": 0,
    "skipped": 0,
    "pair_key": "Model->ModelNew"
  },
  "runnable": true,
  "phase": "stage1_grid_and_parallel",
  "pytorch_baseline_ms": 21.256940841674805,
  "score": 3.5743117240537043
}