{
  "timestamp": "2025-12-15T05:08:55",
  "reference_file": "KernelBench/level2/87_Conv2d_Subtract_Subtract_Mish.py",
  "candidate_file": "/home/hyc/LLMKernel/run/20251215_024837_batch_range56to88_openai_deepseek/87_Conv2d_Subtract_Subtract_Mish/code/kernel_20251215_050850.py",
  "tolerance": 0.001,
  "max_abs_err": 0.0004669874906539917,
  "mean_abs_err": 4.395502764964476e-05,
  "ref_latency_ms": {
    "avg": 21.25672302246094,
    "min": 21.177183151245117,
    "max": 21.28691291809082,
    "all": [
      21.177183151245117,
      21.28691291809082,
      21.279712677001953,
      21.26335906982422,
      21.276447296142578
    ]
  },
  "test_latency_ms": {
    "avg": 5.672352027893067,
    "min": 5.666816234588623,
    "max": 5.68012809753418,
    "all": [
      5.669888019561768,
      5.672095775604248,
      5.666816234588623,
      5.672832012176514,
      5.68012809753418
    ]
  },
  "num_runs": 5,
  "model_init_args": [
    8,
    64,
    3,
    0.5,
    0.2
  ],
  "model_init_kwargs": {},
  "seed": 100,
  "align_stats": {
    "pair_aligner": 1,
    "copied_same_shape": 1,
    "mapped_shape": 0,
    "skipped": 0,
    "pair_key": "Model->ModelNew"
  },
  "runnable": true,
  "phase": "stage2_block_tiling",
  "pytorch_baseline_ms": 21.256940841674805,
  "score": 3.7474650263500067
}