{
  "timestamp": "2025-12-15T23:05:44",
  "reference_file": "KernelBench/level3/38_LSTMBidirectional.py",
  "candidate_file": "/home/hyc/LLMKernel/run/20251215_151630_batch_range34to50_deepseek_deepseek/38_LSTMBidirectional/code/kernel_20251215_230539.py",
  "tolerance": 0.1,
  "max_abs_err": 2.9802322387695312e-08,
  "mean_abs_err": 8.58679438664467e-09,
  "ref_latency_ms": {
    "avg": 43.88927383422852,
    "min": 43.82720184326172,
    "max": 44.0280647277832,
    "all": [
      43.87123107910156,
      43.855712890625,
      43.82720184326172,
      44.0280647277832,
      43.864158630371094
    ]
  },
  "test_latency_ms": {
    "avg": 43.19676055908203,
    "min": 43.15119934082031,
    "max": 43.27219009399414,
    "all": [
      43.15119934082031,
      43.17695999145508,
      43.20547103881836,
      43.177982330322266,
      43.27219009399414
    ]
  },
  "num_runs": 5,
  "model_init_args": [
    128,
    256,
    6,
    10,
    0.0
  ],
  "model_init_kwargs": {},
  "seed": 100,
  "align_stats": {
    "copied_same_shape": 48,
    "unique_shape_copied": 2,
    "mapped_shape": 0,
    "skipped": 0,
    "pair_aligner": 0,
    "pair_key": "Model->ModelNew"
  },
  "runnable": true,
  "phase": "stage1_repair",
  "pytorch_baseline_ms": 44.37550659179688,
  "score": 1.027287834028726
}