{
  "timestamp": "2025-12-15T18:09:59",
  "reference_file": "KernelBench/level3/38_LSTMBidirectional.py",
  "candidate_file": "/home/hyc/LLMKernel/run/20251215_151630_batch_range34to50_deepseek_deepseek/38_LSTMBidirectional/code/kernel_20251215_180953.py",
  "tolerance": 0.1,
  "max_abs_err": 0.00015687942504882812,
  "mean_abs_err": 5.180387233849615e-05,
  "ref_latency_ms": {
    "avg": 44.37550659179688,
    "min": 44.219486236572266,
    "max": 44.830753326416016,
    "all": [
      44.830753326416016,
      44.3054084777832,
      44.248958587646484,
      44.272926330566406,
      44.219486236572266
    ]
  },
  "test_latency_ms": {
    "avg": 44.22454986572266,
    "min": 44.18867111206055,
    "max": 44.26959991455078,
    "all": [
      44.217342376708984,
      44.218528747558594,
      44.26959991455078,
      44.228607177734375,
      44.18867111206055
    ]
  },
  "num_runs": 5,
  "model_init_args": [
    128,
    256,
    6,
    10,
    0.0
  ],
  "model_init_kwargs": {},
  "seed": 100,
  "align_stats": {
    "copied_same_shape": 48,
    "unique_shape_copied": 2,
    "mapped_shape": 0,
    "skipped": 0,
    "pair_aligner": 0,
    "pair_key": "Model->ModelNew"
  },
  "runnable": true,
  "phase": "seed_repair",
  "score": 1.003413414642604
}