{
  "timestamp": "2025-12-12T21:08:41",
  "reference_file": "KernelBench/level1/18_Matmul_with_transposed_both.py",
  "candidate_file": "/home/hyc/LLMKernel/run/20251212_170043_batch_range5to40_deepseek_deepseek/18_Matmul_with_transposed_both/code/kernel_20251212_210834.py",
  "tolerance": 0.001,
  "max_abs_err": 1.611328125,
  "mean_abs_err": 1.5442520380020142,
  "ref_latency_ms": {
    "avg": 2.321337604522705,
    "min": 2.311295986175537,
    "max": 2.325216054916382,
    "all": [
      2.32425594329834,
      2.311295986175537,
      2.325216054916382,
      2.322432041168213,
      2.3234879970550537
    ]
  },
  "test_latency_ms": {
    "avg": 190.88074340820313,
    "min": 188.71090698242188,
    "max": 193.7159423828125,
    "all": [
      189.13197326660156,
      188.71090698242188,
      189.97042846679688,
      193.7159423828125,
      192.8744659423828
    ]
  },
  "num_runs": 5,
  "model_init_args": [],
  "model_init_kwargs": {},
  "seed": 100,
  "align_stats": {
    "copied_same_shape": 0,
    "unique_shape_copied": 0,
    "mapped_shape": 0,
    "skipped": 0,
    "pair_aligner": 0,
    "pair_key": "Model->ModelNew"
  },
  "runnable": true,
  "phase": "stage1_grid_and_parallel",
  "pytorch_baseline_ms": 2.3056063652038574,
  "score": 0.012078779263098645
}