{
  "timestamp": "2025-12-12T21:19:20",
  "reference_file": "KernelBench/level1/18_Matmul_with_transposed_both.py",
  "candidate_file": "/home/hyc/LLMKernel/run/20251212_170043_batch_range5to40_deepseek_deepseek/18_Matmul_with_transposed_both/code/kernel_20251212_211912.py",
  "tolerance": 0.001,
  "max_abs_err": 1.611328125,
  "mean_abs_err": 1.5442520380020142,
  "ref_latency_ms": {
    "avg": 2.5122560024261475,
    "min": 2.5088000297546387,
    "max": 2.516767978668213,
    "all": [
      2.5099198818206787,
      2.510848045349121,
      2.514944076538086,
      2.516767978668213,
      2.5088000297546387
    ]
  },
  "test_latency_ms": {
    "avg": 1.827193593978882,
    "min": 1.8227200508117676,
    "max": 1.8315839767456055,
    "all": [
      1.8315839767456055,
      1.8269439935684204,
      1.8258559703826904,
      1.8227200508117676,
      1.8288639783859253
    ]
  },
  "num_runs": 5,
  "model_init_args": [],
  "model_init_kwargs": {},
  "seed": 100,
  "align_stats": {
    "copied_same_shape": 0,
    "unique_shape_copied": 0,
    "mapped_shape": 0,
    "skipped": 0,
    "pair_aligner": 0,
    "pair_key": "Model->ModelNew"
  },
  "runnable": true,
  "phase": "stage4_advanced_memory",
  "pytorch_baseline_ms": 2.3056063652038574,
  "score": 1.2618292734833794
}