{
  "timestamp": "2025-12-12T21:06:01",
  "reference_file": "KernelBench/level1/18_Matmul_with_transposed_both.py",
  "candidate_file": "/home/hyc/LLMKernel/run/20251212_170043_batch_range5to40_deepseek_deepseek/18_Matmul_with_transposed_both/code/kernel_20251212_210557.py",
  "tolerance": 0.001,
  "max_abs_err": 1.611328125,
  "mean_abs_err": 1.5442520380020142,
  "ref_latency_ms": {
    "avg": 2.3056063652038574,
    "min": 2.2977280616760254,
    "max": 2.314239978790283,
    "all": [
      2.314239978790283,
      2.3029439449310303,
      2.3111679553985596,
      2.3019518852233887,
      2.2977280616760254
    ]
  },
  "test_latency_ms": {
    "avg": 2.283020782470703,
    "min": 2.2795519828796387,
    "max": 2.2906880378723145,
    "all": [
      2.2807040214538574,
      2.2814719676971436,
      2.2826879024505615,
      2.2795519828796387,
      2.2906880378723145
    ]
  },
  "num_runs": 5,
  "model_init_args": [],
  "model_init_kwargs": {},
  "seed": 100,
  "align_stats": {
    "copied_same_shape": 0,
    "unique_shape_copied": 0,
    "mapped_shape": 0,
    "skipped": 0,
    "pair_aligner": 0,
    "pair_key": "Model->ModelNew"
  },
  "runnable": true,
  "phase": "seed_repair",
  "score": 1.0098928502563662
}