{
  "timestamp": "2025-12-12T21:17:33",
  "reference_file": "KernelBench/level1/18_Matmul_with_transposed_both.py",
  "candidate_file": "/home/hyc/LLMKernel/run/20251212_170043_batch_range5to40_deepseek_deepseek/18_Matmul_with_transposed_both/code/kernel_20251212_211725.py",
  "tolerance": 0.001,
  "max_abs_err": 1.611328125,
  "mean_abs_err": 1.5442520380020142,
  "ref_latency_ms": {
    "avg": 2.344927978515625,
    "min": 2.331648111343384,
    "max": 2.3664638996124268,
    "all": [
      2.3664638996124268,
      2.3490240573883057,
      2.331648111343384,
      2.3408639430999756,
      2.336639881134033
    ]
  },
  "test_latency_ms": {
    "avg": 2.2155519485473634,
    "min": 2.209023952484131,
    "max": 2.223007917404175,
    "all": [
      2.2220799922943115,
      2.223007917404175,
      2.2128639221191406,
      2.209023952484131,
      2.2107839584350586
    ]
  },
  "num_runs": 5,
  "model_init_args": [],
  "model_init_kwargs": {},
  "seed": 100,
  "align_stats": {
    "copied_same_shape": 0,
    "unique_shape_copied": 0,
    "mapped_shape": 0,
    "skipped": 0,
    "pair_aligner": 0,
    "pair_key": "Model->ModelNew"
  },
  "runnable": true,
  "phase": "stage3_repair",
  "pytorch_baseline_ms": 2.3056063652038574,
  "score": 1.0406464929497765
}