{
  "timestamp": "2025-12-12T21:13:51",
  "reference_file": "KernelBench/level1/18_Matmul_with_transposed_both.py",
  "candidate_file": "/home/hyc/LLMKernel/run/20251212_170043_batch_range5to40_deepseek_deepseek/18_Matmul_with_transposed_both/code/kernel_20251212_211345.py",
  "tolerance": 0.001,
  "max_abs_err": 1.611328125,
  "mean_abs_err": 1.5442520380020142,
  "ref_latency_ms": {
    "avg": 2.5144640445709228,
    "min": 2.5118720531463623,
    "max": 2.519871950149536,
    "all": [
      2.519871950149536,
      2.5137600898742676,
      2.5118720531463623,
      2.5118720531463623,
      2.514944076538086
    ]
  },
  "test_latency_ms": {
    "avg": 1.7278848171234131,
    "min": 1.7223680019378662,
    "max": 1.7397760152816772,
    "all": [
      1.7397760152816772,
      1.7264000177383423,
      1.726464033126831,
      1.7223680019378662,
      1.7244160175323486
    ]
  },
  "num_runs": 5,
  "model_init_args": [],
  "model_init_kwargs": {},
  "seed": 100,
  "align_stats": {
    "copied_same_shape": 0,
    "unique_shape_copied": 0,
    "mapped_shape": 0,
    "skipped": 0,
    "pair_aligner": 0,
    "pair_key": "Model->ModelNew"
  },
  "runnable": true,
  "phase": "stage2_repair",
  "pytorch_baseline_ms": 2.3056063652038574,
  "score": 1.3343518863961294
}