{
  "timestamp": "2025-12-15T04:00:03",
  "reference_file": "KernelBench/level2/66_Matmul_Dropout_Softmax.py",
  "candidate_file": "/home/hyc/LLMKernel/run/20251215_024837_batch_range56to88_openai_deepseek/66_Matmul_Dropout_Softmax/code/kernel_20251215_035955.py",
  "tolerance": 0.001,
  "max_abs_err": 7.152557373046875e-07,
  "mean_abs_err": 4.4490387068885084e-11,
  "ref_latency_ms": {
    "avg": 1.631609606742859,
    "min": 1.6218559741973877,
    "max": 1.644544005393982,
    "all": [
      1.644544005393982,
      1.632256031036377,
      1.6290559768676758,
      1.6218559741973877,
      1.630336046218872
    ]
  },
  "test_latency_ms": {
    "avg": 1.400428795814514,
    "min": 1.3967360258102417,
    "max": 1.4039039611816406,
    "all": [
      1.4039039611816406,
      1.4028799533843994,
      1.397760033607483,
      1.3967360258102417,
      1.4008640050888062
    ]
  },
  "num_runs": 5,
  "model_init_args": [
    16384,
    16384,
    0.2
  ],
  "model_init_kwargs": {},
  "seed": 100,
  "align_stats": {
    "copied_same_shape": 0,
    "unique_shape_copied": 2,
    "mapped_shape": 0,
    "skipped": 0,
    "pair_aligner": 0,
    "pair_key": "Model->ModelNew"
  },
  "runnable": true,
  "phase": "seed",
  "score": 1.165078589942794
}