{
  "timestamp": "2025-12-15T04:08:34",
  "reference_file": "KernelBench/level2/66_Matmul_Dropout_Softmax.py",
  "candidate_file": "/home/hyc/LLMKernel/run/20251215_024837_batch_range56to88_openai_deepseek/66_Matmul_Dropout_Softmax/code/kernel_20251215_040826.py",
  "tolerance": 0.001,
  "max_abs_err": 7.152557373046875e-07,
  "mean_abs_err": 4.4490387068885084e-11,
  "ref_latency_ms": {
    "avg": 1.629747200012207,
    "min": 1.6250879764556885,
    "max": 1.6401920318603516,
    "all": [
      1.6401920318603516,
      1.6261119842529297,
      1.6302080154418945,
      1.6250879764556885,
      1.627135992050171
    ]
  },
  "test_latency_ms": {
    "avg": 44.80694363117218,
    "min": 1.3916159868240356,
    "max": 218.45590209960938,
    "all": [
      1.3946880102157593,
      1.3967360258102417,
      1.3957760334014893,
      1.3916159868240356,
      218.45590209960938
    ]
  },
  "num_runs": 5,
  "model_init_args": [
    16384,
    16384,
    0.2
  ],
  "model_init_kwargs": {},
  "seed": 100,
  "align_stats": {
    "copied_same_shape": 0,
    "unique_shape_copied": 2,
    "mapped_shape": 0,
    "skipped": 0,
    "pair_aligner": 0,
    "pair_key": "Model->ModelNew"
  },
  "runnable": true,
  "phase": "stage4_repair",
  "pytorch_baseline_ms": 1.631609606742859,
  "score": 0.036414213390081544
}