{
  "timestamp": "2025-12-15T04:03:45",
  "reference_file": "KernelBench/level2/66_Matmul_Dropout_Softmax.py",
  "candidate_file": "/home/hyc/LLMKernel/run/20251215_024837_batch_range56to88_openai_deepseek/66_Matmul_Dropout_Softmax/code/kernel_20251215_040337.py",
  "tolerance": 0.001,
  "max_abs_err": 1.6689300537109375e-06,
  "mean_abs_err": 8.979052917856833e-11,
  "ref_latency_ms": {
    "avg": 1.6704192161560059,
    "min": 1.661952018737793,
    "max": 1.6837120056152344,
    "all": [
      1.6837120056152344,
      1.670240044593811,
      1.6640000343322754,
      1.661952018737793,
      1.6721919775009155
    ]
  },
  "test_latency_ms": {
    "avg": 1.5649280071258544,
    "min": 1.558527946472168,
    "max": 1.5697920322418213,
    "all": [
      1.5697920322418213,
      1.5618560314178467,
      1.5677440166473389,
      1.558527946472168,
      1.5667200088500977
    ]
  },
  "num_runs": 5,
  "model_init_args": [
    16384,
    16384,
    0.2
  ],
  "model_init_kwargs": {},
  "seed": 100,
  "align_stats": {
    "copied_same_shape": 0,
    "unique_shape_copied": 2,
    "mapped_shape": 0,
    "skipped": 0,
    "pair_aligner": 0,
    "pair_key": "Model->ModelNew"
  },
  "runnable": true,
  "phase": "stage2_repair",
  "pytorch_baseline_ms": 1.631609606742859,
  "score": 1.0426100110122458
}