{
  "timestamp": "2025-12-15T04:06:02",
  "reference_file": "KernelBench/level2/66_Matmul_Dropout_Softmax.py",
  "candidate_file": "/home/hyc/LLMKernel/run/20251215_024837_batch_range56to88_openai_deepseek/66_Matmul_Dropout_Softmax/code/kernel_20251215_040553.py",
  "tolerance": 0.001,
  "max_abs_err": 6.9141387939453125e-06,
  "mean_abs_err": 4.4742370919337304e-10,
  "ref_latency_ms": {
    "avg": 1.6360960006713867,
    "min": 1.6269760131835938,
    "max": 1.6578240394592285,
    "all": [
      1.6578240394592285,
      1.6331839561462402,
      1.629215955734253,
      1.6332800388336182,
      1.6269760131835938
    ]
  },
  "test_latency_ms": {
    "avg": 40.9821052312851,
    "min": 1.4131200313568115,
    "max": 199.23455810546875,
    "all": [
      1.4335039854049683,
      1.4131200313568115,
      1.4131200313568115,
      1.4162240028381348,
      199.23455810546875
    ]
  },
  "num_runs": 5,
  "model_init_args": [
    16384,
    16384,
    0.2
  ],
  "model_init_kwargs": {},
  "seed": 100,
  "align_stats": {
    "copied_same_shape": 0,
    "unique_shape_copied": 2,
    "mapped_shape": 0,
    "skipped": 0,
    "pair_aligner": 0,
    "pair_key": "Model->ModelNew"
  },
  "runnable": true,
  "phase": "stage3_repair",
  "pytorch_baseline_ms": 1.631609606742859,
  "score": 0.03981273283875406
}