{
  "timestamp": "2025-12-13T11:14:41",
  "reference_file": "KernelBench/level1_low_score/84_conv_depthwise_2D_asymmetric_input_square_kernel.py",
  "candidate_file": "/home/hyc/LLMKernel/run/20251213_091928_batch_range68to99_openai_deepseek/84_conv_depthwise_2D_asymmetric_input_square_kernel/code/kernel_20251213_111432.py",
  "tolerance": 0.001,
  "max_abs_err": 0.0,
  "mean_abs_err": 0.0,
  "ref_latency_ms": {
    "avg": 15.475462341308594,
    "min": 15.459327697753906,
    "max": 15.494943618774414,
    "all": [
      15.484928131103516,
      15.475711822509766,
      15.459327697753906,
      15.462400436401367,
      15.494943618774414
    ]
  },
  "test_latency_ms": {
    "avg": 15.630867385864258,
    "min": 15.623167991638184,
    "max": 15.640576362609863,
    "all": [
      15.640576362609863,
      15.630335807800293,
      15.626208305358887,
      15.623167991638184,
      15.634048461914062
    ]
  },
  "num_runs": 5,
  "model_init_args": [
    128,
    128,
    3,
    1,
    0
  ],
  "model_init_kwargs": {},
  "seed": 100,
  "align_stats": {
    "pair_aligner": 1,
    "copied_same_shape": 1,
    "mapped_shape": 0,
    "skipped": 0,
    "pair_key": "Model->ModelNew"
  },
  "runnable": true,
  "phase": "seed",
  "score": 0.9900578105667889
}