{
  "timestamp": "2025-12-13T11:15:52",
  "reference_file": "KernelBench/level1_low_score/84_conv_depthwise_2D_asymmetric_input_square_kernel.py",
  "candidate_file": "/home/hyc/LLMKernel/run/20251213_091928_batch_range68to99_openai_deepseek/84_conv_depthwise_2D_asymmetric_input_square_kernel/code/kernel_20251213_111543.py",
  "tolerance": 0.001,
  "max_abs_err": 0.0,
  "mean_abs_err": 0.0,
  "ref_latency_ms": {
    "avg": 15.488396835327148,
    "min": 15.481663703918457,
    "max": 15.50438404083252,
    "all": [
      15.50438404083252,
      15.481663703918457,
      15.488127708435059,
      15.485952377319336,
      15.481856346130371
    ]
  },
  "test_latency_ms": {
    "avg": 19.16813430786133,
    "min": 19.149824142456055,
    "max": 19.176095962524414,
    "all": [
      19.171295166015625,
      19.176095962524414,
      19.149824142456055,
      19.173503875732422,
      19.169952392578125
    ]
  },
  "num_runs": 5,
  "model_init_args": [
    128,
    128,
    3,
    1,
    0
  ],
  "model_init_kwargs": {},
  "seed": 100,
  "align_stats": {
    "pair_aligner": 1,
    "copied_same_shape": 1,
    "mapped_shape": 0,
    "skipped": 0,
    "pair_key": "Model->ModelNew"
  },
  "runnable": true,
  "phase": "stage1_repair",
  "pytorch_baseline_ms": 15.475462341308594,
  "score": 0.8073536053512376
}