{
  "timestamp": "2025-12-13T11:18:43",
  "reference_file": "KernelBench/level1_low_score/84_conv_depthwise_2D_asymmetric_input_square_kernel.py",
  "candidate_file": "/home/hyc/LLMKernel/run/20251213_091928_batch_range68to99_openai_deepseek/84_conv_depthwise_2D_asymmetric_input_square_kernel/code/kernel_20251213_111833.py",
  "tolerance": 0.001,
  "max_abs_err": 0.0,
  "mean_abs_err": 0.0,
  "ref_latency_ms": {
    "avg": 15.491858863830567,
    "min": 15.479711532592773,
    "max": 15.511679649353027,
    "all": [
      15.511679649353027,
      15.497023582458496,
      15.479711532592773,
      15.483903884887695,
      15.48697566986084
    ]
  },
  "test_latency_ms": {
    "avg": 15.613945770263673,
    "min": 15.603839874267578,
    "max": 15.62816047668457,
    "all": [
      15.62816047668457,
      15.606752395629883,
      15.609855651855469,
      15.603839874267578,
      15.62112045288086
    ]
  },
  "num_runs": 5,
  "model_init_args": [
    128,
    128,
    3,
    1,
    0
  ],
  "model_init_kwargs": {},
  "seed": 100,
  "align_stats": {
    "pair_aligner": 1,
    "copied_same_shape": 1,
    "mapped_shape": 0,
    "skipped": 0,
    "pair_key": "Model->ModelNew"
  },
  "runnable": true,
  "phase": "stage4_advanced_memory",
  "pytorch_baseline_ms": 15.475462341308594,
  "score": 0.9911307858376954
}