{
  "timestamp": "2025-12-16T05:35:03",
  "reference_file": "KernelBench/level3/10_ResNet101.py",
  "candidate_file": "/home/hyc/LLMKernel/run/20251216_051542_batch_range2to17_openai_deepseek/10_ResNet101/code/kernel_20251216_053455.py",
  "tolerance": 0.1,
  "max_abs_err": 1.8287450075149536e-05,
  "mean_abs_err": 3.7902452731941594e-06,
  "ref_latency_ms": {
    "avg": 7.466764831542969,
    "min": 7.429120063781738,
    "max": 7.503680229187012,
    "all": [
      7.503680229187012,
      7.453695774078369,
      7.452672004699707,
      7.494656085968018,
      7.429120063781738
    ]
  },
  "test_latency_ms": {
    "avg": 9.447795104980468,
    "min": 9.185279846191406,
    "max": 10.092543601989746,
    "all": [
      9.41977596282959,
      9.27724838256836,
      9.185279846191406,
      9.264127731323242,
      10.092543601989746
    ]
  },
  "num_runs": 5,
  "model_init_args": [
    [
      3,
      4,
      23,
      3
    ],
    1000
  ],
  "model_init_kwargs": {},
  "seed": 100,
  "align_stats": {
    "copied_same_shape": 626,
    "unique_shape_copied": 0,
    "mapped_shape": 0,
    "skipped": 0,
    "pair_aligner": 0,
    "pair_key": "Model->ModelNew"
  },
  "runnable": true,
  "phase": "stage3_memory_access",
  "pytorch_baseline_ms": 7.262393665313721,
  "score": 0.7686866178422204
}