{
  "timestamp": "2025-12-23T06:41:39",
  "reference_file": "KernelBench/level3/10_ResNet101.py",
  "candidate_file": "/home/hyc/LLMKernel/run/20251223_063021_10_ResNet101_openai_deepseek/10_ResNet101/code/kernel_20251223_064117.py",
  "tolerance": 1,
  "max_abs_err": 9.359978139400482e-05,
  "mean_abs_err": 2.3219199647428468e-05,
  "ref_latency_ms": {
    "avg": 6.097785758972168,
    "min": 6.031360149383545,
    "max": 6.166528224945068,
    "all": [
      6.111904144287109,
      6.031360149383545,
      6.080480098724365,
      6.166528224945068,
      6.098656177520752
    ]
  },
  "test_latency_ms": {
    "avg": 10.973881912231445,
    "min": 10.907423973083496,
    "max": 11.095904350280762,
    "all": [
      10.981504440307617,
      11.095904350280762,
      10.920960426330566,
      10.963616371154785,
      10.907423973083496
    ]
  },
  "num_runs": 5,
  "model_init_args": [
    [
      3,
      4,
      23,
      3
    ],
    1000
  ],
  "model_init_kwargs": {},
  "seed": 100,
  "align_stats": {
    "copied_same_shape": 626,
    "unique_shape_copied": 0,
    "mapped_shape": 0,
    "skipped": 0,
    "pair_aligner": 0,
    "pair_key": "Model->ModelNew"
  },
  "runnable": true,
  "phase": "stage3_memory_and_tuning",
  "pytorch_baseline_ms": 8.86291217803955,
  "score": 0.8076369190888582
}