{
  "timestamp": "2025-12-16T05:33:58",
  "reference_file": "KernelBench/level3/10_ResNet101.py",
  "candidate_file": "/home/hyc/LLMKernel/run/20251216_051542_batch_range2to17_openai_deepseek/10_ResNet101/code/kernel_20251216_053351.py",
  "tolerance": 0.1,
  "max_abs_err": 1.8287450075149536e-05,
  "mean_abs_err": 3.7902452731941594e-06,
  "ref_latency_ms": {
    "avg": 9.099660873413086,
    "min": 9.04089641571045,
    "max": 9.136128425598145,
    "all": [
      9.117695808410645,
      9.04089641571045,
      9.125823974609375,
      9.136128425598145,
      9.077759742736816
    ]
  },
  "test_latency_ms": {
    "avg": 11.290182304382324,
    "min": 11.2291841506958,
    "max": 11.358207702636719,
    "all": [
      11.358207702636719,
      11.35103988647461,
      11.283295631408691,
      11.2291841506958,
      11.2291841506958
    ]
  },
  "num_runs": 5,
  "model_init_args": [
    [
      3,
      4,
      23,
      3
    ],
    1000
  ],
  "model_init_kwargs": {},
  "seed": 100,
  "align_stats": {
    "copied_same_shape": 626,
    "unique_shape_copied": 0,
    "mapped_shape": 0,
    "skipped": 0,
    "pair_aligner": 0,
    "pair_key": "Model->ModelNew"
  },
  "runnable": true,
  "phase": "stage2_block_tiling",
  "pytorch_baseline_ms": 7.262393665313721,
  "score": 0.6432485738068904
}