{
  "timestamp": "2025-12-23T06:31:55",
  "reference_file": "KernelBench/level3/10_ResNet101.py",
  "candidate_file": "/home/hyc/LLMKernel/run/20251223_063021_10_ResNet101_openai_deepseek/10_ResNet101/code/kernel_20251223_063142.py",
  "tolerance": 1,
  "max_abs_err": 9.460374712944031e-05,
  "mean_abs_err": 2.319998384336941e-05,
  "ref_latency_ms": {
    "avg": 8.86291217803955,
    "min": 8.816384315490723,
    "max": 8.941535949707031,
    "all": [
      8.941535949707031,
      8.877056121826172,
      8.816384315490723,
      8.850432395935059,
      8.82915210723877
    ]
  },
  "test_latency_ms": {
    "avg": 13.106975936889649,
    "min": 12.982111930847168,
    "max": 13.329407691955566,
    "all": [
      13.081664085388184,
      12.982111930847168,
      13.329407691955566,
      13.021183967590332,
      13.120512008666992
    ]
  },
  "num_runs": 5,
  "model_init_args": [
    [
      3,
      4,
      23,
      3
    ],
    1000
  ],
  "model_init_kwargs": {},
  "seed": 100,
  "align_stats": {
    "copied_same_shape": 626,
    "unique_shape_copied": 0,
    "mapped_shape": 0,
    "skipped": 0,
    "pair_aligner": 0,
    "pair_key": "Model->ModelNew"
  },
  "runnable": true,
  "phase": "seed_0",
  "score": 0.6761980963965029
}