{
  "timestamp": "2025-12-16T05:36:03",
  "reference_file": "KernelBench/level3/10_ResNet101.py",
  "candidate_file": "/home/hyc/LLMKernel/run/20251216_051542_batch_range2to17_openai_deepseek/10_ResNet101/code/kernel_20251216_053557.py",
  "tolerance": 0.1,
  "max_abs_err": 1.8287450075149536e-05,
  "mean_abs_err": 3.7902452731941594e-06,
  "ref_latency_ms": {
    "avg": 7.562854480743408,
    "min": 7.272384166717529,
    "max": 8.281087875366211,
    "all": [
      7.388160228729248,
      7.272384166717529,
      7.354432106018066,
      7.518208026885986,
      8.281087875366211
    ]
  },
  "test_latency_ms": {
    "avg": 9.447385597229005,
    "min": 8.664064407348633,
    "max": 10.147839546203613,
    "all": [
      10.097663879394531,
      10.147839546203613,
      9.289536476135254,
      9.037823677062988,
      8.664064407348633
    ]
  },
  "num_runs": 5,
  "model_init_args": [
    [
      3,
      4,
      23,
      3
    ],
    1000
  ],
  "model_init_kwargs": {},
  "seed": 100,
  "align_stats": {
    "copied_same_shape": 626,
    "unique_shape_copied": 0,
    "mapped_shape": 0,
    "skipped": 0,
    "pair_aligner": 0,
    "pair_key": "Model->ModelNew"
  },
  "runnable": true,
  "phase": "stage4_advanced_memory",
  "pytorch_baseline_ms": 7.262393665313721,
  "score": 0.7687199374442639
}