{
  "timestamp": "2025-12-16T05:33:12",
  "reference_file": "KernelBench/level3/10_ResNet101.py",
  "candidate_file": "/home/hyc/LLMKernel/run/20251216_051542_batch_range2to17_openai_deepseek/10_ResNet101/code/kernel_20251216_053303.py",
  "tolerance": 0.1,
  "max_abs_err": 1.8287450075149536e-05,
  "mean_abs_err": 3.7902452731941594e-06,
  "ref_latency_ms": {
    "avg": 7.31400318145752,
    "min": 7.266208171844482,
    "max": 7.3369598388671875,
    "all": [
      7.3369598388671875,
      7.317503929138184,
      7.314527988433838,
      7.334815979003906,
      7.266208171844482
    ]
  },
  "test_latency_ms": {
    "avg": 9.080409622192382,
    "min": 9.03270435333252,
    "max": 9.1463041305542,
    "all": [
      9.11257553100586,
      9.041919708251953,
      9.03270435333252,
      9.068544387817383,
      9.1463041305542
    ]
  },
  "num_runs": 5,
  "model_init_args": [
    [
      3,
      4,
      23,
      3
    ],
    1000
  ],
  "model_init_kwargs": {},
  "seed": 100,
  "align_stats": {
    "copied_same_shape": 626,
    "unique_shape_copied": 0,
    "mapped_shape": 0,
    "skipped": 0,
    "pair_aligner": 0,
    "pair_key": "Model->ModelNew"
  },
  "runnable": true,
  "phase": "stage1_grid_and_parallel",
  "pytorch_baseline_ms": 7.262393665313721,
  "score": 0.7997870104410865
}