{
  "timestamp": "2025-12-23T06:40:02",
  "reference_file": "KernelBench/level3/10_ResNet101.py",
  "candidate_file": "/home/hyc/LLMKernel/run/20251223_063021_10_ResNet101_openai_deepseek/10_ResNet101/code/kernel_20251223_063939.py",
  "tolerance": 1,
  "max_abs_err": 9.359978139400482e-05,
  "mean_abs_err": 2.3219199647428468e-05,
  "ref_latency_ms": {
    "avg": 6.109260845184326,
    "min": 6.055935859680176,
    "max": 6.142176151275635,
    "all": [
      6.142176151275635,
      6.096864223480225,
      6.055935859680176,
      6.117280006408691,
      6.134047985076904
    ]
  },
  "test_latency_ms": {
    "avg": 11.111423873901368,
    "min": 11.083552360534668,
    "max": 11.175935745239258,
    "all": [
      11.175935745239258,
      11.097087860107422,
      11.100159645080566,
      11.100383758544922,
      11.083552360534668
    ]
  },
  "num_runs": 5,
  "model_init_args": [
    [
      3,
      4,
      23,
      3
    ],
    1000
  ],
  "model_init_kwargs": {},
  "seed": 100,
  "align_stats": {
    "copied_same_shape": 626,
    "unique_shape_copied": 0,
    "mapped_shape": 0,
    "skipped": 0,
    "pair_aligner": 0,
    "pair_key": "Model->ModelNew"
  },
  "runnable": true,
  "phase": "stage2_block_tiling",
  "pytorch_baseline_ms": 8.86291217803955,
  "score": 0.7976396435435116
}