{
  "timestamp": "2025-12-16T05:31:47",
  "reference_file": "KernelBench/level3/10_ResNet101.py",
  "candidate_file": "/home/hyc/LLMKernel/run/20251216_051542_batch_range2to17_openai_deepseek/10_ResNet101/code/kernel_20251216_053141.py",
  "tolerance": 0.1,
  "max_abs_err": 1.8287450075149536e-05,
  "mean_abs_err": 3.7902452731941594e-06,
  "ref_latency_ms": {
    "avg": 7.262393665313721,
    "min": 7.217152118682861,
    "max": 7.342080116271973,
    "all": [
      7.342080116271973,
      7.223296165466309,
      7.217152118682861,
      7.285759925842285,
      7.243680000305176
    ]
  },
  "test_latency_ms": {
    "avg": 8.500473594665527,
    "min": 8.443903923034668,
    "max": 8.592512130737305,
    "all": [
      8.51251220703125,
      8.443903923034668,
      8.474623680114746,
      8.478816032409668,
      8.592512130737305
    ]
  },
  "num_runs": 5,
  "model_init_args": [
    [
      3,
      4,
      23,
      3
    ],
    1000
  ],
  "model_init_kwargs": {},
  "seed": 100,
  "align_stats": {
    "copied_same_shape": 626,
    "unique_shape_copied": 0,
    "mapped_shape": 0,
    "skipped": 0,
    "pair_aligner": 0,
    "pair_key": "Model->ModelNew"
  },
  "runnable": true,
  "phase": "seed",
  "score": 0.8543516528151134
}