{
  "timestamp": "2025-12-15T06:03:35",
  "reference_file": "KernelBench/level2/54_Conv2d_Multiply_LeakyReLU_GELU.py",
  "candidate_file": "/home/hyc/LLMKernel/run/20251215_024803_batch_range31to55_openai_deepseek/54_Conv2d_Multiply_LeakyReLU_GELU/code/kernel_20251215_060329.py",
  "tolerance": 0.001,
  "max_abs_err": 0.0003527998924255371,
  "mean_abs_err": 1.595385037944652e-05,
  "ref_latency_ms": {
    "avg": 15.909683227539062,
    "min": 15.90067195892334,
    "max": 15.920127868652344,
    "all": [
      15.90886402130127,
      15.90067195892334,
      15.90886402130127,
      15.90988826751709,
      15.920127868652344
    ]
  },
  "test_latency_ms": {
    "avg": 81.86504364013672,
    "min": 81.85433959960938,
    "max": 81.88416290283203,
    "all": [
      81.86345672607422,
      81.85433959960938,
      81.85958099365234,
      81.86367797851562,
      81.88416290283203
    ]
  },
  "num_runs": 5,
  "model_init_args": [
    64,
    64,
    3,
    [
      64,
      1,
      1
    ]
  ],
  "model_init_kwargs": {},
  "seed": 100,
  "align_stats": {
    "pair_aligner": 1,
    "copied_same_shape": 1,
    "mapped_shape": 0,
    "skipped": 0,
    "pair_key": "Model->ModelNew"
  },
  "runnable": true,
  "phase": "seed",
  "score": 0.19434037435410195
}