{
  "timestamp": "2025-12-15T06:06:45",
  "reference_file": "KernelBench/level2/54_Conv2d_Multiply_LeakyReLU_GELU.py",
  "candidate_file": "/home/hyc/LLMKernel/run/20251215_024803_batch_range31to55_openai_deepseek/54_Conv2d_Multiply_LeakyReLU_GELU/code/kernel_20251215_060634.py",
  "tolerance": 0.001,
  "max_abs_err": 0.000937342643737793,
  "mean_abs_err": 5.154858808964491e-05,
  "ref_latency_ms": {
    "avg": 15.944460678100587,
    "min": 15.931327819824219,
    "max": 15.958975791931152,
    "all": [
      15.955967903137207,
      15.931391716003418,
      15.931327819824219,
      15.958975791931152,
      15.944640159606934
    ]
  },
  "test_latency_ms": {
    "avg": 11.850886154174805,
    "min": 11.823103904724121,
    "max": 11.869183540344238,
    "all": [
      11.823103904724121,
      11.858943939208984,
      11.84943962097168,
      11.853759765625,
      11.869183540344238
    ]
  },
  "num_runs": 5,
  "model_init_args": [
    64,
    64,
    3,
    [
      64,
      1,
      1
    ]
  ],
  "model_init_kwargs": {},
  "seed": 100,
  "align_stats": {
    "pair_aligner": 1,
    "copied_same_shape": 1,
    "mapped_shape": 0,
    "skipped": 0,
    "pair_key": "Model->ModelNew"
  },
  "runnable": true,
  "phase": "stage3_memory_access",
  "pytorch_baseline_ms": 15.909683227539062,
  "score": 1.342488909315396
}