{
  "timestamp": "2025-12-15T06:05:44",
  "reference_file": "KernelBench/level2/54_Conv2d_Multiply_LeakyReLU_GELU.py",
  "candidate_file": "/home/hyc/LLMKernel/run/20251215_024803_batch_range31to55_openai_deepseek/54_Conv2d_Multiply_LeakyReLU_GELU/code/kernel_20251215_060538.py",
  "tolerance": 0.001,
  "max_abs_err": 0.0009368062019348145,
  "mean_abs_err": 5.1560702559072524e-05,
  "ref_latency_ms": {
    "avg": 15.930265617370605,
    "min": 15.920127868652344,
    "max": 15.951711654663086,
    "all": [
      15.951711654663086,
      15.930368423461914,
      15.920127868652344,
      15.926015853881836,
      15.923104286193848
    ]
  },
  "test_latency_ms": {
    "avg": 9.182585716247559,
    "min": 9.178976058959961,
    "max": 9.189375877380371,
    "all": [
      9.179136276245117,
      9.178976058959961,
      9.183232307434082,
      9.182208061218262,
      9.189375877380371
    ]
  },
  "num_runs": 5,
  "model_init_args": [
    64,
    64,
    3,
    [
      64,
      1,
      1
    ]
  ],
  "model_init_kwargs": {},
  "seed": 100,
  "align_stats": {
    "pair_aligner": 1,
    "copied_same_shape": 1,
    "mapped_shape": 0,
    "skipped": 0,
    "pair_key": "Model->ModelNew"
  },
  "runnable": true,
  "phase": "stage2_block_tiling",
  "pytorch_baseline_ms": 15.909683227539062,
  "score": 1.7325929448596007
}