{
  "timestamp": "2025-12-15T06:04:43",
  "reference_file": "KernelBench/level2/54_Conv2d_Multiply_LeakyReLU_GELU.py",
  "candidate_file": "/home/hyc/LLMKernel/run/20251215_024803_batch_range31to55_openai_deepseek/54_Conv2d_Multiply_LeakyReLU_GELU/code/kernel_20251215_060435.py",
  "tolerance": 0.001,
  "max_abs_err": 0.0009368062019348145,
  "mean_abs_err": 5.1560702559072524e-05,
  "ref_latency_ms": {
    "avg": 15.938131141662598,
    "min": 15.929344177246094,
    "max": 15.944607734680176,
    "all": [
      15.940608024597168,
      15.939583778381348,
      15.936511993408203,
      15.944607734680176,
      15.929344177246094
    ]
  },
  "test_latency_ms": {
    "avg": 7.762169551849365,
    "min": 7.749631881713867,
    "max": 7.775231838226318,
    "all": [
      7.770112037658691,
      7.763167858123779,
      7.775231838226318,
      7.749631881713867,
      7.75270414352417
    ]
  },
  "num_runs": 5,
  "model_init_args": [
    64,
    64,
    3,
    [
      64,
      1,
      1
    ]
  ],
  "model_init_kwargs": {},
  "seed": 100,
  "align_stats": {
    "pair_aligner": 1,
    "copied_same_shape": 1,
    "mapped_shape": 0,
    "skipped": 0,
    "pair_key": "Model->ModelNew"
  },
  "runnable": true,
  "phase": "stage1_grid_and_parallel",
  "pytorch_baseline_ms": 15.909683227539062,
  "score": 2.04964386841415
}