{
  "timestamp": "2025-12-15T06:08:05",
  "reference_file": "KernelBench/level2/54_Conv2d_Multiply_LeakyReLU_GELU.py",
  "candidate_file": "/home/hyc/LLMKernel/run/20251215_024803_batch_range31to55_openai_deepseek/54_Conv2d_Multiply_LeakyReLU_GELU/code/kernel_20251215_060758.py",
  "tolerance": 0.001,
  "max_abs_err": 0.000937342643737793,
  "mean_abs_err": 5.154858808964491e-05,
  "ref_latency_ms": {
    "avg": 15.942041397094727,
    "min": 15.919103622436523,
    "max": 15.963135719299316,
    "all": [
      15.948991775512695,
      15.919103622436523,
      15.932415962219238,
      15.94655990600586,
      15.963135719299316
    ]
  },
  "test_latency_ms": {
    "avg": 14.414643096923829,
    "min": 14.370816230773926,
    "max": 14.448639869689941,
    "all": [
      14.37183952331543,
      14.370816230773926,
      14.444543838500977,
      14.437376022338867,
      14.448639869689941
    ]
  },
  "num_runs": 5,
  "model_init_args": [
    64,
    64,
    3,
    [
      64,
      1,
      1
    ]
  ],
  "model_init_kwargs": {},
  "seed": 100,
  "align_stats": {
    "pair_aligner": 1,
    "copied_same_shape": 1,
    "mapped_shape": 0,
    "skipped": 0,
    "pair_key": "Model->ModelNew"
  },
  "runnable": true,
  "phase": "stage4_advanced_memory",
  "pytorch_baseline_ms": 15.909683227539062,
  "score": 1.103716763610629
}