{
  "timestamp": "2025-12-16T05:04:41",
  "reference_file": "KernelBench/level3/21_EfficientNetMBConv.py",
  "candidate_file": "/home/hyc/LLMKernel/run/20251216_050338_batch_range18to33_openai_deepseek/21_EfficientNetMBConv/code/kernel_20251216_050435.py",
  "tolerance": 0.1,
  "max_abs_err": 0.0,
  "mean_abs_err": 0.0,
  "ref_latency_ms": {
    "avg": 19.63002243041992,
    "min": 19.612672805786133,
    "max": 19.66374397277832,
    "all": [
      19.631103515625,
      19.66374397277832,
      19.623775482177734,
      19.612672805786133,
      19.618816375732422
    ]
  },
  "test_latency_ms": {
    "avg": 20.88771209716797,
    "min": 20.818880081176758,
    "max": 21.112831115722656,
    "all": [
      21.112831115722656,
      20.818880081176758,
      20.833280563354492,
      20.843360900878906,
      20.83020782470703
    ]
  },
  "num_runs": 5,
  "model_init_args": [
    112,
    192,
    5,
    2,
    6
  ],
  "model_init_kwargs": {},
  "seed": 100,
  "align_stats": {
    "copied_same_shape": 6,
    "unique_shape_copied": 2,
    "mapped_shape": 0,
    "skipped": 10,
    "pair_aligner": 0,
    "pair_key": "Model->ModelNew"
  },
  "runnable": true,
  "phase": "seed",
  "score": 0.9397880600375293
}