{
  "timestamp": "2025-12-16T05:09:12",
  "reference_file": "KernelBench/level3/21_EfficientNetMBConv.py",
  "candidate_file": "/home/hyc/LLMKernel/run/20251216_050338_batch_range18to33_openai_deepseek/21_EfficientNetMBConv/code/kernel_20251216_050906.py",
  "tolerance": 0.1,
  "max_abs_err": 1.825392246246338e-05,
  "mean_abs_err": 2.9019236791327785e-08,
  "ref_latency_ms": {
    "avg": 19.615423965454102,
    "min": 19.605215072631836,
    "max": 19.62998390197754,
    "all": [
      19.62998390197754,
      19.60755157470703,
      19.60736083984375,
      19.605215072631836,
      19.62700843811035
    ]
  },
  "test_latency_ms": {
    "avg": 16.804883193969726,
    "min": 16.79257583618164,
    "max": 16.81100845336914,
    "all": [
      16.79257583618164,
      16.805856704711914,
      16.808063507080078,
      16.81100845336914,
      16.80691146850586
    ]
  },
  "num_runs": 5,
  "model_init_args": [
    112,
    192,
    5,
    2,
    6
  ],
  "model_init_kwargs": {},
  "seed": 100,
  "align_stats": {
    "copied_same_shape": 6,
    "unique_shape_copied": 2,
    "mapped_shape": 0,
    "skipped": 10,
    "pair_aligner": 0,
    "pair_key": "Model->ModelNew"
  },
  "runnable": true,
  "phase": "stage3_memory_access",
  "pytorch_baseline_ms": 19.63002243041992,
  "score": 1.1681141846593714
}