{
  "timestamp": "2025-12-12T17:06:54",
  "reference_file": "KernelBench/level1/40_LayerNorm.py",
  "candidate_file": "/home/hyc/LLMKernel/run/20251212_170112_batch_range40to70_deepseek_deepseek/40_LayerNorm/code/kernel_20251212_170649.py",
  "tolerance": 0.001,
  "max_abs_err": 5.125999450683594e-06,
  "mean_abs_err": 1.4562887145075365e-06,
  "ref_latency_ms": {
    "avg": 6.029068851470948,
    "min": 6.01907205581665,
    "max": 6.037312030792236,
    "all": [
      6.037312030792236,
      6.028287887573242,
      6.01907205581665,
      6.02726411819458,
      6.033408164978027
    ]
  },
  "test_latency_ms": {
    "avg": 4.430918407440186,
    "min": 4.427775859832764,
    "max": 4.432896137237549,
    "all": [
      4.432608127593994,
      4.427775859832764,
      4.429088115692139,
      4.432223796844482,
      4.432896137237549
    ]
  },
  "num_runs": 5,
  "model_init_args": [
    [
      64,
      256,
      256
    ]
  ],
  "model_init_kwargs": {},
  "seed": 100,
  "align_stats": {
    "copied_same_shape": 0,
    "unique_shape_copied": 0,
    "mapped_shape": 0,
    "skipped": 2,
    "pair_aligner": 0,
    "pair_key": "Model->ModelNew"
  },
  "runnable": true,
  "phase": "seed_repair",
  "score": 1.3606815330535593
}