{
  "timestamp": "2025-12-12T17:10:16",
  "reference_file": "KernelBench/level1/40_LayerNorm.py",
  "candidate_file": "/home/hyc/LLMKernel/run/20251212_170112_batch_range40to70_deepseek_deepseek/40_LayerNorm/code/kernel_20251212_171012.py",
  "tolerance": 0.001,
  "max_abs_err": 5.125999450683594e-06,
  "mean_abs_err": 1.4562887145075365e-06,
  "ref_latency_ms": {
    "avg": 6.024000072479248,
    "min": 6.014848232269287,
    "max": 6.033408164978027,
    "all": [
      6.033408164978027,
      6.019360065460205,
      6.027167797088623,
      6.014848232269287,
      6.025216102600098
    ]
  },
  "test_latency_ms": {
    "avg": 2.33374080657959,
    "min": 2.331648111343384,
    "max": 2.336992025375366,
    "all": [
      2.331648111343384,
      2.3347198963165283,
      2.336992025375366,
      2.331648111343384,
      2.333695888519287
    ]
  },
  "num_runs": 5,
  "model_init_args": [
    [
      64,
      256,
      256
    ]
  ],
  "model_init_kwargs": {},
  "seed": 100,
  "align_stats": {
    "copied_same_shape": 0,
    "unique_shape_copied": 0,
    "mapped_shape": 0,
    "skipped": 2,
    "pair_aligner": 0,
    "pair_key": "Model->ModelNew"
  },
  "runnable": true,
  "phase": "stage1_grid_and_parallel",
  "pytorch_baseline_ms": 6.029068851470948,
  "score": 2.583435501694533
}