{
  "timestamp": "2025-12-12T17:25:20",
  "reference_file": "KernelBench/level1/40_LayerNorm.py",
  "candidate_file": "/home/hyc/LLMKernel/run/20251212_170112_batch_range40to70_deepseek_deepseek/40_LayerNorm/code/kernel_20251212_172514.py",
  "tolerance": 0.001,
  "max_abs_err": 6.198883056640625e-06,
  "mean_abs_err": 8.918676712710294e-07,
  "ref_latency_ms": {
    "avg": 5.68657283782959,
    "min": 5.681215763092041,
    "max": 5.6951680183410645,
    "all": [
      5.6951680183410645,
      5.682176113128662,
      5.681215763092041,
      5.685088157653809,
      5.689216136932373
    ]
  },
  "test_latency_ms": {
    "avg": 2.1784128189086913,
    "min": 2.169856071472168,
    "max": 2.1869759559631348,
    "all": [
      2.1821439266204834,
      2.1770880222320557,
      2.169856071472168,
      2.1760001182556152,
      2.1869759559631348
    ]
  },
  "num_runs": 5,
  "model_init_args": [
    [
      64,
      256,
      256
    ]
  ],
  "model_init_kwargs": {},
  "seed": 100,
  "align_stats": {
    "copied_same_shape": 0,
    "unique_shape_copied": 0,
    "mapped_shape": 0,
    "skipped": 2,
    "pair_aligner": 0,
    "pair_key": "Model->ModelNew"
  },
  "runnable": true,
  "phase": "stage4_repair",
  "pytorch_baseline_ms": 6.029068851470948,
  "score": 2.7676429367007214
}