{
  "timestamp": "2025-12-12T17:57:37",
  "reference_file": "KernelBench/level1/8_Matmul_with_irregular_shapes_.py",
  "candidate_file": "/home/hyc/LLMKernel/run/20251212_170043_batch_range5to40_deepseek_deepseek/8_Matmul_with_irregular_shapes_/code/kernel_20251212_175733.py",
  "tolerance": 0.001,
  "max_abs_err": 0.54327392578125,
  "mean_abs_err": 0.5084959268569946,
  "ref_latency_ms": {
    "avg": 5.674553489685058,
    "min": 5.66860818862915,
    "max": 5.683231830596924,
    "all": [
      5.683231830596924,
      5.6750078201293945,
      5.672959804534912,
      5.672959804534912,
      5.66860818862915
    ]
  },
  "test_latency_ms": {
    "avg": 5.522585678100586,
    "min": 5.5181121826171875,
    "max": 5.529600143432617,
    "all": [
      5.529600143432617,
      5.5181121826171875,
      5.52243185043335,
      5.519360065460205,
      5.52342414855957
    ]
  },
  "num_runs": 5,
  "model_init_args": [],
  "model_init_kwargs": {},
  "seed": 100,
  "align_stats": {
    "copied_same_shape": 0,
    "unique_shape_copied": 0,
    "mapped_shape": 0,
    "skipped": 0,
    "pair_aligner": 0,
    "pair_key": "Model->ModelNew"
  },
  "runnable": true,
  "phase": "seed_repair",
  "score": 1.0275175108983985
}