{
  "timestamp": "2025-12-12T18:14:29",
  "reference_file": "KernelBench/level1/8_Matmul_with_irregular_shapes_.py",
  "candidate_file": "/home/hyc/LLMKernel/run/20251212_170043_batch_range5to40_deepseek_deepseek/8_Matmul_with_irregular_shapes_/code/kernel_20251212_181420.py",
  "tolerance": 0.001,
  "max_abs_err": 0.54327392578125,
  "mean_abs_err": 0.5084959268569946,
  "ref_latency_ms": {
    "avg": 5.982265567779541,
    "min": 5.9239678382873535,
    "max": 6.023295879364014,
    "all": [
      6.023295879364014,
      6.0160322189331055,
      6.01907205581665,
      5.928959846496582,
      5.9239678382873535
    ]
  },
  "test_latency_ms": {
    "avg": 5.301023960113525,
    "min": 5.289984226226807,
    "max": 5.317503929138184,
    "all": [
      5.295104026794434,
      5.310495853424072,
      5.292031764984131,
      5.289984226226807,
      5.317503929138184
    ]
  },
  "num_runs": 5,
  "model_init_args": [],
  "model_init_kwargs": {},
  "seed": 100,
  "align_stats": {
    "copied_same_shape": 0,
    "unique_shape_copied": 0,
    "mapped_shape": 0,
    "skipped": 0,
    "pair_aligner": 0,
    "pair_key": "Model->ModelNew"
  },
  "runnable": true,
  "phase": "stage3_repair",
  "pytorch_baseline_ms": 5.674553489685058,
  "score": 1.0704636561506002
}