{
  "timestamp": "2025-12-12T18:16:39",
  "reference_file": "KernelBench/level1/8_Matmul_with_irregular_shapes_.py",
  "candidate_file": "/home/hyc/LLMKernel/run/20251212_170043_batch_range5to40_deepseek_deepseek/8_Matmul_with_irregular_shapes_/code/kernel_20251212_181628.py",
  "tolerance": 0.001,
  "max_abs_err": 0.54327392578125,
  "mean_abs_err": 0.5084959268569946,
  "ref_latency_ms": {
    "avg": 5.984870338439942,
    "min": 5.91974401473999,
    "max": 6.024191856384277,
    "all": [
      6.017024040222168,
      6.022143840789795,
      6.024191856384277,
      5.941247940063477,
      5.91974401473999
    ]
  },
  "test_latency_ms": {
    "avg": 4.747436904907227,
    "min": 4.5689921379089355,
    "max": 5.193664073944092,
    "all": [
      5.193664073944092,
      4.725759983062744,
      4.678656101226807,
      4.5689921379089355,
      4.570112228393555
    ]
  },
  "num_runs": 5,
  "model_init_args": [],
  "model_init_kwargs": {},
  "seed": 100,
  "align_stats": {
    "copied_same_shape": 0,
    "unique_shape_copied": 0,
    "mapped_shape": 0,
    "skipped": 0,
    "pair_aligner": 0,
    "pair_key": "Model->ModelNew"
  },
  "runnable": true,
  "phase": "stage4_advanced_memory",
  "pytorch_baseline_ms": 5.674553489685058,
  "score": 1.19528781600436
}