{
  "timestamp": "2025-12-12T18:05:49",
  "reference_file": "KernelBench/level1/8_Matmul_with_irregular_shapes_.py",
  "candidate_file": "/home/hyc/LLMKernel/run/20251212_170043_batch_range5to40_deepseek_deepseek/8_Matmul_with_irregular_shapes_/code/kernel_20251212_180542.py",
  "tolerance": 0.001,
  "max_abs_err": 0.54327392578125,
  "mean_abs_err": 0.5084959268569946,
  "ref_latency_ms": {
    "avg": 6.018809509277344,
    "min": 6.005631923675537,
    "max": 6.040351867675781,
    "all": [
      6.00816011428833,
      6.005631923675537,
      6.0136637687683105,
      6.040351867675781,
      6.02623987197876
    ]
  },
  "test_latency_ms": {
    "avg": 5.252236843109131,
    "min": 5.2060160636901855,
    "max": 5.310463905334473,
    "all": [
      5.222400188446045,
      5.215231895446777,
      5.310463905334473,
      5.307072162628174,
      5.2060160636901855
    ]
  },
  "num_runs": 5,
  "model_init_args": [],
  "model_init_kwargs": {},
  "seed": 100,
  "align_stats": {
    "copied_same_shape": 0,
    "unique_shape_copied": 0,
    "mapped_shape": 0,
    "skipped": 0,
    "pair_aligner": 0,
    "pair_key": "Model->ModelNew"
  },
  "runnable": true,
  "phase": "stage2_repair",
  "pytorch_baseline_ms": 5.674553489685058,
  "score": 1.0804070073743917
}