{
  "timestamp": "2025-12-12T18:01:35",
  "reference_file": "KernelBench/level1/8_Matmul_with_irregular_shapes_.py",
  "candidate_file": "/home/hyc/LLMKernel/run/20251212_170043_batch_range5to40_deepseek_deepseek/8_Matmul_with_irregular_shapes_/code/kernel_20251212_180128.py",
  "tolerance": 0.001,
  "max_abs_err": 0.54327392578125,
  "mean_abs_err": 0.5084959268569946,
  "ref_latency_ms": {
    "avg": 5.676140785217285,
    "min": 5.671616077423096,
    "max": 5.681151866912842,
    "all": [
      5.6750078201293945,
      5.681151866912842,
      5.671616077423096,
      5.676896095275879,
      5.676032066345215
    ]
  },
  "test_latency_ms": {
    "avg": 63.027224731445315,
    "min": 62.261024475097656,
    "max": 63.58015823364258,
    "all": [
      63.58015823364258,
      62.261024475097656,
      62.77017593383789,
      63.205726623535156,
      63.31903839111328
    ]
  },
  "num_runs": 5,
  "model_init_args": [],
  "model_init_kwargs": {},
  "seed": 100,
  "align_stats": {
    "copied_same_shape": 0,
    "unique_shape_copied": 0,
    "mapped_shape": 0,
    "skipped": 0,
    "pair_aligner": 0,
    "pair_key": "Model->ModelNew"
  },
  "runnable": true,
  "phase": "stage1_repair",
  "pytorch_baseline_ms": 5.674553489685058,
  "score": 0.0900333707197793
}