{
  "timestamp": "2025-12-14T21:11:16",
  "reference_file": "KernelBench/level2/99_Matmul_GELU_Softmax.py",
  "candidate_file": "/home/hyc/LLMKernel/run/20251214_114800_batch_range81to100_deepseek_deepseek/99_Matmul_GELU_Softmax/code/kernel_20251214_211106.py",
  "tolerance": 0.001,
  "max_abs_err": 8.016824722290039e-05,
  "mean_abs_err": 8.46754932837257e-09,
  "ref_latency_ms": {
    "avg": 3.1350271701812744,
    "min": 3.1261439323425293,
    "max": 3.1458239555358887,
    "all": [
      3.1458239555358887,
      3.1261439323425293,
      3.1363840103149414,
      3.1344640254974365,
      3.132319927215576
    ]
  },
  "test_latency_ms": {
    "avg": 3.2580031394958495,
    "min": 3.240959882736206,
    "max": 3.283967971801758,
    "all": [
      3.240959882736206,
      3.243232011795044,
      3.2471039295196533,
      3.283967971801758,
      3.274751901626587
    ]
  },
  "num_runs": 5,
  "model_init_args": [
    8192,
    8192
  ],
  "model_init_kwargs": {},
  "seed": 100,
  "align_stats": {
    "copied_same_shape": 0,
    "unique_shape_copied": 1,
    "mapped_shape": 0,
    "skipped": 0,
    "pair_aligner": 0,
    "pair_key": "Model->ModelNew"
  },
  "runnable": true,
  "phase": "stage2_repair",
  "pytorch_baseline_ms": 3.1295039653778076,
  "score": 0.9605589164232893
}