{
  "timestamp": "2025-12-14T20:57:03",
  "reference_file": "KernelBench/level2/99_Matmul_GELU_Softmax.py",
  "candidate_file": "/home/hyc/LLMKernel/run/20251214_114800_batch_range81to100_deepseek_deepseek/99_Matmul_GELU_Softmax/code/kernel_20251214_205659.py",
  "tolerance": 0.001,
  "max_abs_err": 7.981061935424805e-05,
  "mean_abs_err": 8.437245568870821e-09,
  "ref_latency_ms": {
    "avg": 3.1295039653778076,
    "min": 3.1230719089508057,
    "max": 3.1384639739990234,
    "all": [
      3.1384639739990234,
      3.131392002105713,
      3.1230719089508057,
      3.1252479553222656,
      3.1293439865112305
    ]
  },
  "test_latency_ms": {
    "avg": 2.207481622695923,
    "min": 2.201535940170288,
    "max": 2.2169599533081055,
    "all": [
      2.2117440700531006,
      2.2045440673828125,
      2.2026240825653076,
      2.201535940170288,
      2.2169599533081055
    ]
  },
  "num_runs": 5,
  "model_init_args": [
    8192,
    8192
  ],
  "model_init_kwargs": {},
  "seed": 100,
  "align_stats": {
    "copied_same_shape": 0,
    "unique_shape_copied": 1,
    "mapped_shape": 0,
    "skipped": 0,
    "pair_aligner": 0,
    "pair_key": "Model->ModelNew"
  },
  "runnable": true,
  "phase": "seed_repair",
  "score": 1.4176806425939121
}