{
  "timestamp": "2025-12-28T12:50:13",
  "reference_file": "KernelBench/select2/86_conv_depthwise_separable_2D.py",
  "candidate_file": "/home/hyc/LLMKernel/run/20251228_121550_batch_range81to86_openai_deepseek/86_conv_depthwise_separable_2D/code/kernel_20251228_125006.py",
  "tolerance": 1,
  "max_abs_err": 0.0005308091640472412,
  "mean_abs_err": 9.11134629859589e-05,
  "ref_latency_ms": {
    "avg": 7.857587242126465,
    "min": 7.819200038909912,
    "max": 8.00051212310791,
    "all": [
      8.00051212310791,
      7.822527885437012,
      7.819200038909912,
      7.826432228088379,
      7.819263935089111
    ]
  },
  "test_latency_ms": {
    "avg": 6.979148864746094,
    "min": 6.9713921546936035,
    "max": 6.986623764038086,
    "all": [
      6.986623764038086,
      6.979584217071533,
      6.9713921546936035,
      6.979584217071533,
      6.978559970855713
    ]
  },
  "num_runs": 5,
  "model_init_args": [
    64,
    128,
    3,
    1,
    1,
    1
  ],
  "model_init_kwargs": {},
  "seed": 100,
  "align_stats": {
    "copied_same_shape": 2,
    "unique_shape_copied": 0,
    "mapped_shape": 0,
    "skipped": 0,
    "pair_aligner": 0,
    "pair_key": "Model->ModelNew"
  },
  "runnable": true,
  "phase": "stage1_grid_and_parallel",
  "pytorch_baseline_ms": 7.811660861968994,
  "score": 1.1192856053591553
}