{
  "timestamp": "2025-12-13T11:25:35",
  "reference_file": "KernelBench/level1_low_score/86_conv_depthwise_separable_2D.py",
  "candidate_file": "/home/hyc/LLMKernel/run/20251213_091928_batch_range68to99_openai_deepseek/86_conv_depthwise_separable_2D/code/kernel_20251213_112529.py",
  "tolerance": 0.001,
  "max_abs_err": 0.0005308091640472412,
  "mean_abs_err": 9.11134629859589e-05,
  "ref_latency_ms": {
    "avg": 7.461708736419678,
    "min": 7.456768035888672,
    "max": 7.464960098266602,
    "all": [
      7.463935852050781,
      7.461887836456299,
      7.464960098266602,
      7.460991859436035,
      7.456768035888672
    ]
  },
  "test_latency_ms": {
    "avg": 9.752364921569825,
    "min": 9.746432304382324,
    "max": 9.755616188049316,
    "all": [
      9.755616188049316,
      9.746432304382324,
      9.754624366760254,
      9.751551628112793,
      9.753600120544434
    ]
  },
  "num_runs": 5,
  "model_init_args": [
    64,
    128,
    3,
    1,
    1,
    1
  ],
  "model_init_kwargs": {},
  "seed": 100,
  "align_stats": {
    "copied_same_shape": 2,
    "unique_shape_copied": 0,
    "mapped_shape": 0,
    "skipped": 0,
    "pair_aligner": 0,
    "pair_key": "Model->ModelNew"
  },
  "runnable": true,
  "phase": "seed_repair",
  "score": 0.7651178761693196
}