{
  "timestamp": "2025-12-28T12:51:23",
  "reference_file": "KernelBench/select2/86_conv_depthwise_separable_2D.py",
  "candidate_file": "/home/hyc/LLMKernel/run/20251228_121550_batch_range81to86_openai_deepseek/86_conv_depthwise_separable_2D/code/kernel_20251228_125117.py",
  "tolerance": 1,
  "max_abs_err": 0.0005308091640472412,
  "mean_abs_err": 9.11134629859589e-05,
  "ref_latency_ms": {
    "avg": 7.814963245391846,
    "min": 7.811071872711182,
    "max": 7.817215919494629,
    "all": [
      7.817215919494629,
      7.816192150115967,
      7.811071872711182,
      7.814144134521484,
      7.816192150115967
    ]
  },
  "test_latency_ms": {
    "avg": 6.972031974792481,
    "min": 6.968319892883301,
    "max": 6.976704120635986,
    "all": [
      6.970367908477783,
      6.974400043487549,
      6.970367908477783,
      6.968319892883301,
      6.976704120635986
    ]
  },
  "num_runs": 5,
  "model_init_args": [
    64,
    128,
    3,
    1,
    1,
    1
  ],
  "model_init_kwargs": {},
  "seed": 100,
  "align_stats": {
    "copied_same_shape": 2,
    "unique_shape_copied": 0,
    "mapped_shape": 0,
    "skipped": 0,
    "pair_aligner": 0,
    "pair_key": "Model->ModelNew"
  },
  "runnable": true,
  "phase": "stage2_block_tiling",
  "pytorch_baseline_ms": 7.811660861968994,
  "score": 1.120428146372852
}