{
  "timestamp": "2025-12-28T12:40:59",
  "reference_file": "KernelBench/select2/86_conv_depthwise_separable_2D.py",
  "candidate_file": "/home/hyc/LLMKernel/run/20251228_121550_batch_range81to86_openai_deepseek/86_conv_depthwise_separable_2D/code/kernel_20251228_124053.py",
  "tolerance": 1,
  "max_abs_err": 0.0005308091640472412,
  "mean_abs_err": 9.11134629859589e-05,
  "ref_latency_ms": {
    "avg": 7.811660861968994,
    "min": 7.799808025360107,
    "max": 7.826432228088379,
    "all": [
      7.826432228088379,
      7.8100481033325195,
      7.799808025360107,
      7.805952072143555,
      7.81606388092041
    ]
  },
  "test_latency_ms": {
    "avg": 15.721881294250489,
    "min": 15.717215538024902,
    "max": 15.724703788757324,
    "all": [
      15.717215538024902,
      15.722496032714844,
      15.720447540283203,
      15.724703788757324,
      15.724543571472168
    ]
  },
  "num_runs": 5,
  "model_init_args": [
    64,
    128,
    3,
    1,
    1,
    1
  ],
  "model_init_kwargs": {},
  "seed": 100,
  "align_stats": {
    "copied_same_shape": 2,
    "unique_shape_copied": 0,
    "mapped_shape": 0,
    "skipped": 0,
    "pair_aligner": 0,
    "pair_key": "Model->ModelNew"
  },
  "runnable": true,
  "phase": "seed_0",
  "score": 0.4968655287345114
}