{
  "timestamp": "2025-12-28T12:44:45",
  "reference_file": "KernelBench/select2/86_conv_depthwise_separable_2D.py",
  "candidate_file": "/home/hyc/LLMKernel/run/20251228_121550_batch_range81to86_openai_deepseek/86_conv_depthwise_separable_2D/code/kernel_20251228_124439.py",
  "tolerance": 1,
  "max_abs_err": 0.0005308091640472412,
  "mean_abs_err": 9.11134629859589e-05,
  "ref_latency_ms": {
    "avg": 7.816806411743164,
    "min": 7.799808025360107,
    "max": 7.822303771972656,
    "all": [
      7.820288181304932,
      7.822303771972656,
      7.821311950683594,
      7.820320129394531,
      7.799808025360107
    ]
  },
  "test_latency_ms": {
    "avg": 10.478502464294433,
    "min": 10.470399856567383,
    "max": 10.488608360290527,
    "all": [
      10.479616165161133,
      10.488608360290527,
      10.470399856567383,
      10.471424102783203,
      10.482463836669922
    ]
  },
  "num_runs": 5,
  "model_init_args": [
    64,
    128,
    3,
    1,
    1,
    1
  ],
  "model_init_kwargs": {},
  "seed": 100,
  "align_stats": {
    "copied_same_shape": 2,
    "unique_shape_copied": 0,
    "mapped_shape": 0,
    "skipped": 0,
    "pair_aligner": 0,
    "pair_key": "Model->ModelNew"
  },
  "runnable": true,
  "phase": "seed_1",
  "pytorch_baseline_ms": 7.811660861968994,
  "score": 0.7454940139191912
}