{
  "timestamp": "2025-12-13T11:28:13",
  "reference_file": "KernelBench/level1_low_score/86_conv_depthwise_separable_2D.py",
  "candidate_file": "/home/hyc/LLMKernel/run/20251213_091928_batch_range68to99_openai_deepseek/86_conv_depthwise_separable_2D/code/kernel_20251213_112806.py",
  "tolerance": 0.001,
  "max_abs_err": 0.0005308091640472412,
  "mean_abs_err": 9.11134629859589e-05,
  "ref_latency_ms": {
    "avg": 7.469657611846924,
    "min": 7.460864067077637,
    "max": 7.477024078369141,
    "all": [
      7.474271774291992,
      7.477024078369141,
      7.471104145050049,
      7.465023994445801,
      7.460864067077637
    ]
  },
  "test_latency_ms": {
    "avg": 9.350572776794433,
    "min": 9.347071647644043,
    "max": 9.353440284729004,
    "all": [
      9.353216171264648,
      9.350015640258789,
      9.349120140075684,
      9.347071647644043,
      9.353440284729004
    ]
  },
  "num_runs": 5,
  "model_init_args": [
    64,
    128,
    3,
    1,
    1,
    1
  ],
  "model_init_kwargs": {},
  "seed": 100,
  "align_stats": {
    "copied_same_shape": 2,
    "unique_shape_copied": 0,
    "mapped_shape": 0,
    "skipped": 0,
    "pair_aligner": 0,
    "pair_key": "Model->ModelNew"
  },
  "runnable": true,
  "phase": "stage4_advanced_memory",
  "pytorch_baseline_ms": 7.461708736419678,
  "score": 0.7979948303207265
}