{
  "timestamp": "2025-12-28T12:48:28",
  "reference_file": "KernelBench/select2/86_conv_depthwise_separable_2D.py",
  "candidate_file": "/home/hyc/LLMKernel/run/20251228_121550_batch_range81to86_openai_deepseek/86_conv_depthwise_separable_2D/code/kernel_20251228_124822.py",
  "tolerance": 1,
  "max_abs_err": 0.0005308091640472412,
  "mean_abs_err": 9.11134629859589e-05,
  "ref_latency_ms": {
    "avg": 7.815148830413818,
    "min": 7.805952072143555,
    "max": 7.821216106414795,
    "all": [
      7.819263935089111,
      7.821216106414795,
      7.818240165710449,
      7.805952072143555,
      7.811071872711182
    ]
  },
  "test_latency_ms": {
    "avg": 8.650547218322753,
    "min": 8.646656036376953,
    "max": 8.653823852539062,
    "all": [
      8.652799606323242,
      8.653823852539062,
      8.646656036376953,
      8.647680282592773,
      8.651776313781738
    ]
  },
  "num_runs": 5,
  "model_init_args": [
    64,
    128,
    3,
    1,
    1,
    1
  ],
  "model_init_kwargs": {},
  "seed": 100,
  "align_stats": {
    "copied_same_shape": 2,
    "unique_shape_copied": 0,
    "mapped_shape": 0,
    "skipped": 0,
    "pair_aligner": 0,
    "pair_key": "Model->ModelNew"
  },
  "runnable": true,
  "phase": "algorithm_optimized_seed1",
  "pytorch_baseline_ms": 7.811660861968994,
  "score": 0.9030250531923678
}