{
  "timestamp": "2025-12-28T12:46:11",
  "reference_file": "KernelBench/select2/86_conv_depthwise_separable_2D.py",
  "candidate_file": "/home/hyc/LLMKernel/run/20251228_121550_batch_range81to86_openai_deepseek/86_conv_depthwise_separable_2D/code/kernel_20251228_124606.py",
  "tolerance": 1,
  "max_abs_err": 0.0005308091640472412,
  "mean_abs_err": 9.11134629859589e-05,
  "ref_latency_ms": {
    "avg": 7.834790515899658,
    "min": 7.811903953552246,
    "max": 7.875584125518799,
    "all": [
      7.847936153411865,
      7.811903953552246,
      7.816192150115967,
      7.822336196899414,
      7.875584125518799
    ]
  },
  "test_latency_ms": {
    "avg": 6.979379272460937,
    "min": 6.975488185882568,
    "max": 6.98367977142334,
    "all": [
      6.977536201477051,
      6.977536201477051,
      6.975488185882568,
      6.982656002044678,
      6.98367977142334
    ]
  },
  "num_runs": 5,
  "model_init_args": [
    64,
    128,
    3,
    1,
    1,
    1
  ],
  "model_init_kwargs": {},
  "seed": 100,
  "align_stats": {
    "copied_same_shape": 2,
    "unique_shape_copied": 0,
    "mapped_shape": 0,
    "skipped": 0,
    "pair_aligner": 0,
    "pair_key": "Model->ModelNew"
  },
  "runnable": true,
  "phase": "algorithm_optimized_seed0",
  "pytorch_baseline_ms": 7.811660861968994,
  "score": 1.1192486547896965
}