{
  "timestamp": "2025-12-15T03:07:27",
  "reference_file": "KernelBench/level2/33_Gemm_Scale_BatchNorm.py",
  "candidate_file": "/home/hyc/LLMKernel/run/20251215_024803_batch_range31to55_openai_deepseek/33_Gemm_Scale_BatchNorm/code/kernel_20251215_030721.py",
  "tolerance": 0.001,
  "max_abs_err": 0.0390167236328125,
  "mean_abs_err": 0.00016651918122079223,
  "ref_latency_ms": {
    "avg": 3.387782430648804,
    "min": 3.3802239894866943,
    "max": 3.3968000411987305,
    "all": [
      3.3968000411987305,
      3.3822720050811768,
      3.3942720890045166,
      3.3802239894866943,
      3.3853440284729004
    ]
  },
  "test_latency_ms": {
    "avg": 4.073062324523926,
    "min": 3.916800022125244,
    "max": 4.169727802276611,
    "all": [
      4.169727802276611,
      4.167679786682129,
      4.166656017303467,
      3.9444479942321777,
      3.916800022125244
    ]
  },
  "num_runs": 5,
  "model_init_args": [
    8192,
    8192,
    [
      8192
    ]
  ],
  "model_init_kwargs": {},
  "seed": 100,
  "align_stats": {
    "copied_same_shape": 8,
    "unique_shape_copied": 0,
    "mapped_shape": 0,
    "skipped": 0,
    "pair_aligner": 0,
    "pair_key": "Model->ModelNew"
  },
  "runnable": true,
  "phase": "stage2_block_tiling",
  "pytorch_baseline_ms": 3.338643217086792,
  "score": 0.8196887135718023
}