{
  "timestamp": "2025-12-15T03:10:28",
  "reference_file": "KernelBench/level2/33_Gemm_Scale_BatchNorm.py",
  "candidate_file": "/home/hyc/LLMKernel/run/20251215_024803_batch_range31to55_openai_deepseek/33_Gemm_Scale_BatchNorm/code/kernel_20251215_031023.py",
  "tolerance": 0.001,
  "max_abs_err": 0.039020538330078125,
  "mean_abs_err": 0.00016651925398036838,
  "ref_latency_ms": {
    "avg": 3.3884095668792726,
    "min": 3.3822720050811768,
    "max": 3.402751922607422,
    "all": [
      3.402751922607422,
      3.3843839168548584,
      3.3862719535827637,
      3.3822720050811768,
      3.3863680362701416
    ]
  },
  "test_latency_ms": {
    "avg": 2.5755136013031006,
    "min": 2.2804479598999023,
    "max": 2.7041919231414795,
    "all": [
      2.2804479598999023,
      2.4944000244140625,
      2.6992640495300293,
      2.6992640495300293,
      2.7041919231414795
    ]
  },
  "num_runs": 5,
  "model_init_args": [
    8192,
    8192,
    [
      8192
    ]
  ],
  "model_init_kwargs": {},
  "seed": 100,
  "align_stats": {
    "copied_same_shape": 8,
    "unique_shape_copied": 0,
    "mapped_shape": 0,
    "skipped": 0,
    "pair_aligner": 0,
    "pair_key": "Model->ModelNew"
  },
  "runnable": true,
  "phase": "stage4_advanced_memory",
  "pytorch_baseline_ms": 3.338643217086792,
  "score": 1.296301916401288
}