{
  "timestamp": "2025-12-15T03:09:11",
  "reference_file": "KernelBench/level2/33_Gemm_Scale_BatchNorm.py",
  "candidate_file": "/home/hyc/LLMKernel/run/20251215_024803_batch_range31to55_openai_deepseek/33_Gemm_Scale_BatchNorm/code/kernel_20251215_030904.py",
  "tolerance": 0.001,
  "max_abs_err": 0.039020538330078125,
  "mean_abs_err": 0.00016651925398036838,
  "ref_latency_ms": {
    "avg": 3.389644813537598,
    "min": 3.3822720050811768,
    "max": 3.402751922607422,
    "all": [
      3.402751922607422,
      3.387392044067383,
      3.387392044067383,
      3.3822720050811768,
      3.388416051864624
    ]
  },
  "test_latency_ms": {
    "avg": 5.059756851196289,
    "min": 5.0563201904296875,
    "max": 5.066751956939697,
    "all": [
      5.066751956939697,
      5.0575361251831055,
      5.06163215637207,
      5.056543827056885,
      5.0563201904296875
    ]
  },
  "num_runs": 5,
  "model_init_args": [
    8192,
    8192,
    [
      8192
    ]
  ],
  "model_init_kwargs": {},
  "seed": 100,
  "align_stats": {
    "copied_same_shape": 8,
    "unique_shape_copied": 0,
    "mapped_shape": 0,
    "skipped": 0,
    "pair_aligner": 0,
    "pair_key": "Model->ModelNew"
  },
  "runnable": true,
  "phase": "stage3_repair",
  "pytorch_baseline_ms": 3.338643217086792,
  "score": 0.659842619966497
}