{
  "timestamp": "2025-12-15T03:06:33",
  "reference_file": "KernelBench/level2/33_Gemm_Scale_BatchNorm.py",
  "candidate_file": "/home/hyc/LLMKernel/run/20251215_024803_batch_range31to55_openai_deepseek/33_Gemm_Scale_BatchNorm/code/kernel_20251215_030628.py",
  "tolerance": 0.001,
  "max_abs_err": 0.039020538330078125,
  "mean_abs_err": 0.00016651925398036838,
  "ref_latency_ms": {
    "avg": 3.3889472007751467,
    "min": 3.3802239894866943,
    "max": 3.403775930404663,
    "all": [
      3.403775930404663,
      3.3802239894866943,
      3.3853440284729004,
      3.383039951324463,
      3.3923521041870117
    ]
  },
  "test_latency_ms": {
    "avg": 4.769139099121094,
    "min": 4.766719818115234,
    "max": 4.772863864898682,
    "all": [
      4.7718400955200195,
      4.772863864898682,
      4.766719818115234,
      4.767551898956299,
      4.766719818115234
    ]
  },
  "num_runs": 5,
  "model_init_args": [
    8192,
    8192,
    [
      8192
    ]
  ],
  "model_init_kwargs": {},
  "seed": 100,
  "align_stats": {
    "copied_same_shape": 8,
    "unique_shape_copied": 0,
    "mapped_shape": 0,
    "skipped": 0,
    "pair_aligner": 0,
    "pair_key": "Model->ModelNew"
  },
  "runnable": true,
  "phase": "stage1_grid_and_parallel",
  "pytorch_baseline_ms": 3.338643217086792,
  "score": 0.7000515497025599
}