{
  "timestamp": "2025-12-15T03:05:20",
  "reference_file": "KernelBench/level2/33_Gemm_Scale_BatchNorm.py",
  "candidate_file": "/home/hyc/LLMKernel/run/20251215_024803_batch_range31to55_openai_deepseek/33_Gemm_Scale_BatchNorm/code/kernel_20251215_030515.py",
  "tolerance": 0.001,
  "max_abs_err": 0.039020538330078125,
  "mean_abs_err": 0.00016651925398036838,
  "ref_latency_ms": {
    "avg": 3.338643217086792,
    "min": 3.3302080631256104,
    "max": 3.358720064163208,
    "all": [
      3.358720064163208,
      3.33516788482666,
      3.337023973464966,
      3.3302080631256104,
      3.3320960998535156
    ]
  },
  "test_latency_ms": {
    "avg": 3.9755136013031005,
    "min": 3.9709439277648926,
    "max": 3.9801599979400635,
    "all": [
      3.975167989730835,
      3.976191997528076,
      3.9751040935516357,
      3.9709439277648926,
      3.9801599979400635
    ]
  },
  "num_runs": 5,
  "model_init_args": [
    8192,
    8192,
    [
      8192
    ]
  ],
  "model_init_kwargs": {},
  "seed": 100,
  "align_stats": {
    "copied_same_shape": 8,
    "unique_shape_copied": 0,
    "mapped_shape": 0,
    "skipped": 0,
    "pair_aligner": 0,
    "pair_key": "Model->ModelNew"
  },
  "runnable": true,
  "phase": "seed",
  "score": 0.8398017342947703
}