{
  "timestamp": "2025-12-16T09:31:00",
  "reference_file": "KernelBench/level3/48_Mamba2ReturnY.py",
  "candidate_file": "/home/hyc/LLMKernel/run/20251216_085416_batch_range45to50_openai_deepseek/48_Mamba2ReturnY/code/kernel_20251216_093052.py",
  "tolerance": 0.1,
  "max_abs_err": 96.0,
  "mean_abs_err": 0.12107458710670471,
  "ref_latency_ms": {
    "avg": 24.52576675415039,
    "min": 24.521728515625,
    "max": 24.53708839416504,
    "all": [
      24.53708839416504,
      24.521728515625,
      24.525760650634766,
      24.52252769470215,
      24.521728515625
    ]
  },
  "test_latency_ms": {
    "avg": 20.96928596496582,
    "min": 20.9564151763916,
    "max": 20.979551315307617,
    "all": [
      20.973567962646484,
      20.9564151763916,
      20.979551315307617,
      20.970495223999023,
      20.966400146484375
    ]
  },
  "num_runs": 5,
  "model_init_args": [
    2048,
    128,
    8,
    64,
    16,
    64
  ],
  "model_init_kwargs": {},
  "seed": 100,
  "align_stats": {
    "copied_same_shape": 3,
    "unique_shape_copied": 0,
    "mapped_shape": 0,
    "skipped": 0,
    "pair_aligner": 0,
    "pair_key": "Model->ModelNew"
  },
  "runnable": true,
  "phase": "stage3_memory_access",
  "pytorch_baseline_ms": 24.529875183105467,
  "score": 1.1698002127534748
}