{
  "timestamp": "2025-12-16T09:19:32",
  "reference_file": "KernelBench/level3/48_Mamba2ReturnY.py",
  "candidate_file": "/home/hyc/LLMKernel/run/20251216_085416_batch_range45to50_openai_deepseek/48_Mamba2ReturnY/code/kernel_20251216_091924.py",
  "tolerance": 0.1,
  "max_abs_err": 96.0,
  "mean_abs_err": 0.12107458710670471,
  "ref_latency_ms": {
    "avg": 24.529875183105467,
    "min": 24.519424438476562,
    "max": 24.54425621032715,
    "all": [
      24.54425621032715,
      24.52582359313965,
      24.52057647705078,
      24.539295196533203,
      24.519424438476562
    ]
  },
  "test_latency_ms": {
    "avg": 21.124665451049804,
    "min": 21.11689567565918,
    "max": 21.137407302856445,
    "all": [
      21.137407302856445,
      21.125120162963867,
      21.12601661682129,
      21.117887496948242,
      21.11689567565918
    ]
  },
  "num_runs": 5,
  "model_init_args": [
    2048,
    128,
    8,
    64,
    16,
    64
  ],
  "model_init_kwargs": {},
  "seed": 100,
  "align_stats": {
    "copied_same_shape": 3,
    "unique_shape_copied": 0,
    "mapped_shape": 0,
    "skipped": 0,
    "pair_aligner": 0,
    "pair_key": "Model->ModelNew"
  },
  "runnable": true,
  "phase": "seed",
  "score": 1.1611959128984188
}