{
  "timestamp": "2025-12-16T09:32:45",
  "reference_file": "KernelBench/level3/48_Mamba2ReturnY.py",
  "candidate_file": "/home/hyc/LLMKernel/run/20251216_085416_batch_range45to50_openai_deepseek/48_Mamba2ReturnY/code/kernel_20251216_093236.py",
  "tolerance": 0.1,
  "max_abs_err": 96.0,
  "mean_abs_err": 0.12107458710670471,
  "ref_latency_ms": {
    "avg": 24.5204288482666,
    "min": 24.509248733520508,
    "max": 24.536991119384766,
    "all": [
      24.525760650634766,
      24.509248733520508,
      24.5166072845459,
      24.51353645324707,
      24.536991119384766
    ]
  },
  "test_latency_ms": {
    "avg": 21.354668807983398,
    "min": 21.344255447387695,
    "max": 21.369855880737305,
    "all": [
      21.348352432250977,
      21.348352432250977,
      21.344255447387695,
      21.36252784729004,
      21.369855880737305
    ]
  },
  "num_runs": 5,
  "model_init_args": [
    2048,
    128,
    8,
    64,
    16,
    64
  ],
  "model_init_kwargs": {},
  "seed": 100,
  "align_stats": {
    "copied_same_shape": 3,
    "unique_shape_copied": 0,
    "mapped_shape": 0,
    "skipped": 0,
    "pair_aligner": 0,
    "pair_key": "Model->ModelNew"
  },
  "runnable": true,
  "phase": "stage4_advanced_memory",
  "pytorch_baseline_ms": 24.529875183105467,
  "score": 1.1486890948144803
}