{
  "timestamp": "2025-12-12T22:27:36",
  "reference_file": "KernelBench/level1/23_Softmax.py",
  "candidate_file": "/home/hyc/LLMKernel/run/20251212_170043_batch_range5to40_deepseek_deepseek/23_Softmax/code/kernel_20251212_222722.py",
  "tolerance": 0.001,
  "max_abs_err": 2.2737367544323206e-12,
  "mean_abs_err": 3.9136340110497436e-13,
  "ref_latency_ms": {
    "avg": 27.753542709350587,
    "min": 27.74015998840332,
    "max": 27.759424209594727,
    "all": [
      27.757312774658203,
      27.75222396850586,
      27.74015998840332,
      27.759424209594727,
      27.75859260559082
    ]
  },
  "test_latency_ms": {
    "avg": 34.836280822753906,
    "min": 34.818817138671875,
    "max": 34.865150451660156,
    "all": [
      34.83977508544922,
      34.83647918701172,
      34.82118225097656,
      34.865150451660156,
      34.818817138671875
    ]
  },
  "num_runs": 5,
  "model_init_args": [],
  "model_init_kwargs": {},
  "seed": 100,
  "align_stats": {
    "copied_same_shape": 0,
    "unique_shape_copied": 0,
    "mapped_shape": 0,
    "skipped": 0,
    "pair_aligner": 0,
    "pair_key": "Model->ModelNew"
  },
  "runnable": true,
  "phase": "seed_repair",
  "score": 0.7966850092453868
}