{
  "timestamp": "2025-12-28T10:37:16",
  "reference_file": "KernelBench/select2/23_Softmax.py",
  "candidate_file": "/home/hyc/LLMKernel/run/20251228_103241_batch_range23to31_openai_deepseek/23_Softmax/code/kernel_20251228_103702.py",
  "tolerance": 1,
  "max_abs_err": 3.183231456205249e-12,
  "mean_abs_err": 1.394352623813877e-12,
  "ref_latency_ms": {
    "avg": 27.874508666992188,
    "min": 27.856895446777344,
    "max": 27.884544372558594,
    "all": [
      27.856895446777344,
      27.876352310180664,
      27.882495880126953,
      27.884544372558594,
      27.872255325317383
    ]
  },
  "test_latency_ms": {
    "avg": 36.88016586303711,
    "min": 36.79423904418945,
    "max": 36.966400146484375,
    "all": [
      36.903934478759766,
      36.79423904418945,
      36.879425048828125,
      36.85683059692383,
      36.966400146484375
    ]
  },
  "num_runs": 5,
  "model_init_args": [],
  "model_init_kwargs": {},
  "seed": 100,
  "align_stats": {
    "copied_same_shape": 0,
    "unique_shape_copied": 0,
    "mapped_shape": 0,
    "skipped": 0,
    "pair_aligner": 0,
    "pair_key": "Model->ModelNew"
  },
  "runnable": true,
  "phase": "algorithm_optimized_seed1",
  "pytorch_baseline_ms": 27.94669418334961,
  "score": 0.7577702954790394
}