{
  "timestamp": "2025-12-28T10:34:32",
  "reference_file": "KernelBench/select2/23_Softmax.py",
  "candidate_file": "/home/hyc/LLMKernel/run/20251228_103241_batch_range23to31_openai_deepseek/23_Softmax/code/kernel_20251228_103414.py",
  "tolerance": 1,
  "max_abs_err": 3.183231456205249e-12,
  "mean_abs_err": 1.394352623813877e-12,
  "ref_latency_ms": {
    "avg": 27.930335998535156,
    "min": 27.898880004882812,
    "max": 27.952896118164062,
    "all": [
      27.952896118164062,
      27.929311752319336,
      27.898880004882812,
      27.93164825439453,
      27.93894386291504
    ]
  },
  "test_latency_ms": {
    "avg": 44.55057373046875,
    "min": 44.542049407958984,
    "max": 44.55628967285156,
    "all": [
      44.55424118041992,
      44.55628967285156,
      44.55628967285156,
      44.54399871826172,
      44.542049407958984
    ]
  },
  "num_runs": 5,
  "model_init_args": [],
  "model_init_kwargs": {},
  "seed": 100,
  "align_stats": {
    "copied_same_shape": 0,
    "unique_shape_copied": 0,
    "mapped_shape": 0,
    "skipped": 0,
    "pair_aligner": 0,
    "pair_key": "Model->ModelNew"
  },
  "runnable": true,
  "phase": "seed_1",
  "pytorch_baseline_ms": 27.94669418334961,
  "score": 0.6273026774565752
}