{
  "timestamp": "2025-12-28T10:33:30",
  "reference_file": "KernelBench/select2/23_Softmax.py",
  "candidate_file": "/home/hyc/LLMKernel/run/20251228_103241_batch_range23to31_openai_deepseek/23_Softmax/code/kernel_20251228_103312.py",
  "tolerance": 1,
  "max_abs_err": 3.183231456205249e-12,
  "mean_abs_err": 1.394352623813877e-12,
  "ref_latency_ms": {
    "avg": 27.94669418334961,
    "min": 27.93756866455078,
    "max": 27.958208084106445,
    "all": [
      27.958208084106445,
      27.93756866455078,
      27.951967239379883,
      27.94281578063965,
      27.94291114807129
    ]
  },
  "test_latency_ms": {
    "avg": 36.89509201049805,
    "min": 36.85171127319336,
    "max": 36.93977737426758,
    "all": [
      36.85171127319336,
      36.891456604003906,
      36.9090576171875,
      36.93977737426758,
      36.88345718383789
    ]
  },
  "num_runs": 5,
  "model_init_args": [],
  "model_init_kwargs": {},
  "seed": 100,
  "align_stats": {
    "copied_same_shape": 0,
    "unique_shape_copied": 0,
    "mapped_shape": 0,
    "skipped": 0,
    "pair_aligner": 0,
    "pair_key": "Model->ModelNew"
  },
  "runnable": true,
  "phase": "seed_0",
  "score": 0.757463734618082
}