{
  "timestamp": "2025-12-28T10:39:43",
  "reference_file": "KernelBench/select2/23_Softmax.py",
  "candidate_file": "/home/hyc/LLMKernel/run/20251228_103241_batch_range23to31_openai_deepseek/23_Softmax/code/kernel_20251228_103928.py",
  "tolerance": 1,
  "max_abs_err": 4.547473508864641e-12,
  "mean_abs_err": 1.7772677860655728e-12,
  "ref_latency_ms": {
    "avg": 27.82300148010254,
    "min": 27.80950355529785,
    "max": 27.835168838500977,
    "all": [
      27.812864303588867,
      27.80950355529785,
      27.835168838500977,
      27.825151443481445,
      27.832319259643555
    ]
  },
  "test_latency_ms": {
    "avg": 28.46495361328125,
    "min": 28.427263259887695,
    "max": 28.489728927612305,
    "all": [
      28.489728927612305,
      28.450815200805664,
      28.47929573059082,
      28.427263259887695,
      28.477664947509766
    ]
  },
  "num_runs": 5,
  "model_init_args": [],
  "model_init_kwargs": {},
  "seed": 100,
  "align_stats": {
    "copied_same_shape": 0,
    "unique_shape_copied": 0,
    "mapped_shape": 0,
    "skipped": 0,
    "pair_aligner": 0,
    "pair_key": "Model->ModelNew"
  },
  "runnable": true,
  "phase": "stage1_grid_and_parallel_repair",
  "pytorch_baseline_ms": 27.94669418334961,
  "score": 0.9817930695769752
}