{
  "timestamp": "2025-12-12T22:31:49",
  "reference_file": "KernelBench/level1/23_Softmax.py",
  "candidate_file": "/home/hyc/LLMKernel/run/20251212_170043_batch_range5to40_deepseek_deepseek/23_Softmax/code/kernel_20251212_223133.py",
  "tolerance": 0.001,
  "max_abs_err": 2.2737367544323206e-12,
  "mean_abs_err": 3.9136340110497436e-13,
  "ref_latency_ms": {
    "avg": 27.75009880065918,
    "min": 27.731935501098633,
    "max": 27.782943725585938,
    "all": [
      27.731935501098633,
      27.73695945739746,
      27.75984001159668,
      27.782943725585938,
      27.738815307617188
    ]
  },
  "test_latency_ms": {
    "avg": 34.84588088989258,
    "min": 34.82931137084961,
    "max": 34.87305450439453,
    "all": [
      34.851776123046875,
      34.87305450439453,
      34.8364143371582,
      34.83884811401367,
      34.82931137084961
    ]
  },
  "num_runs": 5,
  "model_init_args": [],
  "model_init_kwargs": {},
  "seed": 100,
  "align_stats": {
    "copied_same_shape": 0,
    "unique_shape_copied": 0,
    "mapped_shape": 0,
    "skipped": 0,
    "pair_aligner": 0,
    "pair_key": "Model->ModelNew"
  },
  "runnable": true,
  "phase": "stage1_grid_and_parallel",
  "pytorch_baseline_ms": 27.753542709350587,
  "score": 0.7964655219090989
}