{
  "timestamp": "2025-12-12T22:38:08",
  "reference_file": "KernelBench/level1/23_Softmax.py",
  "candidate_file": "/home/hyc/LLMKernel/run/20251212_170043_batch_range5to40_deepseek_deepseek/23_Softmax/code/kernel_20251212_223755.py",
  "tolerance": 0.001,
  "max_abs_err": 9.094947017729282e-13,
  "mean_abs_err": 2.4823789942021723e-13,
  "ref_latency_ms": {
    "avg": 27.73379135131836,
    "min": 27.70534324645996,
    "max": 27.7524471282959,
    "all": [
      27.7524471282959,
      27.73708724975586,
      27.74732780456543,
      27.70534324645996,
      27.72675132751465
    ]
  },
  "test_latency_ms": {
    "avg": 34.89087905883789,
    "min": 34.87116622924805,
    "max": 34.911136627197266,
    "all": [
      34.881534576416016,
      34.89478302001953,
      34.87116622924805,
      34.911136627197266,
      34.895774841308594
    ]
  },
  "num_runs": 5,
  "model_init_args": [],
  "model_init_kwargs": {},
  "seed": 100,
  "align_stats": {
    "copied_same_shape": 0,
    "unique_shape_copied": 0,
    "mapped_shape": 0,
    "skipped": 0,
    "pair_aligner": 0,
    "pair_key": "Model->ModelNew"
  },
  "runnable": true,
  "phase": "stage3_repair",
  "pytorch_baseline_ms": 27.753542709350587,
  "score": 0.7954383339711412
}