{
  "timestamp": "2025-12-28T10:44:54",
  "reference_file": "KernelBench/select2/23_Softmax.py",
  "candidate_file": "/home/hyc/LLMKernel/run/20251228_103241_batch_range23to31_openai_deepseek/23_Softmax/code/kernel_20251228_104439.py",
  "tolerance": 1,
  "max_abs_err": 4.547473508864641e-12,
  "mean_abs_err": 1.7772677860655728e-12,
  "ref_latency_ms": {
    "avg": 27.815545654296876,
    "min": 27.792448043823242,
    "max": 27.831424713134766,
    "all": [
      27.83024024963379,
      27.796480178833008,
      27.831424713134766,
      27.792448043823242,
      27.82713508605957
    ]
  },
  "test_latency_ms": {
    "avg": 30.020837783813477,
    "min": 29.998079299926758,
    "max": 30.039167404174805,
    "all": [
      30.039167404174805,
      30.029823303222656,
      30.0001277923584,
      30.036991119384766,
      29.998079299926758
    ]
  },
  "num_runs": 5,
  "model_init_args": [],
  "model_init_kwargs": {},
  "seed": 100,
  "align_stats": {
    "copied_same_shape": 0,
    "unique_shape_copied": 0,
    "mapped_shape": 0,
    "skipped": 0,
    "pair_aligner": 0,
    "pair_key": "Model->ModelNew"
  },
  "runnable": true,
  "phase": "stage2_block_tiling",
  "pytorch_baseline_ms": 27.94669418334961,
  "score": 0.9309098694913106
}