{
  "timestamp": "2025-12-28T10:36:02",
  "reference_file": "KernelBench/select2/23_Softmax.py",
  "candidate_file": "/home/hyc/LLMKernel/run/20251228_103241_batch_range23to31_openai_deepseek/23_Softmax/code/kernel_20251228_103548.py",
  "tolerance": 1,
  "max_abs_err": 4.547473508864641e-12,
  "mean_abs_err": 1.7772677860655728e-12,
  "ref_latency_ms": {
    "avg": 27.92958755493164,
    "min": 27.910079956054688,
    "max": 27.9418888092041,
    "all": [
      27.92857551574707,
      27.9418888092041,
      27.94086456298828,
      27.926528930664062,
      27.910079956054688
    ]
  },
  "test_latency_ms": {
    "avg": 30.032057571411134,
    "min": 30.023679733276367,
    "max": 30.046207427978516,
    "all": [
      30.035968780517578,
      30.030752182006836,
      30.023679733276367,
      30.046207427978516,
      30.023679733276367
    ]
  },
  "num_runs": 5,
  "model_init_args": [],
  "model_init_kwargs": {},
  "seed": 100,
  "align_stats": {
    "copied_same_shape": 0,
    "unique_shape_copied": 0,
    "mapped_shape": 0,
    "skipped": 0,
    "pair_aligner": 0,
    "pair_key": "Model->ModelNew"
  },
  "runnable": true,
  "phase": "algorithm_optimized_seed0",
  "pytorch_baseline_ms": 27.94669418334961,
  "score": 0.9305620874259819
}