{
  "timestamp": "2025-12-12T22:44:52",
  "reference_file": "KernelBench/level1/23_Softmax.py",
  "candidate_file": "/home/hyc/LLMKernel/run/20251212_170043_batch_range5to40_deepseek_deepseek/23_Softmax/code/kernel_20251212_224435.py",
  "tolerance": 0.001,
  "max_abs_err": 2.2737367544323206e-12,
  "mean_abs_err": 5.841084994157031e-13,
  "ref_latency_ms": {
    "avg": 27.72693786621094,
    "min": 27.699199676513672,
    "max": 27.74710464477539,
    "all": [
      27.74710464477539,
      27.720800399780273,
      27.730815887451172,
      27.73676872253418,
      27.699199676513672
    ]
  },
  "test_latency_ms": {
    "avg": 34.94473571777344,
    "min": 34.9315185546875,
    "max": 34.962432861328125,
    "all": [
      34.94793701171875,
      34.9315185546875,
      34.94700622558594,
      34.934783935546875,
      34.962432861328125
    ]
  },
  "num_runs": 5,
  "model_init_args": [],
  "model_init_kwargs": {},
  "seed": 100,
  "align_stats": {
    "copied_same_shape": 0,
    "unique_shape_copied": 0,
    "mapped_shape": 0,
    "skipped": 0,
    "pair_aligner": 0,
    "pair_key": "Model->ModelNew"
  },
  "runnable": true,
  "phase": "stage4_repair",
  "pytorch_baseline_ms": 27.753542709350587,
  "score": 0.7942124082293374
}