{
  "timestamp": "2025-12-23T09:05:38",
  "reference_file": "KernelBench/level3/7_GoogleNetInceptionV1.py",
  "candidate_file": "/home/hyc/LLMKernel/run/20251223_090359_7_GoogleNetInceptionV1_openai_deepseek/7_GoogleNetInceptionV1/code/kernel_20251223_090527.py",
  "tolerance": 1,
  "max_abs_err": 0.10366594791412354,
  "mean_abs_err": 0.02475914917886257,
  "ref_latency_ms": {
    "avg": 2.0625216007232665,
    "min": 2.045759916305542,
    "max": 2.087775945663452,
    "all": [
      2.087775945663452,
      2.050015926361084,
      2.045759916305542,
      2.0472640991210938,
      2.081792116165161
    ]
  },
  "test_latency_ms": {
    "avg": 25.212281799316408,
    "min": 25.19843292236328,
    "max": 25.257984161376953,
    "all": [
      25.257984161376953,
      25.204736709594727,
      25.198591232299805,
      25.19843292236328,
      25.201663970947266
    ]
  },
  "num_runs": 5,
  "model_init_args": [
    1000
  ],
  "model_init_kwargs": {},
  "seed": 100,
  "align_stats": {
    "copied_same_shape": 0,
    "unique_shape_copied": 44,
    "mapped_shape": 0,
    "skipped": 72,
    "pair_aligner": 0,
    "pair_key": "Model->ModelNew"
  },
  "runnable": true,
  "phase": "seed_0",
  "score": 0.08180622512236035
}