{
  "timestamp": "2025-12-16T05:17:35",
  "reference_file": "KernelBench/level3/7_GoogleNetInceptionV1.py",
  "candidate_file": "/home/hyc/LLMKernel/run/20251216_051542_batch_range2to17_openai_deepseek/7_GoogleNetInceptionV1/code/kernel_20251216_051730.py",
  "tolerance": 0.1,
  "max_abs_err": 4.388391971588135e-05,
  "mean_abs_err": 1.0729581845225766e-05,
  "ref_latency_ms": {
    "avg": 3.2274687767028807,
    "min": 3.2020480632781982,
    "max": 3.250175952911377,
    "all": [
      3.246079921722412,
      3.2020480632781982,
      3.250175952911377,
      3.208319902420044,
      3.230720043182373
    ]
  },
  "test_latency_ms": {
    "avg": 7.699257659912109,
    "min": 7.624576091766357,
    "max": 7.757823944091797,
    "all": [
      7.757823944091797,
      7.736447811126709,
      7.644192218780518,
      7.624576091766357,
      7.733248233795166
    ]
  },
  "num_runs": 5,
  "model_init_args": [
    1000
  ],
  "model_init_kwargs": {},
  "seed": 100,
  "align_stats": {
    "copied_same_shape": 116,
    "unique_shape_copied": 0,
    "mapped_shape": 0,
    "skipped": 0,
    "pair_aligner": 0,
    "pair_key": "Model->ModelNew"
  },
  "runnable": true,
  "phase": "seed_repair",
  "score": 0.4191922025817387
}