{
  "timestamp": "2025-12-23T09:14:50",
  "reference_file": "KernelBench/level3/7_GoogleNetInceptionV1.py",
  "candidate_file": "/home/hyc/LLMKernel/run/20251223_090359_7_GoogleNetInceptionV1_openai_deepseek/7_GoogleNetInceptionV1/code/kernel_20251223_091445.py",
  "tolerance": 1,
  "max_abs_err": 3.695487976074219e-05,
  "mean_abs_err": 7.504393124690978e-06,
  "ref_latency_ms": {
    "avg": 2.035084772109985,
    "min": 2.0285439491271973,
    "max": 2.057215929031372,
    "all": [
      2.057215929031372,
      2.0295679569244385,
      2.0285439491271973,
      2.0315520763397217,
      2.0285439491271973
    ]
  },
  "test_latency_ms": {
    "avg": 2.2054848194122316,
    "min": 2.1780478954315186,
    "max": 2.241568088531494,
    "all": [
      2.241568088531494,
      2.2272000312805176,
      2.1780478954315186,
      2.1923201084136963,
      2.1882879734039307
    ]
  },
  "num_runs": 5,
  "model_init_args": [
    1000
  ],
  "model_init_kwargs": {},
  "seed": 100,
  "align_stats": {
    "copied_same_shape": 114,
    "unique_shape_copied": 2,
    "mapped_shape": 0,
    "skipped": 0,
    "pair_aligner": 0,
    "pair_key": "Model->ModelNew"
  },
  "runnable": true,
  "phase": "stage3_memory_and_tuning",
  "pytorch_baseline_ms": 2.0625216007232665,
  "score": 0.9351783256766804
}