{
  "timestamp": "2025-12-23T09:08:04",
  "reference_file": "KernelBench/level3/7_GoogleNetInceptionV1.py",
  "candidate_file": "/home/hyc/LLMKernel/run/20251223_090359_7_GoogleNetInceptionV1_openai_deepseek/7_GoogleNetInceptionV1/code/kernel_20251223_090756.py",
  "tolerance": 1,
  "max_abs_err": 0.10360017418861389,
  "mean_abs_err": 0.024749772623181343,
  "ref_latency_ms": {
    "avg": 2.9460864067077637,
    "min": 2.894848108291626,
    "max": 2.969599962234497,
    "all": [
      2.969599962234497,
      2.9665279388427734,
      2.935807943344116,
      2.894848108291626,
      2.9636480808258057
    ]
  },
  "test_latency_ms": {
    "avg": 4.250854396820069,
    "min": 4.2269439697265625,
    "max": 4.268032073974609,
    "all": [
      4.263199806213379,
      4.268032073974609,
      4.242400169372559,
      4.2269439697265625,
      4.253695964813232
    ]
  },
  "num_runs": 5,
  "model_init_args": [
    1000
  ],
  "model_init_kwargs": {},
  "seed": 100,
  "align_stats": {
    "copied_same_shape": 0,
    "unique_shape_copied": 44,
    "mapped_shape": 0,
    "skipped": 72,
    "pair_aligner": 0,
    "pair_key": "Model->ModelNew"
  },
  "runnable": true,
  "phase": "algorithm_optimized_seed0",
  "pytorch_baseline_ms": 2.0625216007232665,
  "score": 0.4852016578752202
}