{
  "timestamp": "2025-12-16T05:19:22",
  "reference_file": "KernelBench/level3/7_GoogleNetInceptionV1.py",
  "candidate_file": "/home/hyc/LLMKernel/run/20251216_051542_batch_range2to17_openai_deepseek/7_GoogleNetInceptionV1/code/kernel_20251216_051854.py",
  "tolerance": 0.1,
  "max_abs_err": 4.388391971588135e-05,
  "mean_abs_err": 1.0729581845225766e-05,
  "ref_latency_ms": {
    "avg": 2.806380796432495,
    "min": 2.5169920921325684,
    "max": 2.933759927749634,
    "all": [
      2.933759927749634,
      2.9040639400482178,
      2.910207986831665,
      2.7668800354003906,
      2.5169920921325684
    ]
  },
  "test_latency_ms": {
    "avg": 6.853439998626709,
    "min": 6.832320213317871,
    "max": 6.868991851806641,
    "all": [
      6.868991851806641,
      6.832320213317871,
      6.847360134124756,
      6.857728004455566,
      6.860799789428711
    ]
  },
  "num_runs": 5,
  "model_init_args": [
    1000
  ],
  "model_init_kwargs": {},
  "seed": 100,
  "align_stats": {
    "copied_same_shape": 116,
    "unique_shape_copied": 0,
    "mapped_shape": 0,
    "skipped": 0,
    "pair_aligner": 0,
    "pair_key": "Model->ModelNew"
  },
  "runnable": true,
  "phase": "stage1_grid_and_parallel",
  "pytorch_baseline_ms": 3.2274687767028807,
  "score": 0.4709268305186301
}