{
  "timestamp": "2025-12-16T05:23:18",
  "reference_file": "KernelBench/level3/7_GoogleNetInceptionV1.py",
  "candidate_file": "/home/hyc/LLMKernel/run/20251216_051542_batch_range2to17_openai_deepseek/7_GoogleNetInceptionV1/code/kernel_20251216_052300.py",
  "tolerance": 0.1,
  "max_abs_err": 4.388391971588135e-05,
  "mean_abs_err": 1.0729581845225766e-05,
  "ref_latency_ms": {
    "avg": 2.5253632068634033,
    "min": 2.502527952194214,
    "max": 2.5589759349823,
    "all": [
      2.548736095428467,
      2.5589759349823,
      2.510848045349121,
      2.505728006362915,
      2.502527952194214
    ]
  },
  "test_latency_ms": {
    "avg": 6.226713562011719,
    "min": 6.189888000488281,
    "max": 6.26585578918457,
    "all": [
      6.265791893005371,
      6.26585578918457,
      6.207488059997559,
      6.2045440673828125,
      6.189888000488281
    ]
  },
  "num_runs": 5,
  "model_init_args": [
    1000
  ],
  "model_init_kwargs": {},
  "seed": 100,
  "align_stats": {
    "copied_same_shape": 116,
    "unique_shape_copied": 0,
    "mapped_shape": 0,
    "skipped": 0,
    "pair_aligner": 0,
    "pair_key": "Model->ModelNew"
  },
  "runnable": true,
  "phase": "stage4_advanced_memory",
  "pytorch_baseline_ms": 3.2274687767028807,
  "score": 0.5183261996172751
}