{
  "timestamp": "2025-12-16T05:20:24",
  "reference_file": "KernelBench/level3/7_GoogleNetInceptionV1.py",
  "candidate_file": "/home/hyc/LLMKernel/run/20251216_051542_batch_range2to17_openai_deepseek/7_GoogleNetInceptionV1/code/kernel_20251216_052004.py",
  "tolerance": 0.1,
  "max_abs_err": 4.388391971588135e-05,
  "mean_abs_err": 1.0729581845225766e-05,
  "ref_latency_ms": {
    "avg": 2.4547391891479493,
    "min": 2.4178240299224854,
    "max": 2.496511936187744,
    "all": [
      2.469759941101074,
      2.496511936187744,
      2.4248321056365967,
      2.4647679328918457,
      2.4178240299224854
    ]
  },
  "test_latency_ms": {
    "avg": 6.563481616973877,
    "min": 6.53107213973999,
    "max": 6.620160102844238,
    "all": [
      6.620160102844238,
      6.570047855377197,
      6.53107213973999,
      6.545599937438965,
      6.550528049468994
    ]
  },
  "num_runs": 5,
  "model_init_args": [
    1000
  ],
  "model_init_kwargs": {},
  "seed": 100,
  "align_stats": {
    "copied_same_shape": 116,
    "unique_shape_copied": 0,
    "mapped_shape": 0,
    "skipped": 0,
    "pair_aligner": 0,
    "pair_key": "Model->ModelNew"
  },
  "runnable": true,
  "phase": "stage2_block_tiling",
  "pytorch_baseline_ms": 3.2274687767028807,
  "score": 0.49173121295202465
}