{
  "timestamp": "2025-12-23T09:13:08",
  "reference_file": "KernelBench/level3/7_GoogleNetInceptionV1.py",
  "candidate_file": "/home/hyc/LLMKernel/run/20251223_090359_7_GoogleNetInceptionV1_openai_deepseek/7_GoogleNetInceptionV1/code/kernel_20251223_091303.py",
  "tolerance": 1,
  "max_abs_err": 3.695487976074219e-05,
  "mean_abs_err": 7.504393124690978e-06,
  "ref_latency_ms": {
    "avg": 2.0499712467193603,
    "min": 2.037600040435791,
    "max": 2.0857601165771484,
    "all": [
      2.0857601165771484,
      2.037600040435791,
      2.0419199466705322,
      2.0386240482330322,
      2.045952081680298
    ]
  },
  "test_latency_ms": {
    "avg": 2.1926591396331787,
    "min": 2.1689279079437256,
    "max": 2.216063976287842,
    "all": [
      2.216063976287842,
      2.2159359455108643,
      2.1882879734039307,
      2.1740798950195312,
      2.1689279079437256
    ]
  },
  "num_runs": 5,
  "model_init_args": [
    1000
  ],
  "model_init_kwargs": {},
  "seed": 100,
  "align_stats": {
    "copied_same_shape": 114,
    "unique_shape_copied": 2,
    "mapped_shape": 0,
    "skipped": 0,
    "pair_aligner": 0,
    "pair_key": "Model->ModelNew"
  },
  "runnable": true,
  "phase": "stage1_grid_and_parallel",
  "pytorch_baseline_ms": 2.0625216007232665,
  "score": 0.9406485319320158
}