{
  "timestamp": "2025-12-23T09:14:04",
  "reference_file": "KernelBench/level3/7_GoogleNetInceptionV1.py",
  "candidate_file": "/home/hyc/LLMKernel/run/20251223_090359_7_GoogleNetInceptionV1_openai_deepseek/7_GoogleNetInceptionV1/code/kernel_20251223_091358.py",
  "tolerance": 1,
  "max_abs_err": 3.695487976074219e-05,
  "mean_abs_err": 7.504393124690978e-06,
  "ref_latency_ms": {
    "avg": 2.0477375984191895,
    "min": 2.037760019302368,
    "max": 2.0610239505767822,
    "all": [
      2.0610239505767822,
      2.053312063217163,
      2.044735908508301,
      2.037760019302368,
      2.041856050491333
    ]
  },
  "test_latency_ms": {
    "avg": 2.1946624279022218,
    "min": 2.1637120246887207,
    "max": 2.247904062271118,
    "all": [
      2.247904062271118,
      2.1872639656066895,
      2.1861441135406494,
      2.1637120246887207,
      2.1882879734039307
    ]
  },
  "num_runs": 5,
  "model_init_args": [
    1000
  ],
  "model_init_kwargs": {},
  "seed": 100,
  "align_stats": {
    "copied_same_shape": 114,
    "unique_shape_copied": 2,
    "mapped_shape": 0,
    "skipped": 0,
    "pair_aligner": 0,
    "pair_key": "Model->ModelNew"
  },
  "runnable": true,
  "phase": "stage2_block_tiling",
  "pytorch_baseline_ms": 2.0625216007232665,
  "score": 0.939789907778545
}