{
  "timestamp": "2025-12-23T09:06:33",
  "reference_file": "KernelBench/level3/7_GoogleNetInceptionV1.py",
  "candidate_file": "/home/hyc/LLMKernel/run/20251223_090359_7_GoogleNetInceptionV1_openai_deepseek/7_GoogleNetInceptionV1/code/kernel_20251223_090628.py",
  "tolerance": 1,
  "max_abs_err": 3.695487976074219e-05,
  "mean_abs_err": 7.504393124690978e-06,
  "ref_latency_ms": {
    "avg": 2.055264043807983,
    "min": 2.0398080348968506,
    "max": 2.101248025894165,
    "all": [
      2.101248025894165,
      2.0398080348968506,
      2.0480000972747803,
      2.045151948928833,
      2.042112112045288
    ]
  },
  "test_latency_ms": {
    "avg": 2.1372223854064942,
    "min": 2.117856025695801,
    "max": 2.1534719467163086,
    "all": [
      2.1534719467163086,
      2.151711940765381,
      2.117856025695801,
      2.1205759048461914,
      2.142496109008789
    ]
  },
  "num_runs": 5,
  "model_init_args": [
    1000
  ],
  "model_init_kwargs": {},
  "seed": 100,
  "align_stats": {
    "copied_same_shape": 114,
    "unique_shape_copied": 2,
    "mapped_shape": 0,
    "skipped": 0,
    "pair_aligner": 0,
    "pair_key": "Model->ModelNew"
  },
  "runnable": true,
  "phase": "seed_1",
  "pytorch_baseline_ms": 2.0625216007232665,
  "score": 0.9650477249380767
}