{
  "timestamp": "2025-12-16T05:22:21",
  "reference_file": "KernelBench/level3/7_GoogleNetInceptionV1.py",
  "candidate_file": "/home/hyc/LLMKernel/run/20251216_051542_batch_range2to17_openai_deepseek/7_GoogleNetInceptionV1/code/kernel_20251216_052139.py",
  "tolerance": 0.1,
  "max_abs_err": 4.388391971588135e-05,
  "mean_abs_err": 1.0729581845225766e-05,
  "ref_latency_ms": {
    "avg": 2.481119966506958,
    "min": 2.4004158973693848,
    "max": 2.7043840885162354,
    "all": [
      2.464639902114868,
      2.4145920276641846,
      2.4004158973693848,
      2.7043840885162354,
      2.421567916870117
    ]
  },
  "test_latency_ms": {
    "avg": 5.8263551712036135,
    "min": 5.747712135314941,
    "max": 5.889023780822754,
    "all": [
      5.889023780822754,
      5.865471839904785,
      5.805056095123291,
      5.824512004852295,
      5.747712135314941
    ]
  },
  "num_runs": 5,
  "model_init_args": [
    1000
  ],
  "model_init_kwargs": {},
  "seed": 100,
  "align_stats": {
    "copied_same_shape": 116,
    "unique_shape_copied": 0,
    "mapped_shape": 0,
    "skipped": 0,
    "pair_aligner": 0,
    "pair_key": "Model->ModelNew"
  },
  "runnable": true,
  "phase": "stage3_memory_access",
  "pytorch_baseline_ms": 3.2274687767028807,
  "score": 0.5539430195835705
}