{
  "timestamp": "2025-12-23T09:12:14",
  "reference_file": "KernelBench/level3/7_GoogleNetInceptionV1.py",
  "candidate_file": "/home/hyc/LLMKernel/run/20251223_090359_7_GoogleNetInceptionV1_openai_deepseek/7_GoogleNetInceptionV1/code/kernel_20251223_091205.py",
  "tolerance": 1,
  "max_abs_err": 0.0039919596165418625,
  "mean_abs_err": 0.0010136263445019722,
  "ref_latency_ms": {
    "avg": 2.072070360183716,
    "min": 2.038559913635254,
    "max": 2.1116158962249756,
    "all": [
      2.1116158962249756,
      2.0600318908691406,
      2.0654079914093018,
      2.038559913635254,
      2.0847361087799072
    ]
  },
  "test_latency_ms": {
    "avg": 476.9014526367188,
    "min": 476.400634765625,
    "max": 477.3519287109375,
    "all": [
      476.4796447753906,
      477.0877380371094,
      477.3519287109375,
      477.18731689453125,
      476.400634765625
    ]
  },
  "num_runs": 5,
  "model_init_args": [
    1000
  ],
  "model_init_kwargs": {},
  "seed": 100,
  "align_stats": {
    "copied_same_shape": 114,
    "unique_shape_copied": 2,
    "mapped_shape": 0,
    "skipped": 0,
    "pair_aligner": 0,
    "pair_key": "Model->ModelNew"
  },
  "runnable": true,
  "phase": "algorithm_optimized_seed1",
  "pytorch_baseline_ms": 2.0625216007232665,
  "score": 0.0043248381595817845
}