{
  "timestamp": "2025-12-13T10:47:05",
  "reference_file": "KernelBench/level1_low_score/54_conv_standard_3D__square_input__square_kernel.py",
  "candidate_file": "/home/hyc/LLMKernel/run/20251213_092218_batch_range49to66_openai_deepseek/54_conv_standard_3D__square_input__square_kernel/code/kernel_20251213_104657.py",
  "tolerance": 0.001,
  "max_abs_err": 0.0009334087371826172,
  "mean_abs_err": 0.00019100919598713517,
  "ref_latency_ms": {
    "avg": 3.5825856208801268,
    "min": 3.5675840377807617,
    "max": 3.6047680377960205,
    "all": [
      3.6047680377960205,
      3.576672077178955,
      3.595263957977295,
      3.5686399936676025,
      3.5675840377807617
    ]
  },
  "test_latency_ms": {
    "avg": 4.4121983528137205,
    "min": 4.405183792114258,
    "max": 4.418560028076172,
    "all": [
      4.4113922119140625,
      4.410367965698242,
      4.415487766265869,
      4.405183792114258,
      4.418560028076172
    ]
  },
  "num_runs": 5,
  "model_init_args": [
    3,
    64,
    3
  ],
  "model_init_kwargs": {},
  "seed": 100,
  "align_stats": {
    "pair_aligner": 1,
    "copied_same_shape": 1,
    "mapped_shape": 0,
    "skipped": 0,
    "pair_key": "Model->ModelNew"
  },
  "runnable": true,
  "phase": "stage3_memory_access",
  "pytorch_baseline_ms": 3.6036159992218018,
  "score": 0.8167393464810405
}