{
  "timestamp": "2025-12-28T12:52:56",
  "reference_file": "KernelBench/select2/54_conv_standard_3D__square_input__square_kernel.py",
  "candidate_file": "/home/hyc/LLMKernel/run/20251228_121433_batch_range47to63_openai_deepseek/54_conv_standard_3D__square_input__square_kernel/code/kernel_20251228_125252.py",
  "tolerance": 1,
  "max_abs_err": 0.0006394386291503906,
  "mean_abs_err": 0.0001317344867857173,
  "ref_latency_ms": {
    "avg": 2.940134382247925,
    "min": 2.93670392036438,
    "max": 2.950144052505493,
    "all": [
      2.950144052505493,
      2.93887996673584,
      2.93670392036438,
      2.9381120204925537,
      2.9368319511413574
    ]
  },
  "test_latency_ms": {
    "avg": 2.770457553863525,
    "min": 2.7637760639190674,
    "max": 2.7750399112701416,
    "all": [
      2.7750399112701416,
      2.7707200050354004,
      2.7637760639190674,
      2.768735885620117,
      2.7740159034729004
    ]
  },
  "num_runs": 5,
  "model_init_args": [
    3,
    64,
    3
  ],
  "model_init_kwargs": {},
  "seed": 100,
  "align_stats": {
    "pair_aligner": 1,
    "copied_same_shape": 1,
    "mapped_shape": 0,
    "skipped": 0,
    "pair_key": "Model->ModelNew"
  },
  "runnable": true,
  "phase": "algorithm_optimized_seed0",
  "pytorch_baseline_ms": 2.930732774734497,
  "score": 1.0578515345407336
}