{
  "timestamp": "2025-12-13T10:49:49",
  "reference_file": "KernelBench/level1_low_score/54_conv_standard_3D__square_input__square_kernel.py",
  "candidate_file": "/home/hyc/LLMKernel/run/20251213_092218_batch_range49to66_openai_deepseek/54_conv_standard_3D__square_input__square_kernel/code/kernel_20251213_104924.py",
  "tolerance": 0.001,
  "max_abs_err": 0.0009334087371826172,
  "mean_abs_err": 0.00019100919598713517,
  "ref_latency_ms": {
    "avg": 3.571008014678955,
    "min": 3.5623040199279785,
    "max": 3.589888095855713,
    "all": [
      3.589888095855713,
      3.5624959468841553,
      3.56659197807312,
      3.5623040199279785,
      3.5737600326538086
    ]
  },
  "test_latency_ms": {
    "avg": 4.739071941375732,
    "min": 4.736000061035156,
    "max": 4.7421441078186035,
    "all": [
      4.7421441078186035,
      4.739071846008301,
      4.736000061035156,
      4.737023830413818,
      4.741119861602783
    ]
  },
  "num_runs": 5,
  "model_init_args": [
    3,
    64,
    3
  ],
  "model_init_kwargs": {},
  "seed": 100,
  "align_stats": {
    "pair_aligner": 1,
    "copied_same_shape": 1,
    "mapped_shape": 0,
    "skipped": 0,
    "pair_key": "Model->ModelNew"
  },
  "runnable": true,
  "phase": "stage4_repair",
  "pytorch_baseline_ms": 3.6036159992218018,
  "score": 0.7604054219475908
}