{
  "timestamp": "2025-12-28T12:48:27",
  "reference_file": "KernelBench/select2/54_conv_standard_3D__square_input__square_kernel.py",
  "candidate_file": "/home/hyc/LLMKernel/run/20251228_121433_batch_range47to63_openai_deepseek/54_conv_standard_3D__square_input__square_kernel/code/kernel_20251228_124822.py",
  "tolerance": 1,
  "max_abs_err": 4.172325134277344e-07,
  "mean_abs_err": 4.0307249093984865e-08,
  "ref_latency_ms": {
    "avg": 2.930502414703369,
    "min": 2.925568103790283,
    "max": 2.9409279823303223,
    "all": [
      2.9409279823303223,
      2.93068790435791,
      2.927839994430542,
      2.927488088607788,
      2.925568103790283
    ]
  },
  "test_latency_ms": {
    "avg": 33.77909774780274,
    "min": 33.75513458251953,
    "max": 33.84012985229492,
    "all": [
      33.84012985229492,
      33.7704963684082,
      33.772544860839844,
      33.75718307495117,
      33.75513458251953
    ]
  },
  "num_runs": 5,
  "model_init_args": [
    3,
    64,
    3
  ],
  "model_init_kwargs": {},
  "seed": 100,
  "align_stats": {
    "pair_aligner": 1,
    "copied_same_shape": 1,
    "mapped_shape": 0,
    "skipped": 0,
    "pair_key": "Model->ModelNew"
  },
  "runnable": true,
  "phase": "seed_0_repair_1",
  "score": 0.08675490495876233
}