{
  "timestamp": "2025-12-28T12:56:11",
  "reference_file": "KernelBench/select2/54_conv_standard_3D__square_input__square_kernel.py",
  "candidate_file": "/home/hyc/LLMKernel/run/20251228_121433_batch_range47to63_openai_deepseek/54_conv_standard_3D__square_input__square_kernel/code/kernel_20251228_125606.py",
  "tolerance": 1,
  "max_abs_err": 0.0006394386291503906,
  "mean_abs_err": 0.0001317344867857173,
  "ref_latency_ms": {
    "avg": 2.937766408920288,
    "min": 2.921312093734741,
    "max": 2.9468801021575928,
    "all": [
      2.934783935546875,
      2.921312093734741,
      2.9428799152374268,
      2.9429759979248047,
      2.9468801021575928
    ]
  },
  "test_latency_ms": {
    "avg": 2.7810367584228515,
    "min": 2.777087926864624,
    "max": 2.7852799892425537,
    "all": [
      2.7839999198913574,
      2.777087926864624,
      2.7788479328155518,
      2.779968023300171,
      2.7852799892425537
    ]
  },
  "num_runs": 5,
  "model_init_args": [
    3,
    64,
    3
  ],
  "model_init_kwargs": {},
  "seed": 100,
  "align_stats": {
    "pair_aligner": 1,
    "copied_same_shape": 1,
    "mapped_shape": 0,
    "skipped": 0,
    "pair_key": "Model->ModelNew"
  },
  "runnable": true,
  "phase": "stage1_grid_and_parallel",
  "pytorch_baseline_ms": 2.930732774734497,
  "score": 1.0538274137723154
}