{
  "timestamp": "2025-12-28T12:50:41",
  "reference_file": "KernelBench/select2/54_conv_standard_3D__square_input__square_kernel.py",
  "candidate_file": "/home/hyc/LLMKernel/run/20251228_121433_batch_range47to63_openai_deepseek/54_conv_standard_3D__square_input__square_kernel/code/kernel_20251228_125037.py",
  "tolerance": 1,
  "max_abs_err": 3.8743019104003906e-07,
  "mean_abs_err": 4.32512727854828e-08,
  "ref_latency_ms": {
    "avg": 2.930732774734497,
    "min": 2.927583932876587,
    "max": 2.9409279823303223,
    "all": [
      2.9409279823303223,
      2.9298880100250244,
      2.9276158809661865,
      2.927583932876587,
      2.9276480674743652
    ]
  },
  "test_latency_ms": {
    "avg": 8.966687774658203,
    "min": 8.963071823120117,
    "max": 8.973183631896973,
    "all": [
      8.969120025634766,
      8.963071823120117,
      8.973183631896973,
      8.963071823120117,
      8.964991569519043
    ]
  },
  "num_runs": 5,
  "model_init_args": [
    3,
    64,
    3
  ],
  "model_init_kwargs": {},
  "seed": 100,
  "align_stats": {
    "pair_aligner": 1,
    "copied_same_shape": 1,
    "mapped_shape": 0,
    "skipped": 0,
    "pair_key": "Model->ModelNew"
  },
  "runnable": true,
  "phase": "seed_1",
  "score": 0.32684675193189855
}