{
  "timestamp": "2025-12-28T12:57:03",
  "reference_file": "KernelBench/select2/54_conv_standard_3D__square_input__square_kernel.py",
  "candidate_file": "/home/hyc/LLMKernel/run/20251228_121433_batch_range47to63_openai_deepseek/54_conv_standard_3D__square_input__square_kernel/code/kernel_20251228_125658.py",
  "tolerance": 1,
  "max_abs_err": 0.0006394386291503906,
  "mean_abs_err": 0.0001317344867857173,
  "ref_latency_ms": {
    "avg": 2.931084728240967,
    "min": 2.9256319999694824,
    "max": 2.9437758922576904,
    "all": [
      2.9437758922576904,
      2.9277119636535645,
      2.929663896560669,
      2.9256319999694824,
      2.9286398887634277
    ]
  },
  "test_latency_ms": {
    "avg": 2.7676864147186278,
    "min": 2.763808012008667,
    "max": 2.776063919067383,
    "all": [
      2.7688961029052734,
      2.763808012008667,
      2.764928102493286,
      2.7647359371185303,
      2.776063919067383
    ]
  },
  "num_runs": 5,
  "model_init_args": [
    3,
    64,
    3
  ],
  "model_init_kwargs": {},
  "seed": 100,
  "align_stats": {
    "pair_aligner": 1,
    "copied_same_shape": 1,
    "mapped_shape": 0,
    "skipped": 0,
    "pair_key": "Model->ModelNew"
  },
  "runnable": true,
  "phase": "stage2_block_tiling",
  "pytorch_baseline_ms": 2.930732774734497,
  "score": 1.0589107057608782
}