{
  "timestamp": "2025-12-28T12:55:04",
  "reference_file": "KernelBench/select2/54_conv_standard_3D__square_input__square_kernel.py",
  "candidate_file": "/home/hyc/LLMKernel/run/20251228_121433_batch_range47to63_openai_deepseek/54_conv_standard_3D__square_input__square_kernel/code/kernel_20251228_125459.py",
  "tolerance": 1,
  "max_abs_err": 0.0006394386291503906,
  "mean_abs_err": 0.0001317344867857173,
  "ref_latency_ms": {
    "avg": 2.933420753479004,
    "min": 2.928607940673828,
    "max": 2.9442880153656006,
    "all": [
      2.9442880153656006,
      2.9317119121551514,
      2.93068790435791,
      2.928607940673828,
      2.9318079948425293
    ]
  },
  "test_latency_ms": {
    "avg": 2.8741503715515138,
    "min": 2.8702080249786377,
    "max": 2.8774399757385254,
    "all": [
      2.8774399757385254,
      2.8733439445495605,
      2.8723199367523193,
      2.8702080249786377,
      2.8774399757385254
    ]
  },
  "num_runs": 5,
  "model_init_args": [
    3,
    64,
    3
  ],
  "model_init_kwargs": {},
  "seed": 100,
  "align_stats": {
    "pair_aligner": 1,
    "copied_same_shape": 1,
    "mapped_shape": 0,
    "skipped": 0,
    "pair_key": "Model->ModelNew"
  },
  "runnable": true,
  "phase": "algorithm_optimized_seed1",
  "pytorch_baseline_ms": 2.930732774734497,
  "score": 1.0196866537475
}