{
  "timestamp": "2025-12-13T10:45:14",
  "reference_file": "KernelBench/level1_low_score/54_conv_standard_3D__square_input__square_kernel.py",
  "candidate_file": "/home/hyc/LLMKernel/run/20251213_092218_batch_range49to66_openai_deepseek/54_conv_standard_3D__square_input__square_kernel/code/kernel_20251213_104510.py",
  "tolerance": 0.001,
  "max_abs_err": 0.00041695497930049896,
  "mean_abs_err": 7.838701276341453e-05,
  "ref_latency_ms": {
    "avg": 3.6036159992218018,
    "min": 3.5932159423828125,
    "max": 3.630079984664917,
    "all": [
      3.630079984664917,
      3.5983359813690186,
      3.598112106323242,
      3.5932159423828125,
      3.5983359813690186
    ]
  },
  "test_latency_ms": {
    "avg": 16.016166305541994,
    "min": 15.988736152648926,
    "max": 16.058368682861328,
    "all": [
      16.031679153442383,
      15.996928215026855,
      15.988736152648926,
      16.00511932373047,
      16.058368682861328
    ]
  },
  "num_runs": 5,
  "model_init_args": [
    3,
    64,
    3
  ],
  "model_init_kwargs": {},
  "seed": 100,
  "align_stats": {
    "pair_aligner": 1,
    "copied_same_shape": 1,
    "mapped_shape": 0,
    "skipped": 0,
    "pair_key": "Model->ModelNew"
  },
  "runnable": true,
  "phase": "seed_repair",
  "score": 0.22499866263094812
}