{
  "timestamp": "2025-12-12T23:26:35",
  "reference_file": "KernelBench/level1/26_GELU_.py",
  "candidate_file": "/home/hyc/LLMKernel/run/20251212_170043_batch_range5to40_deepseek_deepseek/26_GELU_/code/kernel_20251212_232621.py",
  "tolerance": 0.001,
  "max_abs_err": 0.00015276670455932617,
  "mean_abs_err": 3.8908463466214016e-05,
  "ref_latency_ms": {
    "avg": 14.018284797668457,
    "min": 14.015839576721191,
    "max": 14.021344184875488,
    "all": [
      14.021344184875488,
      14.015839576721191,
      14.019231796264648,
      14.016448020935059,
      14.018560409545898
    ]
  },
  "test_latency_ms": {
    "avg": 20.706937789916992,
    "min": 20.705440521240234,
    "max": 20.709375381469727,
    "all": [
      20.705440521240234,
      20.707263946533203,
      20.709375381469727,
      20.7063045501709,
      20.7063045501709
    ]
  },
  "num_runs": 5,
  "model_init_args": [],
  "model_init_kwargs": {},
  "seed": 100,
  "align_stats": {
    "copied_same_shape": 0,
    "unique_shape_copied": 0,
    "mapped_shape": 0,
    "skipped": 0,
    "pair_aligner": 0,
    "pair_key": "Model->ModelNew"
  },
  "runnable": true,
  "phase": "seed_repair",
  "score": 0.6769849284279253
}