{
  "timestamp": "2025-12-12T23:45:34",
  "reference_file": "KernelBench/level1/26_GELU_.py",
  "candidate_file": "/home/hyc/LLMKernel/run/20251212_170043_batch_range5to40_deepseek_deepseek/26_GELU_/code/kernel_20251212_234520.py",
  "tolerance": 0.001,
  "max_abs_err": 0.00015276670455932617,
  "mean_abs_err": 3.8908463466214016e-05,
  "ref_latency_ms": {
    "avg": 14.0144832611084,
    "min": 14.012415885925293,
    "max": 14.017536163330078,
    "all": [
      14.015711784362793,
      14.01353645324707,
      14.012415885925293,
      14.017536163330078,
      14.013216018676758
    ]
  },
  "test_latency_ms": {
    "avg": 20.691711807250975,
    "min": 20.684799194335938,
    "max": 20.712448120117188,
    "all": [
      20.6876163482666,
      20.6878719329834,
      20.712448120117188,
      20.685823440551758,
      20.684799194335938
    ]
  },
  "num_runs": 5,
  "model_init_args": [],
  "model_init_kwargs": {},
  "seed": 100,
  "align_stats": {
    "copied_same_shape": 0,
    "unique_shape_copied": 0,
    "mapped_shape": 0,
    "skipped": 0,
    "pair_aligner": 0,
    "pair_key": "Model->ModelNew"
  },
  "runnable": true,
  "phase": "stage4_advanced_memory",
  "pytorch_baseline_ms": 14.018284797668457,
  "score": 0.6774830873468886
}