{
  "timestamp": "2025-12-12T23:28:47",
  "reference_file": "KernelBench/level1/26_GELU_.py",
  "candidate_file": "/home/hyc/LLMKernel/run/20251212_170043_batch_range5to40_deepseek_deepseek/26_GELU_/code/kernel_20251212_232830.py",
  "tolerance": 0.001,
  "max_abs_err": 0.00015276670455932617,
  "mean_abs_err": 3.8908463466214016e-05,
  "ref_latency_ms": {
    "avg": 14.018182182312012,
    "min": 14.01039981842041,
    "max": 14.034943580627441,
    "all": [
      14.016511917114258,
      14.01039981842041,
      14.034943580627441,
      14.017663955688477,
      14.011391639709473
    ]
  },
  "test_latency_ms": {
    "avg": 20.687014389038087,
    "min": 20.684799194335938,
    "max": 20.69094467163086,
    "all": [
      20.687744140625,
      20.685823440551758,
      20.685760498046875,
      20.69094467163086,
      20.684799194335938
    ]
  },
  "num_runs": 5,
  "model_init_args": [],
  "model_init_kwargs": {},
  "seed": 100,
  "align_stats": {
    "copied_same_shape": 0,
    "unique_shape_copied": 0,
    "mapped_shape": 0,
    "skipped": 0,
    "pair_aligner": 0,
    "pair_key": "Model->ModelNew"
  },
  "runnable": true,
  "phase": "stage1_grid_and_parallel",
  "pytorch_baseline_ms": 14.018284797668457,
  "score": 0.677636924016288
}