{
  "timestamp": "2025-12-22T14:54:05",
  "reference_file": "KernelBench/level3/14_DenseNet121DenseBlock.py",
  "candidate_file": "/home/hyc/LLMKernel/run/20251222_145234_14_DenseNet121DenseBlock_openai_deepseek/14_DenseNet121DenseBlock/code/kernel_20251222_145401.py",
  "tolerance": 1,
  "max_abs_err": 0.0004375278949737549,
  "mean_abs_err": 5.135219180374406e-05,
  "ref_latency_ms": {
    "avg": 16.63002243041992,
    "min": 16.41881561279297,
    "max": 16.95635223388672,
    "all": [
      16.41881561279297,
      16.95635223388672,
      16.60313606262207,
      16.58675193786621,
      16.58505630493164
    ]
  },
  "test_latency_ms": {
    "avg": 16.386188888549803,
    "min": 16.3819522857666,
    "max": 16.39017677307129,
    "all": [
      16.389055252075195,
      16.38707160949707,
      16.382688522338867,
      16.3819522857666,
      16.39017677307129
    ]
  },
  "num_runs": 5,
  "model_init_args": [
    6,
    32,
    32
  ],
  "model_init_kwargs": {},
  "seed": 100,
  "align_stats": {
    "copied_same_shape": 0,
    "unique_shape_copied": 6,
    "mapped_shape": 0,
    "skipped": 30,
    "pair_aligner": 0,
    "pair_key": "Model->ModelNew"
  },
  "runnable": true,
  "phase": "seed_0",
  "score": 1.0148804303141228
}