{
  "timestamp": "2025-12-28T16:52:14",
  "reference_file": "KernelBench/tt/81_Gemm_Swish_Divide_Clamp_Tanh_Clamp.py",
  "candidate_file": "/home/hyc/LLMKernel/run/20251228_161811_batch_range79to85_openai_deepseek/81_Gemm_Swish_Divide_Clamp_Tanh_Clamp/code/kernel_20251228_165209.py",
  "tolerance": 1,
  "max_abs_err": 0.8837511539459229,
  "mean_abs_err": 0.09425996989011765,
  "ref_latency_ms": {
    "avg": 3.3347455978393556,
    "min": 3.3259520530700684,
    "max": 3.353600025177002,
    "all": [
      3.353600025177002,
      3.3372159004211426,
      3.329024076461792,
      3.3259520530700684,
      3.3279359340667725
    ]
  },
  "test_latency_ms": {
    "avg": 2.365875244140625,
    "min": 2.3562240600585938,
    "max": 2.3808000087738037,
    "all": [
      2.372607946395874,
      2.359424114227295,
      2.3562240600585938,
      2.3603200912475586,
      2.3808000087738037
    ]
  },
  "num_runs": 5,
  "model_init_args": [
    8192,
    8192
  ],
  "model_init_kwargs": {},
  "seed": 100,
  "align_stats": {
    "copied_same_shape": 0,
    "unique_shape_copied": 2,
    "mapped_shape": 0,
    "skipped": 0,
    "pair_aligner": 0,
    "pair_key": "Model->ModelNew"
  },
  "runnable": true,
  "phase": "algorithm_optimized_seed0",
  "pytorch_baseline_ms": 3.3312384128570556,
  "score": 1.4080363793937438
}