{
  "timestamp": "2025-12-13T12:43:57",
  "reference_file": "KernelBench/level2/81_Gemm_Swish_Divide_Clamp_Tanh_Clamp.py",
  "candidate_file": "/home/hyc/LLMKernel/run/20251213_080749_batch_range71to100_deepseek_deepseek/81_Gemm_Swish_Divide_Clamp_Tanh_Clamp/code/kernel_20251213_124353.py",
  "tolerance": 0.001,
  "max_abs_err": 1.7136335372924805e-07,
  "mean_abs_err": 3.9157203701734034e-08,
  "ref_latency_ms": {
    "avg": 3.273375940322876,
    "min": 3.2624640464782715,
    "max": 3.280895948410034,
    "all": [
      3.280895948410034,
      3.2750399112701416,
      3.2737278938293457,
      3.2624640464782715,
      3.274751901626587
    ]
  },
  "test_latency_ms": {
    "avg": 3.1366976261138917,
    "min": 3.131200075149536,
    "max": 3.1428160667419434,
    "all": [
      3.1394879817962646,
      3.1428160667419434,
      3.1362879276275635,
      3.1336960792541504,
      3.131200075149536
    ]
  },
  "num_runs": 5,
  "model_init_args": [
    8192,
    8192
  ],
  "model_init_kwargs": {},
  "seed": 100,
  "align_stats": {
    "copied_same_shape": 2,
    "unique_shape_copied": 0,
    "mapped_shape": 0,
    "skipped": 0,
    "pair_aligner": 0,
    "pair_key": "Model->ModelNew"
  },
  "runnable": true,
  "phase": "stage3_repair",
  "pytorch_baseline_ms": 3.301350402832031,
  "score": 1.0524923968913544
}