{
  "timestamp": "2025-12-28T16:50:43",
  "reference_file": "KernelBench/tt/81_Gemm_Swish_Divide_Clamp_Tanh_Clamp.py",
  "candidate_file": "/home/hyc/LLMKernel/run/20251228_161811_batch_range79to85_openai_deepseek/81_Gemm_Swish_Divide_Clamp_Tanh_Clamp/code/kernel_20251228_165037.py",
  "tolerance": 1,
  "max_abs_err": 0.00046890974044799805,
  "mean_abs_err": 5.014779162593186e-05,
  "ref_latency_ms": {
    "avg": 3.3359488010406495,
    "min": 3.328000068664551,
    "max": 3.3493120670318604,
    "all": [
      3.3493120670318604,
      3.3341760635375977,
      3.3310399055480957,
      3.3372159004211426,
      3.328000068664551
    ]
  },
  "test_latency_ms": {
    "avg": 4.301369667053223,
    "min": 4.282368183135986,
    "max": 4.311039924621582,
    "all": [
      4.311039924621582,
      4.307744026184082,
      4.305920124053955,
      4.299776077270508,
      4.282368183135986
    ]
  },
  "num_runs": 5,
  "model_init_args": [
    8192,
    8192
  ],
  "model_init_kwargs": {},
  "seed": 100,
  "align_stats": {
    "copied_same_shape": 0,
    "unique_shape_copied": 2,
    "mapped_shape": 0,
    "skipped": 0,
    "pair_aligner": 0,
    "pair_key": "Model->ModelNew"
  },
  "runnable": true,
  "phase": "seed_1",
  "pytorch_baseline_ms": 3.3312384128570556,
  "score": 0.7744599210742137
}