{
  "timestamp": "2025-12-28T16:53:13",
  "reference_file": "KernelBench/tt/81_Gemm_Swish_Divide_Clamp_Tanh_Clamp.py",
  "candidate_file": "/home/hyc/LLMKernel/run/20251228_161811_batch_range79to85_openai_deepseek/81_Gemm_Swish_Divide_Clamp_Tanh_Clamp/code/kernel_20251228_165308.py",
  "tolerance": 1,
  "max_abs_err": 2.086162567138672e-07,
  "mean_abs_err": 4.05483646659377e-08,
  "ref_latency_ms": {
    "avg": 3.385696029663086,
    "min": 3.3760321140289307,
    "max": 3.4098238945007324,
    "all": [
      3.4098238945007324,
      3.385312080383301,
      3.3771519660949707,
      3.3760321140289307,
      3.380160093307495
    ]
  },
  "test_latency_ms": {
    "avg": 3.1985536098480223,
    "min": 3.1948800086975098,
    "max": 3.208127975463867,
    "all": [
      3.208127975463867,
      3.1948800086975098,
      3.200000047683716,
      3.1948800086975098,
      3.1948800086975098
    ]
  },
  "num_runs": 5,
  "model_init_args": [
    8192,
    8192
  ],
  "model_init_kwargs": {},
  "seed": 100,
  "align_stats": {
    "copied_same_shape": 0,
    "unique_shape_copied": 2,
    "mapped_shape": 0,
    "skipped": 0,
    "pair_aligner": 0,
    "pair_key": "Model->ModelNew"
  },
  "runnable": true,
  "phase": "algorithm_optimized_seed1_repair1",
  "pytorch_baseline_ms": 3.3312384128570556,
  "score": 1.0414827510161186
}