{
  "timestamp": "2025-12-13T12:36:02",
  "reference_file": "KernelBench/level2/81_Gemm_Swish_Divide_Clamp_Tanh_Clamp.py",
  "candidate_file": "/home/hyc/LLMKernel/run/20251213_080749_batch_range71to100_deepseek_deepseek/81_Gemm_Swish_Divide_Clamp_Tanh_Clamp/code/kernel_20251213_123558.py",
  "tolerance": 0.001,
  "max_abs_err": 1.1920928955078125e-07,
  "mean_abs_err": 1.6648703748955995e-08,
  "ref_latency_ms": {
    "avg": 3.301350402832031,
    "min": 3.295232057571411,
    "max": 3.309567928314209,
    "all": [
      3.3013761043548584,
      3.3034238815307617,
      3.295232057571411,
      3.297152042388916,
      3.309567928314209
    ]
  },
  "test_latency_ms": {
    "avg": 3.1434112071990965,
    "min": 3.1334400177001953,
    "max": 3.1580159664154053,
    "all": [
      3.1580159664154053,
      3.13753604888916,
      3.1436479091644287,
      3.1334400177001953,
      3.144416093826294
    ]
  },
  "num_runs": 5,
  "model_init_args": [
    8192,
    8192
  ],
  "model_init_kwargs": {},
  "seed": 100,
  "align_stats": {
    "copied_same_shape": 2,
    "unique_shape_copied": 0,
    "mapped_shape": 0,
    "skipped": 0,
    "pair_aligner": 0,
    "pair_key": "Model->ModelNew"
  },
  "runnable": true,
  "phase": "seed_repair",
  "score": 1.050244522660993
}