{
  "timestamp": "2025-12-28T16:49:52",
  "reference_file": "KernelBench/tt/81_Gemm_Swish_Divide_Clamp_Tanh_Clamp.py",
  "candidate_file": "/home/hyc/LLMKernel/run/20251228_161811_batch_range79to85_openai_deepseek/81_Gemm_Swish_Divide_Clamp_Tanh_Clamp/code/kernel_20251228_164947.py",
  "tolerance": 1,
  "max_abs_err": 0.8837511539459229,
  "mean_abs_err": 0.09425996989011765,
  "ref_latency_ms": {
    "avg": 3.3312384128570556,
    "min": 3.3269760608673096,
    "max": 3.3464319705963135,
    "all": [
      3.3464319705963135,
      3.328000068664551,
      3.327807903289795,
      3.3269760608673096,
      3.3269760608673096
    ]
  },
  "test_latency_ms": {
    "avg": 2.364569616317749,
    "min": 2.3541760444641113,
    "max": 2.37772798538208,
    "all": [
      2.37772798538208,
      2.3603200912475586,
      2.3562240600585938,
      2.3541760444641113,
      2.3743999004364014
    ]
  },
  "num_runs": 5,
  "model_init_args": [
    8192,
    8192
  ],
  "model_init_kwargs": {},
  "seed": 100,
  "align_stats": {
    "copied_same_shape": 0,
    "unique_shape_copied": 2,
    "mapped_shape": 0,
    "skipped": 0,
    "pair_aligner": 0,
    "pair_key": "Model->ModelNew"
  },
  "runnable": true,
  "phase": "seed_0",
  "score": 1.4088138449671284
}