{
  "timestamp": "2025-12-28T16:55:36",
  "reference_file": "KernelBench/tt/81_Gemm_Swish_Divide_Clamp_Tanh_Clamp.py",
  "candidate_file": "/home/hyc/LLMKernel/run/20251228_161811_batch_range79to85_openai_deepseek/81_Gemm_Swish_Divide_Clamp_Tanh_Clamp/code/kernel_20251228_165530.py",
  "tolerance": 1,
  "max_abs_err": 0.8837511539459229,
  "mean_abs_err": 0.09425996989011765,
  "ref_latency_ms": {
    "avg": 3.433849573135376,
    "min": 3.4118399620056152,
    "max": 3.4457600116729736,
    "all": [
      3.4334399700164795,
      3.4406399726867676,
      3.437567949295044,
      3.4118399620056152,
      3.4457600116729736
    ]
  },
  "test_latency_ms": {
    "avg": 2.9953792572021483,
    "min": 2.971424102783203,
    "max": 3.021984100341797,
    "all": [
      3.021984100341797,
      3.0084478855133057,
      2.98905611038208,
      2.971424102783203,
      2.9859840869903564
    ]
  },
  "num_runs": 5,
  "model_init_args": [
    8192,
    8192
  ],
  "model_init_kwargs": {},
  "seed": 100,
  "align_stats": {
    "copied_same_shape": 0,
    "unique_shape_copied": 2,
    "mapped_shape": 0,
    "skipped": 0,
    "pair_aligner": 0,
    "pair_key": "Model->ModelNew"
  },
  "runnable": true,
  "phase": "stage2_block_tiling",
  "pytorch_baseline_ms": 3.3312384128570556,
  "score": 1.1121257533073186
}