{
  "timestamp": "2025-12-28T16:56:49",
  "reference_file": "KernelBench/tt/81_Gemm_Swish_Divide_Clamp_Tanh_Clamp.py",
  "candidate_file": "/home/hyc/LLMKernel/run/20251228_161811_batch_range79to85_openai_deepseek/81_Gemm_Swish_Divide_Clamp_Tanh_Clamp/code/kernel_20251228_165643.py",
  "tolerance": 1,
  "max_abs_err": 0.8837511539459229,
  "mean_abs_err": 0.09425996989011765,
  "ref_latency_ms": {
    "avg": 3.3771712303161623,
    "min": 3.3310720920562744,
    "max": 3.4172799587249756,
    "all": [
      3.4172799587249756,
      3.403775930404663,
      3.4006080627441406,
      3.3310720920562744,
      3.333120107650757
    ]
  },
  "test_latency_ms": {
    "avg": 2.0275199890136717,
    "min": 2.0254719257354736,
    "max": 2.032639980316162,
    "all": [
      2.032639980316162,
      2.0254719257354736,
      2.0266880989074707,
      2.026495933532715,
      2.026304006576538
    ]
  },
  "num_runs": 5,
  "model_init_args": [
    8192,
    8192
  ],
  "model_init_kwargs": {},
  "seed": 100,
  "align_stats": {
    "copied_same_shape": 0,
    "unique_shape_copied": 2,
    "mapped_shape": 0,
    "skipped": 0,
    "pair_aligner": 0,
    "pair_key": "Model->ModelNew"
  },
  "runnable": true,
  "phase": "stage3_memory_and_tuning",
  "pytorch_baseline_ms": 3.3312384128570556,
  "score": 1.643011378880464
}