{
  "timestamp": "2025-12-13T12:40:40",
  "reference_file": "KernelBench/level2/81_Gemm_Swish_Divide_Clamp_Tanh_Clamp.py",
  "candidate_file": "/home/hyc/LLMKernel/run/20251213_080749_batch_range71to100_deepseek_deepseek/81_Gemm_Swish_Divide_Clamp_Tanh_Clamp/code/kernel_20251213_124036.py",
  "tolerance": 0.001,
  "max_abs_err": 1.1920928955078125e-07,
  "mean_abs_err": 1.6648703748955995e-08,
  "ref_latency_ms": {
    "avg": 3.30545916557312,
    "min": 3.2994558811187744,
    "max": 3.3126399517059326,
    "all": [
      3.3126399517059326,
      3.3075199127197266,
      3.2994558811187744,
      3.300352096557617,
      3.30732798576355
    ]
  },
  "test_latency_ms": {
    "avg": 3.1700608253479006,
    "min": 3.1651840209960938,
    "max": 3.175424098968506,
    "all": [
      3.170111894607544,
      3.1651840209960938,
      3.1744000911712646,
      3.1651840209960938,
      3.175424098968506
    ]
  },
  "num_runs": 5,
  "model_init_args": [
    8192,
    8192
  ],
  "model_init_kwargs": {},
  "seed": 100,
  "align_stats": {
    "copied_same_shape": 2,
    "unique_shape_copied": 0,
    "mapped_shape": 0,
    "skipped": 0,
    "pair_aligner": 0,
    "pair_key": "Model->ModelNew"
  },
  "runnable": true,
  "phase": "stage1_repair",
  "pytorch_baseline_ms": 3.301350402832031,
  "score": 1.0414154758275724
}