{
  "timestamp": "2025-12-28T16:54:25",
  "reference_file": "KernelBench/tt/81_Gemm_Swish_Divide_Clamp_Tanh_Clamp.py",
  "candidate_file": "/home/hyc/LLMKernel/run/20251228_161811_batch_range79to85_openai_deepseek/81_Gemm_Swish_Divide_Clamp_Tanh_Clamp/code/kernel_20251228_165418.py",
  "tolerance": 1,
  "max_abs_err": 0.8837511539459229,
  "mean_abs_err": 0.09425996989011765,
  "ref_latency_ms": {
    "avg": 3.3519615650177004,
    "min": 3.3454079627990723,
    "max": 3.3710079193115234,
    "all": [
      3.3710079193115234,
      3.349503993988037,
      3.3454079627990723,
      3.3474559783935547,
      3.3464319705963135
    ]
  },
  "test_latency_ms": {
    "avg": 2.053286409378052,
    "min": 2.045919895172119,
    "max": 2.0642240047454834,
    "all": [
      2.0642240047454834,
      2.0592639446258545,
      2.045919895172119,
      2.046976089477539,
      2.0500481128692627
    ]
  },
  "num_runs": 5,
  "model_init_args": [
    8192,
    8192
  ],
  "model_init_kwargs": {},
  "seed": 100,
  "align_stats": {
    "copied_same_shape": 0,
    "unique_shape_copied": 2,
    "mapped_shape": 0,
    "skipped": 0,
    "pair_aligner": 0,
    "pair_key": "Model->ModelNew"
  },
  "runnable": true,
  "phase": "stage1_grid_and_parallel",
  "pytorch_baseline_ms": 3.3312384128570556,
  "score": 1.622393445766828
}