{
  "timestamp": "2025-12-13T12:45:55",
  "reference_file": "KernelBench/level2/81_Gemm_Swish_Divide_Clamp_Tanh_Clamp.py",
  "candidate_file": "/home/hyc/LLMKernel/run/20251213_080749_batch_range71to100_deepseek_deepseek/81_Gemm_Swish_Divide_Clamp_Tanh_Clamp/code/kernel_20251213_124550.py",
  "tolerance": 0.001,
  "max_abs_err": 1.7136335372924805e-07,
  "mean_abs_err": 3.9157203701734034e-08,
  "ref_latency_ms": {
    "avg": 3.4189440250396728,
    "min": 3.4059839248657227,
    "max": 3.4365439414978027,
    "all": [
      3.4365439414978027,
      3.4252800941467285,
      3.4119040966033936,
      3.415008068084717,
      3.4059839248657227
    ]
  },
  "test_latency_ms": {
    "avg": 3.16615686416626,
    "min": 3.1344640254974365,
    "max": 3.1744000911712646,
    "all": [
      3.1741440296173096,
      3.1733760833740234,
      3.1744000911712646,
      3.1744000911712646,
      3.1344640254974365
    ]
  },
  "num_runs": 5,
  "model_init_args": [
    8192,
    8192
  ],
  "model_init_kwargs": {},
  "seed": 100,
  "align_stats": {
    "copied_same_shape": 2,
    "unique_shape_copied": 0,
    "mapped_shape": 0,
    "skipped": 0,
    "pair_aligner": 0,
    "pair_key": "Model->ModelNew"
  },
  "runnable": true,
  "phase": "stage4_advanced_memory",
  "pytorch_baseline_ms": 3.301350402832031,
  "score": 1.0426995706358888
}