{
  "timestamp": "2025-12-28T08:57:08",
  "reference_file": "KernelBench/select/26_ShuffleNet.py",
  "candidate_file": "/home/hyc/LLMKernel/run/20251228_085521_batch_range26to32_openai_deepseek/26_ShuffleNet/code/kernel_20251228_085701.py",
  "tolerance": 1,
  "max_abs_err": 23.295639038085938,
  "mean_abs_err": 5.927409648895264,
  "ref_latency_ms": {
    "avg": 14.251564598083496,
    "min": 14.225407600402832,
    "max": 14.342080116271973,
    "all": [
      14.342080116271973,
      14.226207733154297,
      14.238719940185547,
      14.225407600402832,
      14.225407600402832
    ]
  },
  "test_latency_ms": {
    "avg": 18.564230346679686,
    "min": 18.547712326049805,
    "max": 18.582176208496094,
    "all": [
      18.567167282104492,
      18.582176208496094,
      18.572288513183594,
      18.551807403564453,
      18.547712326049805
    ]
  },
  "num_runs": 5,
  "model_init_args": [
    1000
  ],
  "model_init_kwargs": {},
  "seed": 100,
  "align_stats": {
    "copied_same_shape": 248,
    "unique_shape_copied": 3,
    "mapped_shape": 0,
    "skipped": 15,
    "pair_aligner": 0,
    "pair_key": "Model->ModelNew"
  },
  "runnable": true,
  "phase": "seed_0",
  "score": 0.7676894938244755
}