{
  "timestamp": "2025-12-28T09:00:24",
  "reference_file": "KernelBench/select/26_ShuffleNet.py",
  "candidate_file": "/home/hyc/LLMKernel/run/20251228_085521_batch_range26to32_openai_deepseek/26_ShuffleNet/code/kernel_20251228_090017.py",
  "tolerance": 1,
  "max_abs_err": 0.0001518651843070984,
  "mean_abs_err": 4.059181082993746e-05,
  "ref_latency_ms": {
    "avg": 14.600543975830078,
    "min": 14.569184303283691,
    "max": 14.622719764709473,
    "all": [
      14.619647979736328,
      14.608384132385254,
      14.622719764709473,
      14.582783699035645,
      14.569184303283691
    ]
  },
  "test_latency_ms": {
    "avg": 16.88306579589844,
    "min": 16.83558464050293,
    "max": 16.936960220336914,
    "all": [
      16.888832092285156,
      16.899072647094727,
      16.936960220336914,
      16.83558464050293,
      16.85487937927246
    ]
  },
  "num_runs": 5,
  "model_init_args": [
    1000
  ],
  "model_init_kwargs": {},
  "seed": 100,
  "align_stats": {
    "copied_same_shape": 266,
    "unique_shape_copied": 0,
    "mapped_shape": 0,
    "skipped": 0,
    "pair_aligner": 0,
    "pair_key": "Model->ModelNew"
  },
  "runnable": true,
  "phase": "seed_1_repair_1",
  "pytorch_baseline_ms": 14.251564598083496,
  "score": 0.8441336881803636
}