{
  "timestamp": "2025-12-16T05:35:21",
  "reference_file": "KernelBench/level3/26_ShuffleNet.py",
  "candidate_file": "/home/hyc/LLMKernel/run/20251216_051549_batch_range18to33_openai_deepseek/26_ShuffleNet/code/kernel_20251216_053517.py",
  "tolerance": 0.1,
  "max_abs_err": 0.0,
  "mean_abs_err": 0.0,
  "ref_latency_ms": {
    "avg": 14.907769584655762,
    "min": 14.873600006103516,
    "max": 14.973855972290039,
    "all": [
      14.973855972290039,
      14.88383960723877,
      14.90937614440918,
      14.898176193237305,
      14.873600006103516
    ]
  },
  "test_latency_ms": {
    "avg": 15.033580780029297,
    "min": 14.98521614074707,
    "max": 15.070367813110352,
    "all": [
      15.070367813110352,
      15.007743835449219,
      15.048704147338867,
      15.055871963500977,
      14.98521614074707
    ]
  },
  "num_runs": 5,
  "model_init_args": [
    1000
  ],
  "model_init_kwargs": {},
  "seed": 100,
  "align_stats": {
    "copied_same_shape": 266,
    "unique_shape_copied": 0,
    "mapped_shape": 0,
    "skipped": 0,
    "pair_aligner": 0,
    "pair_key": "Model->ModelNew"
  },
  "runnable": true,
  "phase": "seed",
  "score": 0.9916313220905651
}