{
  "timestamp": "2025-12-28T09:08:42",
  "reference_file": "KernelBench/select/26_ShuffleNet.py",
  "candidate_file": "/home/hyc/LLMKernel/run/20251228_085521_batch_range26to32_openai_deepseek/26_ShuffleNet/code/kernel_20251228_090822.py",
  "tolerance": 1,
  "max_abs_err": 23.295639038085938,
  "mean_abs_err": 5.927409648895264,
  "ref_latency_ms": {
    "avg": 14.442316627502441,
    "min": 14.426207542419434,
    "max": 14.463775634765625,
    "all": [
      14.438719749450684,
      14.426207542419434,
      14.444543838500977,
      14.463775634765625,
      14.438336372375488
    ]
  },
  "test_latency_ms": {
    "avg": 13.056902503967285,
    "min": 13.000384330749512,
    "max": 13.146112442016602,
    "all": [
      13.146112442016602,
      13.042783737182617,
      13.049535751342773,
      13.045696258544922,
      13.000384330749512
    ]
  },
  "num_runs": 5,
  "model_init_args": [
    1000
  ],
  "model_init_kwargs": {},
  "seed": 100,
  "align_stats": {
    "copied_same_shape": 248,
    "unique_shape_copied": 3,
    "mapped_shape": 0,
    "skipped": 15,
    "pair_aligner": 0,
    "pair_key": "Model->ModelNew"
  },
  "runnable": true,
  "phase": "stage3_memory_and_tuning",
  "pytorch_baseline_ms": 14.251564598083496,
  "score": 1.0914965929900462
}