{
  "timestamp": "2025-12-16T05:38:11",
  "reference_file": "KernelBench/level3/26_ShuffleNet.py",
  "candidate_file": "/home/hyc/LLMKernel/run/20251216_051549_batch_range18to33_openai_deepseek/26_ShuffleNet/code/kernel_20251216_053807.py",
  "tolerance": 0.1,
  "max_abs_err": 0.0,
  "mean_abs_err": 0.0,
  "ref_latency_ms": {
    "avg": 15.240390396118164,
    "min": 14.866432189941406,
    "max": 15.816831588745117,
    "all": [
      14.866432189941406,
      15.816831588745117,
      15.176704406738281,
      15.225695610046387,
      15.116288185119629
    ]
  },
  "test_latency_ms": {
    "avg": 15.515193557739257,
    "min": 15.416223526000977,
    "max": 15.81158447265625,
    "all": [
      15.41926383972168,
      15.81158447265625,
      15.416223526000977,
      15.450112342834473,
      15.47878360748291
    ]
  },
  "num_runs": 5,
  "model_init_args": [
    1000
  ],
  "model_init_kwargs": {},
  "seed": 100,
  "align_stats": {
    "copied_same_shape": 266,
    "unique_shape_copied": 0,
    "mapped_shape": 0,
    "skipped": 0,
    "pair_aligner": 0,
    "pair_key": "Model->ModelNew"
  },
  "runnable": true,
  "phase": "stage2_block_tiling",
  "pytorch_baseline_ms": 14.907769584655762,
  "score": 0.9608497328233137
}