{
  "timestamp": "2025-12-16T05:36:32",
  "reference_file": "KernelBench/level3/26_ShuffleNet.py",
  "candidate_file": "/home/hyc/LLMKernel/run/20251216_051549_batch_range18to33_openai_deepseek/26_ShuffleNet/code/kernel_20251216_053626.py",
  "tolerance": 0.1,
  "max_abs_err": 0.0,
  "mean_abs_err": 0.0,
  "ref_latency_ms": {
    "avg": 15.129638481140137,
    "min": 15.096832275390625,
    "max": 15.156479835510254,
    "all": [
      15.135680198669434,
      15.123456001281738,
      15.156479835510254,
      15.135744094848633,
      15.096832275390625
    ]
  },
  "test_latency_ms": {
    "avg": 15.600243377685548,
    "min": 15.57209587097168,
    "max": 15.648768424987793,
    "all": [
      15.648768424987793,
      15.626239776611328,
      15.575872421264648,
      15.578240394592285,
      15.57209587097168
    ]
  },
  "num_runs": 5,
  "model_init_args": [
    1000
  ],
  "model_init_kwargs": {},
  "seed": 100,
  "align_stats": {
    "copied_same_shape": 266,
    "unique_shape_copied": 0,
    "mapped_shape": 0,
    "skipped": 0,
    "pair_aligner": 0,
    "pair_key": "Model->ModelNew"
  },
  "runnable": true,
  "phase": "stage1_grid_and_parallel",
  "pytorch_baseline_ms": 14.907769584655762,
  "score": 0.9556113468062752
}