{
  "timestamp": "2025-12-28T09:04:21",
  "reference_file": "KernelBench/select/26_ShuffleNet.py",
  "candidate_file": "/home/hyc/LLMKernel/run/20251228_085521_batch_range26to32_openai_deepseek/26_ShuffleNet/code/kernel_20251228_090416.py",
  "tolerance": 1,
  "max_abs_err": 0.0001534484326839447,
  "mean_abs_err": 4.057656406075694e-05,
  "ref_latency_ms": {
    "avg": 14.304601669311523,
    "min": 14.278400421142578,
    "max": 14.332927703857422,
    "all": [
      14.332927703857422,
      14.278400421142578,
      14.305279731750488,
      14.29088020324707,
      14.315520286560059
    ]
  },
  "test_latency_ms": {
    "avg": 19.748767852783203,
    "min": 19.333120346069336,
    "max": 20.561887741088867,
    "all": [
      20.561887741088867,
      20.155231475830078,
      19.34009552001953,
      19.333120346069336,
      19.353504180908203
    ]
  },
  "num_runs": 5,
  "model_init_args": [
    1000
  ],
  "model_init_kwargs": {},
  "seed": 100,
  "align_stats": {
    "copied_same_shape": 266,
    "unique_shape_copied": 0,
    "mapped_shape": 0,
    "skipped": 0,
    "pair_aligner": 0,
    "pair_key": "Model->ModelNew"
  },
  "runnable": true,
  "phase": "algorithm_optimized_seed1",
  "pytorch_baseline_ms": 14.251564598083496,
  "score": 0.721643228798956
}