{
  "timestamp": "2025-12-28T09:01:42",
  "reference_file": "KernelBench/select/26_ShuffleNet.py",
  "candidate_file": "/home/hyc/LLMKernel/run/20251228_085521_batch_range26to32_openai_deepseek/26_ShuffleNet/code/kernel_20251228_090133.py",
  "tolerance": 1,
  "max_abs_err": 23.295639038085938,
  "mean_abs_err": 5.927409648895264,
  "ref_latency_ms": {
    "avg": 14.264281463623046,
    "min": 14.078975677490234,
    "max": 14.332927703857422,
    "all": [
      14.321663856506348,
      14.28166389465332,
      14.30617618560791,
      14.332927703857422,
      14.078975677490234
    ]
  },
  "test_latency_ms": {
    "avg": 11.962137603759766,
    "min": 11.943807601928711,
    "max": 11.987968444824219,
    "all": [
      11.969535827636719,
      11.987968444824219,
      11.943807601928711,
      11.9552001953125,
      11.95417594909668
    ]
  },
  "num_runs": 5,
  "model_init_args": [
    1000
  ],
  "model_init_kwargs": {},
  "seed": 100,
  "align_stats": {
    "copied_same_shape": 248,
    "unique_shape_copied": 3,
    "mapped_shape": 0,
    "skipped": 15,
    "pair_aligner": 0,
    "pair_key": "Model->ModelNew"
  },
  "runnable": true,
  "phase": "algorithm_optimized_seed0",
  "pytorch_baseline_ms": 14.251564598083496,
  "score": 1.1913894548081565
}