{
  "timestamp": "2025-12-28T09:06:02",
  "reference_file": "KernelBench/select/26_ShuffleNet.py",
  "candidate_file": "/home/hyc/LLMKernel/run/20251228_085521_batch_range26to32_openai_deepseek/26_ShuffleNet/code/kernel_20251228_090538.py",
  "tolerance": 1,
  "max_abs_err": 23.295639038085938,
  "mean_abs_err": 5.927409648895264,
  "ref_latency_ms": {
    "avg": 13.943705558776855,
    "min": 13.921279907226562,
    "max": 13.982687950134277,
    "all": [
      13.982687950134277,
      13.92307186126709,
      13.921279907226562,
      13.943807601928711,
      13.947680473327637
    ]
  },
  "test_latency_ms": {
    "avg": 11.200486373901366,
    "min": 11.176863670349121,
    "max": 11.217920303344727,
    "all": [
      11.215871810913086,
      11.191264152526855,
      11.217920303344727,
      11.176863670349121,
      11.200511932373047
    ]
  },
  "num_runs": 5,
  "model_init_args": [
    1000
  ],
  "model_init_kwargs": {},
  "seed": 100,
  "align_stats": {
    "copied_same_shape": 248,
    "unique_shape_copied": 3,
    "mapped_shape": 0,
    "skipped": 15,
    "pair_aligner": 0,
    "pair_key": "Model->ModelNew"
  },
  "runnable": true,
  "phase": "stage1_grid_and_parallel",
  "pytorch_baseline_ms": 14.251564598083496,
  "score": 1.2724058690247193
}