{
  "timestamp": "2025-12-28T09:07:16",
  "reference_file": "KernelBench/select/26_ShuffleNet.py",
  "candidate_file": "/home/hyc/LLMKernel/run/20251228_085521_batch_range26to32_openai_deepseek/26_ShuffleNet/code/kernel_20251228_090655.py",
  "tolerance": 1,
  "max_abs_err": 23.295639038085938,
  "mean_abs_err": 5.927409648895264,
  "ref_latency_ms": {
    "avg": 14.05007381439209,
    "min": 14.041088104248047,
    "max": 14.061440467834473,
    "all": [
      14.061440467834473,
      14.046208381652832,
      14.06054401397705,
      14.041088104248047,
      14.041088104248047
    ]
  },
  "test_latency_ms": {
    "avg": 12.462828826904296,
    "min": 12.431360244750977,
    "max": 12.511136054992676,
    "all": [
      12.479488372802734,
      12.452863693237305,
      12.511136054992676,
      12.439295768737793,
      12.431360244750977
    ]
  },
  "num_runs": 5,
  "model_init_args": [
    1000
  ],
  "model_init_kwargs": {},
  "seed": 100,
  "align_stats": {
    "copied_same_shape": 248,
    "unique_shape_copied": 3,
    "mapped_shape": 0,
    "skipped": 15,
    "pair_aligner": 0,
    "pair_key": "Model->ModelNew"
  },
  "runnable": true,
  "phase": "stage2_block_tiling",
  "pytorch_baseline_ms": 14.251564598083496,
  "score": 1.1435256630756048
}