{
  "timestamp": "2025-12-16T05:39:12",
  "reference_file": "KernelBench/level3/26_ShuffleNet.py",
  "candidate_file": "/home/hyc/LLMKernel/run/20251216_051549_batch_range18to33_openai_deepseek/26_ShuffleNet/code/kernel_20251216_053908.py",
  "tolerance": 0.1,
  "max_abs_err": 0.0,
  "mean_abs_err": 0.0,
  "ref_latency_ms": {
    "avg": 14.910425567626953,
    "min": 14.87564754486084,
    "max": 14.959424018859863,
    "all": [
      14.959424018859863,
      14.926848411560059,
      14.907391548156738,
      14.87564754486084,
      14.882816314697266
    ]
  },
  "test_latency_ms": {
    "avg": 15.098220825195312,
    "min": 15.012895584106445,
    "max": 15.280896186828613,
    "all": [
      15.068160057067871,
      15.087615966796875,
      15.280896186828613,
      15.041536331176758,
      15.012895584106445
    ]
  },
  "num_runs": 5,
  "model_init_args": [
    1000
  ],
  "model_init_kwargs": {},
  "seed": 100,
  "align_stats": {
    "copied_same_shape": 266,
    "unique_shape_copied": 0,
    "mapped_shape": 0,
    "skipped": 0,
    "pair_aligner": 0,
    "pair_key": "Model->ModelNew"
  },
  "runnable": true,
  "phase": "stage3_memory_access",
  "pytorch_baseline_ms": 14.907769584655762,
  "score": 0.9873858487867834
}