{
  "timestamp": "2025-12-16T05:40:17",
  "reference_file": "KernelBench/level3/26_ShuffleNet.py",
  "candidate_file": "/home/hyc/LLMKernel/run/20251216_051549_batch_range18to33_openai_deepseek/26_ShuffleNet/code/kernel_20251216_054012.py",
  "tolerance": 0.1,
  "max_abs_err": 0.0,
  "mean_abs_err": 0.0,
  "ref_latency_ms": {
    "avg": 15.217446327209473,
    "min": 15.140864372253418,
    "max": 15.30675220489502,
    "all": [
      15.30675220489502,
      15.165375709533691,
      15.197183609008789,
      15.277055740356445,
      15.140864372253418
    ]
  },
  "test_latency_ms": {
    "avg": 15.461568069458007,
    "min": 15.430591583251953,
    "max": 15.501312255859375,
    "all": [
      15.501312255859375,
      15.453184127807617,
      15.430591583251953,
      15.454208374023438,
      15.468544006347656
    ]
  },
  "num_runs": 5,
  "model_init_args": [
    1000
  ],
  "model_init_kwargs": {},
  "seed": 100,
  "align_stats": {
    "copied_same_shape": 266,
    "unique_shape_copied": 0,
    "mapped_shape": 0,
    "skipped": 0,
    "pair_aligner": 0,
    "pair_key": "Model->ModelNew"
  },
  "runnable": true,
  "phase": "stage4_advanced_memory",
  "pytorch_baseline_ms": 14.907769584655762,
  "score": 0.9641822561389365
}