{
  "timestamp": "2025-12-22T13:42:39",
  "reference_file": "KernelBench/level3/7_GoogleNetInceptionV1.py",
  "candidate_file": "/home/hyc/LLMKernel/run/20251222_133621_7_GoogleNetInceptionV1_openai_deepseek/7_GoogleNetInceptionV1/code/kernel_20251222_134229.py",
  "tolerance": 1,
  "max_abs_err": 237466992.0,
  "mean_abs_err": 58256392.0,
  "ref_latency_ms": {
    "avg": 1.9745408058166505,
    "min": 1.968127965927124,
    "max": 1.9929920434951782,
    "all": [
      1.9929920434951782,
      1.9701759815216064,
      1.9691840410232544,
      1.9722239971160889,
      1.968127965927124
    ]
  },
  "test_latency_ms": {
    "avg": 3.8667840003967284,
    "min": 3.8359038829803467,
    "max": 3.9075839519500732,
    "all": [
      3.9075839519500732,
      3.891200065612793,
      3.861504077911377,
      3.8359038829803467,
      3.8377280235290527
    ]
  },
  "num_runs": 5,
  "model_init_args": [
    1000
  ],
  "model_init_kwargs": {},
  "seed": 100,
  "align_stats": {
    "copied_same_shape": 26,
    "unique_shape_copied": 33,
    "mapped_shape": 0,
    "skipped": 57,
    "pair_aligner": 0,
    "pair_key": "Model->ModelNew"
  },
  "runnable": true,
  "phase": "stage1_grid_and_parallel_cand0",
  "pytorch_baseline_ms": 2.91776647567749,
  "score": 0.7545718807614106
}