{
  "timestamp": "2025-12-22T13:45:54",
  "reference_file": "KernelBench/level3/7_GoogleNetInceptionV1.py",
  "candidate_file": "/home/hyc/LLMKernel/run/20251222_133621_7_GoogleNetInceptionV1_openai_deepseek/7_GoogleNetInceptionV1/code/kernel_20251222_134520.py",
  "tolerance": 1,
  "max_abs_err": 237466992.0,
  "mean_abs_err": 58256392.0,
  "ref_latency_ms": {
    "avg": 2.0628735542297365,
    "min": 2.033695936203003,
    "max": 2.1319680213928223,
    "all": [
      2.1319680213928223,
      2.044735908508301,
      2.033695936203003,
      2.062335968017578,
      2.0416319370269775
    ]
  },
  "test_latency_ms": {
    "avg": 4.921254444122314,
    "min": 4.843520164489746,
    "max": 5.052159786224365,
    "all": [
      5.052159786224365,
      4.929344177246094,
      4.898816108703613,
      4.843520164489746,
      4.882431983947754
    ]
  },
  "num_runs": 5,
  "model_init_args": [
    1000
  ],
  "model_init_kwargs": {},
  "seed": 100,
  "align_stats": {
    "copied_same_shape": 26,
    "unique_shape_copied": 33,
    "mapped_shape": 0,
    "skipped": 57,
    "pair_aligner": 0,
    "pair_key": "Model->ModelNew"
  },
  "runnable": true,
  "phase": "stage2_block_tiling_cand0",
  "pytorch_baseline_ms": 2.91776647567749,
  "score": 0.5928907982318037
}