{
  "timestamp": "2025-12-22T13:41:45",
  "reference_file": "KernelBench/level3/7_GoogleNetInceptionV1.py",
  "candidate_file": "/home/hyc/LLMKernel/run/20251222_133621_7_GoogleNetInceptionV1_openai_deepseek/7_GoogleNetInceptionV1/code/kernel_20251222_134137.py",
  "tolerance": 1,
  "max_abs_err": 3.2883137464523315e-05,
  "mean_abs_err": 7.561051916127326e-06,
  "ref_latency_ms": {
    "avg": 1.9935232639312743,
    "min": 1.9630080461502075,
    "max": 2.0183041095733643,
    "all": [
      2.0183041095733643,
      1.9763200283050537,
      1.9937280416488647,
      1.9630080461502075,
      2.016256093978882
    ]
  },
  "test_latency_ms": {
    "avg": 16.676594924926757,
    "min": 16.664255142211914,
    "max": 16.711679458618164,
    "all": [
      16.711679458618164,
      16.664255142211914,
      16.667648315429688,
      16.667648315429688,
      16.671743392944336
    ]
  },
  "num_runs": 5,
  "model_init_args": [
    1000
  ],
  "model_init_kwargs": {},
  "seed": 100,
  "align_stats": {
    "copied_same_shape": 26,
    "unique_shape_copied": 33,
    "mapped_shape": 0,
    "skipped": 57,
    "pair_aligner": 0,
    "pair_key": "Model->ModelNew"
  },
  "runnable": true,
  "phase": "seed_1",
  "pytorch_baseline_ms": 2.91776647567749,
  "score": 0.1749617646055707
}