{
  "timestamp": "2025-12-22T13:44:12",
  "reference_file": "KernelBench/level3/7_GoogleNetInceptionV1.py",
  "candidate_file": "/home/hyc/LLMKernel/run/20251222_133621_7_GoogleNetInceptionV1_openai_deepseek/7_GoogleNetInceptionV1/code/kernel_20251222_134354.py",
  "tolerance": 1,
  "max_abs_err": 3.2883137464523315e-05,
  "mean_abs_err": 7.561051916127326e-06,
  "ref_latency_ms": {
    "avg": 2.0148032188415526,
    "min": 1.9936959743499756,
    "max": 2.0501439571380615,
    "all": [
      2.0501439571380615,
      2.0193281173706055,
      1.9936959743499756,
      2.00380802154541,
      2.007040023803711
    ]
  },
  "test_latency_ms": {
    "avg": 52.980261993408206,
    "min": 51.718143463134766,
    "max": 54.68569564819336,
    "all": [
      54.662113189697266,
      54.68569564819336,
      52.11423873901367,
      51.718143463134766,
      51.72111892700195
    ]
  },
  "num_runs": 5,
  "model_init_args": [
    1000
  ],
  "model_init_kwargs": {},
  "seed": 100,
  "align_stats": {
    "copied_same_shape": 26,
    "unique_shape_copied": 33,
    "mapped_shape": 0,
    "skipped": 57,
    "pair_aligner": 0,
    "pair_key": "Model->ModelNew"
  },
  "runnable": true,
  "phase": "stage1_grid_and_parallel_cand1",
  "pytorch_baseline_ms": 2.91776647567749,
  "score": 0.0550727075687266
}