{
  "timestamp": "2025-12-13T10:50:01",
  "reference_file": "KernelBench/level2/45_Gemm_Sigmoid_LogSumExp.py",
  "candidate_file": "/home/hyc/LLMKernel/run/20251213_080631_batch_range40to70_deepseek_deepseek/45_Gemm_Sigmoid_LogSumExp/code/kernel_20251213_104954.py",
  "tolerance": 0.001,
  "max_abs_err": 6.818771362304688e-05,
  "mean_abs_err": 5.731036071665585e-05,
  "ref_latency_ms": {
    "avg": 10.113984107971191,
    "min": 9.94809627532959,
    "max": 10.353631973266602,
    "all": [
      9.960448265075684,
      9.94809627532959,
      10.115072250366211,
      10.192671775817871,
      10.353631973266602
    ]
  },
  "test_latency_ms": {
    "avg": 6.0134655952453615,
    "min": 6.004735946655273,
    "max": 6.02726411819458,
    "all": [
      6.02726411819458,
      6.013951778411865,
      6.00761604309082,
      6.004735946655273,
      6.013760089874268
    ]
  },
  "num_runs": 5,
  "model_init_args": [
    2048,
    4096,
    1024
  ],
  "model_init_kwargs": {},
  "seed": 100,
  "align_stats": {
    "copied_same_shape": 4,
    "unique_shape_copied": 0,
    "mapped_shape": 0,
    "skipped": 0,
    "pair_aligner": 0,
    "pair_key": "Model->ModelNew"
  },
  "runnable": true,
  "phase": "stage4_advanced_memory",
  "pytorch_baseline_ms": 9.97471351623535,
  "score": 1.6587296224197259
}