{
  "timestamp": "2025-12-13T10:47:12",
  "reference_file": "KernelBench/level2/45_Gemm_Sigmoid_LogSumExp.py",
  "candidate_file": "/home/hyc/LLMKernel/run/20251213_080631_batch_range40to70_deepseek_deepseek/45_Gemm_Sigmoid_LogSumExp/code/kernel_20251213_104705.py",
  "tolerance": 0.001,
  "max_abs_err": 6.818771362304688e-05,
  "mean_abs_err": 5.731679266318679e-05,
  "ref_latency_ms": {
    "avg": 10.07639045715332,
    "min": 9.945216178894043,
    "max": 10.312704086303711,
    "all": [
      9.996288299560547,
      9.945216178894043,
      9.961471557617188,
      10.166272163391113,
      10.312704086303711
    ]
  },
  "test_latency_ms": {
    "avg": 6.826361656188965,
    "min": 6.461440086364746,
    "max": 7.28272008895874,
    "all": [
      7.28272008895874,
      7.262207984924316,
      6.656832218170166,
      6.461440086364746,
      6.4686079025268555
    ]
  },
  "num_runs": 5,
  "model_init_args": [
    2048,
    4096,
    1024
  ],
  "model_init_kwargs": {},
  "seed": 100,
  "align_stats": {
    "copied_same_shape": 4,
    "unique_shape_copied": 0,
    "mapped_shape": 0,
    "skipped": 0,
    "pair_aligner": 0,
    "pair_key": "Model->ModelNew"
  },
  "runnable": true,
  "phase": "stage3_repair",
  "pytorch_baseline_ms": 9.97471351623535,
  "score": 1.4612049607995798
}