{
  "timestamp": "2025-12-13T10:30:03",
  "reference_file": "KernelBench/level2/45_Gemm_Sigmoid_LogSumExp.py",
  "candidate_file": "/home/hyc/LLMKernel/run/20251213_080631_batch_range40to70_deepseek_deepseek/45_Gemm_Sigmoid_LogSumExp/code/kernel_20251213_102950.py",
  "tolerance": 0.001,
  "max_abs_err": 6.818771362304688e-05,
  "mean_abs_err": 5.7309342082589865e-05,
  "ref_latency_ms": {
    "avg": 9.97471351623535,
    "min": 9.739263534545898,
    "max": 10.273792266845703,
    "all": [
      9.948063850402832,
      9.764608383178711,
      9.739263534545898,
      10.147839546203613,
      10.273792266845703
    ]
  },
  "test_latency_ms": {
    "avg": 8.490803146362305,
    "min": 8.471263885498047,
    "max": 8.518655776977539,
    "all": [
      8.518655776977539,
      8.51251220703125,
      8.476672172546387,
      8.471263885498047,
      8.4749116897583
    ]
  },
  "num_runs": 5,
  "model_init_args": [
    2048,
    4096,
    1024
  ],
  "model_init_kwargs": {},
  "seed": 100,
  "align_stats": {
    "copied_same_shape": 4,
    "unique_shape_copied": 0,
    "mapped_shape": 0,
    "skipped": 0,
    "pair_aligner": 0,
    "pair_key": "Model->ModelNew"
  },
  "runnable": true,
  "phase": "seed",
  "score": 1.1747667852255879
}