{
  "timestamp": "2025-12-13T10:34:47",
  "reference_file": "KernelBench/level2/45_Gemm_Sigmoid_LogSumExp.py",
  "candidate_file": "/home/hyc/LLMKernel/run/20251213_080631_batch_range40to70_deepseek_deepseek/45_Gemm_Sigmoid_LogSumExp/code/kernel_20251213_103441.py",
  "tolerance": 0.001,
  "max_abs_err": 6.818771362304688e-05,
  "mean_abs_err": 5.7309342082589865e-05,
  "ref_latency_ms": {
    "avg": 10.040281295776367,
    "min": 9.78831958770752,
    "max": 10.399871826171875,
    "all": [
      9.827327728271484,
      9.79535961151123,
      9.78831958770752,
      10.399871826171875,
      10.390527725219727
    ]
  },
  "test_latency_ms": {
    "avg": 6.615955257415772,
    "min": 6.14467191696167,
    "max": 7.024640083312988,
    "all": [
      7.024640083312988,
      7.019455909729004,
      6.7297282218933105,
      6.14467191696167,
      6.161280155181885
    ]
  },
  "num_runs": 5,
  "model_init_args": [
    2048,
    4096,
    1024
  ],
  "model_init_kwargs": {},
  "seed": 100,
  "align_stats": {
    "copied_same_shape": 4,
    "unique_shape_copied": 0,
    "mapped_shape": 0,
    "skipped": 0,
    "pair_aligner": 0,
    "pair_key": "Model->ModelNew"
  },
  "runnable": true,
  "phase": "stage1_repair",
  "pytorch_baseline_ms": 9.97471351623535,
  "score": 1.5076754796754064
}