{
  "timestamp": "2025-12-22T13:55:51",
  "reference_file": "KernelBench/level3/13_DenseNet121TransitionLayer.py",
  "candidate_file": "/home/hyc/LLMKernel/run/20251222_134908_13_DenseNet121TransitionLayer_openai_deepseek/13_DenseNet121TransitionLayer/code/kernel_20251222_135544.py",
  "tolerance": 1,
  "max_abs_err": 0.0008572936058044434,
  "mean_abs_err": 0.00018766730499919504,
  "ref_latency_ms": {
    "avg": 12.351936149597169,
    "min": 12.348128318786621,
    "max": 12.35968017578125,
    "all": [
      12.35968017578125,
      12.348416328430176,
      12.353311538696289,
      12.348128318786621,
      12.350144386291504
    ]
  },
  "test_latency_ms": {
    "avg": 5.843635177612304,
    "min": 5.835872173309326,
    "max": 5.8521599769592285,
    "all": [
      5.8521599769592285,
      5.8488640785217285,
      5.8375678062438965,
      5.843711853027344,
      5.835872173309326
    ]
  },
  "num_runs": 5,
  "model_init_args": [
    32,
    64
  ],
  "model_init_kwargs": {},
  "seed": 100,
  "align_stats": {
    "pair_aligner": 1,
    "copied_same_shape": 1,
    "mapped_shape": 0,
    "skipped": 0,
    "pair_key": "Model->ModelNew"
  },
  "runnable": true,
  "phase": "stage2_block_tiling_cand0",
  "pytorch_baseline_ms": 12.38875503540039,
  "score": 2.1200425178599884
}