{
  "timestamp": "2025-12-22T13:58:17",
  "reference_file": "KernelBench/level3/13_DenseNet121TransitionLayer.py",
  "candidate_file": "/home/hyc/LLMKernel/run/20251222_134908_13_DenseNet121TransitionLayer_openai_deepseek/13_DenseNet121TransitionLayer/code/kernel_20251222_135809.py",
  "tolerance": 1,
  "max_abs_err": 0.0008572936058044434,
  "mean_abs_err": 0.00018766730499919504,
  "ref_latency_ms": {
    "avg": 12.35271053314209,
    "min": 12.346367835998535,
    "max": 12.363424301147461,
    "all": [
      12.363424301147461,
      12.346688270568848,
      12.3504638671875,
      12.356608390808105,
      12.346367835998535
    ]
  },
  "test_latency_ms": {
    "avg": 5.850726318359375,
    "min": 5.847231864929199,
    "max": 5.855231761932373,
    "all": [
      5.855231761932373,
      5.850912094116211,
      5.847231864929199,
      5.8521599769592285,
      5.848095893859863
    ]
  },
  "num_runs": 5,
  "model_init_args": [
    32,
    64
  ],
  "model_init_kwargs": {},
  "seed": 100,
  "align_stats": {
    "pair_aligner": 1,
    "copied_same_shape": 1,
    "mapped_shape": 0,
    "skipped": 0,
    "pair_key": "Model->ModelNew"
  },
  "runnable": true,
  "phase": "stage3_memory_and_tuning_cand0",
  "pytorch_baseline_ms": 12.38875503540039,
  "score": 2.1174730044242387
}