{
  "timestamp": "2025-12-22T13:53:50",
  "reference_file": "KernelBench/level3/13_DenseNet121TransitionLayer.py",
  "candidate_file": "/home/hyc/LLMKernel/run/20251222_134908_13_DenseNet121TransitionLayer_openai_deepseek/13_DenseNet121TransitionLayer/code/kernel_20251222_135343.py",
  "tolerance": 1,
  "max_abs_err": 0.0007434487342834473,
  "mean_abs_err": 0.00017695910355541855,
  "ref_latency_ms": {
    "avg": 12.352915191650391,
    "min": 12.346367835998535,
    "max": 12.366656303405762,
    "all": [
      12.366656303405762,
      12.350272178649902,
      12.352543830871582,
      12.348735809326172,
      12.346367835998535
    ]
  },
  "test_latency_ms": {
    "avg": 12.775596809387206,
    "min": 12.767040252685547,
    "max": 12.785663604736328,
    "all": [
      12.778495788574219,
      12.77558422088623,
      12.767040252685547,
      12.785663604736328,
      12.771200180053711
    ]
  },
  "num_runs": 5,
  "model_init_args": [
    32,
    64
  ],
  "model_init_kwargs": {},
  "seed": 100,
  "align_stats": {
    "pair_aligner": 1,
    "copied_same_shape": 1,
    "mapped_shape": 0,
    "skipped": 0,
    "pair_key": "Model->ModelNew"
  },
  "runnable": true,
  "phase": "stage1_grid_and_parallel_cand0",
  "pytorch_baseline_ms": 12.38875503540039,
  "score": 0.969720258101557
}