{
  "timestamp": "2025-12-22T13:50:37",
  "reference_file": "KernelBench/level3/13_DenseNet121TransitionLayer.py",
  "candidate_file": "/home/hyc/LLMKernel/run/20251222_134908_13_DenseNet121TransitionLayer_openai_deepseek/13_DenseNet121TransitionLayer/code/kernel_20251222_135031.py",
  "tolerance": 1,
  "max_abs_err": 0.0007434487342834473,
  "mean_abs_err": 0.00017695910355541855,
  "ref_latency_ms": {
    "avg": 12.38875503540039,
    "min": 12.384063720703125,
    "max": 12.396703720092773,
    "all": [
      12.388352394104004,
      12.396703720092773,
      12.384063720703125,
      12.389375686645508,
      12.385279655456543
    ]
  },
  "test_latency_ms": {
    "avg": 12.87818260192871,
    "min": 12.86832046508789,
    "max": 12.883968353271484,
    "all": [
      12.883968353271484,
      12.880160331726074,
      12.875519752502441,
      12.86832046508789,
      12.882944107055664
    ]
  },
  "num_runs": 5,
  "model_init_args": [
    32,
    64
  ],
  "model_init_kwargs": {},
  "seed": 100,
  "align_stats": {
    "pair_aligner": 1,
    "copied_same_shape": 1,
    "mapped_shape": 0,
    "skipped": 0,
    "pair_key": "Model->ModelNew"
  },
  "runnable": true,
  "phase": "seed_0",
  "score": 0.9619956028224805
}