{
  "timestamp": "2025-12-28T11:03:33",
  "reference_file": "KernelBench/select2/21_Sigmoid.py",
  "candidate_file": "/home/hyc/LLMKernel/run/20251228_103215_batch_range14to22_openai_deepseek/21_Sigmoid/code/kernel_20251228_110320.py",
  "tolerance": 1,
  "max_abs_err": 1.1920928955078125e-07,
  "mean_abs_err": 1.5020670929288826e-08,
  "ref_latency_ms": {
    "avg": 14.190387344360351,
    "min": 14.181376457214355,
    "max": 14.196736335754395,
    "all": [
      14.196736335754395,
      14.190591812133789,
      14.19264030456543,
      14.190591812133789,
      14.181376457214355
    ]
  },
  "test_latency_ms": {
    "avg": 20.820742416381837,
    "min": 20.801536560058594,
    "max": 20.83020782470703,
    "all": [
      20.82588768005371,
      20.801536560058594,
      20.824064254760742,
      20.8220157623291,
      20.83020782470703
    ]
  },
  "num_runs": 5,
  "model_init_args": [],
  "model_init_kwargs": {},
  "seed": 100,
  "align_stats": {
    "copied_same_shape": 0,
    "unique_shape_copied": 0,
    "mapped_shape": 0,
    "skipped": 0,
    "pair_aligner": 0,
    "pair_key": "Model->ModelNew"
  },
  "runnable": true,
  "phase": "seed_1",
  "pytorch_baseline_ms": 14.141145706176758,
  "score": 0.6791854691526491
}