{
  "timestamp": "2025-12-12T21:52:14",
  "reference_file": "KernelBench/level1/21_Sigmoid.py",
  "candidate_file": "/home/hyc/LLMKernel/run/20251212_170043_batch_range5to40_deepseek_deepseek/21_Sigmoid/code/kernel_20251212_215200.py",
  "tolerance": 0.001,
  "max_abs_err": 1.1920928955078125e-07,
  "mean_abs_err": 1.5020670929288826e-08,
  "ref_latency_ms": {
    "avg": 14.024121475219726,
    "min": 14.006367683410645,
    "max": 14.052351951599121,
    "all": [
      14.052351951599121,
      14.043135643005371,
      14.009632110595703,
      14.006367683410645,
      14.009119987487793
    ]
  },
  "test_latency_ms": {
    "avg": 20.71633949279785,
    "min": 20.712448120117188,
    "max": 20.720640182495117,
    "all": [
      20.720640182495117,
      20.71552085876465,
      20.712448120117188,
      20.717567443847656,
      20.71552085876465
    ]
  },
  "num_runs": 5,
  "model_init_args": [],
  "model_init_kwargs": {},
  "seed": 100,
  "align_stats": {
    "copied_same_shape": 0,
    "unique_shape_copied": 0,
    "mapped_shape": 0,
    "skipped": 0,
    "pair_aligner": 0,
    "pair_key": "Model->ModelNew"
  },
  "runnable": true,
  "phase": "seed",
  "score": 0.6769594348507028
}