{
  "timestamp": "2025-12-12T21:58:13",
  "reference_file": "KernelBench/level1/21_Sigmoid.py",
  "candidate_file": "/home/hyc/LLMKernel/run/20251212_170043_batch_range5to40_deepseek_deepseek/21_Sigmoid/code/kernel_20251212_215800.py",
  "tolerance": 0.001,
  "max_abs_err": 1.1920928955078125e-07,
  "mean_abs_err": 1.5020670929288826e-08,
  "ref_latency_ms": {
    "avg": 14.004448127746581,
    "min": 14.000127792358398,
    "max": 14.013440132141113,
    "all": [
      14.013440132141113,
      14.001248359680176,
      14.000127792358398,
      14.005248069763184,
      14.002176284790039
    ]
  },
  "test_latency_ms": {
    "avg": 20.7131778717041,
    "min": 20.71129608154297,
    "max": 20.71552085876465,
    "all": [
      20.71552085876465,
      20.71129608154297,
      20.713472366333008,
      20.71232032775879,
      20.713279724121094
    ]
  },
  "num_runs": 5,
  "model_init_args": [],
  "model_init_kwargs": {},
  "seed": 100,
  "align_stats": {
    "copied_same_shape": 0,
    "unique_shape_copied": 0,
    "mapped_shape": 0,
    "skipped": 0,
    "pair_aligner": 0,
    "pair_key": "Model->ModelNew"
  },
  "runnable": true,
  "phase": "stage3_memory_access",
  "pytorch_baseline_ms": 14.024121475219726,
  "score": 0.6770627646845937
}