{
  "timestamp": "2025-12-28T11:15:27",
  "reference_file": "KernelBench/select2/21_Sigmoid.py",
  "candidate_file": "/home/hyc/LLMKernel/run/20251228_103215_batch_range14to22_openai_deepseek/21_Sigmoid/code/kernel_20251228_111514.py",
  "tolerance": 1,
  "max_abs_err": 1.1920928955078125e-07,
  "mean_abs_err": 1.5020670929288826e-08,
  "ref_latency_ms": {
    "avg": 14.142893028259277,
    "min": 14.137248039245605,
    "max": 14.148608207702637,
    "all": [
      14.148608207702637,
      14.140416145324707,
      14.137248039245605,
      14.14675235748291,
      14.141440391540527
    ]
  },
  "test_latency_ms": {
    "avg": 20.75372772216797,
    "min": 20.733951568603516,
    "max": 20.761600494384766,
    "all": [
      20.761600494384766,
      20.757503509521484,
      20.760351181030273,
      20.733951568603516,
      20.755231857299805
    ]
  },
  "num_runs": 5,
  "model_init_args": [],
  "model_init_kwargs": {},
  "seed": 100,
  "align_stats": {
    "copied_same_shape": 0,
    "unique_shape_copied": 0,
    "mapped_shape": 0,
    "skipped": 0,
    "pair_aligner": 0,
    "pair_key": "Model->ModelNew"
  },
  "runnable": true,
  "phase": "stage2_block_tiling",
  "pytorch_baseline_ms": 14.141145706176758,
  "score": 0.6813785887280375
}