{
  "timestamp": "2025-12-28T11:02:56",
  "reference_file": "KernelBench/select2/21_Sigmoid.py",
  "candidate_file": "/home/hyc/LLMKernel/run/20251228_103215_batch_range14to22_openai_deepseek/21_Sigmoid/code/kernel_20251228_110242.py",
  "tolerance": 1,
  "max_abs_err": 1.1920928955078125e-07,
  "mean_abs_err": 1.5020670929288826e-08,
  "ref_latency_ms": {
    "avg": 14.141145706176758,
    "min": 14.134079933166504,
    "max": 14.148480415344238,
    "all": [
      14.14732837677002,
      14.134079933166504,
      14.138367652893066,
      14.148480415344238,
      14.137472152709961
    ]
  },
  "test_latency_ms": {
    "avg": 20.793548583984375,
    "min": 20.787200927734375,
    "max": 20.81279945373535,
    "all": [
      20.81279945373535,
      20.789247512817383,
      20.789247512817383,
      20.789247512817383,
      20.787200927734375
    ]
  },
  "num_runs": 5,
  "model_init_args": [],
  "model_init_kwargs": {},
  "seed": 100,
  "align_stats": {
    "copied_same_shape": 0,
    "unique_shape_copied": 0,
    "mapped_shape": 0,
    "skipped": 0,
    "pair_aligner": 0,
    "pair_key": "Model->ModelNew"
  },
  "runnable": true,
  "phase": "seed_0",
  "score": 0.6800737088747114
}