{
  "timestamp": "2025-12-28T11:05:32",
  "reference_file": "KernelBench/select2/21_Sigmoid.py",
  "candidate_file": "/home/hyc/LLMKernel/run/20251228_103215_batch_range14to22_openai_deepseek/21_Sigmoid/code/kernel_20251228_110514.py",
  "tolerance": 1,
  "max_abs_err": 0.04453325271606445,
  "mean_abs_err": 0.03333064168691635,
  "ref_latency_ms": {
    "avg": 14.146700859069824,
    "min": 14.140416145324707,
    "max": 14.156607627868652,
    "all": [
      14.156607627868652,
      14.140416145324707,
      14.144512176513672,
      14.150527954101562,
      14.141440391540527
    ]
  },
  "test_latency_ms": {
    "avg": 20.799865341186525,
    "min": 20.785120010375977,
    "max": 20.82713508605957,
    "all": [
      20.8035831451416,
      20.785120010375977,
      20.789247512817383,
      20.794240951538086,
      20.82713508605957
    ]
  },
  "num_runs": 5,
  "model_init_args": [],
  "model_init_kwargs": {},
  "seed": 100,
  "align_stats": {
    "copied_same_shape": 0,
    "unique_shape_copied": 0,
    "mapped_shape": 0,
    "skipped": 0,
    "pair_aligner": 0,
    "pair_key": "Model->ModelNew"
  },
  "runnable": true,
  "phase": "algorithm_optimized_seed0",
  "pytorch_baseline_ms": 14.141145706176758,
  "score": 0.6798671757828831
}