{
  "timestamp": "2025-12-28T11:09:49",
  "reference_file": "KernelBench/select2/21_Sigmoid.py",
  "candidate_file": "/home/hyc/LLMKernel/run/20251228_103215_batch_range14to22_openai_deepseek/21_Sigmoid/code/kernel_20251228_110935.py",
  "tolerance": 1,
  "max_abs_err": 1.1920928955078125e-07,
  "mean_abs_err": 1.5020670929288826e-08,
  "ref_latency_ms": {
    "avg": 14.140768051147461,
    "min": 14.131135940551758,
    "max": 14.151679992675781,
    "all": [
      14.151679992675781,
      14.136320114135742,
      14.141216278076172,
      14.143487930297852,
      14.131135940551758
    ]
  },
  "test_latency_ms": {
    "avg": 20.79000930786133,
    "min": 20.769792556762695,
    "max": 20.797439575195312,
    "all": [
      20.792255401611328,
      20.769792556762695,
      20.797439575195312,
      20.795391082763672,
      20.795167922973633
    ]
  },
  "num_runs": 5,
  "model_init_args": [],
  "model_init_kwargs": {},
  "seed": 100,
  "align_stats": {
    "copied_same_shape": 0,
    "unique_shape_copied": 0,
    "mapped_shape": 0,
    "skipped": 0,
    "pair_aligner": 0,
    "pair_key": "Model->ModelNew"
  },
  "runnable": true,
  "phase": "stage1_grid_and_parallel",
  "pytorch_baseline_ms": 14.141145706176758,
  "score": 0.6801894841302243
}