{
  "timestamp": "2025-12-28T11:07:17",
  "reference_file": "KernelBench/select2/21_Sigmoid.py",
  "candidate_file": "/home/hyc/LLMKernel/run/20251228_103215_batch_range14to22_openai_deepseek/21_Sigmoid/code/kernel_20251228_110702.py",
  "tolerance": 1,
  "max_abs_err": 1.1920928955078125e-07,
  "mean_abs_err": 1.5020670929288826e-08,
  "ref_latency_ms": {
    "avg": 14.146758460998536,
    "min": 14.136320114135742,
    "max": 14.16198444366455,
    "all": [
      14.143391609191895,
      14.16198444366455,
      14.145536422729492,
      14.146559715270996,
      14.136320114135742
    ]
  },
  "test_latency_ms": {
    "avg": 20.809113693237304,
    "min": 20.789247512817383,
    "max": 20.87321662902832,
    "all": [
      20.791296005249023,
      20.789247512817383,
      20.797439575195312,
      20.794368743896484,
      20.87321662902832
    ]
  },
  "num_runs": 5,
  "model_init_args": [],
  "model_init_kwargs": {},
  "seed": 100,
  "align_stats": {
    "copied_same_shape": 0,
    "unique_shape_copied": 0,
    "mapped_shape": 0,
    "skipped": 0,
    "pair_aligner": 0,
    "pair_key": "Model->ModelNew"
  },
  "runnable": true,
  "phase": "algorithm_optimized_seed1",
  "pytorch_baseline_ms": 14.141145706176758,
  "score": 0.6795650172632027
}