{
  "timestamp": "2025-12-12T22:00:33",
  "reference_file": "KernelBench/level1/21_Sigmoid.py",
  "candidate_file": "/home/hyc/LLMKernel/run/20251212_170043_batch_range5to40_deepseek_deepseek/21_Sigmoid/code/kernel_20251212_220018.py",
  "tolerance": 0.001,
  "max_abs_err": 1.1920928955078125e-07,
  "mean_abs_err": 1.5020670929288826e-08,
  "ref_latency_ms": {
    "avg": 14.00400619506836,
    "min": 13.999103546142578,
    "max": 14.007295608520508,
    "all": [
      14.007295608520508,
      14.004159927368164,
      13.999103546142578,
      14.005248069763184,
      14.004223823547363
    ]
  },
  "test_latency_ms": {
    "avg": 20.693753814697267,
    "min": 20.686847686767578,
    "max": 20.69820785522461,
    "all": [
      20.69708824157715,
      20.696992874145508,
      20.689632415771484,
      20.686847686767578,
      20.69820785522461
    ]
  },
  "num_runs": 5,
  "model_init_args": [],
  "model_init_kwargs": {},
  "seed": 100,
  "align_stats": {
    "copied_same_shape": 0,
    "unique_shape_copied": 0,
    "mapped_shape": 0,
    "skipped": 0,
    "pair_aligner": 0,
    "pair_key": "Model->ModelNew"
  },
  "runnable": true,
  "phase": "stage4_advanced_memory",
  "pytorch_baseline_ms": 14.024121475219726,
  "score": 0.6776982852313346
}