{
  "timestamp": "2025-12-12T21:55:12",
  "reference_file": "KernelBench/level1/21_Sigmoid.py",
  "candidate_file": "/home/hyc/LLMKernel/run/20251212_170043_batch_range5to40_deepseek_deepseek/21_Sigmoid/code/kernel_20251212_215459.py",
  "tolerance": 0.001,
  "max_abs_err": 1.1920928955078125e-07,
  "mean_abs_err": 1.5020670929288826e-08,
  "ref_latency_ms": {
    "avg": 14.006521606445313,
    "min": 14.001152038574219,
    "max": 14.008319854736328,
    "all": [
      14.008319854736328,
      14.00649642944336,
      14.001152038574219,
      14.008319854736328,
      14.008319854736328
    ]
  },
  "test_latency_ms": {
    "avg": 27.601247787475586,
    "min": 27.586271286010742,
    "max": 27.622400283813477,
    "all": [
      27.601919174194336,
      27.586271286010742,
      27.598848342895508,
      27.596799850463867,
      27.622400283813477
    ]
  },
  "num_runs": 5,
  "model_init_args": [],
  "model_init_kwargs": {},
  "seed": 100,
  "align_stats": {
    "copied_same_shape": 0,
    "unique_shape_copied": 0,
    "mapped_shape": 0,
    "skipped": 0,
    "pair_aligner": 0,
    "pair_key": "Model->ModelNew"
  },
  "runnable": true,
  "phase": "stage1_grid_and_parallel",
  "pytorch_baseline_ms": 14.024121475219726,
  "score": 0.5080973723797859
}