{
  "timestamp": "2025-12-15T04:37:50",
  "reference_file": "KernelBench/level2/83_Conv3d_GroupNorm_Min_Clamp_Dropout.py",
  "candidate_file": "/home/hyc/LLMKernel/run/20251215_024837_batch_range56to88_openai_deepseek/83_Conv3d_GroupNorm_Min_Clamp_Dropout/code/kernel_20251215_043746.py",
  "tolerance": 0.001,
  "max_abs_err": 0.0,
  "mean_abs_err": 0.0,
  "ref_latency_ms": {
    "avg": 6.669516849517822,
    "min": 6.665215969085693,
    "max": 6.681600093841553,
    "all": [
      6.681600093841553,
      6.667263984680176,
      6.667263984680176,
      6.665215969085693,
      6.666240215301514
    ]
  },
  "test_latency_ms": {
    "avg": 8.849612998962403,
    "min": 8.82688045501709,
    "max": 8.881152153015137,
    "all": [
      8.861696243286133,
      8.851455688476562,
      8.82688045501709,
      8.82688045501709,
      8.881152153015137
    ]
  },
  "num_runs": 5,
  "model_init_args": [
    3,
    16,
    3,
    8,
    0.0,
    1.0,
    0.2
  ],
  "model_init_kwargs": {},
  "seed": 100,
  "align_stats": {
    "pair_aligner": 1,
    "copied_same_shape": 1,
    "mapped_shape": 0,
    "skipped": 0,
    "pair_key": "Model->ModelNew"
  },
  "runnable": true,
  "phase": "seed",
  "score": 0.7536506794477689
}