{
  "timestamp": "2025-12-15T04:39:16",
  "reference_file": "KernelBench/level2/83_Conv3d_GroupNorm_Min_Clamp_Dropout.py",
  "candidate_file": "/home/hyc/LLMKernel/run/20251215_024837_batch_range56to88_openai_deepseek/83_Conv3d_GroupNorm_Min_Clamp_Dropout/code/kernel_20251215_043911.py",
  "tolerance": 0.001,
  "max_abs_err": 0.0,
  "mean_abs_err": 0.0,
  "ref_latency_ms": {
    "avg": 6.746271991729737,
    "min": 6.699007987976074,
    "max": 6.800384044647217,
    "all": [
      6.785823822021484,
      6.800384044647217,
      6.722559928894043,
      6.699007987976074,
      6.723584175109863
    ]
  },
  "test_latency_ms": {
    "avg": 9.024736022949218,
    "min": 9.0000638961792,
    "max": 9.051136016845703,
    "all": [
      9.051136016845703,
      9.048064231872559,
      9.022432327270508,
      9.0000638961792,
      9.001983642578125
    ]
  },
  "num_runs": 5,
  "model_init_args": [
    3,
    16,
    3,
    8,
    0.0,
    1.0,
    0.2
  ],
  "model_init_kwargs": {},
  "seed": 100,
  "align_stats": {
    "pair_aligner": 1,
    "copied_same_shape": 1,
    "mapped_shape": 0,
    "skipped": 0,
    "pair_key": "Model->ModelNew"
  },
  "runnable": true,
  "phase": "stage1_grid_and_parallel",
  "pytorch_baseline_ms": 6.669516849517822,
  "score": 0.7390262532397344
}