{
  "timestamp": "2025-12-15T04:45:19",
  "reference_file": "KernelBench/level2/83_Conv3d_GroupNorm_Min_Clamp_Dropout.py",
  "candidate_file": "/home/hyc/LLMKernel/run/20251215_024837_batch_range56to88_openai_deepseek/83_Conv3d_GroupNorm_Min_Clamp_Dropout/code/kernel_20251215_044513.py",
  "tolerance": 0.001,
  "max_abs_err": 0.0,
  "mean_abs_err": 0.0,
  "ref_latency_ms": {
    "avg": 6.765318393707275,
    "min": 6.753312110900879,
    "max": 6.776639938354492,
    "all": [
      6.776639938354492,
      6.764480113983154,
      6.753312110900879,
      6.7645440101623535,
      6.767615795135498
    ]
  },
  "test_latency_ms": {
    "avg": 11.749548721313477,
    "min": 11.740127563476562,
    "max": 11.753472328186035,
    "all": [
      11.740127563476562,
      11.750399589538574,
      11.752608299255371,
      11.75113582611084,
      11.753472328186035
    ]
  },
  "num_runs": 5,
  "model_init_args": [
    3,
    16,
    3,
    8,
    0.0,
    1.0,
    0.2
  ],
  "model_init_kwargs": {},
  "seed": 100,
  "align_stats": {
    "pair_aligner": 1,
    "copied_same_shape": 1,
    "mapped_shape": 0,
    "skipped": 0,
    "pair_key": "Model->ModelNew"
  },
  "runnable": true,
  "phase": "stage4_advanced_memory",
  "pytorch_baseline_ms": 6.669516849517822,
  "score": 0.5676402564652917
}