{
  "timestamp": "2025-12-28T17:10:31",
  "reference_file": "KernelBench/tt/83_Conv3d_GroupNorm_Min_Clamp_Dropout.py",
  "candidate_file": "/home/hyc/LLMKernel/run/20251228_161811_batch_range79to85_openai_deepseek/83_Conv3d_GroupNorm_Min_Clamp_Dropout/code/kernel_20251228_171027.py",
  "tolerance": 1,
  "max_abs_err": 0.0,
  "mean_abs_err": 0.0,
  "ref_latency_ms": {
    "avg": 6.9574016571044925,
    "min": 6.949728012084961,
    "max": 6.9752960205078125,
    "all": [
      6.9752960205078125,
      6.9552001953125,
      6.954944133758545,
      6.949728012084961,
      6.951839923858643
    ]
  },
  "test_latency_ms": {
    "avg": 5.405484771728515,
    "min": 5.39356803894043,
    "max": 5.422080039978027,
    "all": [
      5.422080039978027,
      5.395455837249756,
      5.4075517654418945,
      5.39356803894043,
      5.408768177032471
    ]
  },
  "num_runs": 5,
  "model_init_args": [
    3,
    16,
    3,
    8,
    0.0,
    1.0,
    0.2
  ],
  "model_init_kwargs": {},
  "seed": 100,
  "align_stats": {
    "pair_aligner": 1,
    "copied_same_shape": 1,
    "mapped_shape": 0,
    "skipped": 0,
    "pair_key": "Model->ModelNew"
  },
  "runnable": true,
  "phase": "seed_0",
  "score": 1.2871004083653574
}