{
  "timestamp": "2025-12-28T17:12:56",
  "reference_file": "KernelBench/tt/83_Conv3d_GroupNorm_Min_Clamp_Dropout.py",
  "candidate_file": "/home/hyc/LLMKernel/run/20251228_161811_batch_range79to85_openai_deepseek/83_Conv3d_GroupNorm_Min_Clamp_Dropout/code/kernel_20251228_171252.py",
  "tolerance": 1,
  "max_abs_err": 0.0,
  "mean_abs_err": 0.0,
  "ref_latency_ms": {
    "avg": 6.960921669006348,
    "min": 6.950911998748779,
    "max": 6.9713921546936035,
    "all": [
      6.9713921546936035,
      6.965184211730957,
      6.955967903137207,
      6.950911998748779,
      6.961152076721191
    ]
  },
  "test_latency_ms": {
    "avg": 39.61849670410156,
    "min": 6.902751922607422,
    "max": 170.429443359375,
    "all": [
      6.922976016998291,
      6.923264026641846,
      6.914048194885254,
      6.902751922607422,
      170.429443359375
    ]
  },
  "num_runs": 5,
  "model_init_args": [
    3,
    16,
    3,
    8,
    0.0,
    1.0,
    0.2
  ],
  "model_init_kwargs": {},
  "seed": 100,
  "align_stats": {
    "pair_aligner": 1,
    "copied_same_shape": 1,
    "mapped_shape": 0,
    "skipped": 0,
    "pair_key": "Model->ModelNew"
  },
  "runnable": true,
  "phase": "seed_1_repair_1",
  "pytorch_baseline_ms": 6.9574016571044925,
  "score": 0.17560993565877067
}