{
  "timestamp": "2025-12-15T04:43:54",
  "reference_file": "KernelBench/level2/83_Conv3d_GroupNorm_Min_Clamp_Dropout.py",
  "candidate_file": "/home/hyc/LLMKernel/run/20251215_024837_batch_range56to88_openai_deepseek/83_Conv3d_GroupNorm_Min_Clamp_Dropout/code/kernel_20251215_044347.py",
  "tolerance": 0.001,
  "max_abs_err": 0.0,
  "mean_abs_err": 0.0,
  "ref_latency_ms": {
    "avg": 6.760243320465088,
    "min": 6.754303932189941,
    "max": 6.770688056945801,
    "all": [
      6.770688056945801,
      6.761472225189209,
      6.754303932189941,
      6.757376194000244,
      6.757376194000244
    ]
  },
  "test_latency_ms": {
    "avg": 7.01274881362915,
    "min": 7.003136157989502,
    "max": 7.02566385269165,
    "all": [
      7.018496036529541,
      7.009280204772949,
      7.007167816162109,
      7.003136157989502,
      7.02566385269165
    ]
  },
  "num_runs": 5,
  "model_init_args": [
    3,
    16,
    3,
    8,
    0.0,
    1.0,
    0.2
  ],
  "model_init_kwargs": {},
  "seed": 100,
  "align_stats": {
    "pair_aligner": 1,
    "copied_same_shape": 1,
    "mapped_shape": 0,
    "skipped": 0,
    "pair_key": "Model->ModelNew"
  },
  "runnable": true,
  "phase": "stage3_repair",
  "pytorch_baseline_ms": 6.669516849517822,
  "score": 0.9510560019711154
}