{
  "timestamp": "2025-12-15T04:40:50",
  "reference_file": "KernelBench/level2/83_Conv3d_GroupNorm_Min_Clamp_Dropout.py",
  "candidate_file": "/home/hyc/LLMKernel/run/20251215_024837_batch_range56to88_openai_deepseek/83_Conv3d_GroupNorm_Min_Clamp_Dropout/code/kernel_20251215_044044.py",
  "tolerance": 0.001,
  "max_abs_err": 0.0,
  "mean_abs_err": 0.0,
  "ref_latency_ms": {
    "avg": 6.7635071754455565,
    "min": 6.755263805389404,
    "max": 6.772736072540283,
    "all": [
      6.772736072540283,
      6.759424209594727,
      6.762495994567871,
      6.755263805389404,
      6.767615795135498
    ]
  },
  "test_latency_ms": {
    "avg": 6.721798324584961,
    "min": 6.716415882110596,
    "max": 6.7358717918396,
    "all": [
      6.7358717918396,
      6.718463897705078,
      6.719488143920898,
      6.716415882110596,
      6.718751907348633
    ]
  },
  "num_runs": 5,
  "model_init_args": [
    3,
    16,
    3,
    8,
    0.0,
    1.0,
    0.2
  ],
  "model_init_kwargs": {},
  "seed": 100,
  "align_stats": {
    "pair_aligner": 1,
    "copied_same_shape": 1,
    "mapped_shape": 0,
    "skipped": 0,
    "pair_key": "Model->ModelNew"
  },
  "runnable": true,
  "phase": "stage2_block_tiling",
  "pytorch_baseline_ms": 6.669516849517822,
  "score": 0.9922221000180979
}