{
  "timestamp": "2025-12-28T17:19:58",
  "reference_file": "KernelBench/tt/83_Conv3d_GroupNorm_Min_Clamp_Dropout.py",
  "candidate_file": "/home/hyc/LLMKernel/run/20251228_161811_batch_range79to85_openai_deepseek/83_Conv3d_GroupNorm_Min_Clamp_Dropout/code/kernel_20251228_171954.py",
  "tolerance": 1,
  "max_abs_err": 0.0,
  "mean_abs_err": 0.0,
  "ref_latency_ms": {
    "avg": 6.962790393829346,
    "min": 6.956031799316406,
    "max": 6.9765119552612305,
    "all": [
      6.9765119552612305,
      6.965248107910156,
      6.957056045532227,
      6.956031799316406,
      6.959104061126709
    ]
  },
  "test_latency_ms": {
    "avg": 33.631674194335936,
    "min": 5.745855808258057,
    "max": 145.1550750732422,
    "all": [
      5.751808166503906,
      5.756832122802734,
      5.748799800872803,
      5.745855808258057,
      145.1550750732422
    ]
  },
  "num_runs": 5,
  "model_init_args": [
    3,
    16,
    3,
    8,
    0.0,
    1.0,
    0.2
  ],
  "model_init_kwargs": {},
  "seed": 100,
  "align_stats": {
    "pair_aligner": 1,
    "copied_same_shape": 1,
    "mapped_shape": 0,
    "skipped": 0,
    "pair_key": "Model->ModelNew"
  },
  "runnable": true,
  "phase": "algorithm_optimized_seed1",
  "pytorch_baseline_ms": 6.9574016571044925,
  "score": 0.20687051191392133
}