{
  "timestamp": "2025-12-28T17:31:32",
  "reference_file": "KernelBench/tt/83_Conv3d_GroupNorm_Min_Clamp_Dropout.py",
  "candidate_file": "/home/hyc/LLMKernel/run/20251228_161811_batch_range79to85_openai_deepseek/83_Conv3d_GroupNorm_Min_Clamp_Dropout/code/kernel_20251228_173128.py",
  "tolerance": 1,
  "max_abs_err": 0.0,
  "mean_abs_err": 0.0,
  "ref_latency_ms": {
    "avg": 6.957638359069824,
    "min": 6.951935768127441,
    "max": 6.9713921546936035,
    "all": [
      6.9713921546936035,
      6.957056045532227,
      6.953855991363525,
      6.953951835632324,
      6.951935768127441
    ]
  },
  "test_latency_ms": {
    "avg": 4.003968143463135,
    "min": 4.00051212310791,
    "max": 4.007808208465576,
    "all": [
      4.007808208465576,
      4.00486421585083,
      4.00051212310791,
      4.00383996963501,
      4.002816200256348
    ]
  },
  "num_runs": 5,
  "model_init_args": [
    3,
    16,
    3,
    8,
    0.0,
    1.0,
    0.2
  ],
  "model_init_kwargs": {},
  "seed": 100,
  "align_stats": {
    "pair_aligner": 1,
    "copied_same_shape": 1,
    "mapped_shape": 0,
    "skipped": 0,
    "pair_key": "Model->ModelNew"
  },
  "runnable": true,
  "phase": "stage2_block_tiling",
  "pytorch_baseline_ms": 6.9574016571044925,
  "score": 1.7376266263414515
}