{
  "timestamp": "2025-12-28T17:37:40",
  "reference_file": "KernelBench/tt/83_Conv3d_GroupNorm_Min_Clamp_Dropout.py",
  "candidate_file": "/home/hyc/LLMKernel/run/20251228_161811_batch_range79to85_openai_deepseek/83_Conv3d_GroupNorm_Min_Clamp_Dropout/code/kernel_20251228_173736.py",
  "tolerance": 1,
  "max_abs_err": 0.0,
  "mean_abs_err": 0.0,
  "ref_latency_ms": {
    "avg": 6.998131275177002,
    "min": 6.989823818206787,
    "max": 7.009280204772949,
    "all": [
      7.009280204772949,
      7.000864028930664,
      6.989823818206787,
      6.995744228363037,
      6.994944095611572
    ]
  },
  "test_latency_ms": {
    "avg": 4.017574453353882,
    "min": 3.9966719150543213,
    "max": 4.04582405090332,
    "all": [
      4.04582405090332,
      4.043776035308838,
      4.000864028930664,
      4.000736236572266,
      3.9966719150543213
    ]
  },
  "num_runs": 5,
  "model_init_args": [
    3,
    16,
    3,
    8,
    0.0,
    1.0,
    0.2
  ],
  "model_init_kwargs": {},
  "seed": 100,
  "align_stats": {
    "pair_aligner": 1,
    "copied_same_shape": 1,
    "mapped_shape": 0,
    "skipped": 0,
    "pair_key": "Model->ModelNew"
  },
  "runnable": true,
  "phase": "stage3_memory_and_tuning",
  "pytorch_baseline_ms": 6.9574016571044925,
  "score": 1.7317418103593412
}