{
  "timestamp": "2025-12-28T17:26:06",
  "reference_file": "KernelBench/tt/83_Conv3d_GroupNorm_Min_Clamp_Dropout.py",
  "candidate_file": "/home/hyc/LLMKernel/run/20251228_161811_batch_range79to85_openai_deepseek/83_Conv3d_GroupNorm_Min_Clamp_Dropout/code/kernel_20251228_172602.py",
  "tolerance": 1,
  "max_abs_err": 0.0,
  "mean_abs_err": 0.0,
  "ref_latency_ms": {
    "avg": 6.958291149139404,
    "min": 6.952767848968506,
    "max": 6.966271877288818,
    "all": [
      6.966271877288818,
      6.958079814910889,
      6.952767848968506,
      6.957056045532227,
      6.957280158996582
    ]
  },
  "test_latency_ms": {
    "avg": 4.005420875549317,
    "min": 4.00383996963501,
    "max": 4.0069122314453125,
    "all": [
      4.0069122314453125,
      4.005887985229492,
      4.0055999755859375,
      4.00486421585083,
      4.00383996963501
    ]
  },
  "num_runs": 5,
  "model_init_args": [
    3,
    16,
    3,
    8,
    0.0,
    1.0,
    0.2
  ],
  "model_init_kwargs": {},
  "seed": 100,
  "align_stats": {
    "pair_aligner": 1,
    "copied_same_shape": 1,
    "mapped_shape": 0,
    "skipped": 0,
    "pair_key": "Model->ModelNew"
  },
  "runnable": true,
  "phase": "stage1_grid_and_parallel_repair",
  "pytorch_baseline_ms": 6.9574016571044925,
  "score": 1.7369964039422778
}