{
  "timestamp": "2025-12-28T17:19:00",
  "reference_file": "KernelBench/tt/83_Conv3d_GroupNorm_Min_Clamp_Dropout.py",
  "candidate_file": "/home/hyc/LLMKernel/run/20251228_161811_batch_range79to85_openai_deepseek/83_Conv3d_GroupNorm_Min_Clamp_Dropout/code/kernel_20251228_171857.py",
  "tolerance": 1,
  "max_abs_err": 0.0,
  "mean_abs_err": 0.0,
  "ref_latency_ms": {
    "avg": 6.9590911865234375,
    "min": 6.953983783721924,
    "max": 6.972352027893066,
    "all": [
      6.972352027893066,
      6.958208084106445,
      6.955904006958008,
      6.953983783721924,
      6.955008029937744
    ]
  },
  "test_latency_ms": {
    "avg": 4.0039936065673825,
    "min": 4.001791954040527,
    "max": 4.005887985229492,
    "all": [
      4.005887985229492,
      4.003583908081055,
      4.001791954040527,
      4.005887985229492,
      4.002816200256348
    ]
  },
  "num_runs": 5,
  "model_init_args": [
    3,
    16,
    3,
    8,
    0.0,
    1.0,
    0.2
  ],
  "model_init_kwargs": {},
  "seed": 100,
  "align_stats": {
    "pair_aligner": 1,
    "copied_same_shape": 1,
    "mapped_shape": 0,
    "skipped": 0,
    "pair_key": "Model->ModelNew"
  },
  "runnable": true,
  "phase": "algorithm_optimized_seed0",
  "pytorch_baseline_ms": 6.9574016571044925,
  "score": 1.7376155760321161
}