{
  "timestamp": "2025-12-24T03:14:54",
  "reference_file": "KernelBench/level3/14_DenseNet121DenseBlock.py",
  "candidate_file": "/home/hyc/LLMKernel/run/20251224_030825_14_DenseNet121DenseBlock_openai_deepseek/14_DenseNet121DenseBlock/code/kernel_20251224_031449.py",
  "tolerance": 1,
  "max_abs_err": 0.0004363059997558594,
  "mean_abs_err": 5.140794746694155e-05,
  "ref_latency_ms": {
    "avg": 16.87408027648926,
    "min": 16.861312866210938,
    "max": 16.889856338500977,
    "all": [
      16.889856338500977,
      16.866304397583008,
      16.88150405883789,
      16.871423721313477,
      16.861312866210938
    ]
  },
  "test_latency_ms": {
    "avg": 62.443302154541016,
    "min": 62.317569732666016,
    "max": 62.8326416015625,
    "all": [
      62.8326416015625,
      62.356414794921875,
      62.35033416748047,
      62.317569732666016,
      62.35955047607422
    ]
  },
  "num_runs": 5,
  "model_init_args": [
    6,
    32,
    32
  ],
  "model_init_kwargs": {},
  "seed": 100,
  "align_stats": {
    "copied_same_shape": 0,
    "unique_shape_copied": 6,
    "mapped_shape": 0,
    "skipped": 30,
    "pair_aligner": 0,
    "pair_key": "Model->ModelNew"
  },
  "runnable": true,
  "phase": "stage1_grid_and_parallel_repair",
  "pytorch_baseline_ms": 16.8583553314209,
  "score": 0.26997860058230316
}