{
  "timestamp": "2025-12-16T06:00:00",
  "reference_file": "KernelBench/level3/14_DenseNet121DenseBlock.py",
  "candidate_file": "/home/hyc/LLMKernel/run/20251216_051542_batch_range2to17_openai_deepseek/14_DenseNet121DenseBlock/code/kernel_20251216_055955.py",
  "tolerance": 0.1,
  "max_abs_err": 0.0004375278949737549,
  "mean_abs_err": 5.135219180374406e-05,
  "ref_latency_ms": {
    "avg": 16.803813934326172,
    "min": 16.797727584838867,
    "max": 16.808799743652344,
    "all": [
      16.808799743652344,
      16.80588722229004,
      16.80793571472168,
      16.797727584838867,
      16.79871940612793
    ]
  },
  "test_latency_ms": {
    "avg": 19.84634895324707,
    "min": 19.8338565826416,
    "max": 19.85536003112793,
    "all": [
      19.8338565826416,
      19.85024070739746,
      19.84716796875,
      19.84511947631836,
      19.85536003112793
    ]
  },
  "num_runs": 5,
  "model_init_args": [
    6,
    32,
    32
  ],
  "model_init_kwargs": {},
  "seed": 100,
  "align_stats": {
    "copied_same_shape": 36,
    "unique_shape_copied": 0,
    "mapped_shape": 0,
    "skipped": 0,
    "pair_aligner": 0,
    "pair_key": "Model->ModelNew"
  },
  "runnable": true,
  "phase": "stage4_advanced_memory",
  "pytorch_baseline_ms": 16.80956153869629,
  "score": 0.8469850841731809
}