{
  "timestamp": "2025-12-16T05:56:03",
  "reference_file": "KernelBench/level3/14_DenseNet121DenseBlock.py",
  "candidate_file": "/home/hyc/LLMKernel/run/20251216_051542_batch_range2to17_openai_deepseek/14_DenseNet121DenseBlock/code/kernel_20251216_055558.py",
  "tolerance": 0.1,
  "max_abs_err": 0.0,
  "mean_abs_err": 0.0,
  "ref_latency_ms": {
    "avg": 16.80956153869629,
    "min": 16.7956485748291,
    "max": 16.82431983947754,
    "all": [
      16.81203269958496,
      16.82431983947754,
      16.80691146850586,
      16.7956485748291,
      16.808895111083984
    ]
  },
  "test_latency_ms": {
    "avg": 75.18637390136719,
    "min": 75.15135955810547,
    "max": 75.24553680419922,
    "all": [
      75.15135955810547,
      75.19334411621094,
      75.15545654296875,
      75.18617248535156,
      75.24553680419922
    ]
  },
  "num_runs": 5,
  "model_init_args": [
    6,
    32,
    32
  ],
  "model_init_kwargs": {},
  "seed": 100,
  "align_stats": {
    "copied_same_shape": 36,
    "unique_shape_copied": 0,
    "mapped_shape": 0,
    "skipped": 0,
    "pair_aligner": 0,
    "pair_key": "Model->ModelNew"
  },
  "runnable": true,
  "phase": "seed",
  "score": 0.22357191425068346
}