{
  "timestamp": "2025-12-16T05:59:13",
  "reference_file": "KernelBench/level3/14_DenseNet121DenseBlock.py",
  "candidate_file": "/home/hyc/LLMKernel/run/20251216_051542_batch_range2to17_openai_deepseek/14_DenseNet121DenseBlock/code/kernel_20251216_055902.py",
  "tolerance": 0.1,
  "max_abs_err": 0.0004363059997558594,
  "mean_abs_err": 5.140794746694155e-05,
  "ref_latency_ms": {
    "avg": 16.815462112426758,
    "min": 16.80076789855957,
    "max": 16.8374080657959,
    "all": [
      16.8374080657959,
      16.821247100830078,
      16.807903289794922,
      16.80998420715332,
      16.80076789855957
    ]
  },
  "test_latency_ms": {
    "avg": 27.38034553527832,
    "min": 27.37049674987793,
    "max": 27.3920955657959,
    "all": [
      27.3920955657959,
      27.3756160736084,
      27.37049674987793,
      27.382783889770508,
      27.380735397338867
    ]
  },
  "num_runs": 5,
  "model_init_args": [
    6,
    32,
    32
  ],
  "model_init_kwargs": {},
  "seed": 100,
  "align_stats": {
    "copied_same_shape": 36,
    "unique_shape_copied": 0,
    "mapped_shape": 0,
    "skipped": 0,
    "pair_aligner": 0,
    "pair_key": "Model->ModelNew"
  },
  "runnable": true,
  "phase": "stage3_memory_access",
  "pytorch_baseline_ms": 16.80956153869629,
  "score": 0.6139280279366066
}