{
  "timestamp": "2025-12-16T05:57:09",
  "reference_file": "KernelBench/level3/14_DenseNet121DenseBlock.py",
  "candidate_file": "/home/hyc/LLMKernel/run/20251216_051542_batch_range2to17_openai_deepseek/14_DenseNet121DenseBlock/code/kernel_20251216_055700.py",
  "tolerance": 0.1,
  "max_abs_err": 0.0004375278949737549,
  "mean_abs_err": 5.135219180374406e-05,
  "ref_latency_ms": {
    "avg": 16.832959747314455,
    "min": 16.81100845336914,
    "max": 16.85001564025879,
    "all": [
      16.85001564025879,
      16.81100845336914,
      16.81724739074707,
      16.845823287963867,
      16.8407039642334
    ]
  },
  "test_latency_ms": {
    "avg": 20.87405433654785,
    "min": 20.85887908935547,
    "max": 20.884479522705078,
    "all": [
      20.88262367248535,
      20.87004852294922,
      20.884479522705078,
      20.87424087524414,
      20.85887908935547
    ]
  },
  "num_runs": 5,
  "model_init_args": [
    6,
    32,
    32
  ],
  "model_init_kwargs": {},
  "seed": 100,
  "align_stats": {
    "copied_same_shape": 36,
    "unique_shape_copied": 0,
    "mapped_shape": 0,
    "skipped": 0,
    "pair_aligner": 0,
    "pair_key": "Model->ModelNew"
  },
  "runnable": true,
  "phase": "stage1_grid_and_parallel",
  "pytorch_baseline_ms": 16.80956153869629,
  "score": 0.8052849373523406
}