{
  "timestamp": "2025-12-24T03:16:57",
  "reference_file": "KernelBench/level3/14_DenseNet121DenseBlock.py",
  "candidate_file": "/home/hyc/LLMKernel/run/20251224_030825_14_DenseNet121DenseBlock_openai_deepseek/14_DenseNet121DenseBlock/code/kernel_20251224_031648.py",
  "tolerance": 1,
  "max_abs_err": 0.0004363059997558594,
  "mean_abs_err": 5.140794746694155e-05,
  "ref_latency_ms": {
    "avg": 16.86602897644043,
    "min": 16.852800369262695,
    "max": 16.877567291259766,
    "all": [
      16.873472213745117,
      16.869216918945312,
      16.857088088989258,
      16.877567291259766,
      16.852800369262695
    ]
  },
  "test_latency_ms": {
    "avg": 62.48862762451172,
    "min": 62.46092987060547,
    "max": 62.516353607177734,
    "all": [
      62.50806427001953,
      62.485599517822266,
      62.46092987060547,
      62.472190856933594,
      62.516353607177734
    ]
  },
  "num_runs": 5,
  "model_init_args": [
    6,
    32,
    32
  ],
  "model_init_kwargs": {},
  "seed": 100,
  "align_stats": {
    "copied_same_shape": 0,
    "unique_shape_copied": 6,
    "mapped_shape": 0,
    "skipped": 30,
    "pair_aligner": 0,
    "pair_key": "Model->ModelNew"
  },
  "runnable": true,
  "phase": "stage3_memory_and_tuning",
  "pytorch_baseline_ms": 16.8583553314209,
  "score": 0.2697827744389134
}