{
  "timestamp": "2025-12-24T03:09:28",
  "reference_file": "KernelBench/level3/14_DenseNet121DenseBlock.py",
  "candidate_file": "/home/hyc/LLMKernel/run/20251224_030825_14_DenseNet121DenseBlock_openai_deepseek/14_DenseNet121DenseBlock/code/kernel_20251224_030924.py",
  "tolerance": 1,
  "max_abs_err": 0.0004375278949737549,
  "mean_abs_err": 5.135219180374406e-05,
  "ref_latency_ms": {
    "avg": 16.8583553314209,
    "min": 16.84671974182129,
    "max": 16.86956787109375,
    "all": [
      16.862207412719727,
      16.86956787109375,
      16.861024856567383,
      16.852256774902344,
      16.84671974182129
    ]
  },
  "test_latency_ms": {
    "avg": 14.20103054046631,
    "min": 14.19264030456543,
    "max": 14.213120460510254,
    "all": [
      14.213120460510254,
      14.196703910827637,
      14.19264030456543,
      14.20083236694336,
      14.201855659484863
    ]
  },
  "num_runs": 5,
  "model_init_args": [
    6,
    32,
    32
  ],
  "model_init_kwargs": {},
  "seed": 100,
  "align_stats": {
    "copied_same_shape": 0,
    "unique_shape_copied": 6,
    "mapped_shape": 0,
    "skipped": 30,
    "pair_aligner": 0,
    "pair_key": "Model->ModelNew"
  },
  "runnable": true,
  "phase": "seed_0",
  "score": 1.1871219686051977
}