{
  "timestamp": "2025-12-16T05:57:59",
  "reference_file": "KernelBench/level3/14_DenseNet121DenseBlock.py",
  "candidate_file": "/home/hyc/LLMKernel/run/20251216_051542_batch_range2to17_openai_deepseek/14_DenseNet121DenseBlock/code/kernel_20251216_055753.py",
  "tolerance": 0.1,
  "max_abs_err": 0.0004375278949737549,
  "mean_abs_err": 5.135219180374406e-05,
  "ref_latency_ms": {
    "avg": 16.817164993286134,
    "min": 16.8089599609375,
    "max": 16.83251190185547,
    "all": [
      16.83251190185547,
      16.81510353088379,
      16.8089599609375,
      16.817216873168945,
      16.81203269958496
    ]
  },
  "test_latency_ms": {
    "avg": 19.805785369873046,
    "min": 19.755008697509766,
    "max": 19.984159469604492,
    "all": [
      19.76438331604004,
      19.755008697509766,
      19.758079528808594,
      19.984159469604492,
      19.767295837402344
    ]
  },
  "num_runs": 5,
  "model_init_args": [
    6,
    32,
    32
  ],
  "model_init_kwargs": {},
  "seed": 100,
  "align_stats": {
    "copied_same_shape": 36,
    "unique_shape_copied": 0,
    "mapped_shape": 0,
    "skipped": 0,
    "pair_aligner": 0,
    "pair_key": "Model->ModelNew"
  },
  "runnable": true,
  "phase": "stage2_block_tiling",
  "pytorch_baseline_ms": 16.80956153869629,
  "score": 0.8487197667134994
}