{
  "timestamp": "2025-12-24T03:15:48",
  "reference_file": "KernelBench/level3/14_DenseNet121DenseBlock.py",
  "candidate_file": "/home/hyc/LLMKernel/run/20251224_030825_14_DenseNet121DenseBlock_openai_deepseek/14_DenseNet121DenseBlock/code/kernel_20251224_031541.py",
  "tolerance": 1,
  "max_abs_err": 0.0004363059997558594,
  "mean_abs_err": 5.140794746694155e-05,
  "ref_latency_ms": {
    "avg": 16.862412643432616,
    "min": 16.855968475341797,
    "max": 16.86649513244629,
    "all": [
      16.86649513244629,
      16.855968475341797,
      16.865184783935547,
      16.861183166503906,
      16.863231658935547
    ]
  },
  "test_latency_ms": {
    "avg": 62.475878143310545,
    "min": 62.460960388183594,
    "max": 62.49571228027344,
    "all": [
      62.476287841796875,
      62.467071533203125,
      62.4793586730957,
      62.460960388183594,
      62.49571228027344
    ]
  },
  "num_runs": 5,
  "model_init_args": [
    6,
    32,
    32
  ],
  "model_init_kwargs": {},
  "seed": 100,
  "align_stats": {
    "copied_same_shape": 0,
    "unique_shape_copied": 6,
    "mapped_shape": 0,
    "skipped": 30,
    "pair_aligner": 0,
    "pair_key": "Model->ModelNew"
  },
  "runnable": true,
  "phase": "stage2_block_tiling",
  "pytorch_baseline_ms": 16.8583553314209,
  "score": 0.26983782913383453
}