{
  "timestamp": "2025-12-15T19:54:43",
  "reference_file": "KernelBench/level3/23_EfficientNetB1.py",
  "candidate_file": "/home/hyc/LLMKernel/run/20251215_151615_batch_range17to33_deepseek_deepseek/23_EfficientNetB1/code/kernel_20251215_195433.py",
  "tolerance": 0.1,
  "max_abs_err": 2.2351741790771484e-08,
  "mean_abs_err": 4.877339865316799e-09,
  "ref_latency_ms": {
    "avg": 2.275526428222656,
    "min": 2.2353920936584473,
    "max": 2.3265280723571777,
    "all": [
      2.305056095123291,
      2.3265280723571777,
      2.2353920936584473,
      2.2456319332122803,
      2.265023946762085
    ]
  },
  "test_latency_ms": {
    "avg": 2.610848045349121,
    "min": 2.5978879928588867,
    "max": 2.6319360733032227,
    "all": [
      2.6319360733032227,
      2.6112000942230225,
      2.6112000942230225,
      2.602015972137451,
      2.5978879928588867
    ]
  },
  "num_runs": 5,
  "model_init_args": [
    1000
  ],
  "model_init_kwargs": {},
  "seed": 100,
  "align_stats": {
    "copied_same_shape": 12,
    "unique_shape_copied": 23,
    "mapped_shape": 0,
    "skipped": 105,
    "pair_aligner": 0,
    "pair_key": "Model->ModelNew"
  },
  "runnable": true,
  "phase": "stage4_advanced_memory",
  "pytorch_baseline_ms": 1.6132479906082153,
  "score": 0.6179019087234902
}