{
  "timestamp": "2025-12-28T09:27:18",
  "reference_file": "KernelBench/select/23_EfficientNetB1.py",
  "candidate_file": "/home/hyc/LLMKernel/run/20251228_085453_batch_range11to24_openai_deepseek/23_EfficientNetB1/code/kernel_20251228_092711.py",
  "tolerance": 1,
  "max_abs_err": 1.862645149230957e-09,
  "mean_abs_err": 1.2773443761049386e-11,
  "ref_latency_ms": {
    "avg": 1.5157119989395142,
    "min": 1.4929920434951782,
    "max": 1.5643839836120605,
    "all": [
      1.5643839836120605,
      1.5104000568389893,
      1.5144959688186646,
      1.4962879419326782,
      1.4929920434951782
    ]
  },
  "test_latency_ms": {
    "avg": 2.55697283744812,
    "min": 2.48524808883667,
    "max": 2.6100800037384033,
    "all": [
      2.603327989578247,
      2.6100800037384033,
      2.5518081188201904,
      2.53439998626709,
      2.48524808883667
    ]
  },
  "num_runs": 5,
  "model_init_args": [
    1000
  ],
  "model_init_kwargs": {},
  "seed": 100,
  "align_stats": {
    "copied_same_shape": 11,
    "unique_shape_copied": 24,
    "mapped_shape": 0,
    "skipped": 105,
    "pair_aligner": 0,
    "pair_key": "Model->ModelNew"
  },
  "runnable": true,
  "phase": "algorithm_optimized_seed0",
  "pytorch_baseline_ms": 2.3025984287261965,
  "score": 0.9005173598262423
}