{
  "timestamp": "2025-12-15T19:46:04",
  "reference_file": "KernelBench/level3/23_EfficientNetB1.py",
  "candidate_file": "/home/hyc/LLMKernel/run/20251215_151615_batch_range17to33_deepseek_deepseek/23_EfficientNetB1/code/kernel_20251215_194558.py",
  "tolerance": 0.1,
  "max_abs_err": 2.2351741790771484e-08,
  "mean_abs_err": 4.877339865316799e-09,
  "ref_latency_ms": {
    "avg": 1.5445888042449951,
    "min": 1.5226240158081055,
    "max": 1.5800319910049438,
    "all": [
      1.5800319910049438,
      1.5421439409255981,
      1.5544320344924927,
      1.5226240158081055,
      1.5237120389938354
    ]
  },
  "test_latency_ms": {
    "avg": 1.6829952239990233,
    "min": 1.6465920209884644,
    "max": 1.7334400415420532,
    "all": [
      1.6874879598617554,
      1.7334400415420532,
      1.6650240421295166,
      1.6465920209884644,
      1.6824320554733276
    ]
  },
  "num_runs": 5,
  "model_init_args": [
    1000
  ],
  "model_init_kwargs": {},
  "seed": 100,
  "align_stats": {
    "copied_same_shape": 12,
    "unique_shape_copied": 23,
    "mapped_shape": 0,
    "skipped": 105,
    "pair_aligner": 0,
    "pair_key": "Model->ModelNew"
  },
  "runnable": true,
  "phase": "stage3_memory_access",
  "pytorch_baseline_ms": 1.6132479906082153,
  "score": 0.9585576759837267
}