{
  "timestamp": "2025-12-28T09:29:01",
  "reference_file": "KernelBench/select/23_EfficientNetB1.py",
  "candidate_file": "/home/hyc/LLMKernel/run/20251228_085453_batch_range11to24_openai_deepseek/23_EfficientNetB1/code/kernel_20251228_092857.py",
  "tolerance": 1,
  "max_abs_err": 1.862645149230957e-09,
  "mean_abs_err": 1.2922350689503759e-11,
  "ref_latency_ms": {
    "avg": 1.5642047643661499,
    "min": 1.5441919565200806,
    "max": 1.5707199573516846,
    "all": [
      1.5677440166473389,
      1.5686719417572021,
      1.5707199573516846,
      1.5441919565200806,
      1.5696959495544434
    ]
  },
  "test_latency_ms": {
    "avg": 2.300915241241455,
    "min": 2.2906880378723145,
    "max": 2.3244800567626953,
    "all": [
      2.3244800567626953,
      2.2989120483398438,
      2.292736053466797,
      2.2906880378723145,
      2.297760009765625
    ]
  },
  "num_runs": 5,
  "model_init_args": [
    1000
  ],
  "model_init_kwargs": {},
  "seed": 100,
  "align_stats": {
    "copied_same_shape": 11,
    "unique_shape_copied": 9,
    "mapped_shape": 15,
    "skipped": 105,
    "pair_aligner": 0,
    "pair_key": "Model->ModelNew"
  },
  "runnable": true,
  "phase": "algorithm_optimized_seed1",
  "pytorch_baseline_ms": 2.3025984287261965,
  "score": 1.000731529547274
}