{
  "timestamp": "2025-12-28T09:31:14",
  "reference_file": "KernelBench/select/23_EfficientNetB1.py",
  "candidate_file": "/home/hyc/LLMKernel/run/20251228_085453_batch_range11to24_openai_deepseek/23_EfficientNetB1/code/kernel_20251228_093054.py",
  "tolerance": 1,
  "max_abs_err": 1.862645149230957e-09,
  "mean_abs_err": 1.2922350689503759e-11,
  "ref_latency_ms": {
    "avg": 1.5332607984542848,
    "min": 1.513535976409912,
    "max": 1.554368019104004,
    "all": [
      1.553279995918274,
      1.513535976409912,
      1.554368019104004,
      1.5152640342712402,
      1.5298559665679932
    ]
  },
  "test_latency_ms": {
    "avg": 2.126259136199951,
    "min": 2.1043200492858887,
    "max": 2.159519910812378,
    "all": [
      2.1433279514312744,
      2.1105918884277344,
      2.1135358810424805,
      2.1043200492858887,
      2.159519910812378
    ]
  },
  "num_runs": 5,
  "model_init_args": [
    1000
  ],
  "model_init_kwargs": {},
  "seed": 100,
  "align_stats": {
    "copied_same_shape": 11,
    "unique_shape_copied": 9,
    "mapped_shape": 15,
    "skipped": 105,
    "pair_aligner": 0,
    "pair_key": "Model->ModelNew"
  },
  "runnable": true,
  "phase": "stage1_grid_and_parallel_repair",
  "pytorch_baseline_ms": 2.3025984287261965,
  "score": 1.0829340551788993
}