{
  "timestamp": "2025-12-15T19:10:48",
  "reference_file": "KernelBench/level3/23_EfficientNetB1.py",
  "candidate_file": "/home/hyc/LLMKernel/run/20251215_151615_batch_range17to33_deepseek_deepseek/23_EfficientNetB1/code/kernel_20251215_191033.py",
  "tolerance": 0.1,
  "max_abs_err": 3.725290298461914e-09,
  "mean_abs_err": 9.192759331533296e-10,
  "ref_latency_ms": {
    "avg": 1.6132479906082153,
    "min": 1.5779839754104614,
    "max": 1.6558079719543457,
    "all": [
      1.6558079719543457,
      1.6129920482635498,
      1.6240639686584473,
      1.5953919887542725,
      1.5779839754104614
    ]
  },
  "test_latency_ms": {
    "avg": 11.815315246582031,
    "min": 11.800576210021973,
    "max": 11.84563159942627,
    "all": [
      11.816960334777832,
      11.810848236083984,
      11.800576210021973,
      11.802559852600098,
      11.84563159942627
    ]
  },
  "num_runs": 5,
  "model_init_args": [
    1000
  ],
  "model_init_kwargs": {},
  "seed": 100,
  "align_stats": {
    "copied_same_shape": 12,
    "unique_shape_copied": 23,
    "mapped_shape": 0,
    "skipped": 105,
    "pair_aligner": 0,
    "pair_key": "Model->ModelNew"
  },
  "runnable": true,
  "phase": "seed_repair",
  "score": 0.1365387174984519
}