{
  "timestamp": "2025-12-28T09:33:25",
  "reference_file": "KernelBench/select/23_EfficientNetB1.py",
  "candidate_file": "/home/hyc/LLMKernel/run/20251228_085453_batch_range11to24_openai_deepseek/23_EfficientNetB1/code/kernel_20251228_093302.py",
  "tolerance": 1,
  "max_abs_err": 1.862645149230957e-09,
  "mean_abs_err": 1.2922350689503759e-11,
  "ref_latency_ms": {
    "avg": 1.5452351808547973,
    "min": 1.509503960609436,
    "max": 1.6209919452667236,
    "all": [
      1.5666559934616089,
      1.509503960609436,
      1.6209919452667236,
      1.5155199766159058,
      1.5135040283203125
    ]
  },
  "test_latency_ms": {
    "avg": 2.146668815612793,
    "min": 2.1135358810424805,
    "max": 2.1862399578094482,
    "all": [
      2.1419520378112793,
      2.1719040870666504,
      2.1197121143341064,
      2.1135358810424805,
      2.1862399578094482
    ]
  },
  "num_runs": 5,
  "model_init_args": [
    1000
  ],
  "model_init_kwargs": {},
  "seed": 100,
  "align_stats": {
    "copied_same_shape": 11,
    "unique_shape_copied": 9,
    "mapped_shape": 15,
    "skipped": 105,
    "pair_aligner": 0,
    "pair_key": "Model->ModelNew"
  },
  "runnable": true,
  "phase": "stage3_memory_and_tuning",
  "pytorch_baseline_ms": 2.3025984287261965,
  "score": 1.0726379458160116
}