{
  "timestamp": "2025-12-28T09:24:13",
  "reference_file": "KernelBench/select/23_EfficientNetB1.py",
  "candidate_file": "/home/hyc/LLMKernel/run/20251228_085453_batch_range11to24_openai_deepseek/23_EfficientNetB1/code/kernel_20251228_092407.py",
  "tolerance": 1,
  "max_abs_err": 1.862645149230957e-09,
  "mean_abs_err": 1.2849795880121029e-11,
  "ref_latency_ms": {
    "avg": 2.3025984287261965,
    "min": 2.272416114807129,
    "max": 2.3511040210723877,
    "all": [
      2.3511040210723877,
      2.322432041168213,
      2.2865920066833496,
      2.2804479598999023,
      2.272416114807129
    ]
  },
  "test_latency_ms": {
    "avg": 4.08220796585083,
    "min": 4.032512187957764,
    "max": 4.132863998413086,
    "all": [
      4.093599796295166,
      4.132863998413086,
      4.088831901550293,
      4.032512187957764,
      4.063231945037842
    ]
  },
  "num_runs": 5,
  "model_init_args": [
    1000
  ],
  "model_init_kwargs": {},
  "seed": 100,
  "align_stats": {
    "copied_same_shape": 11,
    "unique_shape_copied": 24,
    "mapped_shape": 0,
    "skipped": 105,
    "pair_aligner": 0,
    "pair_key": "Model->ModelNew"
  },
  "runnable": true,
  "phase": "seed_0",
  "score": 0.564057110266865
}