{
  "timestamp": "2025-12-28T09:26:02",
  "reference_file": "KernelBench/select/23_EfficientNetB1.py",
  "candidate_file": "/home/hyc/LLMKernel/run/20251228_085453_batch_range11to24_openai_deepseek/23_EfficientNetB1/code/kernel_20251228_092556.py",
  "tolerance": 1,
  "max_abs_err": 1.862645149230957e-09,
  "mean_abs_err": 1.2849795880121029e-11,
  "ref_latency_ms": {
    "avg": 1.549561619758606,
    "min": 1.5185920000076294,
    "max": 1.5872000455856323,
    "all": [
      1.5872000455856323,
      1.5414400100708008,
      1.56876802444458,
      1.5185920000076294,
      1.5318080186843872
    ]
  },
  "test_latency_ms": {
    "avg": 2.5438528060913086,
    "min": 2.520064115524292,
    "max": 2.575360059738159,
    "all": [
      2.5538558959960938,
      2.575360059738159,
      2.5282559394836426,
      2.520064115524292,
      2.5417280197143555
    ]
  },
  "num_runs": 5,
  "model_init_args": [
    1000
  ],
  "model_init_kwargs": {},
  "seed": 100,
  "align_stats": {
    "copied_same_shape": 11,
    "unique_shape_copied": 9,
    "mapped_shape": 15,
    "skipped": 105,
    "pair_aligner": 0,
    "pair_key": "Model->ModelNew"
  },
  "runnable": true,
  "phase": "seed_1",
  "pytorch_baseline_ms": 2.3025984287261965,
  "score": 0.9051618172295883
}