{
  "timestamp": "2025-12-28T09:32:14",
  "reference_file": "KernelBench/select/23_EfficientNetB1.py",
  "candidate_file": "/home/hyc/LLMKernel/run/20251228_085453_batch_range11to24_openai_deepseek/23_EfficientNetB1/code/kernel_20251228_093158.py",
  "tolerance": 1,
  "max_abs_err": 1.862645149230957e-09,
  "mean_abs_err": 1.2922350689503759e-11,
  "ref_latency_ms": {
    "avg": 1.5222208023071289,
    "min": 1.4960639476776123,
    "max": 1.5482879877090454,
    "all": [
      1.5482879877090454,
      1.5264960527420044,
      1.5144959688186646,
      1.4960639476776123,
      1.5257600545883179
    ]
  },
  "test_latency_ms": {
    "avg": 2.173305606842041,
    "min": 2.133280038833618,
    "max": 2.20467209815979,
    "all": [
      2.1819839477539062,
      2.20467209815979,
      2.1562559604644775,
      2.133280038833618,
      2.190335988998413
    ]
  },
  "num_runs": 5,
  "model_init_args": [
    1000
  ],
  "model_init_kwargs": {},
  "seed": 100,
  "align_stats": {
    "copied_same_shape": 11,
    "unique_shape_copied": 9,
    "mapped_shape": 15,
    "skipped": 105,
    "pair_aligner": 0,
    "pair_key": "Model->ModelNew"
  },
  "runnable": true,
  "phase": "stage2_block_tiling",
  "pytorch_baseline_ms": 2.3025984287261965,
  "score": 1.0594913211824022
}