{
  "timestamp": "2025-12-16T09:17:07",
  "reference_file": "KernelBench/level3/47_NetVladNoGhostClusters.py",
  "candidate_file": "/home/hyc/LLMKernel/run/20251216_085416_batch_range45to50_openai_deepseek/47_NetVladNoGhostClusters/code/kernel_20251216_091700.py",
  "tolerance": 0.1,
  "max_abs_err": 2.3567117750644684e-06,
  "mean_abs_err": 4.1594751110096695e-07,
  "ref_latency_ms": {
    "avg": 3.3420928001403807,
    "min": 3.334144115447998,
    "max": 3.349503993988037,
    "all": [
      3.349503993988037,
      3.3423359394073486,
      3.334144115447998,
      3.342144012451172,
      3.3423359394073486
    ]
  },
  "test_latency_ms": {
    "avg": 3.4661952018737794,
    "min": 3.458048105239868,
    "max": 3.476480007171631,
    "all": [
      3.469183921813965,
      3.458048105239868,
      3.4651200771331787,
      3.462143898010254,
      3.476480007171631
    ]
  },
  "num_runs": 5,
  "model_init_args": [
    32,
    512,
    0
  ],
  "model_init_kwargs": {},
  "seed": 100,
  "align_stats": {
    "copied_same_shape": 7,
    "unique_shape_copied": 0,
    "mapped_shape": 0,
    "skipped": 0,
    "pair_aligner": 0,
    "pair_key": "Model->ModelNew"
  },
  "runnable": true,
  "phase": "stage4_advanced_memory",
  "pytorch_baseline_ms": 3.3372159957885743,
  "score": 0.9627893991615127
}