{
  "timestamp": "2025-12-16T09:14:42",
  "reference_file": "KernelBench/level3/47_NetVladNoGhostClusters.py",
  "candidate_file": "/home/hyc/LLMKernel/run/20251216_085416_batch_range45to50_openai_deepseek/47_NetVladNoGhostClusters/code/kernel_20251216_091436.py",
  "tolerance": 0.1,
  "max_abs_err": 2.3567117750644684e-06,
  "mean_abs_err": 4.1594751110096695e-07,
  "ref_latency_ms": {
    "avg": 3.3404223918914795,
    "min": 3.3320960998535156,
    "max": 3.35644793510437,
    "all": [
      3.35644793510437,
      3.340287923812866,
      3.337088108062744,
      3.3361918926239014,
      3.3320960998535156
    ]
  },
  "test_latency_ms": {
    "avg": 3.406003141403198,
    "min": 3.398655891418457,
    "max": 3.4119679927825928,
    "all": [
      3.4119679927825928,
      3.403775930404663,
      3.398655891418457,
      3.4096319675445557,
      3.4059839248657227
    ]
  },
  "num_runs": 5,
  "model_init_args": [
    32,
    512,
    0
  ],
  "model_init_kwargs": {},
  "seed": 100,
  "align_stats": {
    "copied_same_shape": 7,
    "unique_shape_copied": 0,
    "mapped_shape": 0,
    "skipped": 0,
    "pair_aligner": 0,
    "pair_key": "Model->ModelNew"
  },
  "runnable": true,
  "phase": "stage2_block_tiling",
  "pytorch_baseline_ms": 3.3372159957885743,
  "score": 0.9798041449878743
}