{
  "timestamp": "2025-12-16T09:13:37",
  "reference_file": "KernelBench/level3/47_NetVladNoGhostClusters.py",
  "candidate_file": "/home/hyc/LLMKernel/run/20251216_085416_batch_range45to50_openai_deepseek/47_NetVladNoGhostClusters/code/kernel_20251216_091327.py",
  "tolerance": 0.1,
  "max_abs_err": 2.3567117750644684e-06,
  "mean_abs_err": 4.1594751110096695e-07,
  "ref_latency_ms": {
    "avg": 3.341216039657593,
    "min": 3.3320960998535156,
    "max": 3.3505280017852783,
    "all": [
      3.3454079627990723,
      3.3505280017852783,
      3.341088056564331,
      3.3320960998535156,
      3.3369600772857666
    ]
  },
  "test_latency_ms": {
    "avg": 3.4044095993041994,
    "min": 3.401632070541382,
    "max": 3.407871961593628,
    "all": [
      3.4068479537963867,
      3.403775930404663,
      3.407871961593628,
      3.401632070541382,
      3.4019200801849365
    ]
  },
  "num_runs": 5,
  "model_init_args": [
    32,
    512,
    0
  ],
  "model_init_kwargs": {},
  "seed": 100,
  "align_stats": {
    "copied_same_shape": 7,
    "unique_shape_copied": 0,
    "mapped_shape": 0,
    "skipped": 0,
    "pair_aligner": 0,
    "pair_key": "Model->ModelNew"
  },
  "runnable": true,
  "phase": "stage1_repair",
  "pytorch_baseline_ms": 3.3372159957885743,
  "score": 0.9802627734543581
}