{
  "timestamp": "2025-12-16T09:16:15",
  "reference_file": "KernelBench/level3/47_NetVladNoGhostClusters.py",
  "candidate_file": "/home/hyc/LLMKernel/run/20251216_085416_batch_range45to50_openai_deepseek/47_NetVladNoGhostClusters/code/kernel_20251216_091607.py",
  "tolerance": 0.1,
  "max_abs_err": 2.3567117750644684e-06,
  "mean_abs_err": 4.1594751110096695e-07,
  "ref_latency_ms": {
    "avg": 3.3409087657928467,
    "min": 3.33516788482666,
    "max": 3.3493759632110596,
    "all": [
      3.3493759632110596,
      3.33516788482666,
      3.3353919982910156,
      3.34335994720459,
      3.341248035430908
    ]
  },
  "test_latency_ms": {
    "avg": 3.4064383506774902,
    "min": 3.4017279148101807,
    "max": 3.412992000579834,
    "all": [
      3.412992000579834,
      3.402751922607422,
      3.403775930404663,
      3.4017279148101807,
      3.4109439849853516
    ]
  },
  "num_runs": 5,
  "model_init_args": [
    32,
    512,
    0
  ],
  "model_init_kwargs": {},
  "seed": 100,
  "align_stats": {
    "copied_same_shape": 7,
    "unique_shape_copied": 0,
    "mapped_shape": 0,
    "skipped": 0,
    "pair_aligner": 0,
    "pair_key": "Model->ModelNew"
  },
  "runnable": true,
  "phase": "stage3_memory_access",
  "pytorch_baseline_ms": 3.3372159957885743,
  "score": 0.9796789644306498
}