{
  "timestamp": "2025-12-16T09:10:36",
  "reference_file": "KernelBench/level3/47_NetVladNoGhostClusters.py",
  "candidate_file": "/home/hyc/LLMKernel/run/20251216_085416_batch_range45to50_openai_deepseek/47_NetVladNoGhostClusters/code/kernel_20251216_091031.py",
  "tolerance": 0.1,
  "max_abs_err": 2.3567117750644684e-06,
  "mean_abs_err": 4.1594751110096695e-07,
  "ref_latency_ms": {
    "avg": 3.3372159957885743,
    "min": 3.323904037475586,
    "max": 3.3464319705963135,
    "all": [
      3.3464319705963135,
      3.3425920009613037,
      3.329792022705078,
      3.323904037475586,
      3.34335994720459
    ]
  },
  "test_latency_ms": {
    "avg": 3.4832832336425783,
    "min": 3.477695941925049,
    "max": 3.4897921085357666,
    "all": [
      3.487744092941284,
      3.479775905609131,
      3.48140811920166,
      3.477695941925049,
      3.4897921085357666
    ]
  },
  "num_runs": 5,
  "model_init_args": [
    32,
    512,
    0
  ],
  "model_init_kwargs": {},
  "seed": 100,
  "align_stats": {
    "copied_same_shape": 7,
    "unique_shape_copied": 0,
    "mapped_shape": 0,
    "skipped": 0,
    "pair_aligner": 0,
    "pair_key": "Model->ModelNew"
  },
  "runnable": true,
  "phase": "seed",
  "score": 0.9580662185482812
}