{
  "timestamp": "2025-12-16T05:08:22",
  "reference_file": "KernelBench/level3/6_GoogleNetInceptionModule.py",
  "candidate_file": "/home/hyc/LLMKernel/run/20251216_050333_batch_range2to17_openai_deepseek/6_GoogleNetInceptionModule/code/kernel_20251216_050808.py",
  "tolerance": 0.1,
  "max_abs_err": 0.0012024641036987305,
  "mean_abs_err": 0.0003743111446965486,
  "ref_latency_ms": {
    "avg": 21.95230712890625,
    "min": 21.926912307739258,
    "max": 21.974016189575195,
    "all": [
      21.969919204711914,
      21.974016189575195,
      21.947391510009766,
      21.943296432495117,
      21.926912307739258
    ]
  },
  "test_latency_ms": {
    "avg": 24.304070281982423,
    "min": 24.29439926147461,
    "max": 24.31692886352539,
    "all": [
      24.31180763244629,
      24.31692886352539,
      24.29644775390625,
      24.29439926147461,
      24.30076789855957
    ]
  },
  "num_runs": 5,
  "model_init_args": [
    480,
    192,
    96,
    208,
    16,
    48,
    64
  ],
  "model_init_kwargs": {},
  "seed": 100,
  "align_stats": {
    "copied_same_shape": 12,
    "unique_shape_copied": 0,
    "mapped_shape": 0,
    "skipped": 0,
    "pair_aligner": 0,
    "pair_key": "Model->ModelNew"
  },
  "runnable": true,
  "phase": "stage1_grid_and_parallel",
  "pytorch_baseline_ms": 21.95787467956543,
  "score": 0.9034649103958392
}