{
  "timestamp": "2025-12-16T05:05:13",
  "reference_file": "KernelBench/level3/6_GoogleNetInceptionModule.py",
  "candidate_file": "/home/hyc/LLMKernel/run/20251216_050333_batch_range2to17_openai_deepseek/6_GoogleNetInceptionModule/code/kernel_20251216_050502.py",
  "tolerance": 0.1,
  "max_abs_err": 0.0012024641036987305,
  "mean_abs_err": 0.0003743111446965486,
  "ref_latency_ms": {
    "avg": 21.95787467956543,
    "min": 21.9401912689209,
    "max": 21.970943450927734,
    "all": [
      21.970943450927734,
      21.963775634765625,
      21.9401912689209,
      21.956607818603516,
      21.957855224609375
    ]
  },
  "test_latency_ms": {
    "avg": 23.989043045043946,
    "min": 23.976959228515625,
    "max": 24.016895294189453,
    "all": [
      23.981056213378906,
      24.016895294189453,
      23.989248275756836,
      23.981056213378906,
      23.976959228515625
    ]
  },
  "num_runs": 5,
  "model_init_args": [
    480,
    192,
    96,
    208,
    16,
    48,
    64
  ],
  "model_init_kwargs": {},
  "seed": 100,
  "align_stats": {
    "copied_same_shape": 12,
    "unique_shape_copied": 0,
    "mapped_shape": 0,
    "skipped": 0,
    "pair_aligner": 0,
    "pair_key": "Model->ModelNew"
  },
  "runnable": true,
  "phase": "seed",
  "score": 0.9153293292414951
}