{
  "timestamp": "2025-12-13T17:08:36",
  "reference_file": "KernelBench/level1_low_score/60_conv_standard_3D__square_input__asymmetric_kernel.py",
  "candidate_file": "/home/hyc/LLMKernel/run/20251213_160642_batch_range56to65_openai_deepseek/60_conv_standard_3D__square_input__asymmetric_kernel/code/kernel_20251213_170831.py",
  "tolerance": 0.001,
  "max_abs_err": 0.0011557340621948242,
  "mean_abs_err": 0.0003252072783652693,
  "ref_latency_ms": {
    "avg": 4.909369564056396,
    "min": 4.889440059661865,
    "max": 4.945856094360352,
    "all": [
      4.945856094360352,
      4.919295787811279,
      4.902656078338623,
      4.889599800109863,
      4.889440059661865
    ]
  },
  "test_latency_ms": {
    "avg": 14.35074577331543,
    "min": 14.303232192993164,
    "max": 14.469120025634766,
    "all": [
      14.469120025634766,
      14.355456352233887,
      14.304256439208984,
      14.303232192993164,
      14.321663856506348
    ]
  },
  "num_runs": 5,
  "model_init_args": [
    3,
    64,
    [
      3,
      5,
      7
    ]
  ],
  "model_init_kwargs": {},
  "seed": 100,
  "align_stats": {
    "pair_aligner": 1,
    "copied_same_shape": 1,
    "mapped_shape": 0,
    "skipped": 0,
    "pair_key": "Model->ModelNew"
  },
  "runnable": true,
  "phase": "seed",
  "score": 0.342098566973791
}