{
  "timestamp": "2025-12-13T17:14:14",
  "reference_file": "KernelBench/level1_low_score/60_conv_standard_3D__square_input__asymmetric_kernel.py",
  "candidate_file": "/home/hyc/LLMKernel/run/20251213_160642_batch_range56to65_openai_deepseek/60_conv_standard_3D__square_input__asymmetric_kernel/code/kernel_20251213_171407.py",
  "tolerance": 0.001,
  "max_abs_err": 0.0011557340621948242,
  "mean_abs_err": 0.0003252072783652693,
  "ref_latency_ms": {
    "avg": 4.798841571807861,
    "min": 4.790112018585205,
    "max": 4.8056321144104,
    "all": [
      4.8056321144104,
      4.802559852600098,
      4.791296005249023,
      4.80460786819458,
      4.790112018585205
    ]
  },
  "test_latency_ms": {
    "avg": 6.271705627441406,
    "min": 6.268735885620117,
    "max": 6.2740478515625,
    "all": [
      6.273024082183838,
      6.269696235656738,
      6.2740478515625,
      6.268735885620117,
      6.273024082183838
    ]
  },
  "num_runs": 5,
  "model_init_args": [
    3,
    64,
    [
      3,
      5,
      7
    ]
  ],
  "model_init_kwargs": {},
  "seed": 100,
  "align_stats": {
    "pair_aligner": 1,
    "copied_same_shape": 1,
    "mapped_shape": 0,
    "skipped": 0,
    "pair_key": "Model->ModelNew"
  },
  "runnable": true,
  "phase": "stage3_memory_access",
  "pytorch_baseline_ms": 4.909369564056396,
  "score": 0.7827806111587564
}