{
  "timestamp": "2025-12-13T17:11:52",
  "reference_file": "KernelBench/level1_low_score/60_conv_standard_3D__square_input__asymmetric_kernel.py",
  "candidate_file": "/home/hyc/LLMKernel/run/20251213_160642_batch_range56to65_openai_deepseek/60_conv_standard_3D__square_input__asymmetric_kernel/code/kernel_20251213_171146.py",
  "tolerance": 0.001,
  "max_abs_err": 0.0011557340621948242,
  "mean_abs_err": 0.0003252072783652693,
  "ref_latency_ms": {
    "avg": 4.799059200286865,
    "min": 4.785151958465576,
    "max": 4.808703899383545,
    "all": [
      4.808703899383545,
      4.785151958465576,
      4.797440052032471,
      4.8056321144104,
      4.798367977142334
    ]
  },
  "test_latency_ms": {
    "avg": 7.56299524307251,
    "min": 7.556032180786133,
    "max": 7.5786237716674805,
    "all": [
      7.559872150421143,
      7.557024002075195,
      7.563424110412598,
      7.556032180786133,
      7.5786237716674805
    ]
  },
  "num_runs": 5,
  "model_init_args": [
    3,
    64,
    [
      3,
      5,
      7
    ]
  ],
  "model_init_kwargs": {},
  "seed": 100,
  "align_stats": {
    "pair_aligner": 1,
    "copied_same_shape": 1,
    "mapped_shape": 0,
    "skipped": 0,
    "pair_key": "Model->ModelNew"
  },
  "runnable": true,
  "phase": "stage2_block_tiling",
  "pytorch_baseline_ms": 4.909369564056396,
  "score": 0.6491303255219207
}