{
  "timestamp": "2025-12-13T17:15:51",
  "reference_file": "KernelBench/level1_low_score/60_conv_standard_3D__square_input__asymmetric_kernel.py",
  "candidate_file": "/home/hyc/LLMKernel/run/20251213_160642_batch_range56to65_openai_deepseek/60_conv_standard_3D__square_input__asymmetric_kernel/code/kernel_20251213_171545.py",
  "tolerance": 0.001,
  "max_abs_err": 0.0011557340621948242,
  "mean_abs_err": 0.0003252072783652693,
  "ref_latency_ms": {
    "avg": 4.797984027862549,
    "min": 4.7860798835754395,
    "max": 4.814752101898193,
    "all": [
      4.814752101898193,
      4.7860798835754395,
      4.801375865936279,
      4.8015360832214355,
      4.7861762046813965
    ]
  },
  "test_latency_ms": {
    "avg": 6.26763505935669,
    "min": 6.26585578918457,
    "max": 6.269951820373535,
    "all": [
      6.268703937530518,
      6.267615795135498,
      6.26585578918457,
      6.266047954559326,
      6.269951820373535
    ]
  },
  "num_runs": 5,
  "model_init_args": [
    3,
    64,
    [
      3,
      5,
      7
    ]
  ],
  "model_init_kwargs": {},
  "seed": 100,
  "align_stats": {
    "pair_aligner": 1,
    "copied_same_shape": 1,
    "mapped_shape": 0,
    "skipped": 0,
    "pair_key": "Model->ModelNew"
  },
  "runnable": true,
  "phase": "stage4_advanced_memory",
  "pytorch_baseline_ms": 4.909369564056396,
  "score": 0.7832889945829574
}