{
  "timestamp": "2025-12-15T03:31:02",
  "reference_file": "KernelBench/level2/59_Matmul_Swish_Scaling.py",
  "candidate_file": "/home/hyc/LLMKernel/run/20251215_024837_batch_range56to88_openai_deepseek/59_Matmul_Swish_Scaling/code/kernel_20251215_033047.py",
  "tolerance": 0.001,
  "max_abs_err": 0.04474639892578125,
  "mean_abs_err": 0.0002210254460806027,
  "ref_latency_ms": {
    "avg": 6.3125184059143065,
    "min": 6.302559852600098,
    "max": 6.325247764587402,
    "all": [
      6.325247764587402,
      6.309728145599365,
      6.310912132263184,
      6.302559852600098,
      6.314144134521484
    ]
  },
  "test_latency_ms": {
    "avg": 8.232089614868164,
    "min": 8.113951683044434,
    "max": 8.44918441772461,
    "all": [
      8.113951683044434,
      8.44918441772461,
      8.226719856262207,
      8.201184272766113,
      8.169407844543457
    ]
  },
  "num_runs": 5,
  "model_init_args": [
    32768,
    32768,
    2.0
  ],
  "model_init_kwargs": {},
  "seed": 100,
  "align_stats": {
    "copied_same_shape": 0,
    "unique_shape_copied": 2,
    "mapped_shape": 0,
    "skipped": 0,
    "pair_aligner": 0,
    "pair_key": "Model->ModelNew"
  },
  "runnable": true,
  "phase": "stage4_repair",
  "pytorch_baseline_ms": 6.336479949951172,
  "score": 0.7697292238542582
}