{
  "timestamp": "2025-12-23T08:59:47",
  "reference_file": "KernelBench/level2/59_Matmul_Swish_Scaling.py",
  "candidate_file": "/home/hyc/LLMKernel/run/20251223_085823_59_Matmul_Swish_Scaling_openai_deepseek/59_Matmul_Swish_Scaling/code/kernel_20251223_085934.py",
  "tolerance": 1,
  "max_abs_err": 0.04474639892578125,
  "mean_abs_err": 0.0002210254460806027,
  "ref_latency_ms": {
    "avg": 5.973363208770752,
    "min": 5.9317121505737305,
    "max": 6.020832061767578,
    "all": [
      6.0200958251953125,
      6.020832061767578,
      5.959360122680664,
      5.9317121505737305,
      5.934815883636475
    ]
  },
  "test_latency_ms": {
    "avg": 35.58120269775391,
    "min": 35.51417541503906,
    "max": 35.625728607177734,
    "all": [
      35.51417541503906,
      35.60140609741211,
      35.57068634033203,
      35.594017028808594,
      35.625728607177734
    ]
  },
  "num_runs": 5,
  "model_init_args": [
    32768,
    32768,
    2.0
  ],
  "model_init_kwargs": {},
  "seed": 100,
  "align_stats": {
    "copied_same_shape": 0,
    "unique_shape_copied": 2,
    "mapped_shape": 0,
    "skipped": 0,
    "pair_aligner": 0,
    "pair_key": "Model->ModelNew"
  },
  "runnable": true,
  "phase": "seed_1",
  "pytorch_baseline_ms": 6.082156848907471,
  "score": 0.1709373598349842
}