{
  "timestamp": "2025-12-28T16:55:28",
  "reference_file": "KernelBench/tt/59_Matmul_Swish_Scaling.py",
  "candidate_file": "/home/hyc/LLMKernel/run/20251228_161703_batch_range47to66_openai_deepseek/59_Matmul_Swish_Scaling/code/kernel_20251228_165515.py",
  "tolerance": 1,
  "max_abs_err": 0.04474639892578125,
  "mean_abs_err": 0.0002210254460806027,
  "ref_latency_ms": {
    "avg": 6.219302368164063,
    "min": 6.212287902832031,
    "max": 6.237184047698975,
    "all": [
      6.237184047698975,
      6.215680122375488,
      6.2126078605651855,
      6.212287902832031,
      6.218751907348633
    ]
  },
  "test_latency_ms": {
    "avg": 35.86824340820313,
    "min": 35.74262237548828,
    "max": 35.9475212097168,
    "all": [
      35.9475212097168,
      35.773441314697266,
      35.93523025512695,
      35.94240188598633,
      35.74262237548828
    ]
  },
  "num_runs": 5,
  "model_init_args": [
    32768,
    32768,
    2.0
  ],
  "model_init_kwargs": {},
  "seed": 100,
  "align_stats": {
    "copied_same_shape": 0,
    "unique_shape_copied": 2,
    "mapped_shape": 0,
    "skipped": 0,
    "pair_aligner": 0,
    "pair_key": "Model->ModelNew"
  },
  "runnable": true,
  "phase": "seed_1",
  "pytorch_baseline_ms": 6.2115967750549315,
  "score": 0.1731781705717523
}