{
  "timestamp": "2025-12-23T08:59:05",
  "reference_file": "KernelBench/level2/59_Matmul_Swish_Scaling.py",
  "candidate_file": "/home/hyc/LLMKernel/run/20251223_085823_59_Matmul_Swish_Scaling_openai_deepseek/59_Matmul_Swish_Scaling/code/kernel_20251223_085852.py",
  "tolerance": 1,
  "max_abs_err": 0.04474639892578125,
  "mean_abs_err": 0.0002210254460806027,
  "ref_latency_ms": {
    "avg": 6.082156848907471,
    "min": 6.023168087005615,
    "max": 6.140672206878662,
    "all": [
      6.023168087005615,
      6.032383918762207,
      6.081535816192627,
      6.133024215698242,
      6.140672206878662
    ]
  },
  "test_latency_ms": {
    "avg": 35.38289794921875,
    "min": 35.32390213012695,
    "max": 35.459999084472656,
    "all": [
      35.42732620239258,
      35.32390213012695,
      35.368831634521484,
      35.459999084472656,
      35.33443069458008
    ]
  },
  "num_runs": 5,
  "model_init_args": [
    32768,
    32768,
    2.0
  ],
  "model_init_kwargs": {},
  "seed": 100,
  "align_stats": {
    "copied_same_shape": 0,
    "unique_shape_copied": 2,
    "mapped_shape": 0,
    "skipped": 0,
    "pair_aligner": 0,
    "pair_key": "Model->ModelNew"
  },
  "runnable": true,
  "phase": "seed_0",
  "score": 0.17189538453397835
}