{
  "timestamp": "2025-12-28T17:01:18",
  "reference_file": "KernelBench/tt/59_Matmul_Swish_Scaling.py",
  "candidate_file": "/home/hyc/LLMKernel/run/20251228_161703_batch_range47to66_openai_deepseek/59_Matmul_Swish_Scaling/code/kernel_20251228_170106.py",
  "tolerance": 1,
  "max_abs_err": 0.04474639892578125,
  "mean_abs_err": 0.0002210254460806027,
  "ref_latency_ms": {
    "avg": 6.225638389587402,
    "min": 6.218751907348633,
    "max": 6.2400641441345215,
    "all": [
      6.2400641441345215,
      6.220799922943115,
      6.223680019378662,
      6.218751907348633,
      6.22489595413208
    ]
  },
  "test_latency_ms": {
    "avg": 5.798726367950439,
    "min": 5.77945613861084,
    "max": 5.82041597366333,
    "all": [
      5.810175895690918,
      5.80079984664917,
      5.7827839851379395,
      5.77945613861084,
      5.82041597366333
    ]
  },
  "num_runs": 5,
  "model_init_args": [
    32768,
    32768,
    2.0
  ],
  "model_init_kwargs": {},
  "seed": 100,
  "align_stats": {
    "copied_same_shape": 0,
    "unique_shape_copied": 2,
    "mapped_shape": 0,
    "skipped": 0,
    "pair_aligner": 0,
    "pair_key": "Model->ModelNew"
  },
  "runnable": true,
  "phase": "stage1_grid_and_parallel",
  "pytorch_baseline_ms": 6.2115967750549315,
  "score": 1.0712001879216835
}