{
  "timestamp": "2025-12-15T03:28:33",
  "reference_file": "KernelBench/level2/59_Matmul_Swish_Scaling.py",
  "candidate_file": "/home/hyc/LLMKernel/run/20251215_024837_batch_range56to88_openai_deepseek/59_Matmul_Swish_Scaling/code/kernel_20251215_032817.py",
  "tolerance": 0.001,
  "max_abs_err": 0.04474639892578125,
  "mean_abs_err": 0.0002210254460806027,
  "ref_latency_ms": {
    "avg": 6.260697555541992,
    "min": 6.2188801765441895,
    "max": 6.3433918952941895,
    "all": [
      6.3433918952941895,
      6.2699198722839355,
      6.2188801765441895,
      6.231040000915527,
      6.240255832672119
    ]
  },
  "test_latency_ms": {
    "avg": 13.079558372497559,
    "min": 12.835776329040527,
    "max": 13.631487846374512,
    "all": [
      13.631487846374512,
      13.16431999206543,
      12.88924789428711,
      12.835776329040527,
      12.876959800720215
    ]
  },
  "num_runs": 5,
  "model_init_args": [
    32768,
    32768,
    2.0
  ],
  "model_init_kwargs": {},
  "seed": 100,
  "align_stats": {
    "copied_same_shape": 0,
    "unique_shape_copied": 2,
    "mapped_shape": 0,
    "skipped": 0,
    "pair_aligner": 0,
    "pair_key": "Model->ModelNew"
  },
  "runnable": true,
  "phase": "stage3_memory_access",
  "pytorch_baseline_ms": 6.336479949951172,
  "score": 0.48445672013474966
}