{
  "timestamp": "2025-12-28T17:03:25",
  "reference_file": "KernelBench/tt/59_Matmul_Swish_Scaling.py",
  "candidate_file": "/home/hyc/LLMKernel/run/20251228_161703_batch_range47to66_openai_deepseek/59_Matmul_Swish_Scaling/code/kernel_20251228_170311.py",
  "tolerance": 1,
  "max_abs_err": 0.04474639892578125,
  "mean_abs_err": 0.0002210254460806027,
  "ref_latency_ms": {
    "avg": 6.2279744148254395,
    "min": 6.2218241691589355,
    "max": 6.237184047698975,
    "all": [
      6.237184047698975,
      6.2218241691589355,
      6.224703788757324,
      6.225215911865234,
      6.2309441566467285
    ]
  },
  "test_latency_ms": {
    "avg": 5.551340770721436,
    "min": 5.54099178314209,
    "max": 5.564095973968506,
    "all": [
      5.564095973968506,
      5.554175853729248,
      5.54099178314209,
      5.544064044952393,
      5.553376197814941
    ]
  },
  "num_runs": 5,
  "model_init_args": [
    32768,
    32768,
    2.0
  ],
  "model_init_kwargs": {},
  "seed": 100,
  "align_stats": {
    "copied_same_shape": 0,
    "unique_shape_copied": 2,
    "mapped_shape": 0,
    "skipped": 0,
    "pair_aligner": 0,
    "pair_key": "Model->ModelNew"
  },
  "runnable": true,
  "phase": "stage3_memory_and_tuning",
  "pytorch_baseline_ms": 6.2115967750549315,
  "score": 1.118936313154433
}