{
  "timestamp": "2025-12-28T17:02:14",
  "reference_file": "KernelBench/tt/59_Matmul_Swish_Scaling.py",
  "candidate_file": "/home/hyc/LLMKernel/run/20251228_161703_batch_range47to66_openai_deepseek/59_Matmul_Swish_Scaling/code/kernel_20251228_170201.py",
  "tolerance": 1,
  "max_abs_err": 0.04474639892578125,
  "mean_abs_err": 0.0002210254460806027,
  "ref_latency_ms": {
    "avg": 6.218118381500244,
    "min": 6.210559844970703,
    "max": 6.230016231536865,
    "all": [
      6.230016231536865,
      6.222847938537598,
      6.212512016296387,
      6.210559844970703,
      6.214655876159668
    ]
  },
  "test_latency_ms": {
    "avg": 5.564863967895508,
    "min": 5.559455871582031,
    "max": 5.572703838348389,
    "all": [
      5.572703838348389,
      5.559455871582031,
      5.566400051116943,
      5.560319900512695,
      5.5654401779174805
    ]
  },
  "num_runs": 5,
  "model_init_args": [
    32768,
    32768,
    2.0
  ],
  "model_init_kwargs": {},
  "seed": 100,
  "align_stats": {
    "copied_same_shape": 0,
    "unique_shape_copied": 2,
    "mapped_shape": 0,
    "skipped": 0,
    "pair_aligner": 0,
    "pair_key": "Model->ModelNew"
  },
  "runnable": true,
  "phase": "stage2_block_tiling",
  "pytorch_baseline_ms": 6.2115967750549315,
  "score": 1.116217181747931
}