{
  "timestamp": "2025-12-28T16:54:40",
  "reference_file": "KernelBench/tt/59_Matmul_Swish_Scaling.py",
  "candidate_file": "/home/hyc/LLMKernel/run/20251228_161703_batch_range47to66_openai_deepseek/59_Matmul_Swish_Scaling/code/kernel_20251228_165427.py",
  "tolerance": 1,
  "max_abs_err": 0.04474639892578125,
  "mean_abs_err": 0.0002210254460806027,
  "ref_latency_ms": {
    "avg": 6.2115967750549315,
    "min": 6.207263946533203,
    "max": 6.220799922943115,
    "all": [
      6.220799922943115,
      6.207263946533203,
      6.211584091186523,
      6.207776069641113,
      6.210559844970703
    ]
  },
  "test_latency_ms": {
    "avg": 38.05286407470703,
    "min": 38.04467010498047,
    "max": 38.06924819946289,
    "all": [
      38.06924819946289,
      38.051841735839844,
      38.0489616394043,
      38.049598693847656,
      38.04467010498047
    ]
  },
  "num_runs": 5,
  "model_init_args": [
    32768,
    32768,
    2.0
  ],
  "model_init_kwargs": {},
  "seed": 100,
  "align_stats": {
    "copied_same_shape": 0,
    "unique_shape_copied": 2,
    "mapped_shape": 0,
    "skipped": 0,
    "pair_aligner": 0,
    "pair_key": "Model->ModelNew"
  },
  "runnable": true,
  "phase": "seed_0",
  "score": 0.16323598567666434
}