{
  "timestamp": "2025-12-23T09:02:44",
  "reference_file": "KernelBench/level2/59_Matmul_Swish_Scaling.py",
  "candidate_file": "/home/hyc/LLMKernel/run/20251223_085823_59_Matmul_Swish_Scaling_openai_deepseek/59_Matmul_Swish_Scaling/code/kernel_20251223_090230.py",
  "tolerance": 1,
  "max_abs_err": 0.04474639892578125,
  "mean_abs_err": 0.0002210254460806027,
  "ref_latency_ms": {
    "avg": 6.48528642654419,
    "min": 6.476704120635986,
    "max": 6.501183986663818,
    "all": [
      6.501183986663818,
      6.476704120635986,
      6.486752033233643,
      6.481919765472412,
      6.479872226715088
    ]
  },
  "test_latency_ms": {
    "avg": 35.408434295654295,
    "min": 35.38022232055664,
    "max": 35.4334716796875,
    "all": [
      35.41785430908203,
      35.41196823120117,
      35.4334716796875,
      35.39865493774414,
      35.38022232055664
    ]
  },
  "num_runs": 5,
  "model_init_args": [
    32768,
    32768,
    2.0
  ],
  "model_init_kwargs": {},
  "seed": 100,
  "align_stats": {
    "copied_same_shape": 0,
    "unique_shape_copied": 2,
    "mapped_shape": 0,
    "skipped": 0,
    "pair_aligner": 0,
    "pair_key": "Model->ModelNew"
  },
  "runnable": true,
  "phase": "algorithm_optimized_seed1",
  "pytorch_baseline_ms": 6.082156848907471,
  "score": 0.1717714146330932
}