{
  "timestamp": "2025-12-15T03:20:49",
  "reference_file": "KernelBench/level2/59_Matmul_Swish_Scaling.py",
  "candidate_file": "/home/hyc/LLMKernel/run/20251215_024837_batch_range56to88_openai_deepseek/59_Matmul_Swish_Scaling/code/kernel_20251215_032035.py",
  "tolerance": 0.001,
  "max_abs_err": 0.04474639892578125,
  "mean_abs_err": 0.0002210254460806027,
  "ref_latency_ms": {
    "avg": 6.336479949951172,
    "min": 6.33139181137085,
    "max": 6.348800182342529,
    "all": [
      6.348800182342529,
      6.33139181137085,
      6.338592052459717,
      6.33139181137085,
      6.332223892211914
    ]
  },
  "test_latency_ms": {
    "avg": 35.50383987426758,
    "min": 35.451072692871094,
    "max": 35.532798767089844,
    "all": [
      35.5063362121582,
      35.50950241088867,
      35.451072692871094,
      35.51948928833008,
      35.532798767089844
    ]
  },
  "num_runs": 5,
  "model_init_args": [
    32768,
    32768,
    2.0
  ],
  "model_init_kwargs": {},
  "seed": 100,
  "align_stats": {
    "copied_same_shape": 0,
    "unique_shape_copied": 2,
    "mapped_shape": 0,
    "skipped": 0,
    "pair_aligner": 0,
    "pair_key": "Model->ModelNew"
  },
  "runnable": true,
  "phase": "seed",
  "score": 0.17847308833047426
}