{
  "timestamp": "2025-12-28T16:56:53",
  "reference_file": "KernelBench/tt/59_Matmul_Swish_Scaling.py",
  "candidate_file": "/home/hyc/LLMKernel/run/20251228_161703_batch_range47to66_openai_deepseek/59_Matmul_Swish_Scaling/code/kernel_20251228_165641.py",
  "tolerance": 1,
  "max_abs_err": 2.384185791015625e-07,
  "mean_abs_err": 4.9048352046554555e-09,
  "ref_latency_ms": {
    "avg": 6.253849601745605,
    "min": 6.22489595413208,
    "max": 6.336512088775635,
    "all": [
      6.249472141265869,
      6.232192039489746,
      6.22489595413208,
      6.226175785064697,
      6.336512088775635
    ]
  },
  "test_latency_ms": {
    "avg": 6.173414325714111,
    "min": 6.170432090759277,
    "max": 6.178815841674805,
    "all": [
      6.178815841674805,
      6.173696041107178,
      6.1714558601379395,
      6.172671794891357,
      6.170432090759277
    ]
  },
  "num_runs": 5,
  "model_init_args": [
    32768,
    32768,
    2.0
  ],
  "model_init_kwargs": {},
  "seed": 100,
  "align_stats": {
    "copied_same_shape": 0,
    "unique_shape_copied": 2,
    "mapped_shape": 0,
    "skipped": 0,
    "pair_aligner": 0,
    "pair_key": "Model->ModelNew"
  },
  "runnable": true,
  "phase": "algorithm_optimized_seed0",
  "pytorch_baseline_ms": 6.2115967750549315,
  "score": 1.006184980843061
}