{
  "timestamp": "2025-12-15T03:26:55",
  "reference_file": "KernelBench/level2/59_Matmul_Swish_Scaling.py",
  "candidate_file": "/home/hyc/LLMKernel/run/20251215_024837_batch_range56to88_openai_deepseek/59_Matmul_Swish_Scaling/code/kernel_20251215_032639.py",
  "tolerance": 0.001,
  "max_abs_err": 0.04474639892578125,
  "mean_abs_err": 0.0002210254460806027,
  "ref_latency_ms": {
    "avg": 6.320287990570068,
    "min": 6.311935901641846,
    "max": 6.326272010803223,
    "all": [
      6.326272010803223,
      6.311935901641846,
      6.314784049987793,
      6.323200225830078,
      6.325247764587402
    ]
  },
  "test_latency_ms": {
    "avg": 10.354636764526367,
    "min": 9.969663619995117,
    "max": 10.672127723693848,
    "all": [
      10.672127723693848,
      10.671104431152344,
      10.420991897583008,
      10.03929615020752,
      9.969663619995117
    ]
  },
  "num_runs": 5,
  "model_init_args": [
    32768,
    32768,
    2.0
  ],
  "model_init_kwargs": {},
  "seed": 100,
  "align_stats": {
    "copied_same_shape": 0,
    "unique_shape_copied": 2,
    "mapped_shape": 0,
    "skipped": 0,
    "pair_aligner": 0,
    "pair_key": "Model->ModelNew"
  },
  "runnable": true,
  "phase": "stage2_block_tiling",
  "pytorch_baseline_ms": 6.336479949951172,
  "score": 0.6119461352482324
}