{
  "timestamp": "2025-12-15T03:25:12",
  "reference_file": "KernelBench/level2/59_Matmul_Swish_Scaling.py",
  "candidate_file": "/home/hyc/LLMKernel/run/20251215_024837_batch_range56to88_openai_deepseek/59_Matmul_Swish_Scaling/code/kernel_20251215_032458.py",
  "tolerance": 0.001,
  "max_abs_err": 0.04474639892578125,
  "mean_abs_err": 0.0002210254460806027,
  "ref_latency_ms": {
    "avg": 6.276640129089356,
    "min": 6.159264087677002,
    "max": 6.33241605758667,
    "all": [
      6.33241605758667,
      6.321152210235596,
      6.315008163452148,
      6.255360126495361,
      6.159264087677002
    ]
  },
  "test_latency_ms": {
    "avg": 7.975929641723633,
    "min": 7.972864151000977,
    "max": 7.980031967163086,
    "all": [
      7.980031967163086,
      7.974751949310303,
      7.975039958953857,
      7.972864151000977,
      7.976960182189941
    ]
  },
  "num_runs": 5,
  "model_init_args": [
    32768,
    32768,
    2.0
  ],
  "model_init_kwargs": {},
  "seed": 100,
  "align_stats": {
    "copied_same_shape": 0,
    "unique_shape_copied": 2,
    "mapped_shape": 0,
    "skipped": 0,
    "pair_aligner": 0,
    "pair_key": "Model->ModelNew"
  },
  "runnable": true,
  "phase": "stage1_repair",
  "pytorch_baseline_ms": 6.336479949951172,
  "score": 0.7944503317586726
}