{
  "timestamp": "2025-12-16T05:45:16",
  "reference_file": "KernelBench/level3/12_VGG19.py",
  "candidate_file": "/home/hyc/LLMKernel/run/20251216_051542_batch_range2to17_openai_deepseek/12_VGG19/code/kernel_20251216_054509.py",
  "tolerance": 0.1,
  "max_abs_err": 1.2598000466823578e-05,
  "mean_abs_err": 2.4748283067310695e-06,
  "ref_latency_ms": {
    "avg": 9.689497566223144,
    "min": 9.679871559143066,
    "max": 9.697279930114746,
    "all": [
      9.697279930114746,
      9.694208145141602,
      9.679871559143066,
      9.684991836547852,
      9.691136360168457
    ]
  },
  "test_latency_ms": {
    "avg": 9.82097282409668,
    "min": 9.8088960647583,
    "max": 9.827327728271484,
    "all": [
      9.827327728271484,
      9.82630443572998,
      9.819231986999512,
      9.8088960647583,
      9.823103904724121
    ]
  },
  "num_runs": 5,
  "model_init_args": [
    1000
  ],
  "model_init_kwargs": {},
  "seed": 100,
  "align_stats": {
    "copied_same_shape": 34,
    "unique_shape_copied": 3,
    "mapped_shape": 0,
    "skipped": 1,
    "pair_aligner": 0,
    "pair_key": "Model->ModelNew"
  },
  "runnable": true,
  "phase": "seed",
  "score": 0.9866128070784446
}