{
  "timestamp": "2025-12-28T09:07:55",
  "reference_file": "KernelBench/select/12_VGG19.py",
  "candidate_file": "/home/hyc/LLMKernel/run/20251228_085453_batch_range11to24_openai_deepseek/12_VGG19/code/kernel_20251228_090750.py",
  "tolerance": 1,
  "max_abs_err": 1.2598000466823578e-05,
  "mean_abs_err": 2.4748283067310695e-06,
  "ref_latency_ms": {
    "avg": 8.962822151184081,
    "min": 8.946687698364258,
    "max": 9.003007888793945,
    "all": [
      8.957951545715332,
      8.955904006958008,
      9.003007888793945,
      8.950559616088867,
      8.946687698364258
    ]
  },
  "test_latency_ms": {
    "avg": 13.223052597045898,
    "min": 13.210911750793457,
    "max": 13.2359037399292,
    "all": [
      13.231103897094727,
      13.2359037399292,
      13.225855827331543,
      13.211487770080566,
      13.210911750793457
    ]
  },
  "num_runs": 5,
  "model_init_args": [
    1000
  ],
  "model_init_kwargs": {},
  "seed": 100,
  "align_stats": {
    "copied_same_shape": 32,
    "unique_shape_copied": 4,
    "mapped_shape": 0,
    "skipped": 2,
    "pair_aligner": 0,
    "pair_key": "Model->ModelNew"
  },
  "runnable": true,
  "phase": "seed_1_repair_1",
  "pytorch_baseline_ms": 8.970796966552735,
  "score": 0.6784210302965035
}