{
  "timestamp": "2025-12-28T09:14:36",
  "reference_file": "KernelBench/select/12_VGG19.py",
  "candidate_file": "/home/hyc/LLMKernel/run/20251228_085453_batch_range11to24_openai_deepseek/12_VGG19/code/kernel_20251228_091426.py",
  "tolerance": 1,
  "max_abs_err": 0.004297281615436077,
  "mean_abs_err": 0.000989380874671042,
  "ref_latency_ms": {
    "avg": 8.368940734863282,
    "min": 8.363776206970215,
    "max": 8.384511947631836,
    "all": [
      8.384511947631836,
      8.366080284118652,
      8.366175651550293,
      8.36415958404541,
      8.363776206970215
    ]
  },
  "test_latency_ms": {
    "avg": 9.027756881713866,
    "min": 9.01632022857666,
    "max": 9.047904014587402,
    "all": [
      9.020416259765625,
      9.01632022857666,
      9.01632022857666,
      9.047904014587402,
      9.037823677062988
    ]
  },
  "num_runs": 5,
  "model_init_args": [
    1000
  ],
  "model_init_kwargs": {},
  "seed": 100,
  "align_stats": {
    "copied_same_shape": 32,
    "unique_shape_copied": 2,
    "mapped_shape": 0,
    "skipped": 4,
    "pair_aligner": 0,
    "pair_key": "Model->ModelNew"
  },
  "runnable": true,
  "phase": "stage1_grid_and_parallel",
  "pytorch_baseline_ms": 8.970796966552735,
  "score": 0.9936905794088777
}