{
  "timestamp": "2025-12-28T09:16:19",
  "reference_file": "KernelBench/select/12_VGG19.py",
  "candidate_file": "/home/hyc/LLMKernel/run/20251228_085453_batch_range11to24_openai_deepseek/12_VGG19/code/kernel_20251228_091610.py",
  "tolerance": 1,
  "max_abs_err": 0.004297281615436077,
  "mean_abs_err": 0.000989380874671042,
  "ref_latency_ms": {
    "avg": 8.369356918334962,
    "min": 8.360960006713867,
    "max": 8.382464408874512,
    "all": [
      8.382464408874512,
      8.372223854064941,
      8.366080284118652,
      8.365056037902832,
      8.360960006713867
    ]
  },
  "test_latency_ms": {
    "avg": 9.005267524719239,
    "min": 8.97152042388916,
    "max": 9.12384033203125,
    "all": [
      8.977375984191895,
      8.977408409118652,
      9.12384033203125,
      8.976192474365234,
      8.97152042388916
    ]
  },
  "num_runs": 5,
  "model_init_args": [
    1000
  ],
  "model_init_kwargs": {},
  "seed": 100,
  "align_stats": {
    "copied_same_shape": 32,
    "unique_shape_copied": 2,
    "mapped_shape": 0,
    "skipped": 4,
    "pair_aligner": 0,
    "pair_key": "Model->ModelNew"
  },
  "runnable": true,
  "phase": "stage3_memory_and_tuning",
  "pytorch_baseline_ms": 8.970796966552735,
  "score": 0.9961721783309732
}