{
  "timestamp": "2025-12-16T05:46:48",
  "reference_file": "KernelBench/level3/12_VGG19.py",
  "candidate_file": "/home/hyc/LLMKernel/run/20251216_051542_batch_range2to17_openai_deepseek/12_VGG19/code/kernel_20251216_054635.py",
  "tolerance": 0.1,
  "max_abs_err": 0.015404954552650452,
  "mean_abs_err": 0.0043481504544615746,
  "ref_latency_ms": {
    "avg": 9.724127960205077,
    "min": 9.70854377746582,
    "max": 9.75164794921875,
    "all": [
      9.740287780761719,
      9.75164794921875,
      9.710592269897461,
      9.70956802368164,
      9.70854377746582
    ]
  },
  "test_latency_ms": {
    "avg": 9.772646522521972,
    "min": 9.766912460327148,
    "max": 9.778176307678223,
    "all": [
      9.776127815246582,
      9.774080276489258,
      9.767935752868652,
      9.778176307678223,
      9.766912460327148
    ]
  },
  "num_runs": 5,
  "model_init_args": [
    1000
  ],
  "model_init_kwargs": {},
  "seed": 100,
  "align_stats": {
    "copied_same_shape": 33,
    "unique_shape_copied": 2,
    "mapped_shape": 0,
    "skipped": 3,
    "pair_aligner": 0,
    "pair_key": "Model->ModelNew"
  },
  "runnable": true,
  "phase": "stage1_grid_and_parallel",
  "pytorch_baseline_ms": 9.689497566223144,
  "score": 0.991491664401531
}