{
  "timestamp": "2025-12-28T09:06:57",
  "reference_file": "KernelBench/select/12_VGG19.py",
  "candidate_file": "/home/hyc/LLMKernel/run/20251228_085453_batch_range11to24_openai_deepseek/12_VGG19/code/kernel_20251228_090649.py",
  "tolerance": 1,
  "max_abs_err": 43132032909312.0,
  "mean_abs_err": 11258530103296.0,
  "ref_latency_ms": {
    "avg": 8.970796966552735,
    "min": 8.963808059692383,
    "max": 8.985600471496582,
    "all": [
      8.985600471496582,
      8.965120315551758,
      8.963808059692383,
      8.970239639282227,
      8.969216346740723
    ]
  },
  "test_latency_ms": {
    "avg": 13.872838592529297,
    "min": 13.402112007141113,
    "max": 14.001888275146484,
    "all": [
      14.001888275146484,
      13.988608360290527,
      13.988863945007324,
      13.982720375061035,
      13.402112007141113
    ]
  },
  "num_runs": 5,
  "model_init_args": [
    1000
  ],
  "model_init_kwargs": {},
  "seed": 100,
  "align_stats": {
    "copied_same_shape": 0,
    "unique_shape_copied": 10,
    "mapped_shape": 0,
    "skipped": 28,
    "pair_aligner": 0,
    "pair_key": "Model->ModelNew"
  },
  "runnable": true,
  "phase": "seed_0",
  "score": 0.6466446579565646
}