{
  "timestamp": "2025-12-28T09:15:22",
  "reference_file": "KernelBench/select/12_VGG19.py",
  "candidate_file": "/home/hyc/LLMKernel/run/20251228_085453_batch_range11to24_openai_deepseek/12_VGG19/code/kernel_20251228_091515.py",
  "tolerance": 1,
  "max_abs_err": 0.004297281615436077,
  "mean_abs_err": 0.000989380874671042,
  "ref_latency_ms": {
    "avg": 8.384255981445312,
    "min": 8.377344131469727,
    "max": 8.39680004119873,
    "all": [
      8.39680004119873,
      8.377344131469727,
      8.390399932861328,
      8.377344131469727,
      8.37939167022705
    ]
  },
  "test_latency_ms": {
    "avg": 8.747628593444825,
    "min": 8.741888046264648,
    "max": 8.752127647399902,
    "all": [
      8.752127647399902,
      8.750080108642578,
      8.746015548706055,
      8.748031616210938,
      8.741888046264648
    ]
  },
  "num_runs": 5,
  "model_init_args": [
    1000
  ],
  "model_init_kwargs": {},
  "seed": 100,
  "align_stats": {
    "copied_same_shape": 32,
    "unique_shape_copied": 2,
    "mapped_shape": 0,
    "skipped": 4,
    "pair_aligner": 0,
    "pair_key": "Model->ModelNew"
  },
  "runnable": true,
  "phase": "stage2_block_tiling",
  "pytorch_baseline_ms": 8.970796966552735,
  "score": 1.0255118711001454
}