{
  "timestamp": "2025-12-16T05:47:34",
  "reference_file": "KernelBench/level3/12_VGG19.py",
  "candidate_file": "/home/hyc/LLMKernel/run/20251216_051542_batch_range2to17_openai_deepseek/12_VGG19/code/kernel_20251216_054725.py",
  "tolerance": 0.1,
  "max_abs_err": 0.015404954552650452,
  "mean_abs_err": 0.0043481504544615746,
  "ref_latency_ms": {
    "avg": 9.689702224731445,
    "min": 9.679871559143066,
    "max": 9.70035171508789,
    "all": [
      9.70035171508789,
      9.689087867736816,
      9.692159652709961,
      9.679871559143066,
      9.687040328979492
    ]
  },
  "test_latency_ms": {
    "avg": 10.18530559539795,
    "min": 10.178560256958008,
    "max": 10.189696311950684,
    "all": [
      10.189696311950684,
      10.185791969299316,
      10.187775611877441,
      10.178560256958008,
      10.184703826904297
    ]
  },
  "num_runs": 5,
  "model_init_args": [
    1000
  ],
  "model_init_kwargs": {},
  "seed": 100,
  "align_stats": {
    "copied_same_shape": 32,
    "unique_shape_copied": 2,
    "mapped_shape": 0,
    "skipped": 4,
    "pair_aligner": 0,
    "pair_key": "Model->ModelNew"
  },
  "runnable": true,
  "phase": "stage2_block_tiling",
  "pytorch_baseline_ms": 9.689497566223144,
  "score": 0.9513212417113113
}