{
  "timestamp": "2025-12-28T09:12:53",
  "reference_file": "KernelBench/select/12_VGG19.py",
  "candidate_file": "/home/hyc/LLMKernel/run/20251228_085453_batch_range11to24_openai_deepseek/12_VGG19/code/kernel_20251228_091239.py",
  "tolerance": 1,
  "max_abs_err": 43628755943424.0,
  "mean_abs_err": 11385072254976.0,
  "ref_latency_ms": {
    "avg": 8.372870254516602,
    "min": 8.362303733825684,
    "max": 8.39254379272461,
    "all": [
      8.39254379272461,
      8.373248100280762,
      8.362303733825684,
      8.367103576660156,
      8.369152069091797
    ]
  },
  "test_latency_ms": {
    "avg": 1019.1298461914063,
    "min": 1017.0296020507812,
    "max": 1021.3468017578125,
    "all": [
      1017.5313720703125,
      1017.0296020507812,
      1018.4570922851562,
      1021.3468017578125,
      1021.2843627929688
    ]
  },
  "num_runs": 5,
  "model_init_args": [
    1000
  ],
  "model_init_kwargs": {},
  "seed": 100,
  "align_stats": {
    "copied_same_shape": 0,
    "unique_shape_copied": 10,
    "mapped_shape": 0,
    "skipped": 28,
    "pair_aligner": 0,
    "pair_key": "Model->ModelNew"
  },
  "runnable": true,
  "phase": "algorithm_optimized_seed0_repair1",
  "pytorch_baseline_ms": 8.970796966552735,
  "score": 0.008802408250604701
}