{
  "timestamp": "2025-12-28T09:13:43",
  "reference_file": "KernelBench/select/12_VGG19.py",
  "candidate_file": "/home/hyc/LLMKernel/run/20251228_085453_batch_range11to24_openai_deepseek/12_VGG19/code/kernel_20251228_091337.py",
  "tolerance": 1,
  "max_abs_err": 0.004297281615436077,
  "mean_abs_err": 0.000989380874671042,
  "ref_latency_ms": {
    "avg": 8.9585599899292,
    "min": 8.949760437011719,
    "max": 8.97225570678711,
    "all": [
      8.97225570678711,
      8.962047576904297,
      8.949760437011719,
      8.954879760742188,
      8.953856468200684
    ]
  },
  "test_latency_ms": {
    "avg": 10.426380729675293,
    "min": 10.38259220123291,
    "max": 10.444735527038574,
    "all": [
      10.444735527038574,
      10.429439544677734,
      10.440383911132812,
      10.434752464294434,
      10.38259220123291
    ]
  },
  "num_runs": 5,
  "model_init_args": [
    1000
  ],
  "model_init_kwargs": {},
  "seed": 100,
  "align_stats": {
    "copied_same_shape": 32,
    "unique_shape_copied": 2,
    "mapped_shape": 0,
    "skipped": 4,
    "pair_aligner": 0,
    "pair_key": "Model->ModelNew"
  },
  "runnable": true,
  "phase": "algorithm_optimized_seed1",
  "pytorch_baseline_ms": 8.970796966552735,
  "score": 0.860394148184162
}