{
  "timestamp": "2025-12-16T05:48:33",
  "reference_file": "KernelBench/level3/12_VGG19.py",
  "candidate_file": "/home/hyc/LLMKernel/run/20251216_051542_batch_range2to17_openai_deepseek/12_VGG19/code/kernel_20251216_054817.py",
  "tolerance": 0.1,
  "max_abs_err": 0.015404954552650452,
  "mean_abs_err": 0.0043481504544615746,
  "ref_latency_ms": {
    "avg": 9.686425590515137,
    "min": 9.682944297790527,
    "max": 9.695232391357422,
    "all": [
      9.695232391357422,
      9.682944297790527,
      9.686016082763672,
      9.683967590332031,
      9.683967590332031
    ]
  },
  "test_latency_ms": {
    "avg": 10.453996849060058,
    "min": 10.449919700622559,
    "max": 10.456064224243164,
    "all": [
      10.456064224243164,
      10.454048156738281,
      10.454912185668945,
      10.449919700622559,
      10.455039978027344
    ]
  },
  "num_runs": 5,
  "model_init_args": [
    1000
  ],
  "model_init_kwargs": {},
  "seed": 100,
  "align_stats": {
    "copied_same_shape": 33,
    "unique_shape_copied": 2,
    "mapped_shape": 0,
    "skipped": 3,
    "pair_aligner": 0,
    "pair_key": "Model->ModelNew"
  },
  "runnable": true,
  "phase": "stage3_memory_access",
  "pytorch_baseline_ms": 9.689497566223144,
  "score": 0.926870144130027
}