{
  "timestamp": "2025-12-16T05:49:16",
  "reference_file": "KernelBench/level3/12_VGG19.py",
  "candidate_file": "/home/hyc/LLMKernel/run/20251216_051542_batch_range2to17_openai_deepseek/12_VGG19/code/kernel_20251216_054906.py",
  "tolerance": 0.1,
  "max_abs_err": 0.015404954552650452,
  "mean_abs_err": 0.0043481504544615746,
  "ref_latency_ms": {
    "avg": 9.687065505981446,
    "min": 9.679871559143066,
    "max": 9.694208145141602,
    "all": [
      9.694208145141602,
      9.688063621520996,
      9.688032150268555,
      9.685152053833008,
      9.679871559143066
    ]
  },
  "test_latency_ms": {
    "avg": 11.112857818603516,
    "min": 11.075584411621094,
    "max": 11.22815990447998,
    "all": [
      11.090944290161133,
      11.083776473999023,
      11.075584411621094,
      11.22815990447998,
      11.085824012756348
    ]
  },
  "num_runs": 5,
  "model_init_args": [
    1000
  ],
  "model_init_kwargs": {},
  "seed": 100,
  "align_stats": {
    "copied_same_shape": 33,
    "unique_shape_copied": 2,
    "mapped_shape": 0,
    "skipped": 3,
    "pair_aligner": 0,
    "pair_key": "Model->ModelNew"
  },
  "runnable": true,
  "phase": "stage4_advanced_memory",
  "pytorch_baseline_ms": 9.689497566223144,
  "score": 0.8719177122920091
}