{
  "timestamp": "2025-12-18T08:17:25",
  "reference_file": "KernelBench/p/32_ConvolutionalVisionTransformer.py",
  "candidate_file": "/home/hyc/LLMKernel/run/20251218_075523_batch_range31to37_openai_deepseek/32_ConvolutionalVisionTransformer/code/kernel_20251218_081718.py",
  "tolerance": 0.1,
  "max_abs_err": 0.0019060373306274414,
  "mean_abs_err": 0.000392943766200915,
  "ref_latency_ms": {
    "avg": 6.470630359649658,
    "min": 6.388735771179199,
    "max": 6.500351905822754,
    "all": [
      6.466432094573975,
      6.4983038902282715,
      6.499328136444092,
      6.388735771179199,
      6.500351905822754
    ]
  },
  "test_latency_ms": {
    "avg": 6.563833522796631,
    "min": 6.5226240158081055,
    "max": 6.616064071655273,
    "all": [
      6.567135810852051,
      6.577151775360107,
      6.5226240158081055,
      6.616064071655273,
      6.536191940307617
    ]
  },
  "num_runs": 5,
  "model_init_args": [
    1000,
    128,
    4
  ],
  "model_init_kwargs": {},
  "seed": 100,
  "align_stats": {
    "pair_aligner": 1,
    "copied_same_shape": 1,
    "mapped_shape": 0,
    "skipped": 0,
    "pair_key": "Model->ModelNew"
  },
  "runnable": true,
  "phase": "stage4_advanced_memory",
  "pytorch_baseline_ms": 5.330387306213379,
  "score": 0.8120844758936359
}