{
  "timestamp": "2025-12-18T08:16:00",
  "reference_file": "KernelBench/p/32_ConvolutionalVisionTransformer.py",
  "candidate_file": "/home/hyc/LLMKernel/run/20251218_075523_batch_range31to37_openai_deepseek/32_ConvolutionalVisionTransformer/code/kernel_20251218_081554.py",
  "tolerance": 0.1,
  "max_abs_err": 0.0019060373306274414,
  "mean_abs_err": 0.000392943766200915,
  "ref_latency_ms": {
    "avg": 5.220531272888183,
    "min": 5.184512138366699,
    "max": 5.256192207336426,
    "all": [
      5.2111358642578125,
      5.256192207336426,
      5.219200134277344,
      5.184512138366699,
      5.231616020202637
    ]
  },
  "test_latency_ms": {
    "avg": 5.317196846008301,
    "min": 5.25926399230957,
    "max": 5.372928142547607,
    "all": [
      5.322783946990967,
      5.372928142547607,
      5.25926399230957,
      5.357408046722412,
      5.273600101470947
    ]
  },
  "num_runs": 5,
  "model_init_args": [
    1000,
    128,
    4
  ],
  "model_init_kwargs": {},
  "seed": 100,
  "align_stats": {
    "pair_aligner": 1,
    "copied_same_shape": 1,
    "mapped_shape": 0,
    "skipped": 0,
    "pair_key": "Model->ModelNew"
  },
  "runnable": true,
  "phase": "stage2_block_tiling",
  "pytorch_baseline_ms": 5.330387306213379,
  "score": 1.0024807169241778
}