{
  "timestamp": "2025-12-18T08:16:52",
  "reference_file": "KernelBench/p/32_ConvolutionalVisionTransformer.py",
  "candidate_file": "/home/hyc/LLMKernel/run/20251218_075523_batch_range31to37_openai_deepseek/32_ConvolutionalVisionTransformer/code/kernel_20251218_081643.py",
  "tolerance": 0.1,
  "max_abs_err": 0.0019060373306274414,
  "mean_abs_err": 0.000392943766200915,
  "ref_latency_ms": {
    "avg": 5.089606380462646,
    "min": 5.008543968200684,
    "max": 5.210336208343506,
    "all": [
      5.210336208343506,
      5.0977277755737305,
      5.024640083312988,
      5.106783866882324,
      5.008543968200684
    ]
  },
  "test_latency_ms": {
    "avg": 5.203891181945801,
    "min": 5.16812801361084,
    "max": 5.282815933227539,
    "all": [
      5.197567939758301,
      5.282815933227539,
      5.186431884765625,
      5.16812801361084,
      5.184512138366699
    ]
  },
  "num_runs": 5,
  "model_init_args": [
    1000,
    128,
    4
  ],
  "model_init_kwargs": {},
  "seed": 100,
  "align_stats": {
    "pair_aligner": 1,
    "copied_same_shape": 1,
    "mapped_shape": 0,
    "skipped": 0,
    "pair_key": "Model->ModelNew"
  },
  "runnable": true,
  "phase": "stage3_memory_access",
  "pytorch_baseline_ms": 5.330387306213379,
  "score": 1.024307987973776
}