{
  "timestamp": "2025-12-18T08:14:18",
  "reference_file": "KernelBench/p/32_ConvolutionalVisionTransformer.py",
  "candidate_file": "/home/hyc/LLMKernel/run/20251218_075523_batch_range31to37_openai_deepseek/32_ConvolutionalVisionTransformer/code/kernel_20251218_081413.py",
  "tolerance": 0.1,
  "max_abs_err": 3.814697265625e-06,
  "mean_abs_err": 7.631977609889873e-07,
  "ref_latency_ms": {
    "avg": 5.330387306213379,
    "min": 5.27564811706543,
    "max": 5.4128642082214355,
    "all": [
      5.4128642082214355,
      5.336160182952881,
      5.296224117279053,
      5.331039905548096,
      5.27564811706543
    ]
  },
  "test_latency_ms": {
    "avg": 6.607539176940918,
    "min": 5.356480121612549,
    "max": 8.91823959350586,
    "all": [
      5.356480121612549,
      5.42742395401001,
      8.91823959350586,
      6.753280162811279,
      6.582272052764893
    ]
  },
  "num_runs": 5,
  "model_init_args": [
    1000,
    128,
    4
  ],
  "model_init_kwargs": {},
  "seed": 100,
  "align_stats": {
    "pair_aligner": 1,
    "copied_same_shape": 1,
    "mapped_shape": 0,
    "skipped": 0,
    "pair_key": "Model->ModelNew"
  },
  "runnable": true,
  "phase": "seed_repair",
  "score": 0.8067129325264447
}