{
  "timestamp": "2025-12-18T08:15:17",
  "reference_file": "KernelBench/p/32_ConvolutionalVisionTransformer.py",
  "candidate_file": "/home/hyc/LLMKernel/run/20251218_075523_batch_range31to37_openai_deepseek/32_ConvolutionalVisionTransformer/code/kernel_20251218_081509.py",
  "tolerance": 0.1,
  "max_abs_err": 0.0019060373306274414,
  "mean_abs_err": 0.000392943766200915,
  "ref_latency_ms": {
    "avg": 6.378086376190185,
    "min": 6.284287929534912,
    "max": 6.508543968200684,
    "all": [
      6.417407989501953,
      6.347775936126709,
      6.284287929534912,
      6.508543968200684,
      6.33241605758667
    ]
  },
  "test_latency_ms": {
    "avg": 6.48415355682373,
    "min": 6.393695831298828,
    "max": 6.554624080657959,
    "all": [
      6.475967884063721,
      6.554624080657959,
      6.460288047790527,
      6.536191940307617,
      6.393695831298828
    ]
  },
  "num_runs": 5,
  "model_init_args": [
    1000,
    128,
    4
  ],
  "model_init_kwargs": {},
  "seed": 100,
  "align_stats": {
    "pair_aligner": 1,
    "copied_same_shape": 1,
    "mapped_shape": 0,
    "skipped": 0,
    "pair_key": "Model->ModelNew"
  },
  "runnable": true,
  "phase": "stage1_grid_and_parallel",
  "pytorch_baseline_ms": 5.330387306213379,
  "score": 0.8220637064654087
}