{
  "timestamp": "2025-12-14T03:10:23",
  "reference_file": "KernelBench/level1_low_score/50_conv_standard_2D__square_input__square_kernel.py",
  "candidate_file": "/home/hyc/LLMKernel/run/20251214_030720_batch_range50to68_openai_deepseek/50_conv_standard_2D__square_input__square_kernel/code/kernel_20251214_031016.py",
  "tolerance": 0.001,
  "max_abs_err": 0.0011205673217773438,
  "mean_abs_err": 0.00023649513605050743,
  "ref_latency_ms": {
    "avg": 2.9335551261901855,
    "min": 2.9286398887634277,
    "max": 2.9429759979248047,
    "all": [
      2.9429759979248047,
      2.933759927749634,
      2.9286398887634277,
      2.9286398887634277,
      2.933759927749634
    ]
  },
  "test_latency_ms": {
    "avg": 3.5950976371765138,
    "min": 3.5760319232940674,
    "max": 3.6116480827331543,
    "all": [
      3.6065280437469482,
      3.5788800716400146,
      3.5760319232940674,
      3.6116480827331543,
      3.602400064468384
    ]
  },
  "num_runs": 5,
  "model_init_args": [
    1000
  ],
  "model_init_kwargs": {},
  "seed": 100,
  "align_stats": {
    "pair_aligner": 1,
    "copied_same_shape": 1,
    "mapped_shape": 0,
    "skipped": 0,
    "pair_key": "Model->ModelNew"
  },
  "runnable": true,
  "phase": "stage1_grid_and_parallel",
  "pytorch_baseline_ms": 2.910579204559326,
  "score": 0.8095967059312501
}