{
  "timestamp": "2025-12-14T03:11:17",
  "reference_file": "KernelBench/level1_low_score/50_conv_standard_2D__square_input__square_kernel.py",
  "candidate_file": "/home/hyc/LLMKernel/run/20251214_030720_batch_range50to68_openai_deepseek/50_conv_standard_2D__square_input__square_kernel/code/kernel_20251214_031112.py",
  "tolerance": 0.001,
  "max_abs_err": 0.0011205673217773438,
  "mean_abs_err": 0.00023649513605050743,
  "ref_latency_ms": {
    "avg": 2.944646406173706,
    "min": 2.9378559589385986,
    "max": 2.9511680603027344,
    "all": [
      2.9511680603027344,
      2.9460480213165283,
      2.9462080001831055,
      2.9378559589385986,
      2.9419519901275635
    ]
  },
  "test_latency_ms": {
    "avg": 2.8684287548065184,
    "min": 2.8640639781951904,
    "max": 2.8736000061035156,
    "all": [
      2.8671998977661133,
      2.8640639781951904,
      2.869055986404419,
      2.8682239055633545,
      2.8736000061035156
    ]
  },
  "num_runs": 5,
  "model_init_args": [
    1000
  ],
  "model_init_kwargs": {},
  "seed": 100,
  "align_stats": {
    "pair_aligner": 1,
    "copied_same_shape": 1,
    "mapped_shape": 0,
    "skipped": 0,
    "pair_key": "Model->ModelNew"
  },
  "runnable": true,
  "phase": "stage2_block_tiling",
  "pytorch_baseline_ms": 2.910579204559326,
  "score": 1.0146946127499865
}