{
  "timestamp": "2025-12-14T03:14:21",
  "reference_file": "KernelBench/level1_low_score/50_conv_standard_2D__square_input__square_kernel.py",
  "candidate_file": "/home/hyc/LLMKernel/run/20251214_030720_batch_range50to68_openai_deepseek/50_conv_standard_2D__square_input__square_kernel/code/kernel_20251214_031403.py",
  "tolerance": 0.001,
  "max_abs_err": 0.0011205673217773438,
  "mean_abs_err": 0.00023649513605050743,
  "ref_latency_ms": {
    "avg": 2.935980749130249,
    "min": 2.926431894302368,
    "max": 2.9470720291137695,
    "all": [
      2.9470720291137695,
      2.9368319511413574,
      2.9327359199523926,
      2.926431894302368,
      2.9368319511413574
    ]
  },
  "test_latency_ms": {
    "avg": 2.7844223976135254,
    "min": 2.7801599502563477,
    "max": 2.7883520126342773,
    "all": [
      2.7842559814453125,
      2.785088062286377,
      2.7842559814453125,
      2.7801599502563477,
      2.7883520126342773
    ]
  },
  "num_runs": 5,
  "model_init_args": [
    1000
  ],
  "model_init_kwargs": {},
  "seed": 100,
  "align_stats": {
    "pair_aligner": 1,
    "copied_same_shape": 1,
    "mapped_shape": 0,
    "skipped": 0,
    "pair_key": "Model->ModelNew"
  },
  "runnable": true,
  "phase": "stage4_repair",
  "pytorch_baseline_ms": 2.910579204559326,
  "score": 1.0453080707345004
}