{
  "timestamp": "2025-12-14T03:12:45",
  "reference_file": "KernelBench/level1_low_score/50_conv_standard_2D__square_input__square_kernel.py",
  "candidate_file": "/home/hyc/LLMKernel/run/20251214_030720_batch_range50to68_openai_deepseek/50_conv_standard_2D__square_input__square_kernel/code/kernel_20251214_031221.py",
  "tolerance": 0.001,
  "max_abs_err": 0.0011205673217773438,
  "mean_abs_err": 0.00023649513605050743,
  "ref_latency_ms": {
    "avg": 2.9374207496643066,
    "min": 2.9286398887634277,
    "max": 2.9500160217285156,
    "all": [
      2.9500160217285156,
      2.9368319511413574,
      2.9286398887634277,
      2.93068790435791,
      2.9409279823303223
    ]
  },
  "test_latency_ms": {
    "avg": 2.3639359951019285,
    "min": 2.358272075653076,
    "max": 2.3705599308013916,
    "all": [
      2.358272075653076,
      2.3644158840179443,
      2.3631680011749268,
      2.3632640838623047,
      2.3705599308013916
    ]
  },
  "num_runs": 5,
  "model_init_args": [
    1000
  ],
  "model_init_kwargs": {},
  "seed": 100,
  "align_stats": {
    "pair_aligner": 1,
    "copied_same_shape": 1,
    "mapped_shape": 0,
    "skipped": 0,
    "pair_key": "Model->ModelNew"
  },
  "runnable": true,
  "phase": "stage3_memory_access",
  "pytorch_baseline_ms": 2.910579204559326,
  "score": 1.2312428130837898
}