{
  "timestamp": "2025-12-14T03:08:49",
  "reference_file": "KernelBench/level1_low_score/50_conv_standard_2D__square_input__square_kernel.py",
  "candidate_file": "/home/hyc/LLMKernel/run/20251214_030720_batch_range50to68_openai_deepseek/50_conv_standard_2D__square_input__square_kernel/code/kernel_20251214_030844.py",
  "tolerance": 0.001,
  "max_abs_err": 0.0011206269264221191,
  "mean_abs_err": 0.0002364888059673831,
  "ref_latency_ms": {
    "avg": 2.910579204559326,
    "min": 2.905087947845459,
    "max": 2.9214720726013184,
    "all": [
      2.9214720726013184,
      2.9110400676727295,
      2.905087947845459,
      2.9061119556427,
      2.909183979034424
    ]
  },
  "test_latency_ms": {
    "avg": 16.92342414855957,
    "min": 16.243711471557617,
    "max": 17.376256942749023,
    "all": [
      17.376256942749023,
      17.3701114654541,
      17.37104034423828,
      16.256000518798828,
      16.243711471557617
    ]
  },
  "num_runs": 5,
  "model_init_args": [
    1000
  ],
  "model_init_kwargs": {},
  "seed": 100,
  "align_stats": {
    "pair_aligner": 1,
    "copied_same_shape": 1,
    "mapped_shape": 0,
    "skipped": 0,
    "pair_key": "Model->ModelNew"
  },
  "runnable": true,
  "phase": "seed",
  "score": 0.1719852424077582
}