{
  "timestamp": "2025-12-28T11:27:50",
  "reference_file": "KernelBench/select2/28_HardSigmoid.py",
  "candidate_file": "/home/hyc/LLMKernel/run/20251228_103241_batch_range23to31_openai_deepseek/28_HardSigmoid/code/kernel_20251228_112738.py",
  "tolerance": 1,
  "max_abs_err": 5.960464477539063e-08,
  "mean_abs_err": 1.482277944830912e-08,
  "ref_latency_ms": {
    "avg": 14.161727905273438,
    "min": 14.150655746459961,
    "max": 14.174271583557129,
    "all": [
      14.174271583557129,
      14.161919593811035,
      14.150655746459961,
      14.160896301269531,
      14.160896301269531
    ]
  },
  "test_latency_ms": {
    "avg": 20.804262542724608,
    "min": 20.77359962463379,
    "max": 20.835168838500977,
    "all": [
      20.796159744262695,
      20.791296005249023,
      20.835168838500977,
      20.77359962463379,
      20.825088500976562
    ]
  },
  "num_runs": 5,
  "model_init_args": [],
  "model_init_kwargs": {},
  "seed": 100,
  "align_stats": {
    "copied_same_shape": 0,
    "unique_shape_copied": 0,
    "mapped_shape": 0,
    "skipped": 0,
    "pair_aligner": 0,
    "pair_key": "Model->ModelNew"
  },
  "runnable": true,
  "phase": "seed_0",
  "score": 0.6807128047048171
}