{
  "timestamp": "2025-12-13T00:27:42",
  "reference_file": "KernelBench/level1/28_HardSigmoid.py",
  "candidate_file": "/home/hyc/LLMKernel/run/20251212_170043_batch_range5to40_deepseek_deepseek/28_HardSigmoid/code/kernel_20251213_002727.py",
  "tolerance": 0.001,
  "max_abs_err": 5.960464477539063e-08,
  "mean_abs_err": 1.482277944830912e-08,
  "ref_latency_ms": {
    "avg": 14.02053108215332,
    "min": 14.015551567077637,
    "max": 14.02563190460205,
    "all": [
      14.025376319885254,
      14.015551567077637,
      14.016511917114258,
      14.02563190460205,
      14.019583702087402
    ]
  },
  "test_latency_ms": {
    "avg": 20.695219421386717,
    "min": 20.686847686767578,
    "max": 20.7126407623291,
    "all": [
      20.7126407623291,
      20.686847686767578,
      20.695039749145508,
      20.689952850341797,
      20.69161605834961
    ]
  },
  "num_runs": 5,
  "model_init_args": [],
  "model_init_kwargs": {},
  "seed": 100,
  "align_stats": {
    "copied_same_shape": 0,
    "unique_shape_copied": 0,
    "mapped_shape": 0,
    "skipped": 0,
    "pair_aligner": 0,
    "pair_key": "Model->ModelNew"
  },
  "runnable": true,
  "phase": "stage3_memory_access",
  "pytorch_baseline_ms": 14.021536064147949,
  "score": 0.6775253636430597
}