{
  "timestamp": "2025-12-28T11:33:16",
  "reference_file": "KernelBench/select2/28_HardSigmoid.py",
  "candidate_file": "/home/hyc/LLMKernel/run/20251228_103241_batch_range23to31_openai_deepseek/28_HardSigmoid/code/kernel_20251228_113304.py",
  "tolerance": 1,
  "max_abs_err": 0.0,
  "mean_abs_err": 0.0,
  "ref_latency_ms": {
    "avg": 14.165401458740234,
    "min": 14.162943840026855,
    "max": 14.170111656188965,
    "all": [
      14.170111656188965,
      14.162943840026855,
      14.166015625,
      14.163968086242676,
      14.163968086242676
    ]
  },
  "test_latency_ms": {
    "avg": 14.161919975280762,
    "min": 14.159872055053711,
    "max": 14.164992332458496,
    "all": [
      14.159872055053711,
      14.161919593811035,
      14.164992332458496,
      14.162943840026855,
      14.159872055053711
    ]
  },
  "num_runs": 5,
  "model_init_args": [],
  "model_init_kwargs": {},
  "seed": 100,
  "align_stats": {
    "copied_same_shape": 0,
    "unique_shape_copied": 0,
    "mapped_shape": 0,
    "skipped": 0,
    "pair_aligner": 0,
    "pair_key": "Model->ModelNew"
  },
  "runnable": true,
  "phase": "algorithm_optimized_seed1",
  "pytorch_baseline_ms": 14.161727905273438,
  "score": 0.9999864375728955
}