{
  "timestamp": "2025-12-13T00:12:33",
  "reference_file": "KernelBench/level1/28_HardSigmoid.py",
  "candidate_file": "/home/hyc/LLMKernel/run/20251212_170043_batch_range5to40_deepseek_deepseek/28_HardSigmoid/code/kernel_20251213_001221.py",
  "tolerance": 0.001,
  "max_abs_err": 5.960464477539063e-08,
  "mean_abs_err": 1.482277944830912e-08,
  "ref_latency_ms": {
    "avg": 14.021536064147949,
    "min": 14.019328117370605,
    "max": 14.024479866027832,
    "all": [
      14.021632194519043,
      14.019583702087402,
      14.019328117370605,
      14.024479866027832,
      14.022656440734863
    ]
  },
  "test_latency_ms": {
    "avg": 20.725081634521484,
    "min": 20.719615936279297,
    "max": 20.730880737304688,
    "all": [
      20.725631713867188,
      20.720447540283203,
      20.730880737304688,
      20.719615936279297,
      20.728832244873047
    ]
  },
  "num_runs": 5,
  "model_init_args": [],
  "model_init_kwargs": {},
  "seed": 100,
  "align_stats": {
    "copied_same_shape": 0,
    "unique_shape_copied": 0,
    "mapped_shape": 0,
    "skipped": 0,
    "pair_aligner": 0,
    "pair_key": "Model->ModelNew"
  },
  "runnable": true,
  "phase": "seed",
  "score": 0.6765491355552717
}