{
  "timestamp": "2025-12-13T00:35:38",
  "reference_file": "KernelBench/level1/28_HardSigmoid.py",
  "candidate_file": "/home/hyc/LLMKernel/run/20251212_170043_batch_range5to40_deepseek_deepseek/28_HardSigmoid/code/kernel_20251213_003524.py",
  "tolerance": 0.001,
  "max_abs_err": 5.960464477539063e-08,
  "mean_abs_err": 1.482277944830912e-08,
  "ref_latency_ms": {
    "avg": 14.014566421508789,
    "min": 14.011296272277832,
    "max": 14.016511917114258,
    "all": [
      14.014687538146973,
      14.014176368713379,
      14.011296272277832,
      14.016160011291504,
      14.016511917114258
    ]
  },
  "test_latency_ms": {
    "avg": 20.699564743041993,
    "min": 20.694015502929688,
    "max": 20.705280303955078,
    "all": [
      20.705280303955078,
      20.70025634765625,
      20.700159072875977,
      20.694015502929688,
      20.69811248779297
    ]
  },
  "num_runs": 5,
  "model_init_args": [],
  "model_init_kwargs": {},
  "seed": 100,
  "align_stats": {
    "copied_same_shape": 0,
    "unique_shape_copied": 0,
    "mapped_shape": 0,
    "skipped": 0,
    "pair_aligner": 0,
    "pair_key": "Model->ModelNew"
  },
  "runnable": true,
  "phase": "stage4_advanced_memory",
  "pytorch_baseline_ms": 14.021536064147949,
  "score": 0.6773831352594593
}