{
  "timestamp": "2025-12-28T11:35:08",
  "reference_file": "KernelBench/select2/28_HardSigmoid.py",
  "candidate_file": "/home/hyc/LLMKernel/run/20251228_103241_batch_range23to31_openai_deepseek/28_HardSigmoid/code/kernel_20251228_113455.py",
  "tolerance": 1,
  "max_abs_err": 0.0,
  "mean_abs_err": 0.0,
  "ref_latency_ms": {
    "avg": 14.165382575988769,
    "min": 14.160896301269531,
    "max": 14.172160148620605,
    "all": [
      14.16592025756836,
      14.162943840026855,
      14.164992332458496,
      14.172160148620605,
      14.160896301269531
    ]
  },
  "test_latency_ms": {
    "avg": 20.756889724731444,
    "min": 20.751359939575195,
    "max": 20.761600494384766,
    "all": [
      20.761600494384766,
      20.755456924438477,
      20.758527755737305,
      20.751359939575195,
      20.757503509521484
    ]
  },
  "num_runs": 5,
  "model_init_args": [],
  "model_init_kwargs": {},
  "seed": 100,
  "align_stats": {
    "copied_same_shape": 0,
    "unique_shape_copied": 0,
    "mapped_shape": 0,
    "skipped": 0,
    "pair_aligner": 0,
    "pair_key": "Model->ModelNew"
  },
  "runnable": true,
  "phase": "stage1_grid_and_parallel",
  "pytorch_baseline_ms": 14.161727905273438,
  "score": 0.6822663748316784
}