{
  "timestamp": "2025-12-28T11:31:23",
  "reference_file": "KernelBench/select2/28_HardSigmoid.py",
  "candidate_file": "/home/hyc/LLMKernel/run/20251228_103241_batch_range23to31_openai_deepseek/28_HardSigmoid/code/kernel_20251228_113109.py",
  "tolerance": 1,
  "max_abs_err": 5.960464477539063e-08,
  "mean_abs_err": 1.482277944830912e-08,
  "ref_latency_ms": {
    "avg": 14.16293125152588,
    "min": 14.15884780883789,
    "max": 14.16703987121582,
    "all": [
      14.16703987121582,
      14.160896301269531,
      14.166080474853516,
      14.161791801452637,
      14.15884780883789
    ]
  },
  "test_latency_ms": {
    "avg": 20.812985610961913,
    "min": 20.790271759033203,
    "max": 20.85171127319336,
    "all": [
      20.85171127319336,
      20.806367874145508,
      20.807872772216797,
      20.790271759033203,
      20.808704376220703
    ]
  },
  "num_runs": 5,
  "model_init_args": [],
  "model_init_kwargs": {},
  "seed": 100,
  "align_stats": {
    "copied_same_shape": 0,
    "unique_shape_copied": 0,
    "mapped_shape": 0,
    "skipped": 0,
    "pair_aligner": 0,
    "pair_key": "Model->ModelNew"
  },
  "runnable": true,
  "phase": "algorithm_optimized_seed0_repair1",
  "pytorch_baseline_ms": 14.161727905273438,
  "score": 0.6804275066530893
}