{
  "timestamp": "2025-12-13T00:17:04",
  "reference_file": "KernelBench/level1/28_HardSigmoid.py",
  "candidate_file": "/home/hyc/LLMKernel/run/20251212_170043_batch_range5to40_deepseek_deepseek/28_HardSigmoid/code/kernel_20251213_001649.py",
  "tolerance": 0.001,
  "max_abs_err": 5.960464477539063e-08,
  "mean_abs_err": 1.482277944830912e-08,
  "ref_latency_ms": {
    "avg": 14.017753601074219,
    "min": 14.012415885925293,
    "max": 14.022656440734863,
    "all": [
      14.022656440734863,
      14.015551567077637,
      14.012415885925293,
      14.016511917114258,
      14.021632194519043
    ]
  },
  "test_latency_ms": {
    "avg": 20.694399642944337,
    "min": 20.690879821777344,
    "max": 20.700159072875977,
    "all": [
      20.695999145507812,
      20.700159072875977,
      20.692991256713867,
      20.690879821777344,
      20.69196891784668
    ]
  },
  "num_runs": 5,
  "model_init_args": [],
  "model_init_kwargs": {},
  "seed": 100,
  "align_stats": {
    "copied_same_shape": 0,
    "unique_shape_copied": 0,
    "mapped_shape": 0,
    "skipped": 0,
    "pair_aligner": 0,
    "pair_key": "Model->ModelNew"
  },
  "runnable": true,
  "phase": "stage1_repair",
  "pytorch_baseline_ms": 14.021536064147949,
  "score": 0.6775522028216232
}