{
  "timestamp": "2025-12-28T11:38:24",
  "reference_file": "KernelBench/select2/28_HardSigmoid.py",
  "candidate_file": "/home/hyc/LLMKernel/run/20251228_103241_batch_range23to31_openai_deepseek/28_HardSigmoid/code/kernel_20251228_113810.py",
  "tolerance": 1,
  "max_abs_err": 5.960464477539063e-08,
  "mean_abs_err": 1.482277944830912e-08,
  "ref_latency_ms": {
    "avg": 14.163564491271973,
    "min": 14.15782356262207,
    "max": 14.17039966583252,
    "all": [
      14.17039966583252,
      14.163968086242676,
      14.15782356262207,
      14.164863586425781,
      14.160767555236816
    ]
  },
  "test_latency_ms": {
    "avg": 20.737279891967773,
    "min": 20.728511810302734,
    "max": 20.748992919921875,
    "all": [
      20.743040084838867,
      20.731903076171875,
      20.728511810302734,
      20.733951568603516,
      20.748992919921875
    ]
  },
  "num_runs": 5,
  "model_init_args": [],
  "model_init_kwargs": {},
  "seed": 100,
  "align_stats": {
    "copied_same_shape": 0,
    "unique_shape_copied": 0,
    "mapped_shape": 0,
    "skipped": 0,
    "pair_aligner": 0,
    "pair_key": "Model->ModelNew"
  },
  "runnable": true,
  "phase": "stage2_block_tiling",
  "pytorch_baseline_ms": 14.161727905273438,
  "score": 0.6829115476595722
}