{
  "timestamp": "2025-12-15T16:26:38",
  "reference_file": "KernelBench/level3/34_VanillaRNNHidden.py",
  "candidate_file": "/home/hyc/LLMKernel/run/20251215_151630_batch_range34to50_deepseek_deepseek/34_VanillaRNNHidden/code/kernel_20251215_162633.py",
  "tolerance": 0.1,
  "max_abs_err": 0.0028444528579711914,
  "mean_abs_err": 0.0002577843551989645,
  "ref_latency_ms": {
    "avg": 48.37738876342773,
    "min": 48.007102966308594,
    "max": 48.880638122558594,
    "all": [
      48.03071975708008,
      48.67049789428711,
      48.880638122558594,
      48.2979850769043,
      48.007102966308594
    ]
  },
  "test_latency_ms": {
    "avg": 16.375456237792967,
    "min": 16.331775665283203,
    "max": 16.413728713989258,
    "all": [
      16.413728713989258,
      16.331775665283203,
      16.384000778198242,
      16.39017677307129,
      16.35759925842285
    ]
  },
  "num_runs": 5,
  "model_init_args": [
    1024,
    256,
    128
  ],
  "model_init_kwargs": {},
  "seed": 100,
  "align_stats": {
    "copied_same_shape": 0,
    "unique_shape_copied": 4,
    "mapped_shape": 0,
    "skipped": 0,
    "pair_aligner": 0,
    "pair_key": "Model->ModelNew"
  },
  "runnable": true,
  "phase": "stage3_repair",
  "pytorch_baseline_ms": 48.611993408203126,
  "score": 2.9685886428013744
}