{
  "timestamp": "2025-12-15T16:01:58",
  "reference_file": "KernelBench/level3/34_VanillaRNNHidden.py",
  "candidate_file": "/home/hyc/LLMKernel/run/20251215_151630_batch_range34to50_deepseek_deepseek/34_VanillaRNNHidden/code/kernel_20251215_160153.py",
  "tolerance": 0.1,
  "max_abs_err": 0.0008243918418884277,
  "mean_abs_err": 0.00016628910088911653,
  "ref_latency_ms": {
    "avg": 70.86741638183594,
    "min": 58.91584014892578,
    "max": 74.34559631347656,
    "all": [
      74.34559631347656,
      73.46585845947266,
      74.0804443359375,
      73.52934265136719,
      58.91584014892578
    ]
  },
  "test_latency_ms": {
    "avg": 16.777824020385744,
    "min": 16.110591888427734,
    "max": 18.77712059020996,
    "all": [
      18.77712059020996,
      16.176095962524414,
      16.110591888427734,
      16.216064453125,
      16.6092472076416
    ]
  },
  "num_runs": 5,
  "model_init_args": [
    1024,
    256,
    128
  ],
  "model_init_kwargs": {},
  "seed": 100,
  "align_stats": {
    "copied_same_shape": 0,
    "unique_shape_copied": 4,
    "mapped_shape": 0,
    "skipped": 0,
    "pair_aligner": 0,
    "pair_key": "Model->ModelNew"
  },
  "runnable": true,
  "phase": "stage1_grid_and_parallel",
  "pytorch_baseline_ms": 48.611993408203126,
  "score": 2.8973955948719907
}