{
  "timestamp": "2025-12-15T15:52:14",
  "reference_file": "KernelBench/level3/34_VanillaRNNHidden.py",
  "candidate_file": "/home/hyc/LLMKernel/run/20251215_151630_batch_range34to50_deepseek_deepseek/34_VanillaRNNHidden/code/kernel_20251215_155209.py",
  "tolerance": 0.1,
  "max_abs_err": 0.0008243918418884277,
  "mean_abs_err": 0.00016628910088911653,
  "ref_latency_ms": {
    "avg": 48.611993408203126,
    "min": 48.216064453125,
    "max": 48.972801208496094,
    "all": [
      48.216064453125,
      48.77926254272461,
      48.844032287597656,
      48.247806549072266,
      48.972801208496094
    ]
  },
  "test_latency_ms": {
    "avg": 15.95234546661377,
    "min": 15.841279983520508,
    "max": 16.037023544311523,
    "all": [
      15.946784019470215,
      15.97327995300293,
      16.037023544311523,
      15.841279983520508,
      15.963359832763672
    ]
  },
  "num_runs": 5,
  "model_init_args": [
    1024,
    256,
    128
  ],
  "model_init_kwargs": {},
  "seed": 100,
  "align_stats": {
    "copied_same_shape": 0,
    "unique_shape_copied": 4,
    "mapped_shape": 0,
    "skipped": 0,
    "pair_aligner": 0,
    "pair_key": "Model->ModelNew"
  },
  "runnable": true,
  "phase": "seed_repair",
  "score": 3.0473257684860102
}