{
  "timestamp": "2025-12-15T16:35:10",
  "reference_file": "KernelBench/level3/34_VanillaRNNHidden.py",
  "candidate_file": "/home/hyc/LLMKernel/run/20251215_151630_batch_range34to50_deepseek_deepseek/34_VanillaRNNHidden/code/kernel_20251215_163506.py",
  "tolerance": 0.1,
  "max_abs_err": 0.0008243918418884277,
  "mean_abs_err": 0.00016628910088911653,
  "ref_latency_ms": {
    "avg": 48.158912658691406,
    "min": 47.97334289550781,
    "max": 48.4854736328125,
    "all": [
      48.100223541259766,
      48.08601760864258,
      48.149505615234375,
      47.97334289550781,
      48.4854736328125
    ]
  },
  "test_latency_ms": {
    "avg": 16.601670837402345,
    "min": 16.574464797973633,
    "max": 16.637760162353516,
    "all": [
      16.58780860900879,
      16.62873649597168,
      16.637760162353516,
      16.574464797973633,
      16.5795841217041
    ]
  },
  "num_runs": 5,
  "model_init_args": [
    1024,
    256,
    128
  ],
  "model_init_kwargs": {},
  "seed": 100,
  "align_stats": {
    "copied_same_shape": 0,
    "unique_shape_copied": 4,
    "mapped_shape": 0,
    "skipped": 0,
    "pair_aligner": 0,
    "pair_key": "Model->ModelNew"
  },
  "runnable": true,
  "phase": "stage4_advanced_memory",
  "pytorch_baseline_ms": 48.611993408203126,
  "score": 2.9281386123307467
}