{
  "timestamp": "2025-12-28T16:36:37",
  "reference_file": "KernelBench/tt/50_ConvTranspose3d_Scaling_AvgPool_BiasAdd_Scaling.py",
  "candidate_file": "/home/hyc/LLMKernel/run/20251228_161703_batch_range47to66_openai_deepseek/50_ConvTranspose3d_Scaling_AvgPool_BiasAdd_Scaling/code/kernel_20251228_163634.py",
  "tolerance": 1,
  "max_abs_err": 9.357929229736328e-06,
  "mean_abs_err": 1.8211770793641335e-06,
  "ref_latency_ms": {
    "avg": 15.169427299499512,
    "min": 15.161120414733887,
    "max": 15.179776191711426,
    "all": [
      15.179776191711426,
      15.166399955749512,
      15.16543960571289,
      15.161120414733887,
      15.174400329589844
    ]
  },
  "test_latency_ms": {
    "avg": 6.834137630462647,
    "min": 6.820864200592041,
    "max": 6.855679988861084,
    "all": [
      6.840320110321045,
      6.82700777053833,
      6.820864200592041,
      6.826816082000732,
      6.855679988861084
    ]
  },
  "num_runs": 5,
  "model_init_args": [
    3,
    16,
    3,
    2,
    1,
    0.5,
    1.0,
    [
      16,
      1,
      1,
      1
    ]
  ],
  "model_init_kwargs": {},
  "seed": 100,
  "align_stats": {
    "pair_aligner": 1,
    "copied_same_shape": 1,
    "mapped_shape": 0,
    "skipped": 0,
    "pair_key": "Model->ModelNew"
  },
  "runnable": true,
  "phase": "algorithm_optimized_seed0",
  "pytorch_baseline_ms": 15.166028594970703,
  "score": 2.2191576194440814
}