{
  "timestamp": "2025-12-28T16:27:23",
  "reference_file": "KernelBench/tt/50_ConvTranspose3d_Scaling_AvgPool_BiasAdd_Scaling.py",
  "candidate_file": "/home/hyc/LLMKernel/run/20251228_161703_batch_range47to66_openai_deepseek/50_ConvTranspose3d_Scaling_AvgPool_BiasAdd_Scaling/code/kernel_20251228_162719.py",
  "tolerance": 1,
  "max_abs_err": 0.0,
  "mean_abs_err": 0.0,
  "ref_latency_ms": {
    "avg": 15.166028594970703,
    "min": 15.158271789550781,
    "max": 15.176575660705566,
    "all": [
      15.176575660705566,
      15.164416313171387,
      15.16543960571289,
      15.16543960571289,
      15.158271789550781
    ]
  },
  "test_latency_ms": {
    "avg": 12.62431354522705,
    "min": 12.622847557067871,
    "max": 12.625920295715332,
    "all": [
      12.625920295715332,
      12.623871803283691,
      12.622847557067871,
      12.624032020568848,
      12.624896049499512
    ]
  },
  "num_runs": 5,
  "model_init_args": [
    3,
    16,
    3,
    2,
    1,
    0.5,
    1.0,
    [
      16,
      1,
      1,
      1
    ]
  ],
  "model_init_kwargs": {},
  "seed": 100,
  "align_stats": {
    "pair_aligner": 1,
    "copied_same_shape": 1,
    "mapped_shape": 0,
    "skipped": 0,
    "pair_key": "Model->ModelNew"
  },
  "runnable": true,
  "phase": "seed_0",
  "score": 1.2013349114498677
}