{
  "timestamp": "2025-12-28T16:38:44",
  "reference_file": "KernelBench/tt/50_ConvTranspose3d_Scaling_AvgPool_BiasAdd_Scaling.py",
  "candidate_file": "/home/hyc/LLMKernel/run/20251228_161703_batch_range47to66_openai_deepseek/50_ConvTranspose3d_Scaling_AvgPool_BiasAdd_Scaling/code/kernel_20251228_163838.py",
  "tolerance": 1,
  "max_abs_err": 0.9358346462249756,
  "mean_abs_err": 0.21710656583309174,
  "ref_latency_ms": {
    "avg": 15.165772819519043,
    "min": 15.160320281982422,
    "max": 15.175616264343262,
    "all": [
      15.175616264343262,
      15.161215782165527,
      15.160320281982422,
      15.162176132202148,
      15.169535636901855
    ]
  },
  "test_latency_ms": {
    "avg": 49.889549255371094,
    "min": 49.86880111694336,
    "max": 49.913055419921875,
    "all": [
      49.88636779785156,
      49.882049560546875,
      49.913055419921875,
      49.86880111694336,
      49.8974723815918
    ]
  },
  "num_runs": 5,
  "model_init_args": [
    3,
    16,
    3,
    2,
    1,
    0.5,
    1.0,
    [
      16,
      1,
      1,
      1
    ]
  ],
  "model_init_kwargs": {},
  "seed": 100,
  "align_stats": {
    "pair_aligner": 1,
    "copied_same_shape": 1,
    "mapped_shape": 0,
    "skipped": 0,
    "pair_key": "Model->ModelNew"
  },
  "runnable": true,
  "phase": "algorithm_optimized_seed1",
  "pytorch_baseline_ms": 15.166028594970703,
  "score": 0.3039920949644165
}