{
  "timestamp": "2025-12-28T16:40:55",
  "reference_file": "KernelBench/tt/50_ConvTranspose3d_Scaling_AvgPool_BiasAdd_Scaling.py",
  "candidate_file": "/home/hyc/LLMKernel/run/20251228_161703_batch_range47to66_openai_deepseek/50_ConvTranspose3d_Scaling_AvgPool_BiasAdd_Scaling/code/kernel_20251228_164051.py",
  "tolerance": 1,
  "max_abs_err": 9.357929229736328e-06,
  "mean_abs_err": 1.8211770793641335e-06,
  "ref_latency_ms": {
    "avg": 15.16830062866211,
    "min": 15.161343574523926,
    "max": 15.180768013000488,
    "all": [
      15.180768013000488,
      15.164416313171387,
      15.161343574523926,
      15.16543960571289,
      15.169535636901855
    ]
  },
  "test_latency_ms": {
    "avg": 4.655289554595948,
    "min": 4.6438398361206055,
    "max": 4.67139196395874,
    "all": [
      4.66431999206543,
      4.652031898498535,
      4.644864082336426,
      4.6438398361206055,
      4.67139196395874
    ]
  },
  "num_runs": 5,
  "model_init_args": [
    3,
    16,
    3,
    2,
    1,
    0.5,
    1.0,
    [
      16,
      1,
      1,
      1
    ]
  ],
  "model_init_kwargs": {},
  "seed": 100,
  "align_stats": {
    "pair_aligner": 1,
    "copied_same_shape": 1,
    "mapped_shape": 0,
    "skipped": 0,
    "pair_key": "Model->ModelNew"
  },
  "runnable": true,
  "phase": "stage1_grid_and_parallel_repair",
  "pytorch_baseline_ms": 15.166028594970703,
  "score": 3.2578056460522413
}