{
  "timestamp": "2025-12-14T23:11:37",
  "reference_file": "KernelBench/level2/50_ConvTranspose3d_Scaling_AvgPool_BiasAdd_Scaling.py",
  "candidate_file": "/home/hyc/LLMKernel/run/20251214_114657_batch_range25to55_deepseek_deepseek/50_ConvTranspose3d_Scaling_AvgPool_BiasAdd_Scaling/code/kernel_20251214_231133.py",
  "tolerance": 0.001,
  "max_abs_err": 0.0,
  "mean_abs_err": 0.0,
  "ref_latency_ms": {
    "avg": 14.068351936340331,
    "min": 14.06447982788086,
    "max": 14.078975677490234,
    "all": [
      14.078975677490234,
      14.067999839782715,
      14.06447982788086,
      14.065664291381836,
      14.064640045166016
    ]
  },
  "test_latency_ms": {
    "avg": 14.503667259216309,
    "min": 14.49062442779541,
    "max": 14.509056091308594,
    "all": [
      14.508095741271973,
      14.502752304077148,
      14.49062442779541,
      14.507807731628418,
      14.509056091308594
    ]
  },
  "num_runs": 5,
  "model_init_args": [
    3,
    16,
    3,
    2,
    1,
    0.5,
    1.0,
    [
      16,
      1,
      1,
      1
    ]
  ],
  "model_init_kwargs": {},
  "seed": 100,
  "align_stats": {
    "pair_aligner": 1,
    "copied_same_shape": 1,
    "mapped_shape": 0,
    "skipped": 0,
    "pair_key": "Model->ModelNew"
  },
  "runnable": true,
  "phase": "stage4_repair",
  "pytorch_baseline_ms": 14.222099113464356,
  "score": 0.9805864171647325
}