{
  "timestamp": "2025-12-28T16:29:11",
  "reference_file": "KernelBench/tt/50_ConvTranspose3d_Scaling_AvgPool_BiasAdd_Scaling.py",
  "candidate_file": "/home/hyc/LLMKernel/run/20251228_161703_batch_range47to66_openai_deepseek/50_ConvTranspose3d_Scaling_AvgPool_BiasAdd_Scaling/code/kernel_20251228_162905.py",
  "tolerance": 1,
  "max_abs_err": 0.9358347654342651,
  "mean_abs_err": 0.21710661053657532,
  "ref_latency_ms": {
    "avg": 15.168275260925293,
    "min": 15.162367820739746,
    "max": 15.180800437927246,
    "all": [
      15.180800437927246,
      15.16431999206543,
      15.166399955749512,
      15.162367820739746,
      15.167488098144531
    ]
  },
  "test_latency_ms": {
    "avg": 60.560160064697264,
    "min": 60.55014419555664,
    "max": 60.5747184753418,
    "all": [
      60.5747184753418,
      60.56345748901367,
      60.5582389831543,
      60.55014419555664,
      60.55424118041992
    ]
  },
  "num_runs": 5,
  "model_init_args": [
    3,
    16,
    3,
    2,
    1,
    0.5,
    1.0,
    [
      16,
      1,
      1,
      1
    ]
  ],
  "model_init_kwargs": {},
  "seed": 100,
  "align_stats": {
    "pair_aligner": 1,
    "copied_same_shape": 1,
    "mapped_shape": 0,
    "skipped": 0,
    "pair_key": "Model->ModelNew"
  },
  "runnable": true,
  "phase": "seed_1",
  "pytorch_baseline_ms": 15.166028594970703,
  "score": 0.25042913656054777
}