{
  "timestamp": "2025-12-28T16:44:28",
  "reference_file": "KernelBench/tt/50_ConvTranspose3d_Scaling_AvgPool_BiasAdd_Scaling.py",
  "candidate_file": "/home/hyc/LLMKernel/run/20251228_161703_batch_range47to66_openai_deepseek/50_ConvTranspose3d_Scaling_AvgPool_BiasAdd_Scaling/code/kernel_20251228_164423.py",
  "tolerance": 1,
  "max_abs_err": 9.357929229736328e-06,
  "mean_abs_err": 1.8211770793641335e-06,
  "ref_latency_ms": {
    "avg": 15.166054344177246,
    "min": 15.160320281982422,
    "max": 15.171584129333496,
    "all": [
      15.171584129333496,
      15.169535636901855,
      15.166463851928711,
      15.162367820739746,
      15.160320281982422
    ]
  },
  "test_latency_ms": {
    "avg": 3.1098048210144045,
    "min": 3.104543924331665,
    "max": 3.1178879737854004,
    "all": [
      3.1178879737854004,
      3.1109120845794678,
      3.104543924331665,
      3.1047680377960205,
      3.1109120845794678
    ]
  },
  "num_runs": 5,
  "model_init_args": [
    3,
    16,
    3,
    2,
    1,
    0.5,
    1.0,
    [
      16,
      1,
      1,
      1
    ]
  ],
  "model_init_kwargs": {},
  "seed": 100,
  "align_stats": {
    "pair_aligner": 1,
    "copied_same_shape": 1,
    "mapped_shape": 0,
    "skipped": 0,
    "pair_key": "Model->ModelNew"
  },
  "runnable": true,
  "phase": "stage3_memory_and_tuning",
  "pytorch_baseline_ms": 15.166028594970703,
  "score": 4.876842589119021
}