{
  "timestamp": "2025-12-14T22:36:49",
  "reference_file": "KernelBench/level2/50_ConvTranspose3d_Scaling_AvgPool_BiasAdd_Scaling.py",
  "candidate_file": "/home/hyc/LLMKernel/run/20251214_114657_batch_range25to55_deepseek_deepseek/50_ConvTranspose3d_Scaling_AvgPool_BiasAdd_Scaling/code/kernel_20251214_223645.py",
  "tolerance": 0.001,
  "max_abs_err": 0.0,
  "mean_abs_err": 0.0,
  "ref_latency_ms": {
    "avg": 14.222099113464356,
    "min": 14.070688247680664,
    "max": 14.475263595581055,
    "all": [
      14.475263595581055,
      14.400511741638184,
      14.0830078125,
      14.081024169921875,
      14.070688247680664
    ]
  },
  "test_latency_ms": {
    "avg": 13.888915061950684,
    "min": 13.882623672485352,
    "max": 13.89465618133545,
    "all": [
      13.888223648071289,
      13.89465618133545,
      13.882623672485352,
      13.8854398727417,
      13.893631935119629
    ]
  },
  "num_runs": 5,
  "model_init_args": [
    3,
    16,
    3,
    2,
    1,
    0.5,
    1.0,
    [
      16,
      1,
      1,
      1
    ]
  ],
  "model_init_kwargs": {},
  "seed": 100,
  "align_stats": {
    "pair_aligner": 1,
    "copied_same_shape": 1,
    "mapped_shape": 0,
    "skipped": 0,
    "pair_key": "Model->ModelNew"
  },
  "runnable": true,
  "phase": "seed_repair",
  "score": 1.0239892065022735
}