{
  "timestamp": "2025-12-28T16:42:52",
  "reference_file": "KernelBench/tt/50_ConvTranspose3d_Scaling_AvgPool_BiasAdd_Scaling.py",
  "candidate_file": "/home/hyc/LLMKernel/run/20251228_161703_batch_range47to66_openai_deepseek/50_ConvTranspose3d_Scaling_AvgPool_BiasAdd_Scaling/code/kernel_20251228_164248.py",
  "tolerance": 1,
  "max_abs_err": 9.357929229736328e-06,
  "mean_abs_err": 1.8211770793641335e-06,
  "ref_latency_ms": {
    "avg": 15.1643648147583,
    "min": 15.154047966003418,
    "max": 15.18284797668457,
    "all": [
      15.18284797668457,
      15.165311813354492,
      15.155200004577637,
      15.154047966003418,
      15.164416313171387
    ]
  },
  "test_latency_ms": {
    "avg": 2.4494592189788817,
    "min": 2.447360038757324,
    "max": 2.455519914627075,
    "all": [
      2.455519914627075,
      2.4483840465545654,
      2.447360038757324,
      2.4483840465545654,
      2.447648048400879
    ]
  },
  "num_runs": 5,
  "model_init_args": [
    3,
    16,
    3,
    2,
    1,
    0.5,
    1.0,
    [
      16,
      1,
      1,
      1
    ]
  ],
  "model_init_kwargs": {},
  "seed": 100,
  "align_stats": {
    "pair_aligner": 1,
    "copied_same_shape": 1,
    "mapped_shape": 0,
    "skipped": 0,
    "pair_key": "Model->ModelNew"
  },
  "runnable": true,
  "phase": "stage2_block_tiling_repair",
  "pytorch_baseline_ms": 15.166028594970703,
  "score": 6.191582402132435
}