{
  "timestamp": "2025-12-13T17:02:50",
  "reference_file": "KernelBench/level1_low_score/59_conv_standard_3D__asymmetric_input__square_kernel.py",
  "candidate_file": "/home/hyc/LLMKernel/run/20251213_160642_batch_range56to65_openai_deepseek/59_conv_standard_3D__asymmetric_input__square_kernel/code/kernel_20251213_170245.py",
  "tolerance": 0.001,
  "max_abs_err": 0.0009841322898864746,
  "mean_abs_err": 0.00023034280457068235,
  "ref_latency_ms": {
    "avg": 9.56691837310791,
    "min": 9.558048248291016,
    "max": 9.584639549255371,
    "all": [
      9.584639549255371,
      9.56390380859375,
      9.567935943603516,
      9.560064315795898,
      9.558048248291016
    ]
  },
  "test_latency_ms": {
    "avg": 6.0448768615722654,
    "min": 6.0293121337890625,
    "max": 6.055136203765869,
    "all": [
      6.055136203765869,
      6.0293121337890625,
      6.047743797302246,
      6.038527965545654,
      6.053664207458496
    ]
  },
  "num_runs": 5,
  "model_init_args": [
    3,
    64,
    3
  ],
  "model_init_kwargs": {},
  "seed": 100,
  "align_stats": {
    "pair_aligner": 1,
    "copied_same_shape": 1,
    "mapped_shape": 0,
    "skipped": 0,
    "pair_key": "Model->ModelNew"
  },
  "runnable": true,
  "phase": "stage2_block_tiling",
  "pytorch_baseline_ms": 9.623551750183106,
  "score": 1.592017831059677
}