{
  "timestamp": "2025-12-13T17:04:56",
  "reference_file": "KernelBench/level1_low_score/59_conv_standard_3D__asymmetric_input__square_kernel.py",
  "candidate_file": "/home/hyc/LLMKernel/run/20251213_160642_batch_range56to65_openai_deepseek/59_conv_standard_3D__asymmetric_input__square_kernel/code/kernel_20251213_170449.py",
  "tolerance": 0.001,
  "max_abs_err": 0.0009841322898864746,
  "mean_abs_err": 0.00023034280457068235,
  "ref_latency_ms": {
    "avg": 9.553254508972168,
    "min": 9.544608116149902,
    "max": 9.566207885742188,
    "all": [
      9.566207885742188,
      9.548800468444824,
      9.555968284606934,
      9.544608116149902,
      9.550687789916992
    ]
  },
  "test_latency_ms": {
    "avg": 6.005299186706543,
    "min": 5.9995198249816895,
    "max": 6.012928009033203,
    "all": [
      6.012928009033203,
      5.9995198249816895,
      6.004735946655273,
      6.002528190612793,
      6.006783962249756
    ]
  },
  "num_runs": 5,
  "model_init_args": [
    3,
    64,
    3
  ],
  "model_init_kwargs": {},
  "seed": 100,
  "align_stats": {
    "pair_aligner": 1,
    "copied_same_shape": 1,
    "mapped_shape": 0,
    "skipped": 0,
    "pair_key": "Model->ModelNew"
  },
  "runnable": true,
  "phase": "stage3_memory_access",
  "pytorch_baseline_ms": 9.623551750183106,
  "score": 1.602509958452362
}