{
  "timestamp": "2025-12-13T16:57:06",
  "reference_file": "KernelBench/level1_low_score/59_conv_standard_3D__asymmetric_input__square_kernel.py",
  "candidate_file": "/home/hyc/LLMKernel/run/20251213_160642_batch_range56to65_openai_deepseek/59_conv_standard_3D__asymmetric_input__square_kernel/code/kernel_20251213_165701.py",
  "tolerance": 0.001,
  "max_abs_err": 0.0009841322898864746,
  "mean_abs_err": 0.00023034280457068235,
  "ref_latency_ms": {
    "avg": 9.623551750183106,
    "min": 9.60102367401123,
    "max": 9.656319618225098,
    "all": [
      9.656319618225098,
      9.63161563873291,
      9.61843204498291,
      9.60102367401123,
      9.610367774963379
    ]
  },
  "test_latency_ms": {
    "avg": 6.127366352081299,
    "min": 6.116159915924072,
    "max": 6.141952037811279,
    "all": [
      6.141952037811279,
      6.116159915924072,
      6.1235198974609375,
      6.13375997543335,
      6.1214399337768555
    ]
  },
  "num_runs": 5,
  "model_init_args": [
    3,
    64,
    3
  ],
  "model_init_kwargs": {},
  "seed": 100,
  "align_stats": {
    "pair_aligner": 1,
    "copied_same_shape": 1,
    "mapped_shape": 0,
    "skipped": 0,
    "pair_key": "Model->ModelNew"
  },
  "runnable": true,
  "phase": "seed",
  "score": 1.5705853375185
}