{
  "timestamp": "2025-12-13T17:06:29",
  "reference_file": "KernelBench/level1_low_score/59_conv_standard_3D__asymmetric_input__square_kernel.py",
  "candidate_file": "/home/hyc/LLMKernel/run/20251213_160642_batch_range56to65_openai_deepseek/59_conv_standard_3D__asymmetric_input__square_kernel/code/kernel_20251213_170623.py",
  "tolerance": 0.001,
  "max_abs_err": 0.0009841322898864746,
  "mean_abs_err": 0.00023034280457068235,
  "ref_latency_ms": {
    "avg": 9.556339263916016,
    "min": 9.548800468444824,
    "max": 9.567232131958008,
    "all": [
      9.567232131958008,
      9.555968284606934,
      9.55679988861084,
      9.552895545959473,
      9.548800468444824
    ]
  },
  "test_latency_ms": {
    "avg": 6.002822399139404,
    "min": 5.993311882019043,
    "max": 6.015999794006348,
    "all": [
      6.015999794006348,
      5.993311882019043,
      6.001664161682129,
      6.005760192871094,
      5.997375965118408
    ]
  },
  "num_runs": 5,
  "model_init_args": [
    3,
    64,
    3
  ],
  "model_init_kwargs": {},
  "seed": 100,
  "align_stats": {
    "pair_aligner": 1,
    "copied_same_shape": 1,
    "mapped_shape": 0,
    "skipped": 0,
    "pair_key": "Model->ModelNew"
  },
  "runnable": true,
  "phase": "stage4_advanced_memory",
  "pytorch_baseline_ms": 9.623551750183106,
  "score": 1.603171160213367
}