{
  "timestamp": "2025-12-15T04:45:33",
  "reference_file": "KernelBench/level2/38_ConvTranspose3d_AvgPool_Clamp_Softmax_Multiply.py",
  "candidate_file": "/home/hyc/LLMKernel/run/20251215_024803_batch_range31to55_openai_deepseek/38_ConvTranspose3d_AvgPool_Clamp_Softmax_Multiply/code/kernel_20251215_044527.py",
  "tolerance": 0.001,
  "max_abs_err": 7.275957614183426e-12,
  "mean_abs_err": 3.5847540214017926e-12,
  "ref_latency_ms": {
    "avg": 16.63639678955078,
    "min": 16.61235237121582,
    "max": 16.657407760620117,
    "all": [
      16.657407760620117,
      16.61235237121582,
      16.63158416748047,
      16.647071838378906,
      16.633567810058594
    ]
  },
  "test_latency_ms": {
    "avg": 12.589708709716797,
    "min": 12.582847595214844,
    "max": 12.599295616149902,
    "all": [
      12.590080261230469,
      12.582847595214844,
      12.599295616149902,
      12.59017562866211,
      12.58614444732666
    ]
  },
  "num_runs": 5,
  "model_init_args": [
    32,
    64,
    3,
    2,
    1,
    1,
    2,
    0.0,
    1.0
  ],
  "model_init_kwargs": {},
  "seed": 100,
  "align_stats": {
    "pair_aligner": 1,
    "copied_same_shape": 1,
    "mapped_shape": 0,
    "skipped": 0,
    "pair_key": "Model->ModelNew"
  },
  "runnable": true,
  "phase": "stage1_repair",
  "pytorch_baseline_ms": 16.77685127258301,
  "score": 1.3325845465856216
}