{
  "timestamp": "2025-12-15T04:57:11",
  "reference_file": "KernelBench/level2/38_ConvTranspose3d_AvgPool_Clamp_Softmax_Multiply.py",
  "candidate_file": "/home/hyc/LLMKernel/run/20251215_024803_batch_range31to55_openai_deepseek/38_ConvTranspose3d_AvgPool_Clamp_Softmax_Multiply/code/kernel_20251215_045706.py",
  "tolerance": 0.001,
  "max_abs_err": 7.275957614183426e-12,
  "mean_abs_err": 3.5847540214017926e-12,
  "ref_latency_ms": {
    "avg": 16.63791427612305,
    "min": 16.5980167388916,
    "max": 16.676864624023438,
    "all": [
      16.676864624023438,
      16.623424530029297,
      16.64614486694336,
      16.64512062072754,
      16.5980167388916
    ]
  },
  "test_latency_ms": {
    "avg": 12.585702323913575,
    "min": 12.578751564025879,
    "max": 12.589056015014648,
    "all": [
      12.578751564025879,
      12.585984230041504,
      12.589056015014648,
      12.588735580444336,
      12.585984230041504
    ]
  },
  "num_runs": 5,
  "model_init_args": [
    32,
    64,
    3,
    2,
    1,
    1,
    2,
    0.0,
    1.0
  ],
  "model_init_kwargs": {},
  "seed": 100,
  "align_stats": {
    "pair_aligner": 1,
    "copied_same_shape": 1,
    "mapped_shape": 0,
    "skipped": 0,
    "pair_key": "Model->ModelNew"
  },
  "runnable": true,
  "phase": "stage4_advanced_memory",
  "pytorch_baseline_ms": 16.77685127258301,
  "score": 1.333008746020157
}