{
  "timestamp": "2025-12-15T04:53:01",
  "reference_file": "KernelBench/level2/38_ConvTranspose3d_AvgPool_Clamp_Softmax_Multiply.py",
  "candidate_file": "/home/hyc/LLMKernel/run/20251215_024803_batch_range31to55_openai_deepseek/38_ConvTranspose3d_AvgPool_Clamp_Softmax_Multiply/code/kernel_20251215_045255.py",
  "tolerance": 0.001,
  "max_abs_err": 7.275957614183426e-12,
  "mean_abs_err": 3.5847540214017926e-12,
  "ref_latency_ms": {
    "avg": 16.629344177246093,
    "min": 16.59391975402832,
    "max": 16.642047882080078,
    "all": [
      16.638240814208984,
      16.59391975402832,
      16.638656616210938,
      16.642047882080078,
      16.63385581970215
    ]
  },
  "test_latency_ms": {
    "avg": 12.588070487976074,
    "min": 12.576767921447754,
    "max": 12.595199584960938,
    "all": [
      12.590080261230469,
      12.591296195983887,
      12.576767921447754,
      12.587008476257324,
      12.595199584960938
    ]
  },
  "num_runs": 5,
  "model_init_args": [
    32,
    64,
    3,
    2,
    1,
    1,
    2,
    0.0,
    1.0
  ],
  "model_init_kwargs": {},
  "seed": 100,
  "align_stats": {
    "pair_aligner": 1,
    "copied_same_shape": 1,
    "mapped_shape": 0,
    "skipped": 0,
    "pair_key": "Model->ModelNew"
  },
  "runnable": true,
  "phase": "stage3_memory_access",
  "pytorch_baseline_ms": 16.77685127258301,
  "score": 1.3327579702233152
}