{
  "timestamp": "2025-12-15T04:40:40",
  "reference_file": "KernelBench/level2/38_ConvTranspose3d_AvgPool_Clamp_Softmax_Multiply.py",
  "candidate_file": "/home/hyc/LLMKernel/run/20251215_024803_batch_range31to55_openai_deepseek/38_ConvTranspose3d_AvgPool_Clamp_Softmax_Multiply/code/kernel_20251215_044036.py",
  "tolerance": 0.001,
  "max_abs_err": 7.275957614183426e-12,
  "mean_abs_err": 3.4347344846780148e-12,
  "ref_latency_ms": {
    "avg": 16.77685127258301,
    "min": 16.743423461914062,
    "max": 16.79462432861328,
    "all": [
      16.786399841308594,
      16.743423461914062,
      16.79462432861328,
      16.773120880126953,
      16.78668785095215
    ]
  },
  "test_latency_ms": {
    "avg": 13.730387496948243,
    "min": 13.720576286315918,
    "max": 13.738240242004395,
    "all": [
      13.733792304992676,
      13.720576286315918,
      13.728768348693848,
      13.738240242004395,
      13.730560302734375
    ]
  },
  "num_runs": 5,
  "model_init_args": [
    32,
    64,
    3,
    2,
    1,
    1,
    2,
    0.0,
    1.0
  ],
  "model_init_kwargs": {},
  "seed": 100,
  "align_stats": {
    "pair_aligner": 1,
    "copied_same_shape": 1,
    "mapped_shape": 0,
    "skipped": 0,
    "pair_key": "Model->ModelNew"
  },
  "runnable": true,
  "phase": "seed",
  "score": 1.221877479882624
}