{
  "timestamp": "2025-12-13T08:27:06",
  "reference_file": "KernelBench/level2/40_Matmul_Scaling_ResidualAdd.py",
  "candidate_file": "/home/hyc/LLMKernel/run/20251213_080631_batch_range40to70_deepseek_deepseek/40_Matmul_Scaling_ResidualAdd/code/kernel_20251213_082658.py",
  "tolerance": 0.001,
  "max_abs_err": 0.009906768798828125,
  "mean_abs_err": 0.00027926487382501364,
  "ref_latency_ms": {
    "avg": 14.36169605255127,
    "min": 14.2457275390625,
    "max": 14.430208206176758,
    "all": [
      14.2457275390625,
      14.333824157714844,
      14.430208206176758,
      14.393343925476074,
      14.405376434326172
    ]
  },
  "test_latency_ms": {
    "avg": 10.141491317749024,
    "min": 10.126336097717285,
    "max": 10.155008316040039,
    "all": [
      10.14243221282959,
      10.141983985900879,
      10.141695976257324,
      10.126336097717285,
      10.155008316040039
    ]
  },
  "num_runs": 5,
  "model_init_args": [
    4096,
    4096,
    0.5
  ],
  "model_init_kwargs": {},
  "seed": 100,
  "align_stats": {
    "copied_same_shape": 0,
    "unique_shape_copied": 2,
    "mapped_shape": 0,
    "skipped": 0,
    "pair_aligner": 0,
    "pair_key": "Model->ModelNew"
  },
  "runnable": true,
  "phase": "stage3_repair",
  "pytorch_baseline_ms": 14.31002254486084,
  "score": 1.4110373017641207
}