{
  "timestamp": "2025-12-13T08:15:24",
  "reference_file": "KernelBench/level2/40_Matmul_Scaling_ResidualAdd.py",
  "candidate_file": "/home/hyc/LLMKernel/run/20251213_080631_batch_range40to70_deepseek_deepseek/40_Matmul_Scaling_ResidualAdd/code/kernel_20251213_081520.py",
  "tolerance": 0.001,
  "max_abs_err": 0.009906768798828125,
  "mean_abs_err": 0.00027926487382501364,
  "ref_latency_ms": {
    "avg": 14.31002254486084,
    "min": 14.245792388916016,
    "max": 14.358528137207031,
    "all": [
      14.358528137207031,
      14.35478401184082,
      14.317567825317383,
      14.27344036102295,
      14.245792388916016
    ]
  },
  "test_latency_ms": {
    "avg": 16.038329696655275,
    "min": 14.948351860046387,
    "max": 17.806432723999023,
    "all": [
      17.270784378051758,
      15.133695602416992,
      15.032383918762207,
      17.806432723999023,
      14.948351860046387
    ]
  },
  "num_runs": 5,
  "model_init_args": [
    4096,
    4096,
    0.5
  ],
  "model_init_kwargs": {},
  "seed": 100,
  "align_stats": {
    "copied_same_shape": 0,
    "unique_shape_copied": 2,
    "mapped_shape": 0,
    "skipped": 0,
    "pair_aligner": 0,
    "pair_key": "Model->ModelNew"
  },
  "runnable": true,
  "phase": "seed_repair",
  "score": 0.892238956020784
}