{
  "timestamp": "2025-12-13T08:31:51",
  "reference_file": "KernelBench/level2/40_Matmul_Scaling_ResidualAdd.py",
  "candidate_file": "/home/hyc/LLMKernel/run/20251213_080631_batch_range40to70_deepseek_deepseek/40_Matmul_Scaling_ResidualAdd/code/kernel_20251213_083130.py",
  "tolerance": 0.001,
  "max_abs_err": 0.009906768798828125,
  "mean_abs_err": 0.00027926487382501364,
  "ref_latency_ms": {
    "avg": 14.309337615966797,
    "min": 14.140416145324707,
    "max": 14.451711654663086,
    "all": [
      14.334783554077148,
      14.173184394836426,
      14.140416145324707,
      14.446592330932617,
      14.451711654663086
    ]
  },
  "test_latency_ms": {
    "avg": 8.248038482666015,
    "min": 8.213472366333008,
    "max": 8.348671913146973,
    "all": [
      8.348671913146973,
      8.213472366333008,
      8.225472450256348,
      8.21452808380127,
      8.23804759979248
    ]
  },
  "num_runs": 5,
  "model_init_args": [
    4096,
    4096,
    0.5
  ],
  "model_init_kwargs": {},
  "seed": 100,
  "align_stats": {
    "copied_same_shape": 0,
    "unique_shape_copied": 2,
    "mapped_shape": 0,
    "skipped": 0,
    "pair_aligner": 0,
    "pair_key": "Model->ModelNew"
  },
  "runnable": true,
  "phase": "stage4_advanced_memory",
  "pytorch_baseline_ms": 14.31002254486084,
  "score": 1.7349606909490811
}