{
  "timestamp": "2025-12-13T08:21:30",
  "reference_file": "KernelBench/level2/40_Matmul_Scaling_ResidualAdd.py",
  "candidate_file": "/home/hyc/LLMKernel/run/20251213_080631_batch_range40to70_deepseek_deepseek/40_Matmul_Scaling_ResidualAdd/code/kernel_20251213_082124.py",
  "tolerance": 0.001,
  "max_abs_err": 0.009906768798828125,
  "mean_abs_err": 0.00027926487382501364,
  "ref_latency_ms": {
    "avg": 14.17946891784668,
    "min": 14.13702392578125,
    "max": 14.303232192993164,
    "all": [
      14.152704238891602,
      14.13702392578125,
      14.162943840026855,
      14.141440391540527,
      14.303232192993164
    ]
  },
  "test_latency_ms": {
    "avg": 9.232064056396485,
    "min": 9.198431968688965,
    "max": 9.282560348510742,
    "all": [
      9.282560348510742,
      9.270912170410156,
      9.198431968688965,
      9.201631546020508,
      9.20678424835205
    ]
  },
  "num_runs": 5,
  "model_init_args": [
    4096,
    4096,
    0.5
  ],
  "model_init_kwargs": {},
  "seed": 100,
  "align_stats": {
    "copied_same_shape": 0,
    "unique_shape_copied": 2,
    "mapped_shape": 0,
    "skipped": 0,
    "pair_aligner": 0,
    "pair_key": "Model->ModelNew"
  },
  "runnable": true,
  "phase": "stage2_block_tiling",
  "pytorch_baseline_ms": 14.31002254486084,
  "score": 1.5500350146450796
}