{
  "timestamp": "2025-12-13T08:17:57",
  "reference_file": "KernelBench/level2/40_Matmul_Scaling_ResidualAdd.py",
  "candidate_file": "/home/hyc/LLMKernel/run/20251213_080631_batch_range40to70_deepseek_deepseek/40_Matmul_Scaling_ResidualAdd/code/kernel_20251213_081750.py",
  "tolerance": 0.001,
  "max_abs_err": 0.009906768798828125,
  "mean_abs_err": 0.00027926487382501364,
  "ref_latency_ms": {
    "avg": 14.246745681762695,
    "min": 14.19161605834961,
    "max": 14.298111915588379,
    "all": [
      14.19161605834961,
      14.223551750183105,
      14.279680252075195,
      14.298111915588379,
      14.240768432617188
    ]
  },
  "test_latency_ms": {
    "avg": 10.356959915161132,
    "min": 10.067232131958008,
    "max": 11.199487686157227,
    "all": [
      11.199487686157227,
      10.375167846679688,
      10.06982421875,
      10.067232131958008,
      10.073087692260742
    ]
  },
  "num_runs": 5,
  "model_init_args": [
    4096,
    4096,
    0.5
  ],
  "model_init_kwargs": {},
  "seed": 100,
  "align_stats": {
    "copied_same_shape": 0,
    "unique_shape_copied": 2,
    "mapped_shape": 0,
    "skipped": 0,
    "pair_aligner": 0,
    "pair_key": "Model->ModelNew"
  },
  "runnable": true,
  "phase": "stage1_grid_and_parallel",
  "pytorch_baseline_ms": 14.31002254486084,
  "score": 1.3816817543063944
}