{
  "timestamp": "2025-12-22T14:07:54",
  "reference_file": "KernelBench/level3/11_VGG16.py",
  "candidate_file": "/home/hyc/LLMKernel/run/20251222_140256_11_VGG16_openai_deepseek/11_VGG16/code/kernel_20251222_140743.py",
  "tolerance": 1,
  "max_abs_err": 1.173652708530426e-05,
  "mean_abs_err": 2.5624387944844784e-06,
  "ref_latency_ms": {
    "avg": 7.216262435913086,
    "min": 7.208960056304932,
    "max": 7.226367950439453,
    "all": [
      7.226367950439453,
      7.215104103088379,
      7.208960056304932,
      7.212704181671143,
      7.218175888061523
    ]
  },
  "test_latency_ms": {
    "avg": 9.934143829345704,
    "min": 9.924415588378906,
    "max": 9.949952125549316,
    "all": [
      9.949952125549316,
      9.926655769348145,
      9.935872077941895,
      9.924415588378906,
      9.933823585510254
    ]
  },
  "num_runs": 5,
  "model_init_args": [
    1000
  ],
  "model_init_kwargs": {},
  "seed": 100,
  "align_stats": {
    "copied_same_shape": 32,
    "unique_shape_copied": 0,
    "mapped_shape": 0,
    "skipped": 0,
    "pair_aligner": 0,
    "pair_key": "Model->ModelNew"
  },
  "runnable": true,
  "phase": "stage1_grid_and_parallel_cand1",
  "pytorch_baseline_ms": 7.8388543128967285,
  "score": 0.789082023328529
}