{
  "timestamp": "2025-12-22T14:06:39",
  "reference_file": "KernelBench/level3/11_VGG16.py",
  "candidate_file": "/home/hyc/LLMKernel/run/20251222_140256_11_VGG16_openai_deepseek/11_VGG16/code/kernel_20251222_140631.py",
  "tolerance": 1,
  "max_abs_err": 1.173652708530426e-05,
  "mean_abs_err": 2.5624387944844784e-06,
  "ref_latency_ms": {
    "avg": 7.225792026519775,
    "min": 7.21999979019165,
    "max": 7.231200218200684,
    "all": [
      7.231200218200684,
      7.22822380065918,
      7.226240158081055,
      7.21999979019165,
      7.223296165466309
    ]
  },
  "test_latency_ms": {
    "avg": 10.156857681274413,
    "min": 10.145792007446289,
    "max": 10.17632007598877,
    "all": [
      10.17632007598877,
      10.159392356872559,
      10.145792007446289,
      10.152959823608398,
      10.149824142456055
    ]
  },
  "num_runs": 5,
  "model_init_args": [
    1000
  ],
  "model_init_kwargs": {},
  "seed": 100,
  "align_stats": {
    "copied_same_shape": 26,
    "unique_shape_copied": 4,
    "mapped_shape": 0,
    "skipped": 2,
    "pair_aligner": 0,
    "pair_key": "Model->ModelNew"
  },
  "runnable": true,
  "phase": "stage1_grid_and_parallel_cand0",
  "pytorch_baseline_ms": 7.8388543128967285,
  "score": 0.7717794773622507
}