{
  "timestamp": "2025-12-22T14:04:03",
  "reference_file": "KernelBench/level3/11_VGG16.py",
  "candidate_file": "/home/hyc/LLMKernel/run/20251222_140256_11_VGG16_openai_deepseek/11_VGG16/code/kernel_20251222_140356.py",
  "tolerance": 1,
  "max_abs_err": 1.173652708530426e-05,
  "mean_abs_err": 2.5624387944844784e-06,
  "ref_latency_ms": {
    "avg": 7.8388543128967285,
    "min": 7.745759963989258,
    "max": 8.050687789916992,
    "all": [
      8.050687789916992,
      7.7611517906188965,
      7.8112640380859375,
      7.745759963989258,
      7.825407981872559
    ]
  },
  "test_latency_ms": {
    "avg": 10.724818992614747,
    "min": 10.391327857971191,
    "max": 10.870495796203613,
    "all": [
      10.870495796203613,
      10.800959587097168,
      10.777791976928711,
      10.783519744873047,
      10.391327857971191
    ]
  },
  "num_runs": 5,
  "model_init_args": [
    1000
  ],
  "model_init_kwargs": {},
  "seed": 100,
  "align_stats": {
    "copied_same_shape": 26,
    "unique_shape_copied": 4,
    "mapped_shape": 0,
    "skipped": 2,
    "pair_aligner": 0,
    "pair_key": "Model->ModelNew"
  },
  "runnable": true,
  "phase": "seed_0",
  "score": 0.7309078426679898
}