{
  "timestamp": "2025-12-12T22:59:55",
  "reference_file": "KernelBench/level1/24_LogSoftmax.py",
  "candidate_file": "/home/hyc/LLMKernel/run/20251212_170043_batch_range5to40_deepseek_deepseek/24_LogSoftmax/code/kernel_20251212_225941.py",
  "tolerance": 0.001,
  "max_abs_err": 9.5367431640625e-07,
  "mean_abs_err": 2.489521193638211e-07,
  "ref_latency_ms": {
    "avg": 27.73444480895996,
    "min": 27.719776153564453,
    "max": 27.74015998840332,
    "all": [
      27.74015998840332,
      27.719776153564453,
      27.73811149597168,
      27.73401641845703,
      27.74015998840332
    ]
  },
  "test_latency_ms": {
    "avg": 34.738406372070315,
    "min": 34.7279052734375,
    "max": 34.7567024230957,
    "all": [
      34.73388671875,
      34.729984283447266,
      34.7567024230957,
      34.7279052734375,
      34.743553161621094
    ]
  },
  "num_runs": 5,
  "model_init_args": [],
  "model_init_kwargs": {},
  "seed": 100,
  "align_stats": {
    "copied_same_shape": 0,
    "unique_shape_copied": 0,
    "mapped_shape": 0,
    "skipped": 0,
    "pair_aligner": 0,
    "pair_key": "Model->ModelNew"
  },
  "runnable": true,
  "phase": "stage1_repair",
  "pytorch_baseline_ms": 27.738988876342773,
  "score": 0.7985106909983334
}