{
  "timestamp": "2025-12-28T10:47:21",
  "reference_file": "KernelBench/select2/24_LogSoftmax.py",
  "candidate_file": "/home/hyc/LLMKernel/run/20251228_103241_batch_range23to31_openai_deepseek/24_LogSoftmax/code/kernel_20251228_104704.py",
  "tolerance": 1,
  "max_abs_err": 1.9073486328125e-06,
  "mean_abs_err": 7.958094556670403e-07,
  "ref_latency_ms": {
    "avg": 27.80444793701172,
    "min": 27.775104522705078,
    "max": 27.830175399780273,
    "all": [
      27.816959381103516,
      27.809663772583008,
      27.830175399780273,
      27.775104522705078,
      27.79033660888672
    ]
  },
  "test_latency_ms": {
    "avg": 35.35496978759765,
    "min": 35.28294372558594,
    "max": 35.41392135620117,
    "all": [
      35.34233474731445,
      35.41392135620117,
      35.28294372558594,
      35.347232818603516,
      35.3884162902832
    ]
  },
  "num_runs": 5,
  "model_init_args": [],
  "model_init_kwargs": {},
  "seed": 100,
  "align_stats": {
    "copied_same_shape": 0,
    "unique_shape_copied": 0,
    "mapped_shape": 0,
    "skipped": 0,
    "pair_aligner": 0,
    "pair_key": "Model->ModelNew"
  },
  "runnable": true,
  "phase": "seed_1",
  "pytorch_baseline_ms": 27.805043029785157,
  "score": 0.7864535932806547
}