{
  "timestamp": "2025-12-28T11:00:07",
  "reference_file": "KernelBench/select2/24_LogSoftmax.py",
  "candidate_file": "/home/hyc/LLMKernel/run/20251228_103241_batch_range23to31_openai_deepseek/24_LogSoftmax/code/kernel_20251228_105953.py",
  "tolerance": 1,
  "max_abs_err": 1.9073486328125e-06,
  "mean_abs_err": 7.659206744392577e-07,
  "ref_latency_ms": {
    "avg": 27.79322280883789,
    "min": 27.76576042175293,
    "max": 27.84761619567871,
    "all": [
      27.84761619567871,
      27.76576042175293,
      27.770816802978516,
      27.798751831054688,
      27.78316879272461
    ]
  },
  "test_latency_ms": {
    "avg": 30.104166412353514,
    "min": 30.086143493652344,
    "max": 30.12505531311035,
    "all": [
      30.086143493652344,
      30.106624603271484,
      30.089216232299805,
      30.12505531311035,
      30.113792419433594
    ]
  },
  "num_runs": 5,
  "model_init_args": [],
  "model_init_kwargs": {},
  "seed": 100,
  "align_stats": {
    "copied_same_shape": 0,
    "unique_shape_copied": 0,
    "mapped_shape": 0,
    "skipped": 0,
    "pair_aligner": 0,
    "pair_key": "Model->ModelNew"
  },
  "runnable": true,
  "phase": "stage2_block_tiling",
  "pytorch_baseline_ms": 27.805043029785157,
  "score": 0.9236277347435572
}