{
  "timestamp": "2025-12-12T23:03:19",
  "reference_file": "KernelBench/level1/24_LogSoftmax.py",
  "candidate_file": "/home/hyc/LLMKernel/run/20251212_170043_batch_range5to40_deepseek_deepseek/24_LogSoftmax/code/kernel_20251212_230306.py",
  "tolerance": 0.001,
  "max_abs_err": 9.5367431640625e-07,
  "mean_abs_err": 2.489521193638211e-07,
  "ref_latency_ms": {
    "avg": 27.738649749755858,
    "min": 27.716480255126953,
    "max": 27.76652717590332,
    "all": [
      27.7391357421875,
      27.716480255126953,
      27.736064910888672,
      27.76652717590332,
      27.73504066467285
    ]
  },
  "test_latency_ms": {
    "avg": 34.71847152709961,
    "min": 34.70121765136719,
    "max": 34.731937408447266,
    "all": [
      34.731937408447266,
      34.702335357666016,
      34.70121765136719,
      34.72995376586914,
      34.72691345214844
    ]
  },
  "num_runs": 5,
  "model_init_args": [],
  "model_init_kwargs": {},
  "seed": 100,
  "align_stats": {
    "copied_same_shape": 0,
    "unique_shape_copied": 0,
    "mapped_shape": 0,
    "skipped": 0,
    "pair_aligner": 0,
    "pair_key": "Model->ModelNew"
  },
  "runnable": true,
  "phase": "stage3_memory_access",
  "pytorch_baseline_ms": 27.738988876342773,
  "score": 0.7989691843055654
}