{
  "timestamp": "2025-12-28T10:54:21",
  "reference_file": "KernelBench/select2/24_LogSoftmax.py",
  "candidate_file": "/home/hyc/LLMKernel/run/20251228_103241_batch_range23to31_openai_deepseek/24_LogSoftmax/code/kernel_20251228_105407.py",
  "tolerance": 1,
  "max_abs_err": 1.9073486328125e-06,
  "mean_abs_err": 7.659206744392577e-07,
  "ref_latency_ms": {
    "avg": 27.817087936401368,
    "min": 27.78598403930664,
    "max": 27.847679138183594,
    "all": [
      27.812864303588867,
      27.825088500976562,
      27.847679138183594,
      27.813823699951172,
      27.78598403930664
    ]
  },
  "test_latency_ms": {
    "avg": 28.49217872619629,
    "min": 28.475231170654297,
    "max": 28.509023666381836,
    "all": [
      28.483776092529297,
      28.508159637451172,
      28.509023666381836,
      28.475231170654297,
      28.484703063964844
    ]
  },
  "num_runs": 5,
  "model_init_args": [],
  "model_init_kwargs": {},
  "seed": 100,
  "align_stats": {
    "copied_same_shape": 0,
    "unique_shape_copied": 0,
    "mapped_shape": 0,
    "skipped": 0,
    "pair_aligner": 0,
    "pair_key": "Model->ModelNew"
  },
  "runnable": true,
  "phase": "stage1_grid_and_parallel",
  "pytorch_baseline_ms": 27.805043029785157,
  "score": 0.9758833572183314
}