{
  "timestamp": "2025-12-28T10:49:42",
  "reference_file": "KernelBench/select2/24_LogSoftmax.py",
  "candidate_file": "/home/hyc/LLMKernel/run/20251228_103241_batch_range23to31_openai_deepseek/24_LogSoftmax/code/kernel_20251228_104927.py",
  "tolerance": 1,
  "max_abs_err": 1.9073486328125e-06,
  "mean_abs_err": 7.659206744392577e-07,
  "ref_latency_ms": {
    "avg": 27.824332809448244,
    "min": 27.7708797454834,
    "max": 27.853824615478516,
    "all": [
      27.853824615478516,
      27.7708797454834,
      27.831296920776367,
      27.833343505859375,
      27.832319259643555
    ]
  },
  "test_latency_ms": {
    "avg": 30.022681427001952,
    "min": 30.01273536682129,
    "max": 30.0482234954834,
    "all": [
      30.01273536682129,
      30.01430320739746,
      30.0482234954834,
      30.01958465576172,
      30.0185604095459
    ]
  },
  "num_runs": 5,
  "model_init_args": [],
  "model_init_kwargs": {},
  "seed": 100,
  "align_stats": {
    "copied_same_shape": 0,
    "unique_shape_copied": 0,
    "mapped_shape": 0,
    "skipped": 0,
    "pair_aligner": 0,
    "pair_key": "Model->ModelNew"
  },
  "runnable": true,
  "phase": "algorithm_optimized_seed0",
  "pytorch_baseline_ms": 27.805043029785157,
  "score": 0.9261345658745096
}