{
  "timestamp": "2025-12-12T23:05:56",
  "reference_file": "KernelBench/level1/24_LogSoftmax.py",
  "candidate_file": "/home/hyc/LLMKernel/run/20251212_170043_batch_range5to40_deepseek_deepseek/24_LogSoftmax/code/kernel_20251212_230541.py",
  "tolerance": 0.001,
  "max_abs_err": 9.5367431640625e-07,
  "mean_abs_err": 4.4892254891237826e-07,
  "ref_latency_ms": {
    "avg": 27.73339500427246,
    "min": 27.70534324645996,
    "max": 27.7524471282959,
    "all": [
      27.74118423461914,
      27.74118423461914,
      27.726816177368164,
      27.7524471282959,
      27.70534324645996
    ]
  },
  "test_latency_ms": {
    "avg": 34.94701385498047,
    "min": 34.911231994628906,
    "max": 34.968448638916016,
    "all": [
      34.968414306640625,
      34.932735443115234,
      34.968448638916016,
      34.911231994628906,
      34.95423889160156
    ]
  },
  "num_runs": 5,
  "model_init_args": [],
  "model_init_kwargs": {},
  "seed": 100,
  "align_stats": {
    "copied_same_shape": 0,
    "unique_shape_copied": 0,
    "mapped_shape": 0,
    "skipped": 0,
    "pair_aligner": 0,
    "pair_key": "Model->ModelNew"
  },
  "runnable": true,
  "phase": "stage4_advanced_memory",
  "pytorch_baseline_ms": 27.738988876342773,
  "score": 0.7937441805886816
}