{
  "timestamp": "2025-12-28T10:52:04",
  "reference_file": "KernelBench/select2/24_LogSoftmax.py",
  "candidate_file": "/home/hyc/LLMKernel/run/20251228_103241_batch_range23to31_openai_deepseek/24_LogSoftmax/code/kernel_20251228_105147.py",
  "tolerance": 1,
  "max_abs_err": 1.9073486328125e-06,
  "mean_abs_err": 7.659206744392577e-07,
  "ref_latency_ms": {
    "avg": 27.802675247192383,
    "min": 27.77395248413086,
    "max": 27.826431274414062,
    "all": [
      27.79033660888672,
      27.815935134887695,
      27.806720733642578,
      27.826431274414062,
      27.77395248413086
    ]
  },
  "test_latency_ms": {
    "avg": 28.52266845703125,
    "min": 28.451839447021484,
    "max": 28.645376205444336,
    "all": [
      28.645376205444336,
      28.451839447021484,
      28.506271362304688,
      28.5098876953125,
      28.499967575073242
    ]
  },
  "num_runs": 5,
  "model_init_args": [],
  "model_init_kwargs": {},
  "seed": 100,
  "align_stats": {
    "copied_same_shape": 0,
    "unique_shape_copied": 0,
    "mapped_shape": 0,
    "skipped": 0,
    "pair_aligner": 0,
    "pair_key": "Model->ModelNew"
  },
  "runnable": true,
  "phase": "algorithm_optimized_seed1",
  "pytorch_baseline_ms": 27.805043029785157,
  "score": 0.9748401721834975
}