{
  "timestamp": "2025-12-28T10:45:51",
  "reference_file": "KernelBench/select2/24_LogSoftmax.py",
  "candidate_file": "/home/hyc/LLMKernel/run/20251228_103241_batch_range23to31_openai_deepseek/24_LogSoftmax/code/kernel_20251228_104538.py",
  "tolerance": 1,
  "max_abs_err": 1.9073486328125e-06,
  "mean_abs_err": 7.958094556670403e-07,
  "ref_latency_ms": {
    "avg": 27.805043029785157,
    "min": 27.777023315429688,
    "max": 27.838464736938477,
    "all": [
      27.810623168945312,
      27.803647994995117,
      27.777023315429688,
      27.795455932617188,
      27.838464736938477
    ]
  },
  "test_latency_ms": {
    "avg": 36.814215087890624,
    "min": 36.757503509521484,
    "max": 36.942848205566406,
    "all": [
      36.768672943115234,
      36.757503509521484,
      36.772865295410156,
      36.829185485839844,
      36.942848205566406
    ]
  },
  "num_runs": 5,
  "model_init_args": [],
  "model_init_kwargs": {},
  "seed": 100,
  "align_stats": {
    "copied_same_shape": 0,
    "unique_shape_copied": 0,
    "mapped_shape": 0,
    "skipped": 0,
    "pair_aligner": 0,
    "pair_key": "Model->ModelNew"
  },
  "runnable": true,
  "phase": "seed_0",
  "score": 0.755280072205889
}