{
  "timestamp": "2025-12-12T22:49:38",
  "reference_file": "KernelBench/level1/24_LogSoftmax.py",
  "candidate_file": "/home/hyc/LLMKernel/run/20251212_170043_batch_range5to40_deepseek_deepseek/24_LogSoftmax/code/kernel_20251212_224925.py",
  "tolerance": 0.001,
  "max_abs_err": 9.5367431640625e-07,
  "mean_abs_err": 2.489521193638211e-07,
  "ref_latency_ms": {
    "avg": 27.738988876342773,
    "min": 27.72812843322754,
    "max": 27.75551986694336,
    "all": [
      27.75551986694336,
      27.72812843322754,
      27.729951858520508,
      27.74015998840332,
      27.74118423461914
    ]
  },
  "test_latency_ms": {
    "avg": 34.832601928710936,
    "min": 34.81897735595703,
    "max": 34.85068893432617,
    "all": [
      34.81942367553711,
      34.84230422973633,
      34.85068893432617,
      34.81897735595703,
      34.83161544799805
    ]
  },
  "num_runs": 5,
  "model_init_args": [],
  "model_init_kwargs": {},
  "seed": 100,
  "align_stats": {
    "copied_same_shape": 0,
    "unique_shape_copied": 0,
    "mapped_shape": 0,
    "skipped": 0,
    "pair_aligner": 0,
    "pair_key": "Model->ModelNew"
  },
  "runnable": true,
  "phase": "seed_repair",
  "score": 0.7963513300876551
}