{
  "timestamp": "2025-12-12T21:44:25",
  "reference_file": "KernelBench/level1/20_LeakyReLU.py",
  "candidate_file": "/home/hyc/LLMKernel/run/20251212_170043_batch_range5to40_deepseek_deepseek/20_LeakyReLU/code/kernel_20251212_214409.py",
  "tolerance": 0.001,
  "max_abs_err": 0.0,
  "mean_abs_err": 0.0,
  "ref_latency_ms": {
    "avg": 14.019859123229981,
    "min": 14.015423774719238,
    "max": 14.0250244140625,
    "all": [
      14.0250244140625,
      14.015423774719238,
      14.017631530761719,
      14.023679733276367,
      14.017536163330078
    ]
  },
  "test_latency_ms": {
    "avg": 20.718963623046875,
    "min": 20.71446418762207,
    "max": 20.722688674926758,
    "all": [
      20.720672607421875,
      20.71446418762207,
      20.717376708984375,
      20.722688674926758,
      20.719615936279297
    ]
  },
  "num_runs": 5,
  "model_init_args": [],
  "model_init_kwargs": {},
  "seed": 100,
  "align_stats": {
    "copied_same_shape": 0,
    "unique_shape_copied": 0,
    "mapped_shape": 0,
    "skipped": 0,
    "pair_aligner": 0,
    "pair_key": "Model->ModelNew"
  },
  "runnable": true,
  "phase": "stage3_memory_access",
  "pytorch_baseline_ms": 14.017280006408692,
  "score": 0.6765434923017326
}