{
  "timestamp": "2025-12-12T21:31:49",
  "reference_file": "KernelBench/level1/20_LeakyReLU.py",
  "candidate_file": "/home/hyc/LLMKernel/run/20251212_170043_batch_range5to40_deepseek_deepseek/20_LeakyReLU/code/kernel_20251212_213136.py",
  "tolerance": 0.001,
  "max_abs_err": 0.0,
  "mean_abs_err": 0.0,
  "ref_latency_ms": {
    "avg": 14.017280006408692,
    "min": 14.013216018676758,
    "max": 14.023679733276367,
    "all": [
      14.023679733276367,
      14.013440132141113,
      14.013216018676758,
      14.019583702087402,
      14.016480445861816
    ]
  },
  "test_latency_ms": {
    "avg": 20.72554244995117,
    "min": 20.719615936279297,
    "max": 20.72979164123535,
    "all": [
      20.728832244873047,
      20.719615936279297,
      20.723712921142578,
      20.72979164123535,
      20.725759506225586
    ]
  },
  "num_runs": 5,
  "model_init_args": [],
  "model_init_kwargs": {},
  "seed": 100,
  "align_stats": {
    "copied_same_shape": 0,
    "unique_shape_copied": 0,
    "mapped_shape": 0,
    "skipped": 0,
    "pair_aligner": 0,
    "pair_key": "Model->ModelNew"
  },
  "runnable": true,
  "phase": "seed",
  "score": 0.6763287397788575
}