{
  "timestamp": "2025-12-12T21:51:26",
  "reference_file": "KernelBench/level1/20_LeakyReLU.py",
  "candidate_file": "/home/hyc/LLMKernel/run/20251212_170043_batch_range5to40_deepseek_deepseek/20_LeakyReLU/code/kernel_20251212_215112.py",
  "tolerance": 0.001,
  "max_abs_err": 0.0,
  "mean_abs_err": 0.0,
  "ref_latency_ms": {
    "avg": 14.017535972595216,
    "min": 14.013440132141113,
    "max": 14.021632194519043,
    "all": [
      14.021632194519043,
      14.016511917114258,
      14.013440132141113,
      14.020607948303223,
      14.015487670898438
    ]
  },
  "test_latency_ms": {
    "avg": 20.694777297973634,
    "min": 20.690752029418945,
    "max": 20.698015213012695,
    "all": [
      20.698015213012695,
      20.694015502929688,
      20.694015502929688,
      20.690752029418945,
      20.69708824157715
    ]
  },
  "num_runs": 5,
  "model_init_args": [],
  "model_init_kwargs": {},
  "seed": 100,
  "align_stats": {
    "copied_same_shape": 0,
    "unique_shape_copied": 0,
    "mapped_shape": 0,
    "skipped": 0,
    "pair_aligner": 0,
    "pair_key": "Model->ModelNew"
  },
  "runnable": true,
  "phase": "stage4_advanced_memory",
  "pytorch_baseline_ms": 14.017280006408692,
  "score": 0.6773341797585432
}