{
  "timestamp": "2025-12-12T21:35:33",
  "reference_file": "KernelBench/level1/20_LeakyReLU.py",
  "candidate_file": "/home/hyc/LLMKernel/run/20251212_170043_batch_range5to40_deepseek_deepseek/20_LeakyReLU/code/kernel_20251212_213519.py",
  "tolerance": 0.001,
  "max_abs_err": 0.0,
  "mean_abs_err": 0.0,
  "ref_latency_ms": {
    "avg": 14.01789436340332,
    "min": 14.012415885925293,
    "max": 14.022656440734863,
    "all": [
      14.02239990234375,
      14.016511917114258,
      14.015487670898438,
      14.022656440734863,
      14.012415885925293
    ]
  },
  "test_latency_ms": {
    "avg": 20.67530288696289,
    "min": 20.673152923583984,
    "max": 20.67967987060547,
    "all": [
      20.67967987060547,
      20.67353630065918,
      20.674560546875,
      20.67558479309082,
      20.673152923583984
    ]
  },
  "num_runs": 5,
  "model_init_args": [],
  "model_init_kwargs": {},
  "seed": 100,
  "align_stats": {
    "copied_same_shape": 0,
    "unique_shape_copied": 0,
    "mapped_shape": 0,
    "skipped": 0,
    "pair_aligner": 0,
    "pair_key": "Model->ModelNew"
  },
  "runnable": true,
  "phase": "stage1_grid_and_parallel",
  "pytorch_baseline_ms": 14.017280006408692,
  "score": 0.6779721720665814
}