{
  "timestamp": "2025-12-13T09:46:40",
  "reference_file": "KernelBench/level2/43_Conv3d_Max_LogSumExp_ReLU.py",
  "candidate_file": "/home/hyc/LLMKernel/run/20251213_080631_batch_range40to70_deepseek_deepseek/43_Conv3d_Max_LogSumExp_ReLU/code/kernel_20251213_094636.py",
  "tolerance": 0.001,
  "max_abs_err": 4.76837158203125e-07,
  "mean_abs_err": 4.2971805669367313e-08,
  "ref_latency_ms": {
    "avg": 6.378112030029297,
    "min": 6.373600006103516,
    "max": 6.387455940246582,
    "all": [
      6.387455940246582,
      6.378496170043945,
      6.375423908233643,
      6.375584125518799,
      6.373600006103516
    ]
  },
  "test_latency_ms": {
    "avg": 6.07511043548584,
    "min": 6.034304141998291,
    "max": 6.165503978729248,
    "all": [
      6.096640110015869,
      6.043647766113281,
      6.034304141998291,
      6.03545618057251,
      6.165503978729248
    ]
  },
  "num_runs": 5,
  "model_init_args": [
    32,
    64,
    3,
    1,
    1
  ],
  "model_init_kwargs": {},
  "seed": 100,
  "align_stats": {
    "pair_aligner": 1,
    "copied_same_shape": 1,
    "mapped_shape": 0,
    "skipped": 0,
    "pair_key": "Model->ModelNew"
  },
  "runnable": true,
  "phase": "stage1_repair",
  "pytorch_baseline_ms": 6.379590320587158,
  "score": 1.0501192345941228
}