{
  "timestamp": "2025-12-13T10:10:33",
  "reference_file": "KernelBench/level2/43_Conv3d_Max_LogSumExp_ReLU.py",
  "candidate_file": "/home/hyc/LLMKernel/run/20251213_080631_batch_range40to70_deepseek_deepseek/43_Conv3d_Max_LogSumExp_ReLU/code/kernel_20251213_101028.py",
  "tolerance": 0.001,
  "max_abs_err": 4.76837158203125e-07,
  "mean_abs_err": 4.2971805669367313e-08,
  "ref_latency_ms": {
    "avg": 6.118246459960938,
    "min": 6.108320236206055,
    "max": 6.130784034729004,
    "all": [
      6.1184000968933105,
      6.115327835083008,
      6.108320236206055,
      6.1184000968933105,
      6.130784034729004
    ]
  },
  "test_latency_ms": {
    "avg": 5.957459259033203,
    "min": 5.949215888977051,
    "max": 5.976064205169678,
    "all": [
      5.9528961181640625,
      5.9555840492248535,
      5.953536033630371,
      5.976064205169678,
      5.949215888977051
    ]
  },
  "num_runs": 5,
  "model_init_args": [
    32,
    64,
    3,
    1,
    1
  ],
  "model_init_kwargs": {},
  "seed": 100,
  "align_stats": {
    "pair_aligner": 1,
    "copied_same_shape": 1,
    "mapped_shape": 0,
    "skipped": 0,
    "pair_key": "Model->ModelNew"
  },
  "runnable": true,
  "phase": "stage4_advanced_memory",
  "pytorch_baseline_ms": 6.379590320587158,
  "score": 1.0708575658178248
}