{
  "timestamp": "2025-12-13T09:29:11",
  "reference_file": "KernelBench/level2/43_Conv3d_Max_LogSumExp_ReLU.py",
  "candidate_file": "/home/hyc/LLMKernel/run/20251213_080631_batch_range40to70_deepseek_deepseek/43_Conv3d_Max_LogSumExp_ReLU/code/kernel_20251213_092907.py",
  "tolerance": 0.001,
  "max_abs_err": 4.76837158203125e-07,
  "mean_abs_err": 4.2971805669367313e-08,
  "ref_latency_ms": {
    "avg": 6.379590320587158,
    "min": 6.375423908233643,
    "max": 6.389855861663818,
    "all": [
      6.389855861663818,
      6.379231929779053,
      6.3766398429870605,
      6.376800060272217,
      6.375423908233643
    ]
  },
  "test_latency_ms": {
    "avg": 6.180044746398925,
    "min": 6.178815841674805,
    "max": 6.180863857269287,
    "all": [
      6.180863857269287,
      6.178815841674805,
      6.180863857269287,
      6.179840087890625,
      6.179840087890625
    ]
  },
  "num_runs": 5,
  "model_init_args": [
    32,
    64,
    3,
    1,
    1
  ],
  "model_init_kwargs": {},
  "seed": 100,
  "align_stats": {
    "pair_aligner": 1,
    "copied_same_shape": 1,
    "mapped_shape": 0,
    "skipped": 0,
    "pair_key": "Model->ModelNew"
  },
  "runnable": true,
  "phase": "seed_repair",
  "score": 1.032288694075315
}