{
  "timestamp": "2025-12-13T09:59:52",
  "reference_file": "KernelBench/level2/43_Conv3d_Max_LogSumExp_ReLU.py",
  "candidate_file": "/home/hyc/LLMKernel/run/20251213_080631_batch_range40to70_deepseek_deepseek/43_Conv3d_Max_LogSumExp_ReLU/code/kernel_20251213_095947.py",
  "tolerance": 0.001,
  "max_abs_err": 4.76837158203125e-07,
  "mean_abs_err": 4.2971805669367313e-08,
  "ref_latency_ms": {
    "avg": 6.395699214935303,
    "min": 6.391808032989502,
    "max": 6.403071880340576,
    "all": [
      6.403071880340576,
      6.393856048583984,
      6.394688129425049,
      6.395071983337402,
      6.391808032989502
    ]
  },
  "test_latency_ms": {
    "avg": 6.1036224365234375,
    "min": 6.099936008453369,
    "max": 6.113279819488525,
    "all": [
      6.113279819488525,
      6.100992202758789,
      6.1030402183532715,
      6.100863933563232,
      6.099936008453369
    ]
  },
  "num_runs": 5,
  "model_init_args": [
    32,
    64,
    3,
    1,
    1
  ],
  "model_init_kwargs": {},
  "seed": 100,
  "align_stats": {
    "pair_aligner": 1,
    "copied_same_shape": 1,
    "mapped_shape": 0,
    "skipped": 0,
    "pair_key": "Model->ModelNew"
  },
  "runnable": true,
  "phase": "stage3_memory_access",
  "pytorch_baseline_ms": 6.379590320587158,
  "score": 1.0452137868837295
}