{
  "timestamp": "2025-12-23T06:38:34",
  "reference_file": "KernelBench/level3/10_ResNet101.py",
  "candidate_file": "/home/hyc/LLMKernel/run/20251223_063021_10_ResNet101_openai_deepseek/10_ResNet101/code/kernel_20251223_063757.py",
  "tolerance": 1,
  "max_abs_err": 9.359978139400482e-05,
  "mean_abs_err": 2.3219199647428468e-05,
  "ref_latency_ms": {
    "avg": 6.183936023712159,
    "min": 6.164608001708984,
    "max": 6.232800006866455,
    "all": [
      6.232800006866455,
      6.1796159744262695,
      6.169248104095459,
      6.173408031463623,
      6.164608001708984
    ]
  },
  "test_latency_ms": {
    "avg": 11.243570899963379,
    "min": 11.13599967956543,
    "max": 11.343711853027344,
    "all": [
      11.277983665466309,
      11.343711853027344,
      11.228927612304688,
      11.13599967956543,
      11.231231689453125
    ]
  },
  "num_runs": 5,
  "model_init_args": [
    [
      3,
      4,
      23,
      3
    ],
    1000
  ],
  "model_init_kwargs": {},
  "seed": 100,
  "align_stats": {
    "copied_same_shape": 626,
    "unique_shape_copied": 0,
    "mapped_shape": 0,
    "skipped": 0,
    "pair_aligner": 0,
    "pair_key": "Model->ModelNew"
  },
  "runnable": true,
  "phase": "stage1_grid_and_parallel",
  "pytorch_baseline_ms": 8.86291217803955,
  "score": 0.7882648899442096
}