{
  "timestamp": "2025-12-23T06:34:08",
  "reference_file": "KernelBench/level3/10_ResNet101.py",
  "candidate_file": "/home/hyc/LLMKernel/run/20251223_063021_10_ResNet101_openai_deepseek/10_ResNet101/code/kernel_20251223_063357.py",
  "tolerance": 1,
  "max_abs_err": 9.460374712944031e-05,
  "mean_abs_err": 2.319998384336941e-05,
  "ref_latency_ms": {
    "avg": 9.261254501342773,
    "min": 9.215776443481445,
    "max": 9.353216171264648,
    "all": [
      9.353216171264648,
      9.264127731323242,
      9.215776443481445,
      9.218239784240723,
      9.254912376403809
    ]
  },
  "test_latency_ms": {
    "avg": 14.102009963989257,
    "min": 14.010368347167969,
    "max": 14.214048385620117,
    "all": [
      14.122688293457031,
      14.214048385620117,
      14.010368347167969,
      14.042112350463867,
      14.120832443237305
    ]
  },
  "num_runs": 5,
  "model_init_args": [
    [
      3,
      4,
      23,
      3
    ],
    1000
  ],
  "model_init_kwargs": {},
  "seed": 100,
  "align_stats": {
    "copied_same_shape": 626,
    "unique_shape_copied": 0,
    "mapped_shape": 0,
    "skipped": 0,
    "pair_aligner": 0,
    "pair_key": "Model->ModelNew"
  },
  "runnable": true,
  "phase": "seed_1_repair_1",
  "pytorch_baseline_ms": 8.86291217803955,
  "score": 0.6284857407328309
}