{
  "timestamp": "2025-12-23T06:37:01",
  "reference_file": "KernelBench/level3/10_ResNet101.py",
  "candidate_file": "/home/hyc/LLMKernel/run/20251223_063021_10_ResNet101_openai_deepseek/10_ResNet101/code/kernel_20251223_063649.py",
  "tolerance": 1,
  "max_abs_err": 9.460374712944031e-05,
  "mean_abs_err": 2.319998384336941e-05,
  "ref_latency_ms": {
    "avg": 8.878630256652832,
    "min": 8.8340482711792,
    "max": 8.99788761138916,
    "all": [
      8.99788761138916,
      8.863743782043457,
      8.85647964477539,
      8.840991973876953,
      8.8340482711792
    ]
  },
  "test_latency_ms": {
    "avg": 13.748575782775879,
    "min": 13.424639701843262,
    "max": 14.131936073303223,
    "all": [
      13.630463600158691,
      13.666303634643555,
      14.131936073303223,
      13.889535903930664,
      13.424639701843262
    ]
  },
  "num_runs": 5,
  "model_init_args": [
    [
      3,
      4,
      23,
      3
    ],
    1000
  ],
  "model_init_kwargs": {},
  "seed": 100,
  "align_stats": {
    "copied_same_shape": 626,
    "unique_shape_copied": 0,
    "mapped_shape": 0,
    "skipped": 0,
    "pair_aligner": 0,
    "pair_key": "Model->ModelNew"
  },
  "runnable": true,
  "phase": "algorithm_optimized_seed1",
  "pytorch_baseline_ms": 8.86291217803955,
  "score": 0.6446422028049587
}