{
  "timestamp": "2025-12-23T06:35:42",
  "reference_file": "KernelBench/level3/10_ResNet101.py",
  "candidate_file": "/home/hyc/LLMKernel/run/20251223_063021_10_ResNet101_openai_deepseek/10_ResNet101/code/kernel_20251223_063530.py",
  "tolerance": 1,
  "max_abs_err": 9.359978139400482e-05,
  "mean_abs_err": 2.3219199647428468e-05,
  "ref_latency_ms": {
    "avg": 6.252985668182373,
    "min": 6.219776153564453,
    "max": 6.287168025970459,
    "all": [
      6.287168025970459,
      6.222527980804443,
      6.219776153564453,
      6.272672176361084,
      6.262784004211426
    ]
  },
  "test_latency_ms": {
    "avg": 9.918028831481934,
    "min": 9.877504348754883,
    "max": 9.94921588897705,
    "all": [
      9.910271644592285,
      9.93075180053711,
      9.92240047454834,
      9.94921588897705,
      9.877504348754883
    ]
  },
  "num_runs": 5,
  "model_init_args": [
    [
      3,
      4,
      23,
      3
    ],
    1000
  ],
  "model_init_kwargs": {},
  "seed": 100,
  "align_stats": {
    "copied_same_shape": 626,
    "unique_shape_copied": 0,
    "mapped_shape": 0,
    "skipped": 0,
    "pair_aligner": 0,
    "pair_key": "Model->ModelNew"
  },
  "runnable": true,
  "phase": "algorithm_optimized_seed0",
  "pytorch_baseline_ms": 8.86291217803955,
  "score": 0.8936162949947052
}