{
  "timestamp": "2025-12-28T11:23:40",
  "reference_file": "KernelBench/select2/39_L2Norm_.py",
  "candidate_file": "/home/hyc/LLMKernel/run/20251228_103304_batch_range35to46_openai_deepseek/39_L2Norm_/code/kernel_20251228_112323.py",
  "tolerance": 1,
  "max_abs_err": 4.656612873077393e-10,
  "mean_abs_err": 8.14184553110664e-11,
  "ref_latency_ms": {
    "avg": 27.567315673828126,
    "min": 27.564800262451172,
    "max": 27.570432662963867,
    "all": [
      27.56812858581543,
      27.567136764526367,
      27.564800262451172,
      27.570432662963867,
      27.56608009338379
    ]
  },
  "test_latency_ms": {
    "avg": 37.92762145996094,
    "min": 37.85728073120117,
    "max": 37.95935821533203,
    "all": [
      37.931007385253906,
      37.85728073120117,
      37.95935821533203,
      37.952510833740234,
      37.937950134277344
    ]
  },
  "num_runs": 5,
  "model_init_args": [],
  "model_init_kwargs": {},
  "seed": 100,
  "align_stats": {
    "copied_same_shape": 0,
    "unique_shape_copied": 0,
    "mapped_shape": 0,
    "skipped": 0,
    "pair_aligner": 0,
    "pair_key": "Model->ModelNew"
  },
  "runnable": true,
  "phase": "algorithm_optimized_seed0",
  "pytorch_baseline_ms": 27.573651123046876,
  "score": 0.7270071273031333
}