{
  "timestamp": "2025-12-28T11:16:31",
  "reference_file": "KernelBench/select2/39_L2Norm_.py",
  "candidate_file": "/home/hyc/LLMKernel/run/20251228_103304_batch_range35to46_openai_deepseek/39_L2Norm_/code/kernel_20251228_111611.py",
  "tolerance": 1,
  "max_abs_err": 1.862645149230957e-09,
  "mean_abs_err": 2.7614982522905507e-10,
  "ref_latency_ms": {
    "avg": 27.580595016479492,
    "min": 27.56812858581543,
    "max": 27.5894718170166,
    "all": [
      27.5894718170166,
      27.57811164855957,
      27.585535049438477,
      27.581727981567383,
      27.56812858581543
    ]
  },
  "test_latency_ms": {
    "avg": 39.89610824584961,
    "min": 39.87558364868164,
    "max": 39.92268753051758,
    "all": [
      39.89321517944336,
      39.87968063354492,
      39.92268753051758,
      39.87558364868164,
      39.90937423706055
    ]
  },
  "num_runs": 5,
  "model_init_args": [],
  "model_init_kwargs": {},
  "seed": 100,
  "align_stats": {
    "copied_same_shape": 0,
    "unique_shape_copied": 0,
    "mapped_shape": 0,
    "skipped": 0,
    "pair_aligner": 0,
    "pair_key": "Model->ModelNew"
  },
  "runnable": true,
  "phase": "seed_0_repair_1",
  "score": 0.6913104116953237
}