{
  "timestamp": "2025-12-12T14:22:43",
  "reference_file": "KernelBench/level1/39_L2Norm_.py",
  "candidate_file": "/home/hyc/LLMKernel/run/20251212_085222_batch_range20to30_deepseek_deepseek/39_L2Norm_/code/kernel_20251212_142224.py",
  "tolerance": 0.001,
  "max_abs_err": 4.656612873077393e-10,
  "mean_abs_err": 8.14184553110664e-11,
  "ref_latency_ms": {
    "avg": 26.902873229980468,
    "min": 26.8919677734375,
    "max": 26.92505645751953,
    "all": [
      26.92505645751953,
      26.89740753173828,
      26.8919677734375,
      26.89638328552246,
      26.90355110168457
    ]
  },
  "test_latency_ms": {
    "avg": 45.16961898803711,
    "min": 45.16457748413086,
    "max": 45.17887878417969,
    "all": [
      45.16659164428711,
      45.16633605957031,
      45.17887878417969,
      45.16457748413086,
      45.17171096801758
    ]
  },
  "num_runs": 5,
  "model_init_args": [],
  "model_init_kwargs": {},
  "seed": 100,
  "align_stats": {
    "copied_same_shape": 0,
    "unique_shape_copied": 0,
    "mapped_shape": 0,
    "skipped": 0,
    "pair_aligner": 0,
    "pair_key": "Model->ModelNew"
  },
  "runnable": true,
  "phase": "stage2_repair",
  "pytorch_baseline_ms": 26.924038696289063,
  "score": 0.5960652159456941
}