{
  "timestamp": "2025-12-28T11:18:26",
  "reference_file": "KernelBench/select2/39_L2Norm_.py",
  "candidate_file": "/home/hyc/LLMKernel/run/20251228_103304_batch_range35to46_openai_deepseek/39_L2Norm_/code/kernel_20251228_111810.py",
  "tolerance": 1,
  "max_abs_err": 4.656612873077393e-10,
  "mean_abs_err": 8.14184553110664e-11,
  "ref_latency_ms": {
    "avg": 27.573651123046876,
    "min": 27.561983108520508,
    "max": 27.60905647277832,
    "all": [
      27.56608009338379,
      27.56608009338379,
      27.561983108520508,
      27.56505584716797,
      27.60905647277832
    ]
  },
  "test_latency_ms": {
    "avg": 41.563636016845706,
    "min": 41.46467208862305,
    "max": 41.66313552856445,
    "all": [
      41.66313552856445,
      41.61872100830078,
      41.51808166503906,
      41.46467208862305,
      41.55356979370117
    ]
  },
  "num_runs": 5,
  "model_init_args": [],
  "model_init_kwargs": {},
  "seed": 100,
  "align_stats": {
    "copied_same_shape": 0,
    "unique_shape_copied": 0,
    "mapped_shape": 0,
    "skipped": 0,
    "pair_aligner": 0,
    "pair_key": "Model->ModelNew"
  },
  "runnable": true,
  "phase": "seed_1",
  "score": 0.6634080596767641
}