{
  "timestamp": "2025-12-12T13:57:15",
  "reference_file": "KernelBench/level1/39_L2Norm_.py",
  "candidate_file": "/home/hyc/LLMKernel/run/20251212_085222_batch_range20to30_deepseek_deepseek/39_L2Norm_/code/kernel_20251212_135656.py",
  "tolerance": 0.001,
  "max_abs_err": 4.656612873077393e-10,
  "mean_abs_err": 8.14184553110664e-11,
  "ref_latency_ms": {
    "avg": 26.924038696289063,
    "min": 26.918912887573242,
    "max": 26.935264587402344,
    "all": [
      26.935264587402344,
      26.921855926513672,
      26.918912887573242,
      26.923072814941406,
      26.92108726501465
    ]
  },
  "test_latency_ms": {
    "avg": 39.96104354858399,
    "min": 39.95110321044922,
    "max": 39.98003387451172,
    "all": [
      39.95110321044922,
      39.98003387451172,
      39.95315170288086,
      39.96035385131836,
      39.960575103759766
    ]
  },
  "num_runs": 5,
  "model_init_args": [],
  "model_init_kwargs": {},
  "seed": 100,
  "align_stats": {
    "copied_same_shape": 0,
    "unique_shape_copied": 0,
    "mapped_shape": 0,
    "skipped": 0,
    "pair_aligner": 0,
    "pair_key": "Model->ModelNew"
  },
  "runnable": true,
  "phase": "seed",
  "score": 0.6737571470964029
}