{
  "timestamp": "2025-12-28T11:27:11",
  "reference_file": "KernelBench/select2/39_L2Norm_.py",
  "candidate_file": "/home/hyc/LLMKernel/run/20251228_103304_batch_range35to46_openai_deepseek/39_L2Norm_/code/kernel_20251228_112654.py",
  "tolerance": 1,
  "max_abs_err": 4.656612873077393e-10,
  "mean_abs_err": 8.14184553110664e-11,
  "ref_latency_ms": {
    "avg": 27.565363311767577,
    "min": 27.563264846801758,
    "max": 27.56915283203125,
    "all": [
      27.56403160095215,
      27.56915283203125,
      27.563264846801758,
      27.564287185668945,
      27.56608009338379
    ]
  },
  "test_latency_ms": {
    "avg": 40.867776489257814,
    "min": 40.8521614074707,
    "max": 40.90982437133789,
    "all": [
      40.8535041809082,
      40.8521614074707,
      40.859649658203125,
      40.90982437133789,
      40.86374282836914
    ]
  },
  "num_runs": 5,
  "model_init_args": [],
  "model_init_kwargs": {},
  "seed": 100,
  "align_stats": {
    "copied_same_shape": 0,
    "unique_shape_copied": 0,
    "mapped_shape": 0,
    "skipped": 0,
    "pair_aligner": 0,
    "pair_key": "Model->ModelNew"
  },
  "runnable": true,
  "phase": "algorithm_optimized_seed1",
  "pytorch_baseline_ms": 27.573651123046876,
  "score": 0.6747039719739749
}