{
  "timestamp": "2025-12-12T14:09:38",
  "reference_file": "KernelBench/level1/39_L2Norm_.py",
  "candidate_file": "/home/hyc/LLMKernel/run/20251212_085222_batch_range20to30_deepseek_deepseek/39_L2Norm_/code/kernel_20251212_140919.py",
  "tolerance": 0.001,
  "max_abs_err": 2.3283064365386963e-09,
  "mean_abs_err": 6.249163964078264e-10,
  "ref_latency_ms": {
    "avg": 26.9197696685791,
    "min": 26.901439666748047,
    "max": 26.93120002746582,
    "all": [
      26.92505645751953,
      26.91916847229004,
      26.92198371887207,
      26.93120002746582,
      26.901439666748047
    ]
  },
  "test_latency_ms": {
    "avg": 61.486080932617185,
    "min": 61.4574089050293,
    "max": 61.522945404052734,
    "all": [
      61.4574089050293,
      61.488128662109375,
      61.480960845947266,
      61.480960845947266,
      61.522945404052734
    ]
  },
  "num_runs": 5,
  "model_init_args": [],
  "model_init_kwargs": {},
  "seed": 100,
  "align_stats": {
    "copied_same_shape": 0,
    "unique_shape_copied": 0,
    "mapped_shape": 0,
    "skipped": 0,
    "pair_aligner": 0,
    "pair_key": "Model->ModelNew"
  },
  "runnable": true,
  "phase": "stage1_repair",
  "pytorch_baseline_ms": 26.924038696289063,
  "score": 0.43788835274434246
}