{
  "timestamp": "2025-12-28T11:33:52",
  "reference_file": "KernelBench/select2/39_L2Norm_.py",
  "candidate_file": "/home/hyc/LLMKernel/run/20251228_103304_batch_range35to46_openai_deepseek/39_L2Norm_/code/kernel_20251228_113335.py",
  "tolerance": 1,
  "max_abs_err": 4.656612873077393e-10,
  "mean_abs_err": 8.14184553110664e-11,
  "ref_latency_ms": {
    "avg": 27.56621437072754,
    "min": 27.562015533447266,
    "max": 27.572223663330078,
    "all": [
      27.56505584716797,
      27.56595230102539,
      27.562015533447266,
      27.565824508666992,
      27.572223663330078
    ]
  },
  "test_latency_ms": {
    "avg": 37.92630386352539,
    "min": 37.91462326049805,
    "max": 37.9422721862793,
    "all": [
      37.924896240234375,
      37.91462326049805,
      37.92588806152344,
      37.9422721862793,
      37.9238395690918
    ]
  },
  "num_runs": 5,
  "model_init_args": [],
  "model_init_kwargs": {},
  "seed": 100,
  "align_stats": {
    "copied_same_shape": 0,
    "unique_shape_copied": 0,
    "mapped_shape": 0,
    "skipped": 0,
    "pair_aligner": 0,
    "pair_key": "Model->ModelNew"
  },
  "runnable": true,
  "phase": "stage2_block_tiling",
  "pytorch_baseline_ms": 27.573651123046876,
  "score": 0.727032384233073
}