{
  "timestamp": "2025-12-28T11:29:19",
  "reference_file": "KernelBench/select2/39_L2Norm_.py",
  "candidate_file": "/home/hyc/LLMKernel/run/20251228_103304_batch_range35to46_openai_deepseek/39_L2Norm_/code/kernel_20251228_112903.py",
  "tolerance": 1,
  "max_abs_err": 4.656612873077393e-10,
  "mean_abs_err": 8.14184553110664e-11,
  "ref_latency_ms": {
    "avg": 27.56434555053711,
    "min": 27.5581111907959,
    "max": 27.571903228759766,
    "all": [
      27.56800079345703,
      27.5581111907959,
      27.56096076965332,
      27.56275177001953,
      27.571903228759766
    ]
  },
  "test_latency_ms": {
    "avg": 37.925741577148436,
    "min": 37.90745544433594,
    "max": 37.94512176513672,
    "all": [
      37.93171310424805,
      37.90745544433594,
      37.92486572265625,
      37.919551849365234,
      37.94512176513672
    ]
  },
  "num_runs": 5,
  "model_init_args": [],
  "model_init_kwargs": {},
  "seed": 100,
  "align_stats": {
    "copied_same_shape": 0,
    "unique_shape_copied": 0,
    "mapped_shape": 0,
    "skipped": 0,
    "pair_aligner": 0,
    "pair_key": "Model->ModelNew"
  },
  "runnable": true,
  "phase": "stage1_grid_and_parallel",
  "pytorch_baseline_ms": 27.573651123046876,
  "score": 0.7270431632024026
}