{
  "timestamp": "2025-12-15T04:17:25",
  "reference_file": "KernelBench/level2/75_Gemm_GroupNorm_Min_BiasAdd.py",
  "candidate_file": "/home/hyc/LLMKernel/run/20251215_024837_batch_range56to88_openai_deepseek/75_Gemm_GroupNorm_Min_BiasAdd/code/kernel_20251215_041719.py",
  "tolerance": 0.001,
  "max_abs_err": 0.0006933212280273438,
  "mean_abs_err": 0.00013210027827881277,
  "ref_latency_ms": {
    "avg": 3.475827217102051,
    "min": 3.471359968185425,
    "max": 3.4856960773468018,
    "all": [
      3.4856960773468018,
      3.4744319915771484,
      3.475264072418213,
      3.471359968185425,
      3.472383975982666
    ]
  },
  "test_latency_ms": {
    "avg": 2.407852792739868,
    "min": 2.4002559185028076,
    "max": 2.416640043258667,
    "all": [
      2.416640043258667,
      2.4083518981933594,
      2.403520107269287,
      2.4002559185028076,
      2.4104959964752197
    ]
  },
  "num_runs": 5,
  "model_init_args": [
    8192,
    8192,
    512,
    [
      1,
      8192,
      1,
      1
    ]
  ],
  "model_init_kwargs": {},
  "seed": 100,
  "align_stats": {
    "pair_aligner": 1,
    "copied_same_shape": 1,
    "mapped_shape": 0,
    "skipped": 0,
    "pair_key": "Model->ModelNew"
  },
  "runnable": true,
  "phase": "seed",
  "score": 1.443538088201375
}