{
  "timestamp": "2025-12-15T04:19:15",
  "reference_file": "KernelBench/level2/75_Gemm_GroupNorm_Min_BiasAdd.py",
  "candidate_file": "/home/hyc/LLMKernel/run/20251215_024837_batch_range56to88_openai_deepseek/75_Gemm_GroupNorm_Min_BiasAdd/code/kernel_20251215_041908.py",
  "tolerance": 0.001,
  "max_abs_err": 0.0006933212280273438,
  "mean_abs_err": 0.00013210120960138738,
  "ref_latency_ms": {
    "avg": 3.5149375915527346,
    "min": 3.5100479125976562,
    "max": 3.527679920196533,
    "all": [
      3.527679920196533,
      3.5100479125976562,
      3.516416072845459,
      3.5102720260620117,
      3.5102720260620117
    ]
  },
  "test_latency_ms": {
    "avg": 2.0983423709869387,
    "min": 2.088063955307007,
    "max": 2.108383893966675,
    "all": [
      2.108383893966675,
      2.098912000656128,
      2.0930559635162354,
      2.088063955307007,
      2.1032960414886475
    ]
  },
  "num_runs": 5,
  "model_init_args": [
    8192,
    8192,
    512,
    [
      1,
      8192,
      1,
      1
    ]
  ],
  "model_init_kwargs": {},
  "seed": 100,
  "align_stats": {
    "pair_aligner": 1,
    "copied_same_shape": 1,
    "mapped_shape": 0,
    "skipped": 0,
    "pair_key": "Model->ModelNew"
  },
  "runnable": true,
  "phase": "stage1_grid_and_parallel",
  "pytorch_baseline_ms": 3.475827217102051,
  "score": 1.6564633422844257
}