{
  "timestamp": "2025-12-15T04:21:46",
  "reference_file": "KernelBench/level2/75_Gemm_GroupNorm_Min_BiasAdd.py",
  "candidate_file": "/home/hyc/LLMKernel/run/20251215_024837_batch_range56to88_openai_deepseek/75_Gemm_GroupNorm_Min_BiasAdd/code/kernel_20251215_042139.py",
  "tolerance": 0.001,
  "max_abs_err": 0.0006933212280273438,
  "mean_abs_err": 0.00013209984172135592,
  "ref_latency_ms": {
    "avg": 3.511891174316406,
    "min": 3.502079963684082,
    "max": 3.527679920196533,
    "all": [
      3.527679920196533,
      3.513439893722534,
      3.507200002670288,
      3.502079963684082,
      3.5090560913085938
    ]
  },
  "test_latency_ms": {
    "avg": 2.2369664192199705,
    "min": 2.229088068008423,
    "max": 2.2434558868408203,
    "all": [
      2.234368085861206,
      2.229088068008423,
      2.2364161014556885,
      2.241503953933716,
      2.2434558868408203
    ]
  },
  "num_runs": 5,
  "model_init_args": [
    8192,
    8192,
    512,
    [
      1,
      8192,
      1,
      1
    ]
  ],
  "model_init_kwargs": {},
  "seed": 100,
  "align_stats": {
    "pair_aligner": 1,
    "copied_same_shape": 1,
    "mapped_shape": 0,
    "skipped": 0,
    "pair_key": "Model->ModelNew"
  },
  "runnable": true,
  "phase": "stage2_block_tiling",
  "pytorch_baseline_ms": 3.475827217102051,
  "score": 1.553812872306805
}