{
  "timestamp": "2025-12-15T04:26:40",
  "reference_file": "KernelBench/level2/75_Gemm_GroupNorm_Min_BiasAdd.py",
  "candidate_file": "/home/hyc/LLMKernel/run/20251215_024837_batch_range56to88_openai_deepseek/75_Gemm_GroupNorm_Min_BiasAdd/code/kernel_20251215_042634.py",
  "tolerance": 0.001,
  "max_abs_err": 0.0006933212280273438,
  "mean_abs_err": 0.00013210120960138738,
  "ref_latency_ms": {
    "avg": 3.4758719921112062,
    "min": 3.4693119525909424,
    "max": 3.4868481159210205,
    "all": [
      3.4868481159210205,
      3.4766080379486084,
      3.475231885910034,
      3.4693119525909424,
      3.471359968185425
    ]
  },
  "test_latency_ms": {
    "avg": 2.0592063426971436,
    "min": 2.054111957550049,
    "max": 2.0654079914093018,
    "all": [
      2.0654079914093018,
      2.0602879524230957,
      2.054111957550049,
      2.056191921234131,
      2.0600318908691406
    ]
  },
  "num_runs": 5,
  "model_init_args": [
    8192,
    8192,
    512,
    [
      1,
      8192,
      1,
      1
    ]
  ],
  "model_init_kwargs": {},
  "seed": 100,
  "align_stats": {
    "pair_aligner": 1,
    "copied_same_shape": 1,
    "mapped_shape": 0,
    "skipped": 0,
    "pair_key": "Model->ModelNew"
  },
  "runnable": true,
  "phase": "stage4_advanced_memory",
  "pytorch_baseline_ms": 3.475827217102051,
  "score": 1.6879450810885812
}