{
  "timestamp": "2025-12-15T04:24:23",
  "reference_file": "KernelBench/level2/75_Gemm_GroupNorm_Min_BiasAdd.py",
  "candidate_file": "/home/hyc/LLMKernel/run/20251215_024837_batch_range56to88_openai_deepseek/75_Gemm_GroupNorm_Min_BiasAdd/code/kernel_20251215_042414.py",
  "tolerance": 0.001,
  "max_abs_err": 0.0006933212280273438,
  "mean_abs_err": 0.00013210120960138738,
  "ref_latency_ms": {
    "avg": 3.4764479637145995,
    "min": 3.462143898010254,
    "max": 3.494719982147217,
    "all": [
      3.494719982147217,
      3.4754879474639893,
      3.468287944793701,
      3.481600046157837,
      3.462143898010254
    ]
  },
  "test_latency_ms": {
    "avg": 2.0876991748809814,
    "min": 2.0795838832855225,
    "max": 2.1073920726776123,
    "all": [
      2.086911916732788,
      2.0848639011383057,
      2.0797441005706787,
      2.0795838832855225,
      2.1073920726776123
    ]
  },
  "num_runs": 5,
  "model_init_args": [
    8192,
    8192,
    512,
    [
      1,
      8192,
      1,
      1
    ]
  ],
  "model_init_kwargs": {},
  "seed": 100,
  "align_stats": {
    "pair_aligner": 1,
    "copied_same_shape": 1,
    "mapped_shape": 0,
    "skipped": 0,
    "pair_key": "Model->ModelNew"
  },
  "runnable": true,
  "phase": "stage3_memory_access",
  "pytorch_baseline_ms": 3.475827217102051,
  "score": 1.6649080762798145
}