{
  "timestamp": "2025-12-13T11:04:42",
  "reference_file": "KernelBench/level1_low_score/82_conv_depthwise_2D_square_input_square_kernel.py",
  "candidate_file": "/home/hyc/LLMKernel/run/20251213_091928_batch_range68to99_openai_deepseek/82_conv_depthwise_2D_square_input_square_kernel/code/kernel_20251213_110437.py",
  "tolerance": 0.001,
  "max_abs_err": 0.0,
  "mean_abs_err": 0.0,
  "ref_latency_ms": {
    "avg": 3.870137643814087,
    "min": 3.863840103149414,
    "max": 3.8808960914611816,
    "all": [
      3.8808960914611816,
      3.8707199096679688,
      3.8657920360565186,
      3.863840103149414,
      3.8694400787353516
    ]
  },
  "test_latency_ms": {
    "avg": 3.5113215923309324,
    "min": 3.507200002670288,
    "max": 3.5136959552764893,
    "all": [
      3.5102720260620117,
      3.5136959552764893,
      3.512320041656494,
      3.507200002670288,
      3.51311993598938
    ]
  },
  "num_runs": 5,
  "model_init_args": [
    64,
    3,
    1,
    0
  ],
  "model_init_kwargs": {},
  "seed": 100,
  "align_stats": {
    "pair_aligner": 1,
    "copied_same_shape": 1,
    "mapped_shape": 0,
    "skipped": 0,
    "pair_key": "Model->ModelNew"
  },
  "runnable": true,
  "phase": "stage1_repair",
  "pytorch_baseline_ms": 4.031020832061768,
  "score": 1.1480067336657254
}