{
  "timestamp": "2025-12-13T11:03:32",
  "reference_file": "KernelBench/level1_low_score/82_conv_depthwise_2D_square_input_square_kernel.py",
  "candidate_file": "/home/hyc/LLMKernel/run/20251213_091928_batch_range68to99_openai_deepseek/82_conv_depthwise_2D_square_input_square_kernel/code/kernel_20251213_110327.py",
  "tolerance": 0.001,
  "max_abs_err": 0.0,
  "mean_abs_err": 0.0,
  "ref_latency_ms": {
    "avg": 4.031020832061768,
    "min": 4.0069122314453125,
    "max": 4.073184013366699,
    "all": [
      4.017151832580566,
      4.0069122314453125,
      4.009984016418457,
      4.047872066497803,
      4.073184013366699
    ]
  },
  "test_latency_ms": {
    "avg": 3.444345569610596,
    "min": 3.442528009414673,
    "max": 3.4488959312438965,
    "all": [
      3.4488959312438965,
      3.44268798828125,
      3.4428799152374268,
      3.442528009414673,
      3.4447360038757324
    ]
  },
  "num_runs": 5,
  "model_init_args": [
    64,
    3,
    1,
    0
  ],
  "model_init_kwargs": {},
  "seed": 100,
  "align_stats": {
    "pair_aligner": 1,
    "copied_same_shape": 1,
    "mapped_shape": 0,
    "skipped": 0,
    "pair_key": "Model->ModelNew"
  },
  "runnable": true,
  "phase": "seed",
  "score": 1.1703299656188386
}