{
  "timestamp": "2025-12-13T11:07:33",
  "reference_file": "KernelBench/level1_low_score/82_conv_depthwise_2D_square_input_square_kernel.py",
  "candidate_file": "/home/hyc/LLMKernel/run/20251213_091928_batch_range68to99_openai_deepseek/82_conv_depthwise_2D_square_input_square_kernel/code/kernel_20251213_110728.py",
  "tolerance": 0.001,
  "max_abs_err": 0.0,
  "mean_abs_err": 0.0,
  "ref_latency_ms": {
    "avg": 3.9513983726501465,
    "min": 3.9444479942321777,
    "max": 3.9639039039611816,
    "all": [
      3.9639039039611816,
      3.9556479454040527,
      3.9444479942321777,
      3.945472002029419,
      3.9475200176239014
    ]
  },
  "test_latency_ms": {
    "avg": 3.4556032180786134,
    "min": 3.451904058456421,
    "max": 3.4611198902130127,
    "all": [
      3.4611198902130127,
      3.4539520740509033,
      3.451904058456421,
      3.451904058456421,
      3.4591360092163086
    ]
  },
  "num_runs": 5,
  "model_init_args": [
    64,
    3,
    1,
    0
  ],
  "model_init_kwargs": {},
  "seed": 100,
  "align_stats": {
    "pair_aligner": 1,
    "copied_same_shape": 1,
    "mapped_shape": 0,
    "skipped": 0,
    "pair_key": "Model->ModelNew"
  },
  "runnable": true,
  "phase": "stage4_repair",
  "pytorch_baseline_ms": 4.031020832061768,
  "score": 1.16651726997265
}