{
  "timestamp": "2025-12-15T05:45:14",
  "reference_file": "KernelBench/level2/46_Conv2d_Subtract_Tanh_Subtract_AvgPool.py",
  "candidate_file": "/home/hyc/LLMKernel/run/20251215_024803_batch_range31to55_openai_deepseek/46_Conv2d_Subtract_Tanh_Subtract_AvgPool/code/kernel_20251215_054506.py",
  "tolerance": 0.001,
  "max_abs_err": 0.000542759895324707,
  "mean_abs_err": 9.975548891816288e-05,
  "ref_latency_ms": {
    "avg": 15.182329750061035,
    "min": 15.175680160522461,
    "max": 15.18883228302002,
    "all": [
      15.18883228302002,
      15.187744140625,
      15.178624153137207,
      15.175680160522461,
      15.180768013000488
    ]
  },
  "test_latency_ms": {
    "avg": 7.42743673324585,
    "min": 7.421951770782471,
    "max": 7.43833589553833,
    "all": [
      7.429120063781738,
      7.421951770782471,
      7.422976016998291,
      7.424799919128418,
      7.43833589553833
    ]
  },
  "num_runs": 5,
  "model_init_args": [
    64,
    128,
    3,
    0.5,
    0.2,
    2
  ],
  "model_init_kwargs": {},
  "seed": 100,
  "align_stats": {
    "pair_aligner": 1,
    "copied_same_shape": 1,
    "mapped_shape": 0,
    "skipped": 0,
    "pair_key": "Model->ModelNew"
  },
  "runnable": true,
  "phase": "stage3_memory_access",
  "pytorch_baseline_ms": 15.182233810424805,
  "score": 2.044074470869312
}