{
  "timestamp": "2025-12-15T05:42:55",
  "reference_file": "KernelBench/level2/46_Conv2d_Subtract_Tanh_Subtract_AvgPool.py",
  "candidate_file": "/home/hyc/LLMKernel/run/20251215_024803_batch_range31to55_openai_deepseek/46_Conv2d_Subtract_Tanh_Subtract_AvgPool/code/kernel_20251215_054248.py",
  "tolerance": 0.001,
  "max_abs_err": 0.0005427002906799316,
  "mean_abs_err": 9.975263674277812e-05,
  "ref_latency_ms": {
    "avg": 15.181830596923827,
    "min": 15.175680160522461,
    "max": 15.191072463989258,
    "all": [
      15.191072463989258,
      15.18387222290039,
      15.175680160522461,
      15.176704406738281,
      15.18182373046875
    ]
  },
  "test_latency_ms": {
    "avg": 9.455411338806153,
    "min": 9.441280364990234,
    "max": 9.473024368286133,
    "all": [
      9.441280364990234,
      9.447423934936523,
      9.451519966125488,
      9.463808059692383,
      9.473024368286133
    ]
  },
  "num_runs": 5,
  "model_init_args": [
    64,
    128,
    3,
    0.5,
    0.2,
    2
  ],
  "model_init_kwargs": {},
  "seed": 100,
  "align_stats": {
    "pair_aligner": 1,
    "copied_same_shape": 1,
    "mapped_shape": 0,
    "skipped": 0,
    "pair_key": "Model->ModelNew"
  },
  "runnable": true,
  "phase": "stage2_block_tiling",
  "pytorch_baseline_ms": 15.182233810424805,
  "score": 1.6056661383006237
}