{
  "timestamp": "2025-12-15T05:41:39",
  "reference_file": "KernelBench/level2/46_Conv2d_Subtract_Tanh_Subtract_AvgPool.py",
  "candidate_file": "/home/hyc/LLMKernel/run/20251215_024803_batch_range31to55_openai_deepseek/46_Conv2d_Subtract_Tanh_Subtract_AvgPool/code/kernel_20251215_054134.py",
  "tolerance": 0.001,
  "max_abs_err": 0.0005427300930023193,
  "mean_abs_err": 9.975207649404183e-05,
  "ref_latency_ms": {
    "avg": 15.407327842712402,
    "min": 15.394911766052246,
    "max": 15.417344093322754,
    "all": [
      15.417344093322754,
      15.413248062133789,
      15.394911766052246,
      15.39583969116211,
      15.415295600891113
    ]
  },
  "test_latency_ms": {
    "avg": 10.490220832824708,
    "min": 10.487520217895508,
    "max": 10.493151664733887,
    "all": [
      10.491904258728027,
      10.487520217895508,
      10.488672256469727,
      10.493151664733887,
      10.489855766296387
    ]
  },
  "num_runs": 5,
  "model_init_args": [
    64,
    128,
    3,
    0.5,
    0.2,
    2
  ],
  "model_init_kwargs": {},
  "seed": 100,
  "align_stats": {
    "pair_aligner": 1,
    "copied_same_shape": 1,
    "mapped_shape": 0,
    "skipped": 0,
    "pair_key": "Model->ModelNew"
  },
  "runnable": true,
  "phase": "stage1_grid_and_parallel",
  "pytorch_baseline_ms": 15.182233810424805,
  "score": 1.4472749480085707
}