{
  "timestamp": "2025-12-15T05:39:33",
  "reference_file": "KernelBench/level2/46_Conv2d_Subtract_Tanh_Subtract_AvgPool.py",
  "candidate_file": "/home/hyc/LLMKernel/run/20251215_024803_batch_range31to55_openai_deepseek/46_Conv2d_Subtract_Tanh_Subtract_AvgPool/code/kernel_20251215_053927.py",
  "tolerance": 0.001,
  "max_abs_err": 0.000209122896194458,
  "mean_abs_err": 3.913348336936906e-05,
  "ref_latency_ms": {
    "avg": 15.182233810424805,
    "min": 15.178751945495605,
    "max": 15.186944007873535,
    "all": [
      15.186944007873535,
      15.180800437927246,
      15.18387222290039,
      15.178751945495605,
      15.180800437927246
    ]
  },
  "test_latency_ms": {
    "avg": 165.45055236816407,
    "min": 161.64761352539062,
    "max": 170.75814819335938,
    "all": [
      161.64761352539062,
      170.75814819335938,
      162.13504028320312,
      162.18316650390625,
      170.52879333496094
    ]
  },
  "num_runs": 5,
  "model_init_args": [
    64,
    128,
    3,
    0.5,
    0.2,
    2
  ],
  "model_init_kwargs": {},
  "seed": 100,
  "align_stats": {
    "pair_aligner": 1,
    "copied_same_shape": 1,
    "mapped_shape": 0,
    "skipped": 0,
    "pair_key": "Model->ModelNew"
  },
  "runnable": true,
  "phase": "seed_repair",
  "score": 0.0917629684102896
}