{
  "timestamp": "2025-12-15T05:46:18",
  "reference_file": "KernelBench/level2/46_Conv2d_Subtract_Tanh_Subtract_AvgPool.py",
  "candidate_file": "/home/hyc/LLMKernel/run/20251215_024803_batch_range31to55_openai_deepseek/46_Conv2d_Subtract_Tanh_Subtract_AvgPool/code/kernel_20251215_054611.py",
  "tolerance": 0.001,
  "max_abs_err": 0.000542759895324707,
  "mean_abs_err": 9.975548891816288e-05,
  "ref_latency_ms": {
    "avg": 15.186092758178711,
    "min": 15.179776191711426,
    "max": 15.205375671386719,
    "all": [
      15.205375671386719,
      15.181599617004395,
      15.179776191711426,
      15.180800437927246,
      15.18291187286377
    ]
  },
  "test_latency_ms": {
    "avg": 8.224313545227051,
    "min": 8.117247581481934,
    "max": 8.355615615844727,
    "all": [
      8.117247581481934,
      8.131584167480469,
      8.168448448181152,
      8.348671913146973,
      8.355615615844727
    ]
  },
  "num_runs": 5,
  "model_init_args": [
    64,
    128,
    3,
    0.5,
    0.2,
    2
  ],
  "model_init_kwargs": {},
  "seed": 100,
  "align_stats": {
    "pair_aligner": 1,
    "copied_same_shape": 1,
    "mapped_shape": 0,
    "skipped": 0,
    "pair_key": "Model->ModelNew"
  },
  "runnable": true,
  "phase": "stage4_advanced_memory",
  "pytorch_baseline_ms": 15.182233810424805,
  "score": 1.8460183609166694
}