{
  "timestamp": "2025-12-14T16:02:11",
  "reference_file": "KernelBench/level2/61_ConvTranspose3d_ReLU_GroupNorm.py",
  "candidate_file": "/home/hyc/LLMKernel/run/20251214_114735_batch_range56to80_deepseek_deepseek/61_ConvTranspose3d_ReLU_GroupNorm/code/kernel_20251214_160207.py",
  "tolerance": 0.001,
  "max_abs_err": 1.430511474609375e-06,
  "mean_abs_err": 1.9252033212069364e-07,
  "ref_latency_ms": {
    "avg": 6.769664096832275,
    "min": 6.761472225189209,
    "max": 6.776832103729248,
    "all": [
      6.776832103729248,
      6.772736072540283,
      6.761472225189209,
      6.770688056945801,
      6.766592025756836
    ]
  },
  "test_latency_ms": {
    "avg": 8.15412483215332,
    "min": 8.10700798034668,
    "max": 8.22374439239502,
    "all": [
      8.22374439239502,
      8.153984069824219,
      8.148159980773926,
      8.137727737426758,
      8.10700798034668
    ]
  },
  "num_runs": 5,
  "model_init_args": [
    64,
    128,
    3,
    8,
    false
  ],
  "model_init_kwargs": {},
  "seed": 100,
  "align_stats": {
    "pair_aligner": 1,
    "copied_same_shape": 1,
    "mapped_shape": 0,
    "skipped": 0,
    "pair_key": "Model->ModelNew"
  },
  "runnable": true,
  "phase": "seed_repair",
  "score": 0.8302134485528302
}