{
  "timestamp": "2025-12-14T16:16:26",
  "reference_file": "KernelBench/level2/61_ConvTranspose3d_ReLU_GroupNorm.py",
  "candidate_file": "/home/hyc/LLMKernel/run/20251214_114735_batch_range56to80_deepseek_deepseek/61_ConvTranspose3d_ReLU_GroupNorm/code/kernel_20251214_161623.py",
  "tolerance": 0.001,
  "max_abs_err": 1.430511474609375e-06,
  "mean_abs_err": 2.1737101008056925e-07,
  "ref_latency_ms": {
    "avg": 6.760633563995361,
    "min": 6.754303932189941,
    "max": 6.767615795135498,
    "all": [
      6.767615795135498,
      6.762400150299072,
      6.754303932189941,
      6.758399963378906,
      6.760447978973389
    ]
  },
  "test_latency_ms": {
    "avg": 6.880230331420899,
    "min": 6.871039867401123,
    "max": 6.890495777130127,
    "all": [
      6.890495777130127,
      6.880256175994873,
      6.878079891204834,
      6.871039867401123,
      6.881279945373535
    ]
  },
  "num_runs": 5,
  "model_init_args": [
    64,
    128,
    3,
    8,
    false
  ],
  "model_init_kwargs": {},
  "seed": 100,
  "align_stats": {
    "pair_aligner": 1,
    "copied_same_shape": 1,
    "mapped_shape": 0,
    "skipped": 0,
    "pair_key": "Model->ModelNew"
  },
  "runnable": true,
  "phase": "stage2_block_tiling",
  "pytorch_baseline_ms": 6.769664096832275,
  "score": 0.9839298643704287
}