{
  "timestamp": "2025-12-14T16:21:02",
  "reference_file": "KernelBench/level2/61_ConvTranspose3d_ReLU_GroupNorm.py",
  "candidate_file": "/home/hyc/LLMKernel/run/20251214_114735_batch_range56to80_deepseek_deepseek/61_ConvTranspose3d_ReLU_GroupNorm/code/kernel_20251214_162058.py",
  "tolerance": 0.001,
  "max_abs_err": 4.291534423828125e-06,
  "mean_abs_err": 6.844750828349788e-07,
  "ref_latency_ms": {
    "avg": 6.759980869293213,
    "min": 6.755296230316162,
    "max": 6.7645440101623535,
    "all": [
      6.7645440101623535,
      6.7624640464782715,
      6.756351947784424,
      6.7612481117248535,
      6.755296230316162
    ]
  },
  "test_latency_ms": {
    "avg": 6.470809650421143,
    "min": 6.468544006347656,
    "max": 6.475776195526123,
    "all": [
      6.475776195526123,
      6.469727993011475,
      6.468544006347656,
      6.4694719314575195,
      6.4705281257629395
    ]
  },
  "num_runs": 5,
  "model_init_args": [
    64,
    128,
    3,
    8,
    false
  ],
  "model_init_kwargs": {},
  "seed": 100,
  "align_stats": {
    "pair_aligner": 1,
    "copied_same_shape": 1,
    "mapped_shape": 0,
    "skipped": 0,
    "pair_key": "Model->ModelNew"
  },
  "runnable": true,
  "phase": "stage3_memory_access",
  "pytorch_baseline_ms": 6.769664096832275,
  "score": 1.0461850158722692
}