{
  "timestamp": "2025-12-13T03:50:03",
  "reference_file": "KernelBench/level1/99_TripletMarginLoss.py",
  "candidate_file": "/home/hyc/LLMKernel/run/20251212_170115_batch_range70to100_deepseek_deepseek/99_TripletMarginLoss/code/kernel_20251213_034955.py",
  "tolerance": 0.001,
  "max_abs_err": 0.0,
  "mean_abs_err": 0.0,
  "ref_latency_ms": {
    "avg": 13.88988151550293,
    "min": 13.882111549377441,
    "max": 13.896703720092773,
    "all": [
      13.896703720092773,
      13.89465618133545,
      13.882111549377441,
      13.888511657714844,
      13.88742446899414
    ]
  },
  "test_latency_ms": {
    "avg": 3.410547208786011,
    "min": 3.4047999382019043,
    "max": 3.4150400161743164,
    "all": [
      3.4150400161743164,
      3.4109439849853516,
      3.4047999382019043,
      3.4089601039886475,
      3.412992000579834
    ]
  },
  "num_runs": 5,
  "model_init_args": [
    1.0
  ],
  "model_init_kwargs": {},
  "seed": 100,
  "align_stats": {
    "copied_same_shape": 0,
    "unique_shape_copied": 0,
    "mapped_shape": 0,
    "skipped": 0,
    "pair_aligner": 0,
    "pair_key": "Model->ModelNew"
  },
  "runnable": true,
  "phase": "stage3_memory_access",
  "pytorch_baseline_ms": 13.889740753173829,
  "score": 4.072584222670209
}