{
  "timestamp": "2025-12-13T03:36:33",
  "reference_file": "KernelBench/level1/99_TripletMarginLoss.py",
  "candidate_file": "/home/hyc/LLMKernel/run/20251212_170115_batch_range70to100_deepseek_deepseek/99_TripletMarginLoss/code/kernel_20251213_033626.py",
  "tolerance": 0.001,
  "max_abs_err": 0.0,
  "mean_abs_err": 0.0,
  "ref_latency_ms": {
    "avg": 13.889740753173829,
    "min": 13.882368087768555,
    "max": 13.897727966308594,
    "all": [
      13.897727966308594,
      13.884415626525879,
      13.889535903930664,
      13.882368087768555,
      13.89465618133545
    ]
  },
  "test_latency_ms": {
    "avg": 3.4092607498168945,
    "min": 3.4026880264282227,
    "max": 3.4178879261016846,
    "all": [
      3.4178879261016846,
      3.409087896347046,
      3.403775930404663,
      3.4026880264282227,
      3.4128639698028564
    ]
  },
  "num_runs": 5,
  "model_init_args": [
    1.0
  ],
  "model_init_kwargs": {},
  "seed": 100,
  "align_stats": {
    "copied_same_shape": 0,
    "unique_shape_copied": 0,
    "mapped_shape": 0,
    "skipped": 0,
    "pair_aligner": 0,
    "pair_key": "Model->ModelNew"
  },
  "runnable": true,
  "phase": "seed_repair",
  "score": 4.0741209817758355
}