{
  "timestamp": "2025-12-23T08:37:58",
  "reference_file": "KernelBench/level2/70_Gemm_Sigmoid_Scaling_ResidualAdd.py",
  "candidate_file": "/home/hyc/LLMKernel/run/20251223_083423_70_Gemm_Sigmoid_Scaling_ResidualAdd_openai_deepseek/70_Gemm_Sigmoid_Scaling_ResidualAdd/code/kernel_20251223_083751.py",
  "tolerance": 1,
  "max_abs_err": 0.0069942474365234375,
  "mean_abs_err": 0.00021311207092367113,
  "ref_latency_ms": {
    "avg": 3.2979712009429933,
    "min": 3.2868480682373047,
    "max": 3.31606388092041,
    "all": [
      3.31606388092041,
      3.2951040267944336,
      3.294559955596924,
      3.2972800731658936,
      3.2868480682373047
    ]
  },
  "test_latency_ms": {
    "avg": 1.082534408569336,
    "min": 1.077247977256775,
    "max": 1.0872000455856323,
    "all": [
      1.0854400396347046,
      1.082368016242981,
      1.077247977256775,
      1.080415964126587,
      1.0872000455856323
    ]
  },
  "num_runs": 5,
  "model_init_args": [
    8192,
    8192,
    2.0
  ],
  "model_init_kwargs": {},
  "seed": 100,
  "align_stats": {
    "copied_same_shape": 0,
    "unique_shape_copied": 2,
    "mapped_shape": 0,
    "skipped": 0,
    "pair_aligner": 0,
    "pair_key": "Model->ModelNew"
  },
  "runnable": true,
  "phase": "stage2_block_tiling",
  "pytorch_baseline_ms": 3.1852543354034424,
  "score": 2.9424047034338936
}