{
  "timestamp": "2025-12-14T20:55:16",
  "reference_file": "KernelBench/level2/70_Gemm_Sigmoid_Scaling_ResidualAdd.py",
  "candidate_file": "/home/hyc/LLMKernel/run/20251214_114735_batch_range56to80_deepseek_deepseek/70_Gemm_Sigmoid_Scaling_ResidualAdd/code/kernel_20251214_205510.py",
  "tolerance": 0.001,
  "max_abs_err": 3.814697265625e-05,
  "mean_abs_err": 5.882378104615782e-07,
  "ref_latency_ms": {
    "avg": 3.3016000270843504,
    "min": 3.2910079956054688,
    "max": 3.3159680366516113,
    "all": [
      3.3159680366516113,
      3.299328088760376,
      3.3013761043548584,
      3.3003199100494385,
      3.2910079956054688
    ]
  },
  "test_latency_ms": {
    "avg": 6.592243289947509,
    "min": 6.564864158630371,
    "max": 6.616064071655273,
    "all": [
      6.600448131561279,
      6.616064071655273,
      6.582272052764893,
      6.564864158630371,
      6.597568035125732
    ]
  },
  "num_runs": 5,
  "model_init_args": [
    8192,
    8192,
    2.0
  ],
  "model_init_kwargs": {},
  "seed": 100,
  "align_stats": {
    "copied_same_shape": 0,
    "unique_shape_copied": 2,
    "mapped_shape": 0,
    "skipped": 0,
    "pair_aligner": 0,
    "pair_key": "Model->ModelNew"
  },
  "runnable": true,
  "phase": "stage2_repair",
  "pytorch_baseline_ms": 3.1588351726531982,
  "score": 0.47917454403876386
}