{
  "timestamp": "2025-12-23T08:36:09",
  "reference_file": "KernelBench/level2/70_Gemm_Sigmoid_Scaling_ResidualAdd.py",
  "candidate_file": "/home/hyc/LLMKernel/run/20251223_083423_70_Gemm_Sigmoid_Scaling_ResidualAdd_openai_deepseek/70_Gemm_Sigmoid_Scaling_ResidualAdd/code/kernel_20251223_083603.py",
  "tolerance": 1,
  "max_abs_err": 0.0069942474365234375,
  "mean_abs_err": 0.00021311207092367113,
  "ref_latency_ms": {
    "avg": 3.1910143852233888,
    "min": 3.1825919151306152,
    "max": 3.199712038040161,
    "all": [
      3.199712038040161,
      3.190783977508545,
      3.189471960067749,
      3.1825919151306152,
      3.192512035369873
    ]
  },
  "test_latency_ms": {
    "avg": 1.0675456047058105,
    "min": 1.0657919645309448,
    "max": 1.070080041885376,
    "all": [
      1.070080041885376,
      1.0659840106964111,
      1.0659840106964111,
      1.0657919645309448,
      1.0698879957199097
    ]
  },
  "num_runs": 5,
  "model_init_args": [
    8192,
    8192,
    2.0
  ],
  "model_init_kwargs": {},
  "seed": 100,
  "align_stats": {
    "copied_same_shape": 0,
    "unique_shape_copied": 2,
    "mapped_shape": 0,
    "skipped": 0,
    "pair_aligner": 0,
    "pair_key": "Model->ModelNew"
  },
  "runnable": true,
  "phase": "algorithm_optimized_seed0",
  "pytorch_baseline_ms": 3.1852543354034424,
  "score": 2.9837173431866835
}