{
  "timestamp": "2025-12-23T08:37:18",
  "reference_file": "KernelBench/level2/70_Gemm_Sigmoid_Scaling_ResidualAdd.py",
  "candidate_file": "/home/hyc/LLMKernel/run/20251223_083423_70_Gemm_Sigmoid_Scaling_ResidualAdd_openai_deepseek/70_Gemm_Sigmoid_Scaling_ResidualAdd/code/kernel_20251223_083712.py",
  "tolerance": 1,
  "max_abs_err": 0.0069942474365234375,
  "mean_abs_err": 0.00021311207092367113,
  "ref_latency_ms": {
    "avg": 3.1867583751678468,
    "min": 3.1784958839416504,
    "max": 3.2012479305267334,
    "all": [
      3.2012479305267334,
      3.1795520782470703,
      3.1866559982299805,
      3.1784958839416504,
      3.187839984893799
    ]
  },
  "test_latency_ms": {
    "avg": 1.1221376180648803,
    "min": 1.0711040496826172,
    "max": 1.1530239582061768,
    "all": [
      1.0711040496826172,
      1.0876799821853638,
      1.1489280462265015,
      1.1499520540237427,
      1.1530239582061768
    ]
  },
  "num_runs": 5,
  "model_init_args": [
    8192,
    8192,
    2.0
  ],
  "model_init_kwargs": {},
  "seed": 100,
  "align_stats": {
    "copied_same_shape": 0,
    "unique_shape_copied": 2,
    "mapped_shape": 0,
    "skipped": 0,
    "pair_aligner": 0,
    "pair_key": "Model->ModelNew"
  },
  "runnable": true,
  "phase": "stage1_grid_and_parallel",
  "pytorch_baseline_ms": 3.1852543354034424,
  "score": 2.8385594459406813
}