{
  "timestamp": "2025-12-14T20:45:07",
  "reference_file": "KernelBench/level2/70_Gemm_Sigmoid_Scaling_ResidualAdd.py",
  "candidate_file": "/home/hyc/LLMKernel/run/20251214_114735_batch_range56to80_deepseek_deepseek/70_Gemm_Sigmoid_Scaling_ResidualAdd/code/kernel_20251214_204503.py",
  "tolerance": 0.001,
  "max_abs_err": 3.814697265625e-05,
  "mean_abs_err": 5.882378104615782e-07,
  "ref_latency_ms": {
    "avg": 3.1588351726531982,
    "min": 3.1487998962402344,
    "max": 3.1774721145629883,
    "all": [
      3.1774721145629883,
      3.151871919631958,
      3.1600639820098877,
      3.1487998962402344,
      3.155967950820923
    ]
  },
  "test_latency_ms": {
    "avg": 4.9634559631347654,
    "min": 4.957215785980225,
    "max": 4.968416213989258,
    "all": [
      4.957215785980225,
      4.964191913604736,
      4.965151786804199,
      4.96230411529541,
      4.968416213989258
    ]
  },
  "num_runs": 5,
  "model_init_args": [
    8192,
    8192,
    2.0
  ],
  "model_init_kwargs": {},
  "seed": 100,
  "align_stats": {
    "copied_same_shape": 0,
    "unique_shape_copied": 2,
    "mapped_shape": 0,
    "skipped": 0,
    "pair_aligner": 0,
    "pair_key": "Model->ModelNew"
  },
  "runnable": true,
  "phase": "seed_repair",
  "score": 0.6364184947171719
}