{
  "timestamp": "2025-12-23T08:38:36",
  "reference_file": "KernelBench/level2/70_Gemm_Sigmoid_Scaling_ResidualAdd.py",
  "candidate_file": "/home/hyc/LLMKernel/run/20251223_083423_70_Gemm_Sigmoid_Scaling_ResidualAdd_openai_deepseek/70_Gemm_Sigmoid_Scaling_ResidualAdd/code/kernel_20251223_083829.py",
  "tolerance": 1,
  "max_abs_err": 0.0069942474365234375,
  "mean_abs_err": 0.00021311207092367113,
  "ref_latency_ms": {
    "avg": 3.299519968032837,
    "min": 3.2880640029907227,
    "max": 3.3135359287261963,
    "all": [
      3.3135359287261963,
      3.3027520179748535,
      3.2880640029907227,
      3.2971839904785156,
      3.2960638999938965
    ]
  },
  "test_latency_ms": {
    "avg": 1.0382272243499755,
    "min": 1.0341119766235352,
    "max": 1.0423680543899536,
    "all": [
      1.0383360385894775,
      1.0373120307922363,
      1.0341119766235352,
      1.0390080213546753,
      1.0423680543899536
    ]
  },
  "num_runs": 5,
  "model_init_args": [
    8192,
    8192,
    2.0
  ],
  "model_init_kwargs": {},
  "seed": 100,
  "align_stats": {
    "copied_same_shape": 0,
    "unique_shape_copied": 2,
    "mapped_shape": 0,
    "skipped": 0,
    "pair_aligner": 0,
    "pair_key": "Model->ModelNew"
  },
  "runnable": true,
  "phase": "stage3_memory_and_tuning",
  "pytorch_baseline_ms": 3.1852543354034424,
  "score": 3.067974197457306
}