{
  "timestamp": "2025-12-23T08:35:09",
  "reference_file": "KernelBench/level2/70_Gemm_Sigmoid_Scaling_ResidualAdd.py",
  "candidate_file": "/home/hyc/LLMKernel/run/20251223_083423_70_Gemm_Sigmoid_Scaling_ResidualAdd_openai_deepseek/70_Gemm_Sigmoid_Scaling_ResidualAdd/code/kernel_20251223_083505.py",
  "tolerance": 1,
  "max_abs_err": 0.01061248779296875,
  "mean_abs_err": 0.00030169711681082845,
  "ref_latency_ms": {
    "avg": 3.1852543354034424,
    "min": 3.1795198917388916,
    "max": 3.1928319931030273,
    "all": [
      3.1928319931030273,
      3.1795198917388916,
      3.185663938522339,
      3.181567907333374,
      3.18668794631958
    ]
  },
  "test_latency_ms": {
    "avg": 1.919814395904541,
    "min": 1.9118080139160156,
    "max": 1.9362879991531372,
    "all": [
      1.9251199960708618,
      1.9127999544143677,
      1.9130560159683228,
      1.9118080139160156,
      1.9362879991531372
    ]
  },
  "num_runs": 5,
  "model_init_args": [
    8192,
    8192,
    2.0
  ],
  "model_init_kwargs": {},
  "seed": 100,
  "align_stats": {
    "copied_same_shape": 0,
    "unique_shape_copied": 2,
    "mapped_shape": 0,
    "skipped": 0,
    "pair_aligner": 0,
    "pair_key": "Model->ModelNew"
  },
  "runnable": true,
  "phase": "seed_0",
  "score": 1.6591470207736805
}