{
  "timestamp": "2025-12-28T13:43:34",
  "reference_file": "KernelBench/level1/72_conv_transposed_3D_asymmetric_input_asymmetric_kernel___strided_padded_grouped_.py",
  "candidate_file": "/home/hyc/LLMKernel/run/20251228_133525_72_conv_transposed_3D_asymmetric_input_asymmetric_kernel___strided_padded_grouped__openai_deepseek/72_conv_transposed_3D_asymmetric_input_asymmetric_kernel___strided_padded_grouped_/code/kernel_20251228_134330.py",
  "tolerance": 1,
  "max_abs_err": 2.682209014892578e-07,
  "mean_abs_err": 1.4771464940110945e-08,
  "ref_latency_ms": {
    "avg": 20.781414413452147,
    "min": 20.774656295776367,
    "max": 20.794368743896484,
    "all": [
      20.794368743896484,
      20.775936126708984,
      20.781055450439453,
      20.774656295776367,
      20.781055450439453
    ]
  },
  "test_latency_ms": {
    "avg": 19.406201934814455,
    "min": 19.390464782714844,
    "max": 19.42630386352539,
    "all": [
      19.42630386352539,
      19.403776168823242,
      19.390464782714844,
      19.404640197753906,
      19.405824661254883
    ]
  },
  "num_runs": 5,
  "model_init_args": [
    32,
    32,
    [
      3,
      5,
      7
    ],
    [
      2,
      2,
      2
    ],
    [
      1,
      2,
      3
    ],
    [
      1,
      1,
      1
    ],
    4
  ],
  "model_init_kwargs": {},
  "seed": 100,
  "align_stats": {
    "pair_aligner": 1,
    "copied_same_shape": 1,
    "mapped_shape": 0,
    "skipped": 0,
    "pair_key": "Model->ModelNew"
  },
  "runnable": true,
  "phase": "algorithm_optimized_seed0",
  "pytorch_baseline_ms": 20.781567764282226,
  "score": 1.0708724888098986
}