{
  "timestamp": "2025-12-13T10:05:52",
  "reference_file": "KernelBench/level1_low_score/72_conv_transposed_3D_asymmetric_input_asymmetric_kernel___strided_padded_grouped_.py",
  "candidate_file": "/home/hyc/LLMKernel/run/20251213_091928_batch_range68to99_openai_deepseek/72_conv_transposed_3D_asymmetric_input_asymmetric_kernel___strided_padded_grouped_/code/kernel_20251213_100547.py",
  "tolerance": 0.001,
  "max_abs_err": 2.682209014892578e-07,
  "mean_abs_err": 1.481285583082581e-08,
  "ref_latency_ms": {
    "avg": 18.34021110534668,
    "min": 18.316287994384766,
    "max": 18.369247436523438,
    "all": [
      18.369247436523438,
      18.346080780029297,
      18.353151321411133,
      18.316287994384766,
      18.316287994384766
    ]
  },
  "test_latency_ms": {
    "avg": 17.28467845916748,
    "min": 15.995903968811035,
    "max": 17.611679077148438,
    "all": [
      17.606496810913086,
      17.600608825683594,
      17.60870361328125,
      17.611679077148438,
      15.995903968811035
    ]
  },
  "num_runs": 5,
  "model_init_args": [
    32,
    32,
    [
      3,
      5,
      7
    ],
    [
      2,
      2,
      2
    ],
    [
      1,
      2,
      3
    ],
    [
      1,
      1,
      1
    ],
    4
  ],
  "model_init_kwargs": {},
  "seed": 100,
  "align_stats": {
    "pair_aligner": 1,
    "copied_same_shape": 1,
    "mapped_shape": 0,
    "skipped": 0,
    "pair_key": "Model->ModelNew"
  },
  "runnable": true,
  "phase": "seed_repair",
  "score": 1.0610675314945974
}