{
  "timestamp": "2025-12-28T13:48:34",
  "reference_file": "KernelBench/level1/72_conv_transposed_3D_asymmetric_input_asymmetric_kernel___strided_padded_grouped_.py",
  "candidate_file": "/home/hyc/LLMKernel/run/20251228_133525_72_conv_transposed_3D_asymmetric_input_asymmetric_kernel___strided_padded_grouped__openai_deepseek/72_conv_transposed_3D_asymmetric_input_asymmetric_kernel___strided_padded_grouped_/code/kernel_20251228_134828.py",
  "tolerance": 1,
  "max_abs_err": 0.0003305971622467041,
  "mean_abs_err": 5.317828254192136e-05,
  "ref_latency_ms": {
    "avg": 20.789030456542967,
    "min": 20.781055450439453,
    "max": 20.806655883789062,
    "all": [
      20.806655883789062,
      20.786176681518555,
      20.78201675415039,
      20.781055450439453,
      20.789247512817383
    ]
  },
  "test_latency_ms": {
    "avg": 10.779385566711426,
    "min": 10.776288032531738,
    "max": 10.782719612121582,
    "all": [
      10.780672073364258,
      10.776288032531738,
      10.780672073364258,
      10.776576042175293,
      10.782719612121582
    ]
  },
  "num_runs": 5,
  "model_init_args": [
    32,
    32,
    [
      3,
      5,
      7
    ],
    [
      2,
      2,
      2
    ],
    [
      1,
      2,
      3
    ],
    [
      1,
      1,
      1
    ],
    4
  ],
  "model_init_kwargs": {},
  "seed": 100,
  "align_stats": {
    "pair_aligner": 1,
    "copied_same_shape": 1,
    "mapped_shape": 0,
    "skipped": 0,
    "pair_key": "Model->ModelNew"
  },
  "runnable": true,
  "phase": "stage1_grid_and_parallel",
  "pytorch_baseline_ms": 20.781567764282226,
  "score": 1.92789910293767
}