{
  "timestamp": "2025-12-28T13:36:54",
  "reference_file": "KernelBench/level1/72_conv_transposed_3D_asymmetric_input_asymmetric_kernel___strided_padded_grouped_.py",
  "candidate_file": "/home/hyc/LLMKernel/run/20251228_133525_72_conv_transposed_3D_asymmetric_input_asymmetric_kernel___strided_padded_grouped__openai_deepseek/72_conv_transposed_3D_asymmetric_input_asymmetric_kernel___strided_padded_grouped_/code/kernel_20251228_133649.py",
  "tolerance": 1,
  "max_abs_err": 0.0,
  "mean_abs_err": 0.0,
  "ref_latency_ms": {
    "avg": 20.781567764282226,
    "min": 20.774911880493164,
    "max": 20.793344497680664,
    "all": [
      20.793344497680664,
      20.774911880493164,
      20.779808044433594,
      20.779743194580078,
      20.780031204223633
    ]
  },
  "test_latency_ms": {
    "avg": 29.61775360107422,
    "min": 29.614015579223633,
    "max": 29.624319076538086,
    "all": [
      29.620223999023438,
      29.61408042907715,
      29.614015579223633,
      29.61612892150879,
      29.624319076538086
    ]
  },
  "num_runs": 5,
  "model_init_args": [
    32,
    32,
    [
      3,
      5,
      7
    ],
    [
      2,
      2,
      2
    ],
    [
      1,
      2,
      3
    ],
    [
      1,
      1,
      1
    ],
    4
  ],
  "model_init_kwargs": {},
  "seed": 100,
  "align_stats": {
    "pair_aligner": 1,
    "copied_same_shape": 1,
    "mapped_shape": 0,
    "skipped": 0,
    "pair_key": "Model->ModelNew"
  },
  "runnable": true,
  "phase": "seed_0",
  "score": 0.7016591482322444
}