{
  "timestamp": "2025-12-28T13:51:31",
  "reference_file": "KernelBench/level1/72_conv_transposed_3D_asymmetric_input_asymmetric_kernel___strided_padded_grouped_.py",
  "candidate_file": "/home/hyc/LLMKernel/run/20251228_133525_72_conv_transposed_3D_asymmetric_input_asymmetric_kernel___strided_padded_grouped__openai_deepseek/72_conv_transposed_3D_asymmetric_input_asymmetric_kernel___strided_padded_grouped_/code/kernel_20251228_135126.py",
  "tolerance": 1,
  "max_abs_err": 0.0003305971622467041,
  "mean_abs_err": 5.317828254192136e-05,
  "ref_latency_ms": {
    "avg": 20.819961547851562,
    "min": 20.774911880493164,
    "max": 20.898784637451172,
    "all": [
      20.898784637451172,
      20.86809539794922,
      20.775936126708984,
      20.774911880493164,
      20.782079696655273
    ]
  },
  "test_latency_ms": {
    "avg": 9.196748733520508,
    "min": 9.187328338623047,
    "max": 9.21292781829834,
    "all": [
      9.21292781829834,
      9.20473575592041,
      9.18835163116455,
      9.187328338623047,
      9.190400123596191
    ]
  },
  "num_runs": 5,
  "model_init_args": [
    32,
    32,
    [
      3,
      5,
      7
    ],
    [
      2,
      2,
      2
    ],
    [
      1,
      2,
      3
    ],
    [
      1,
      1,
      1
    ],
    4
  ],
  "model_init_kwargs": {},
  "seed": 100,
  "align_stats": {
    "pair_aligner": 1,
    "copied_same_shape": 1,
    "mapped_shape": 0,
    "skipped": 0,
    "pair_key": "Model->ModelNew"
  },
  "runnable": true,
  "phase": "stage2_block_tiling",
  "pytorch_baseline_ms": 20.781567764282226,
  "score": 2.2596646234921174
}