{
  "timestamp": "2025-12-28T13:46:28",
  "reference_file": "KernelBench/level1/72_conv_transposed_3D_asymmetric_input_asymmetric_kernel___strided_padded_grouped_.py",
  "candidate_file": "/home/hyc/LLMKernel/run/20251228_133525_72_conv_transposed_3D_asymmetric_input_asymmetric_kernel___strided_padded_grouped__openai_deepseek/72_conv_transposed_3D_asymmetric_input_asymmetric_kernel___strided_padded_grouped_/code/kernel_20251228_134623.py",
  "tolerance": 1,
  "max_abs_err": 0.0003305971622467041,
  "mean_abs_err": 5.317828254192136e-05,
  "ref_latency_ms": {
    "avg": 20.775974655151366,
    "min": 20.763999938964844,
    "max": 20.787200927734375,
    "all": [
      20.787200927734375,
      20.77884864807129,
      20.772863388061523,
      20.776960372924805,
      20.763999938964844
    ]
  },
  "test_latency_ms": {
    "avg": 12.383180809020995,
    "min": 12.382207870483398,
    "max": 12.384256362915039,
    "all": [
      12.384256362915039,
      12.383999824523926,
      12.383232116699219,
      12.382207870483398,
      12.382207870483398
    ]
  },
  "num_runs": 5,
  "model_init_args": [
    32,
    32,
    [
      3,
      5,
      7
    ],
    [
      2,
      2,
      2
    ],
    [
      1,
      2,
      3
    ],
    [
      1,
      1,
      1
    ],
    4
  ],
  "model_init_kwargs": {},
  "seed": 100,
  "align_stats": {
    "pair_aligner": 1,
    "copied_same_shape": 1,
    "mapped_shape": 0,
    "skipped": 0,
    "pair_key": "Model->ModelNew"
  },
  "runnable": true,
  "phase": "algorithm_optimized_seed1",
  "pytorch_baseline_ms": 20.781567764282226,
  "score": 1.6782091842786555
}