{
  "timestamp": "2025-12-28T13:39:01",
  "reference_file": "KernelBench/level1/72_conv_transposed_3D_asymmetric_input_asymmetric_kernel___strided_padded_grouped_.py",
  "candidate_file": "/home/hyc/LLMKernel/run/20251228_133525_72_conv_transposed_3D_asymmetric_input_asymmetric_kernel___strided_padded_grouped__openai_deepseek/72_conv_transposed_3D_asymmetric_input_asymmetric_kernel___strided_padded_grouped_/code/kernel_20251228_133856.py",
  "tolerance": 1,
  "max_abs_err": 2.682209014892578e-07,
  "mean_abs_err": 1.4723922525661237e-08,
  "ref_latency_ms": {
    "avg": 20.783692932128908,
    "min": 20.779008865356445,
    "max": 20.790143966674805,
    "all": [
      20.790143966674805,
      20.782079696655273,
      20.779008865356445,
      20.781055450439453,
      20.786176681518555
    ]
  },
  "test_latency_ms": {
    "avg": 76.0400634765625,
    "min": 75.8466567993164,
    "max": 76.40882873535156,
    "all": [
      76.40882873535156,
      76.18150329589844,
      75.90367889404297,
      75.8466567993164,
      75.85964965820312
    ]
  },
  "num_runs": 5,
  "model_init_args": [
    32,
    32,
    [
      3,
      5,
      7
    ],
    [
      2,
      2,
      2
    ],
    [
      1,
      2,
      3
    ],
    [
      1,
      1,
      1
    ],
    4
  ],
  "model_init_kwargs": {},
  "seed": 100,
  "align_stats": {
    "pair_aligner": 1,
    "copied_same_shape": 1,
    "mapped_shape": 0,
    "skipped": 0,
    "pair_key": "Model->ModelNew"
  },
  "runnable": true,
  "phase": "seed_1",
  "pytorch_baseline_ms": 20.781567764282226,
  "score": 0.2732976119974918
}