{
  "timestamp": "2025-12-14T17:21:56",
  "reference_file": "KernelBench/level2/63_Gemm_ReLU_Divide.py",
  "candidate_file": "/home/hyc/LLMKernel/run/20251214_114735_batch_range56to80_deepseek_deepseek/63_Gemm_ReLU_Divide/code/kernel_20251214_172150.py",
  "tolerance": 0.001,
  "max_abs_err": 0.005306243896484375,
  "mean_abs_err": 5.186193811823614e-05,
  "ref_latency_ms": {
    "avg": 3.2128640174865724,
    "min": 3.2080960273742676,
    "max": 3.2214720249176025,
    "all": [
      3.2214720249176025,
      3.21126389503479,
      3.2142720222473145,
      3.2080960273742676,
      3.2092161178588867
    ]
  },
  "test_latency_ms": {
    "avg": 4.0361920356750485,
    "min": 4.028416156768799,
    "max": 4.0457282066345215,
    "all": [
      4.0447998046875,
      4.0457282066345215,
      4.029439926147461,
      4.028416156768799,
      4.032576084136963
    ]
  },
  "num_runs": 5,
  "model_init_args": [
    8192,
    8192,
    2.0
  ],
  "model_init_kwargs": {},
  "seed": 100,
  "align_stats": {
    "copied_same_shape": 0,
    "unique_shape_copied": 2,
    "mapped_shape": 0,
    "skipped": 0,
    "pair_aligner": 0,
    "pair_key": "Model->ModelNew"
  },
  "runnable": true,
  "phase": "stage2_block_tiling",
  "pytorch_baseline_ms": 3.207366418838501,
  "score": 0.794651590035674
}