{
  "timestamp": "2025-12-29T04:43:56",
  "reference_file": "KernelBench/t/63_Gemm_ReLU_Divide.py",
  "candidate_file": "/home/hyc/LLMKernel/run/20251229_043015_batch_range62to93_openai_deepseek/63_Gemm_ReLU_Divide/code/kernel_20251229_044352.py",
  "tolerance": 1,
  "max_abs_err": 0.005306243896484375,
  "mean_abs_err": 5.186193811823614e-05,
  "ref_latency_ms": {
    "avg": 3.151846408843994,
    "min": 3.14572811126709,
    "max": 3.16211199760437,
    "all": [
      3.16211199760437,
      3.1507198810577393,
      3.146752119064331,
      3.1539199352264404,
      3.14572811126709
    ]
  },
  "test_latency_ms": {
    "avg": 4.070399951934815,
    "min": 4.0663042068481445,
    "max": 4.074495792388916,
    "all": [
      4.0663042068481445,
      4.074495792388916,
      4.072447776794434,
      4.067327976226807,
      4.0714240074157715
    ]
  },
  "num_runs": 5,
  "model_init_args": [
    8192,
    8192,
    2.0
  ],
  "model_init_kwargs": {},
  "seed": 100,
  "align_stats": {
    "copied_same_shape": 0,
    "unique_shape_copied": 2,
    "mapped_shape": 0,
    "skipped": 0,
    "pair_aligner": 0,
    "pair_key": "Model->ModelNew"
  },
  "runnable": true,
  "phase": "seed_1",
  "pytorch_baseline_ms": 3.151430368423462,
  "score": 0.774231133460354
}