{
  "timestamp": "2025-12-29T04:43:21",
  "reference_file": "KernelBench/t/63_Gemm_ReLU_Divide.py",
  "candidate_file": "/home/hyc/LLMKernel/run/20251229_043015_batch_range62to93_openai_deepseek/63_Gemm_ReLU_Divide/code/kernel_20251229_044316.py",
  "tolerance": 1,
  "max_abs_err": 0.005306243896484375,
  "mean_abs_err": 5.186193811823614e-05,
  "ref_latency_ms": {
    "avg": 3.151430368423462,
    "min": 3.145632028579712,
    "max": 3.1651840209960938,
    "all": [
      3.1651840209960938,
      3.149791955947876,
      3.1498239040374756,
      3.145632028579712,
      3.1467199325561523
    ]
  },
  "test_latency_ms": {
    "avg": 4.069126319885254,
    "min": 4.062047958374023,
    "max": 4.073472023010254,
    "all": [
      4.073472023010254,
      4.069375991821289,
      4.0682878494262695,
      4.062047958374023,
      4.072447776794434
    ]
  },
  "num_runs": 5,
  "model_init_args": [
    8192,
    8192,
    2.0
  ],
  "model_init_kwargs": {},
  "seed": 100,
  "align_stats": {
    "copied_same_shape": 0,
    "unique_shape_copied": 2,
    "mapped_shape": 0,
    "skipped": 0,
    "pair_aligner": 0,
    "pair_key": "Model->ModelNew"
  },
  "runnable": true,
  "phase": "seed_0",
  "score": 0.7744734669510898
}