{
  "timestamp": "2025-12-29T04:50:28",
  "reference_file": "KernelBench/t/63_Gemm_ReLU_Divide.py",
  "candidate_file": "/home/hyc/LLMKernel/run/20251229_043015_batch_range62to93_openai_deepseek/63_Gemm_ReLU_Divide/code/kernel_20251229_045022.py",
  "tolerance": 1,
  "max_abs_err": 0.0002317400649189949,
  "mean_abs_err": 1.8973380065290257e-05,
  "ref_latency_ms": {
    "avg": 3.154854345321655,
    "min": 3.147615909576416,
    "max": 3.1744000911712646,
    "all": [
      3.1744000911712646,
      3.149535894393921,
      3.1487998962402344,
      3.147615909576416,
      3.1539199352264404
    ]
  },
  "test_latency_ms": {
    "avg": 1.717408013343811,
    "min": 1.70905601978302,
    "max": 1.7326079607009888,
    "all": [
      1.7326079607009888,
      1.7121280431747437,
      1.70905601978302,
      1.7190719842910767,
      1.714176058769226
    ]
  },
  "num_runs": 5,
  "model_init_args": [
    8192,
    8192,
    2.0
  ],
  "model_init_kwargs": {},
  "seed": 100,
  "align_stats": {
    "copied_same_shape": 0,
    "unique_shape_copied": 2,
    "mapped_shape": 0,
    "skipped": 0,
    "pair_aligner": 0,
    "pair_key": "Model->ModelNew"
  },
  "runnable": true,
  "phase": "stage3_memory_and_tuning_repair",
  "pytorch_baseline_ms": 3.151430368423462,
  "score": 1.834992234773375
}