{
  "timestamp": "2025-12-14T17:03:41",
  "reference_file": "KernelBench/level2/63_Gemm_ReLU_Divide.py",
  "candidate_file": "/home/hyc/LLMKernel/run/20251214_114735_batch_range56to80_deepseek_deepseek/63_Gemm_ReLU_Divide/code/kernel_20251214_170335.py",
  "tolerance": 0.001,
  "max_abs_err": 0.005306243896484375,
  "mean_abs_err": 5.186193811823614e-05,
  "ref_latency_ms": {
    "avg": 3.207366418838501,
    "min": 3.197920083999634,
    "max": 3.2194559574127197,
    "all": [
      3.2194559574127197,
      3.206144094467163,
      3.2133119106292725,
      3.197920083999634,
      3.200000047683716
    ]
  },
  "test_latency_ms": {
    "avg": 3.960217571258545,
    "min": 3.7365760803222656,
    "max": 4.114431858062744,
    "all": [
      4.114431858062744,
      4.107264041900635,
      4.103007793426514,
      3.7398080825805664,
      3.7365760803222656
    ]
  },
  "num_runs": 5,
  "model_init_args": [
    8192,
    8192,
    2.0
  ],
  "model_init_kwargs": {},
  "seed": 100,
  "align_stats": {
    "copied_same_shape": 0,
    "unique_shape_copied": 2,
    "mapped_shape": 0,
    "skipped": 0,
    "pair_aligner": 0,
    "pair_key": "Model->ModelNew"
  },
  "runnable": true,
  "phase": "seed_repair",
  "score": 0.8098965173318016
}