{
  "timestamp": "2025-12-29T04:47:57",
  "reference_file": "KernelBench/t/63_Gemm_ReLU_Divide.py",
  "candidate_file": "/home/hyc/LLMKernel/run/20251229_043015_batch_range62to93_openai_deepseek/63_Gemm_ReLU_Divide/code/kernel_20251229_044750.py",
  "tolerance": 1,
  "max_abs_err": 0.0002317400649189949,
  "mean_abs_err": 1.8973380065290257e-05,
  "ref_latency_ms": {
    "avg": 3.2108928203582763,
    "min": 3.199968099594116,
    "max": 3.230720043182373,
    "all": [
      3.230720043182373,
      3.2103679180145264,
      3.2052159309387207,
      3.199968099594116,
      3.2081921100616455
    ]
  },
  "test_latency_ms": {
    "avg": 1.6297280073165894,
    "min": 1.6208959817886353,
    "max": 1.6465920209884644,
    "all": [
      1.6465920209884644,
      1.6268800497055054,
      1.6208959817886353,
      1.620959997177124,
      1.6333119869232178
    ]
  },
  "num_runs": 5,
  "model_init_args": [
    8192,
    8192,
    2.0
  ],
  "model_init_kwargs": {},
  "seed": 100,
  "align_stats": {
    "copied_same_shape": 0,
    "unique_shape_copied": 2,
    "mapped_shape": 0,
    "skipped": 0,
    "pair_aligner": 0,
    "pair_key": "Model->ModelNew"
  },
  "runnable": true,
  "phase": "stage1_grid_and_parallel",
  "pytorch_baseline_ms": 3.151430368423462,
  "score": 1.9337155367492362
}