{
  "timestamp": "2025-12-29T04:48:55",
  "reference_file": "KernelBench/t/63_Gemm_ReLU_Divide.py",
  "candidate_file": "/home/hyc/LLMKernel/run/20251229_043015_batch_range62to93_openai_deepseek/63_Gemm_ReLU_Divide/code/kernel_20251229_044848.py",
  "tolerance": 1,
  "max_abs_err": 0.0002317400649189949,
  "mean_abs_err": 1.8973380065290257e-05,
  "ref_latency_ms": {
    "avg": 3.1737856388092043,
    "min": 3.1692800521850586,
    "max": 3.1836159229278564,
    "all": [
      3.1836159229278564,
      3.1733760833740234,
      3.1692800521850586,
      3.1723520755767822,
      3.1703040599823
    ]
  },
  "test_latency_ms": {
    "avg": 1.616480016708374,
    "min": 1.6128000020980835,
    "max": 1.620959997177124,
    "all": [
      1.620959997177124,
      1.6128000020980835,
      1.6138240098953247,
      1.6179200410842896,
      1.6168960332870483
    ]
  },
  "num_runs": 5,
  "model_init_args": [
    8192,
    8192,
    2.0
  ],
  "model_init_kwargs": {},
  "seed": 100,
  "align_stats": {
    "copied_same_shape": 0,
    "unique_shape_copied": 2,
    "mapped_shape": 0,
    "skipped": 0,
    "pair_aligner": 0,
    "pair_key": "Model->ModelNew"
  },
  "runnable": true,
  "phase": "stage2_block_tiling",
  "pytorch_baseline_ms": 3.151430368423462,
  "score": 1.9495634563059405
}