{
  "timestamp": "2025-12-14T17:33:22",
  "reference_file": "KernelBench/level2/63_Gemm_ReLU_Divide.py",
  "candidate_file": "/home/hyc/LLMKernel/run/20251214_114735_batch_range56to80_deepseek_deepseek/63_Gemm_ReLU_Divide/code/kernel_20251214_173314.py",
  "tolerance": 0.001,
  "max_abs_err": 0.005306243896484375,
  "mean_abs_err": 5.186193811823614e-05,
  "ref_latency_ms": {
    "avg": 3.2116543769836428,
    "min": 3.206144094467163,
    "max": 3.2225279808044434,
    "all": [
      3.2225279808044434,
      3.210239887237549,
      3.211199998855591,
      3.206144094467163,
      3.208159923553467
    ]
  },
  "test_latency_ms": {
    "avg": 2.0636096000671387,
    "min": 2.025439977645874,
    "max": 2.15449595451355,
    "all": [
      2.0400640964508057,
      2.0336639881134033,
      2.025439977645874,
      2.0643839836120605,
      2.15449595451355
    ]
  },
  "num_runs": 5,
  "model_init_args": [
    8192,
    8192,
    2.0
  ],
  "model_init_kwargs": {},
  "seed": 100,
  "align_stats": {
    "copied_same_shape": 0,
    "unique_shape_copied": 2,
    "mapped_shape": 0,
    "skipped": 0,
    "pair_aligner": 0,
    "pair_key": "Model->ModelNew"
  },
  "runnable": true,
  "phase": "stage4_advanced_memory",
  "pytorch_baseline_ms": 3.207366418838501,
  "score": 1.5542505805042537
}