{
  "timestamp": "2025-12-14T17:31:11",
  "reference_file": "KernelBench/level2/63_Gemm_ReLU_Divide.py",
  "candidate_file": "/home/hyc/LLMKernel/run/20251214_114735_batch_range56to80_deepseek_deepseek/63_Gemm_ReLU_Divide/code/kernel_20251214_173103.py",
  "tolerance": 0.001,
  "max_abs_err": 0.005306243896484375,
  "mean_abs_err": 5.186193811823614e-05,
  "ref_latency_ms": {
    "avg": 3.096403169631958,
    "min": 3.088383913040161,
    "max": 3.1028800010681152,
    "all": [
      3.101696014404297,
      3.088383913040161,
      3.0914559364318848,
      3.1028800010681152,
      3.097599983215332
    ]
  },
  "test_latency_ms": {
    "avg": 2.3516095638275147,
    "min": 2.3267199993133545,
    "max": 2.3848960399627686,
    "all": [
      2.3848960399627686,
      2.3370559215545654,
      2.337791919708252,
      2.3267199993133545,
      2.371583938598633
    ]
  },
  "num_runs": 5,
  "model_init_args": [
    8192,
    8192,
    2.0
  ],
  "model_init_kwargs": {},
  "seed": 100,
  "align_stats": {
    "copied_same_shape": 0,
    "unique_shape_copied": 2,
    "mapped_shape": 0,
    "skipped": 0,
    "pair_aligner": 0,
    "pair_key": "Model->ModelNew"
  },
  "runnable": true,
  "phase": "stage3_repair",
  "pytorch_baseline_ms": 3.207366418838501,
  "score": 1.3639026087383928
}