{
  "timestamp": "2025-12-29T04:46:59",
  "reference_file": "KernelBench/t/63_Gemm_ReLU_Divide.py",
  "candidate_file": "/home/hyc/LLMKernel/run/20251229_043015_batch_range62to93_openai_deepseek/63_Gemm_ReLU_Divide/code/kernel_20251229_044653.py",
  "tolerance": 1,
  "max_abs_err": 0.0002317400649189949,
  "mean_abs_err": 1.8973380065290257e-05,
  "ref_latency_ms": {
    "avg": 3.1573312282562256,
    "min": 3.147775888442993,
    "max": 3.1722559928894043,
    "all": [
      3.1722559928894043,
      3.1580801010131836,
      3.155872106552124,
      3.152672052383423,
      3.147775888442993
    ]
  },
  "test_latency_ms": {
    "avg": 2.2410815715789796,
    "min": 2.238464117050171,
    "max": 2.244607925415039,
    "all": [
      2.244607925415039,
      2.239487886428833,
      2.238464117050171,
      2.240288019180298,
      2.2425599098205566
    ]
  },
  "num_runs": 5,
  "model_init_args": [
    8192,
    8192,
    2.0
  ],
  "model_init_kwargs": {},
  "seed": 100,
  "align_stats": {
    "copied_same_shape": 0,
    "unique_shape_copied": 2,
    "mapped_shape": 0,
    "skipped": 0,
    "pair_aligner": 0,
    "pair_key": "Model->ModelNew"
  },
  "runnable": true,
  "phase": "algorithm_optimized_seed1",
  "pytorch_baseline_ms": 3.151430368423462,
  "score": 1.4062095768352982
}