{
  "timestamp": "2025-12-12T13:20:44",
  "reference_file": "KernelBench/level1/3_Batched_matrix_multiplication.py",
  "candidate_file": "/home/hyc/LLMKernel/run/20251212_131222_batch_range1to20_deepseek_deepseek/3_Batched_matrix_multiplication/code/kernel_20251212_132038.py",
  "tolerance": 0.001,
  "max_abs_err": 0.193115234375,
  "mean_abs_err": 0.16960705816745758,
  "ref_latency_ms": {
    "avg": 5.865715217590332,
    "min": 5.823488235473633,
    "max": 5.922815799713135,
    "all": [
      5.82374382019043,
      5.8368000984191895,
      5.823488235473633,
      5.921728134155273,
      5.922815799713135
    ]
  },
  "test_latency_ms": {
    "avg": 4.28725118637085,
    "min": 4.2842559814453125,
    "max": 4.29260778427124,
    "all": [
      4.289535999298096,
      4.284416198730469,
      4.2842559814453125,
      4.285439968109131,
      4.29260778427124
    ]
  },
  "num_runs": 5,
  "model_init_args": [],
  "model_init_kwargs": {},
  "seed": 100,
  "align_stats": {
    "copied_same_shape": 0,
    "unique_shape_copied": 0,
    "mapped_shape": 0,
    "skipped": 0,
    "pair_aligner": 0,
    "pair_key": "Model->ModelNew"
  },
  "runnable": true,
  "phase": "seed_repair",
  "score": 1.3681762422125887
}