{
  "timestamp": "2025-12-12T13:26:33",
  "reference_file": "KernelBench/level1/3_Batched_matrix_multiplication.py",
  "candidate_file": "/home/hyc/LLMKernel/run/20251212_131222_batch_range1to20_deepseek_deepseek/3_Batched_matrix_multiplication/code/kernel_20251212_132626.py",
  "tolerance": 0.001,
  "max_abs_err": 0.193115234375,
  "mean_abs_err": 0.16960705816745758,
  "ref_latency_ms": {
    "avg": 5.8521599769592285,
    "min": 5.818367958068848,
    "max": 5.8787841796875,
    "all": [
      5.818367958068848,
      5.825535774230957,
      5.862400054931641,
      5.8787841796875,
      5.875711917877197
    ]
  },
  "test_latency_ms": {
    "avg": 4.230156898498535,
    "min": 4.2230401039123535,
    "max": 4.2394561767578125,
    "all": [
      4.224832057952881,
      4.2230401039123535,
      4.238431930541992,
      4.225024223327637,
      4.2394561767578125
    ]
  },
  "num_runs": 5,
  "model_init_args": [],
  "model_init_kwargs": {},
  "seed": 100,
  "align_stats": {
    "copied_same_shape": 0,
    "unique_shape_copied": 0,
    "mapped_shape": 0,
    "skipped": 0,
    "pair_aligner": 0,
    "pair_key": "Model->ModelNew"
  },
  "runnable": true,
  "phase": "stage2_block_tiling",
  "pytorch_baseline_ms": 5.865715217590332,
  "score": 1.3866424717419648
}