{
  "timestamp": "2025-12-12T13:30:54",
  "reference_file": "KernelBench/level1/3_Batched_matrix_multiplication.py",
  "candidate_file": "/home/hyc/LLMKernel/run/20251212_131222_batch_range1to20_deepseek_deepseek/3_Batched_matrix_multiplication/code/kernel_20251212_133044.py",
  "tolerance": 0.001,
  "max_abs_err": 0.193115234375,
  "mean_abs_err": 0.16960705816745758,
  "ref_latency_ms": {
    "avg": 5.741567993164063,
    "min": 5.677055835723877,
    "max": 5.818367958068848,
    "all": [
      5.807104110717773,
      5.818367958068848,
      5.714943885803223,
      5.690368175506592,
      5.677055835723877
    ]
  },
  "test_latency_ms": {
    "avg": 4.327148723602295,
    "min": 4.323328018188477,
    "max": 4.335616111755371,
    "all": [
      4.326399803161621,
      4.323999881744385,
      4.326399803161621,
      4.323328018188477,
      4.335616111755371
    ]
  },
  "num_runs": 5,
  "model_init_args": [],
  "model_init_kwargs": {},
  "seed": 100,
  "align_stats": {
    "copied_same_shape": 0,
    "unique_shape_copied": 0,
    "mapped_shape": 0,
    "skipped": 0,
    "pair_aligner": 0,
    "pair_key": "Model->ModelNew"
  },
  "runnable": true,
  "phase": "stage3_repair",
  "pytorch_baseline_ms": 5.865715217590332,
  "score": 1.3555612696175603
}