{
  "timestamp": "2025-12-12T13:33:24",
  "reference_file": "KernelBench/level1/3_Batched_matrix_multiplication.py",
  "candidate_file": "/home/hyc/LLMKernel/run/20251212_131222_batch_range1to20_deepseek_deepseek/3_Batched_matrix_multiplication/code/kernel_20251212_133315.py",
  "tolerance": 0.001,
  "max_abs_err": 0.193115234375,
  "mean_abs_err": 0.16960705816745758,
  "ref_latency_ms": {
    "avg": 5.982995223999024,
    "min": 5.814271926879883,
    "max": 6.428607940673828,
    "all": [
      5.814271926879883,
      5.819392204284668,
      5.818272113800049,
      6.0344319343566895,
      6.428607940673828
    ]
  },
  "test_latency_ms": {
    "avg": 4.221401596069336,
    "min": 4.208640098571777,
    "max": 4.229407787322998,
    "all": [
      4.223296165466309,
      4.229407787322998,
      4.227071762084961,
      4.218592166900635,
      4.208640098571777
    ]
  },
  "num_runs": 5,
  "model_init_args": [],
  "model_init_kwargs": {},
  "seed": 100,
  "align_stats": {
    "copied_same_shape": 0,
    "unique_shape_copied": 0,
    "mapped_shape": 0,
    "skipped": 0,
    "pair_aligner": 0,
    "pair_key": "Model->ModelNew"
  },
  "runnable": true,
  "phase": "stage4_advanced_memory",
  "pytorch_baseline_ms": 5.865715217590332,
  "score": 1.389518406173926
}