{
  "timestamp": "2025-12-12T13:23:34",
  "reference_file": "KernelBench/level1/3_Batched_matrix_multiplication.py",
  "candidate_file": "/home/hyc/LLMKernel/run/20251212_131222_batch_range1to20_deepseek_deepseek/3_Batched_matrix_multiplication/code/kernel_20251212_132329.py",
  "tolerance": 0.001,
  "max_abs_err": 0.193115234375,
  "mean_abs_err": 0.16960705816745758,
  "ref_latency_ms": {
    "avg": 5.839795207977295,
    "min": 5.825535774230957,
    "max": 5.8521599769592285,
    "all": [
      5.825535774230957,
      5.8355841636657715,
      5.838848114013672,
      5.846848011016846,
      5.8521599769592285
    ]
  },
  "test_latency_ms": {
    "avg": 4.2811328887939455,
    "min": 4.2782721519470215,
    "max": 4.288512229919434,
    "all": [
      4.280479907989502,
      4.279295921325684,
      4.2782721519470215,
      4.279104232788086,
      4.288512229919434
    ]
  },
  "num_runs": 5,
  "model_init_args": [],
  "model_init_kwargs": {},
  "seed": 100,
  "align_stats": {
    "copied_same_shape": 0,
    "unique_shape_copied": 0,
    "mapped_shape": 0,
    "skipped": 0,
    "pair_aligner": 0,
    "pair_key": "Model->ModelNew"
  },
  "runnable": true,
  "phase": "stage1_grid_and_parallel",
  "pytorch_baseline_ms": 5.865715217590332,
  "score": 1.370131544606826
}