{
  "timestamp": "2025-12-22T14:55:47",
  "reference_file": "KernelBench/level3/14_DenseNet121DenseBlock.py",
  "candidate_file": "/home/hyc/LLMKernel/run/20251222_145234_14_DenseNet121DenseBlock_openai_deepseek/14_DenseNet121DenseBlock/code/kernel_20251222_145543.py",
  "tolerance": 1,
  "max_abs_err": 0.0004375278949737549,
  "mean_abs_err": 5.135219180374406e-05,
  "ref_latency_ms": {
    "avg": 16.475494384765625,
    "min": 16.43622398376465,
    "max": 16.5927677154541,
    "all": [
      16.4454402923584,
      16.451583862304688,
      16.45145606994629,
      16.43622398376465,
      16.5927677154541
    ]
  },
  "test_latency_ms": {
    "avg": 16.01940498352051,
    "min": 16.01126480102539,
    "max": 16.023487091064453,
    "all": [
      16.01945686340332,
      16.023487091064453,
      16.01126480102539,
      16.021503448486328,
      16.021312713623047
    ]
  },
  "num_runs": 5,
  "model_init_args": [
    6,
    32,
    32
  ],
  "model_init_kwargs": {},
  "seed": 100,
  "align_stats": {
    "copied_same_shape": 36,
    "unique_shape_copied": 0,
    "mapped_shape": 0,
    "skipped": 0,
    "pair_aligner": 0,
    "pair_key": "Model->ModelNew"
  },
  "runnable": true,
  "phase": "seed_1",
  "pytorch_baseline_ms": 16.63002243041992,
  "score": 1.038117361258272
}