{
  "timestamp": "2025-12-13T11:40:05",
  "reference_file": "KernelBench/level1_low_score/90_cumprod.py",
  "candidate_file": "/home/hyc/LLMKernel/run/20251213_091928_batch_range68to99_openai_deepseek/90_cumprod/code/kernel_20251213_113953.py",
  "tolerance": 0.001,
  "max_abs_err": 9.313225746154785e-10,
  "mean_abs_err": 1.3539001733967049e-14,
  "ref_latency_ms": {
    "avg": 11.507417488098145,
    "min": 11.474944114685059,
    "max": 11.543231964111328,
    "all": [
      11.543231964111328,
      11.474944114685059,
      11.529952049255371,
      11.504639625549316,
      11.484319686889648
    ]
  },
  "test_latency_ms": {
    "avg": 40.28000717163086,
    "min": 40.11417770385742,
    "max": 40.46540832519531,
    "all": [
      40.46540832519531,
      40.167137145996094,
      40.34048080444336,
      40.31283187866211,
      40.11417770385742
    ]
  },
  "num_runs": 5,
  "model_init_args": [
    1
  ],
  "model_init_kwargs": {},
  "seed": 100,
  "align_stats": {
    "copied_same_shape": 0,
    "unique_shape_copied": 0,
    "mapped_shape": 0,
    "skipped": 0,
    "pair_aligner": 0,
    "pair_key": "Model->ModelNew"
  },
  "runnable": true,
  "phase": "stage1_grid_and_parallel",
  "pytorch_baseline_ms": 11.490060806274414,
  "score": 0.2852546862098586
}