{
  "timestamp": "2025-12-13T11:47:39",
  "reference_file": "KernelBench/level1_low_score/90_cumprod.py",
  "candidate_file": "/home/hyc/LLMKernel/run/20251213_091928_batch_range68to99_openai_deepseek/90_cumprod/code/kernel_20251213_114727.py",
  "tolerance": 0.001,
  "max_abs_err": 9.313225746154785e-10,
  "mean_abs_err": 1.3539001733967049e-14,
  "ref_latency_ms": {
    "avg": 11.508089828491212,
    "min": 11.499456405639648,
    "max": 11.520000457763672,
    "all": [
      11.505760192871094,
      11.504447937011719,
      11.520000457763672,
      11.510784149169922,
      11.499456405639648
    ]
  },
  "test_latency_ms": {
    "avg": 34.736096954345705,
    "min": 34.60201644897461,
    "max": 34.83033752441406,
    "all": [
      34.752193450927734,
      34.68492889404297,
      34.83033752441406,
      34.60201644897461,
      34.81100845336914
    ]
  },
  "num_runs": 5,
  "model_init_args": [
    1
  ],
  "model_init_kwargs": {},
  "seed": 100,
  "align_stats": {
    "copied_same_shape": 0,
    "unique_shape_copied": 0,
    "mapped_shape": 0,
    "skipped": 0,
    "pair_aligner": 0,
    "pair_key": "Model->ModelNew"
  },
  "runnable": true,
  "phase": "stage4_advanced_memory",
  "pytorch_baseline_ms": 11.490060806274414,
  "score": 0.3307815734558783
}