{
  "timestamp": "2025-12-13T11:39:06",
  "reference_file": "KernelBench/level1_low_score/90_cumprod.py",
  "candidate_file": "/home/hyc/LLMKernel/run/20251213_091928_batch_range68to99_openai_deepseek/90_cumprod/code/kernel_20251213_113855.py",
  "tolerance": 0.001,
  "max_abs_err": 9.313225746154785e-10,
  "mean_abs_err": 1.3539001733967049e-14,
  "ref_latency_ms": {
    "avg": 11.490060806274414,
    "min": 11.447296142578125,
    "max": 11.522047996520996,
    "all": [
      11.522047996520996,
      11.485183715820312,
      11.516736030578613,
      11.479040145874023,
      11.447296142578125
    ]
  },
  "test_latency_ms": {
    "avg": 36.62131958007812,
    "min": 36.56937789916992,
    "max": 36.66227340698242,
    "all": [
      36.6479377746582,
      36.6376953125,
      36.58931350708008,
      36.56937789916992,
      36.66227340698242
    ]
  },
  "num_runs": 5,
  "model_init_args": [
    1
  ],
  "model_init_kwargs": {},
  "seed": 100,
  "align_stats": {
    "copied_same_shape": 0,
    "unique_shape_copied": 0,
    "mapped_shape": 0,
    "skipped": 0,
    "pair_aligner": 0,
    "pair_key": "Model->ModelNew"
  },
  "runnable": true,
  "phase": "seed",
  "score": 0.31375332560449215
}