{
  "timestamp": "2025-12-13T11:45:53",
  "reference_file": "KernelBench/level1_low_score/90_cumprod.py",
  "candidate_file": "/home/hyc/LLMKernel/run/20251213_091928_batch_range68to99_openai_deepseek/90_cumprod/code/kernel_20251213_114542.py",
  "tolerance": 0.001,
  "max_abs_err": 9.313225746154785e-10,
  "mean_abs_err": 1.3539001733967049e-14,
  "ref_latency_ms": {
    "avg": 11.48808307647705,
    "min": 11.467935562133789,
    "max": 11.508735656738281,
    "all": [
      11.508735656738281,
      11.489279747009277,
      11.467935562133789,
      11.484160423278809,
      11.490303993225098
    ]
  },
  "test_latency_ms": {
    "avg": 33.41957092285156,
    "min": 33.38447952270508,
    "max": 33.462913513183594,
    "all": [
      33.42131042480469,
      33.38447952270508,
      33.39673614501953,
      33.43241500854492,
      33.462913513183594
    ]
  },
  "num_runs": 5,
  "model_init_args": [
    1
  ],
  "model_init_kwargs": {},
  "seed": 100,
  "align_stats": {
    "copied_same_shape": 0,
    "unique_shape_copied": 0,
    "mapped_shape": 0,
    "skipped": 0,
    "pair_aligner": 0,
    "pair_key": "Model->ModelNew"
  },
  "runnable": true,
  "phase": "stage3_repair",
  "pytorch_baseline_ms": 11.490060806274414,
  "score": 0.34381233777055364
}