{
  "timestamp": "2025-12-16T05:24:47",
  "reference_file": "KernelBench/level3/8_ResNetBasicBlock.py",
  "candidate_file": "/home/hyc/LLMKernel/run/20251216_051542_batch_range2to17_openai_deepseek/8_ResNetBasicBlock/code/kernel_20251216_052442.py",
  "tolerance": 0.1,
  "max_abs_err": 0.0,
  "mean_abs_err": 0.0,
  "ref_latency_ms": {
    "avg": 3.692742395401001,
    "min": 3.689471960067749,
    "max": 3.6976640224456787,
    "all": [
      3.6976640224456787,
      3.6925439834594727,
      3.689471960067749,
      3.6904959678649902,
      3.6935360431671143
    ]
  },
  "test_latency_ms": {
    "avg": 3.552460813522339,
    "min": 3.5491840839385986,
    "max": 3.557375907897949,
    "all": [
      3.5491840839385986,
      3.55020809173584,
      3.557375907897949,
      3.5491840839385986,
      3.556351900100708
    ]
  },
  "num_runs": 5,
  "model_init_args": [
    3,
    64,
    1
  ],
  "model_init_kwargs": {},
  "seed": 100,
  "align_stats": {
    "copied_same_shape": 18,
    "unique_shape_copied": 0,
    "mapped_shape": 0,
    "skipped": 0,
    "pair_aligner": 0,
    "pair_key": "Model->ModelNew"
  },
  "runnable": true,
  "phase": "stage2_block_tiling",
  "pytorch_baseline_ms": 3.693503999710083,
  "score": 1.0397029534149589
}