{
  "timestamp": "2025-12-16T05:24:17",
  "reference_file": "KernelBench/level3/8_ResNetBasicBlock.py",
  "candidate_file": "/home/hyc/LLMKernel/run/20251216_051542_batch_range2to17_openai_deepseek/8_ResNetBasicBlock/code/kernel_20251216_052412.py",
  "tolerance": 0.1,
  "max_abs_err": 0.0,
  "mean_abs_err": 0.0,
  "ref_latency_ms": {
    "avg": 3.688646364212036,
    "min": 3.679231882095337,
    "max": 3.7017600536346436,
    "all": [
      3.7017600536346436,
      3.689471960067749,
      3.6904640197753906,
      3.679231882095337,
      3.6823039054870605
    ]
  },
  "test_latency_ms": {
    "avg": 3.5512256145477297,
    "min": 3.5460479259490967,
    "max": 3.560447931289673,
    "all": [
      3.560447931289673,
      3.546112060546875,
      3.553312063217163,
      3.5460479259490967,
      3.55020809173584
    ]
  },
  "num_runs": 5,
  "model_init_args": [
    3,
    64,
    1
  ],
  "model_init_kwargs": {},
  "seed": 100,
  "align_stats": {
    "copied_same_shape": 18,
    "unique_shape_copied": 0,
    "mapped_shape": 0,
    "skipped": 0,
    "pair_aligner": 0,
    "pair_key": "Model->ModelNew"
  },
  "runnable": true,
  "phase": "stage1_grid_and_parallel",
  "pytorch_baseline_ms": 3.693503999710083,
  "score": 1.0400645863162015
}