{
  "timestamp": "2025-12-16T05:25:20",
  "reference_file": "KernelBench/level3/8_ResNetBasicBlock.py",
  "candidate_file": "/home/hyc/LLMKernel/run/20251216_051542_batch_range2to17_openai_deepseek/8_ResNetBasicBlock/code/kernel_20251216_052516.py",
  "tolerance": 0.1,
  "max_abs_err": 0.0,
  "mean_abs_err": 0.0,
  "ref_latency_ms": {
    "avg": 3.6900863647460938,
    "min": 3.685375928878784,
    "max": 3.7007360458374023,
    "all": [
      3.7007360458374023,
      3.689471960067749,
      3.685375928878784,
      3.6874239444732666,
      3.6874239444732666
    ]
  },
  "test_latency_ms": {
    "avg": 3.552230405807495,
    "min": 3.546112060546875,
    "max": 3.557375907897949,
    "all": [
      3.557375907897949,
      3.557375907897949,
      3.546112060546875,
      3.551232099533081,
      3.549056053161621
    ]
  },
  "num_runs": 5,
  "model_init_args": [
    3,
    64,
    1
  ],
  "model_init_kwargs": {},
  "seed": 100,
  "align_stats": {
    "copied_same_shape": 18,
    "unique_shape_copied": 0,
    "mapped_shape": 0,
    "skipped": 0,
    "pair_aligner": 0,
    "pair_key": "Model->ModelNew"
  },
  "runnable": true,
  "phase": "stage3_memory_access",
  "pytorch_baseline_ms": 3.693503999710083,
  "score": 1.0397703914902652
}