{
  "timestamp": "2025-12-16T05:25:51",
  "reference_file": "KernelBench/level3/8_ResNetBasicBlock.py",
  "candidate_file": "/home/hyc/LLMKernel/run/20251216_051542_batch_range2to17_openai_deepseek/8_ResNetBasicBlock/code/kernel_20251216_052547.py",
  "tolerance": 0.1,
  "max_abs_err": 0.0,
  "mean_abs_err": 0.0,
  "ref_latency_ms": {
    "avg": 3.6941504001617433,
    "min": 3.684351921081543,
    "max": 3.7056961059570312,
    "all": [
      3.7056961059570312,
      3.6915199756622314,
      3.6976640224456787,
      3.684351921081543,
      3.6915199756622314
    ]
  },
  "test_latency_ms": {
    "avg": 3.5530688762664795,
    "min": 3.5491840839385986,
    "max": 3.558367967605591,
    "all": [
      3.558367967605591,
      3.5522561073303223,
      3.5532801151275635,
      3.5522561073303223,
      3.5491840839385986
    ]
  },
  "num_runs": 5,
  "model_init_args": [
    3,
    64,
    1
  ],
  "model_init_kwargs": {},
  "seed": 100,
  "align_stats": {
    "copied_same_shape": 18,
    "unique_shape_copied": 0,
    "mapped_shape": 0,
    "skipped": 0,
    "pair_aligner": 0,
    "pair_key": "Model->ModelNew"
  },
  "runnable": true,
  "phase": "stage4_advanced_memory",
  "pytorch_baseline_ms": 3.693503999710083,
  "score": 1.0395250214206855
}