{
  "timestamp": "2025-12-16T05:23:52",
  "reference_file": "KernelBench/level3/8_ResNetBasicBlock.py",
  "candidate_file": "/home/hyc/LLMKernel/run/20251216_051542_batch_range2to17_openai_deepseek/8_ResNetBasicBlock/code/kernel_20251216_052347.py",
  "tolerance": 0.1,
  "max_abs_err": 0.0,
  "mean_abs_err": 0.0,
  "ref_latency_ms": {
    "avg": 3.693503999710083,
    "min": 3.6882879734039307,
    "max": 3.704832077026367,
    "all": [
      3.704832077026367,
      3.6925439834594727,
      3.690335988998413,
      3.6882879734039307,
      3.6915199756622314
    ]
  },
  "test_latency_ms": {
    "avg": 3.5522560119628905,
    "min": 3.545088052749634,
    "max": 3.5594239234924316,
    "all": [
      3.556351900100708,
      3.551232099533081,
      3.5491840839385986,
      3.545088052749634,
      3.5594239234924316
    ]
  },
  "num_runs": 5,
  "model_init_args": [
    3,
    64,
    1
  ],
  "model_init_kwargs": {},
  "seed": 100,
  "align_stats": {
    "copied_same_shape": 18,
    "unique_shape_copied": 0,
    "mapped_shape": 0,
    "skipped": 0,
    "pair_aligner": 0,
    "pair_key": "Model->ModelNew"
  },
  "runnable": true,
  "phase": "seed",
  "score": 1.039762896387961
}