{
  "timestamp": "2025-12-14T05:35:13",
  "reference_file": "KernelBench/level1_low_score/44_Average_Pooling_1D.py",
  "candidate_file": "/home/hyc/LLMKernel/run/20251214_053425_batch_range44to44_openai_deepseek/44_Average_Pooling_1D/code/kernel_20251214_053505.py",
  "tolerance": 0.001,
  "max_abs_err": 0.0,
  "mean_abs_err": 0.0,
  "ref_latency_ms": {
    "avg": 6.504006385803223,
    "min": 6.494207859039307,
    "max": 6.515552043914795,
    "all": [
      6.515552043914795,
      6.505472183227539,
      6.4983038902282715,
      6.494207859039307,
      6.506495952606201
    ]
  },
  "test_latency_ms": {
    "avg": 7.623385620117188,
    "min": 7.615263938903809,
    "max": 7.629568099975586,
    "all": [
      7.623680114746094,
      7.622687816619873,
      7.629568099975586,
      7.615263938903809,
      7.625728130340576
    ]
  },
  "num_runs": 5,
  "model_init_args": [
    8,
    1,
    4
  ],
  "model_init_kwargs": {},
  "seed": 100,
  "align_stats": {
    "copied_same_shape": 0,
    "unique_shape_copied": 0,
    "mapped_shape": 0,
    "skipped": 0,
    "pair_aligner": 0,
    "pair_key": "Model->ModelNew"
  },
  "runnable": true,
  "phase": "seed",
  "score": 0.8531650778152873
}