{
  "timestamp": "2025-12-14T05:38:43",
  "reference_file": "KernelBench/level1_low_score/44_Average_Pooling_1D.py",
  "candidate_file": "/home/hyc/LLMKernel/run/20251214_053425_batch_range44to44_openai_deepseek/44_Average_Pooling_1D/code/kernel_20251214_053835.py",
  "tolerance": 0.001,
  "max_abs_err": 0.0,
  "mean_abs_err": 0.0,
  "ref_latency_ms": {
    "avg": 6.526297569274902,
    "min": 6.519680023193359,
    "max": 6.540287971496582,
    "all": [
      6.540287971496582,
      6.520607948303223,
      6.519680023193359,
      6.524928092956543,
      6.525983810424805
    ]
  },
  "test_latency_ms": {
    "avg": 7.361523151397705,
    "min": 7.35532808303833,
    "max": 7.369728088378906,
    "all": [
      7.360511779785156,
      7.361536026000977,
      7.360511779785156,
      7.35532808303833,
      7.369728088378906
    ]
  },
  "num_runs": 5,
  "model_init_args": [
    8,
    1,
    4
  ],
  "model_init_kwargs": {},
  "seed": 100,
  "align_stats": {
    "copied_same_shape": 0,
    "unique_shape_copied": 0,
    "mapped_shape": 0,
    "skipped": 0,
    "pair_aligner": 0,
    "pair_key": "Model->ModelNew"
  },
  "runnable": true,
  "phase": "stage3_memory_access",
  "pytorch_baseline_ms": 6.504006385803223,
  "score": 0.8835136767271229
}