{
  "timestamp": "2025-12-14T05:37:08",
  "reference_file": "KernelBench/level1_low_score/44_Average_Pooling_1D.py",
  "candidate_file": "/home/hyc/LLMKernel/run/20251214_053425_batch_range44to44_openai_deepseek/44_Average_Pooling_1D/code/kernel_20251214_053701.py",
  "tolerance": 0.001,
  "max_abs_err": 0.0,
  "mean_abs_err": 0.0,
  "ref_latency_ms": {
    "avg": 6.503968048095703,
    "min": 6.492159843444824,
    "max": 6.517568111419678,
    "all": [
      6.517568111419678,
      6.5032639503479,
      6.492159843444824,
      6.501376152038574,
      6.505472183227539
    ]
  },
  "test_latency_ms": {
    "avg": 7.3947327613830565,
    "min": 7.38918399810791,
    "max": 7.400447845458984,
    "all": [
      7.399424076080322,
      7.38918399810791,
      7.393280029296875,
      7.400447845458984,
      7.391327857971191
    ]
  },
  "num_runs": 5,
  "model_init_args": [
    8,
    1,
    4
  ],
  "model_init_kwargs": {},
  "seed": 100,
  "align_stats": {
    "copied_same_shape": 0,
    "unique_shape_copied": 0,
    "mapped_shape": 0,
    "skipped": 0,
    "pair_aligner": 0,
    "pair_key": "Model->ModelNew"
  },
  "runnable": true,
  "phase": "stage1_repair",
  "pytorch_baseline_ms": 6.504006385803223,
  "score": 0.8795458329161798
}