{
  "timestamp": "2025-12-14T05:39:45",
  "reference_file": "KernelBench/level1_low_score/44_Average_Pooling_1D.py",
  "candidate_file": "/home/hyc/LLMKernel/run/20251214_053425_batch_range44to44_openai_deepseek/44_Average_Pooling_1D/code/kernel_20251214_053937.py",
  "tolerance": 0.001,
  "max_abs_err": 0.0,
  "mean_abs_err": 0.0,
  "ref_latency_ms": {
    "avg": 6.525132751464843,
    "min": 6.517759799957275,
    "max": 6.547455787658691,
    "all": [
      6.547455787658691,
      6.518784046173096,
      6.5228800773620605,
      6.517759799957275,
      6.518784046173096
    ]
  },
  "test_latency_ms": {
    "avg": 7.369580841064453,
    "min": 7.363872051239014,
    "max": 7.3758721351623535,
    "all": [
      7.3758721351623535,
      7.369728088378906,
      7.371776103973389,
      7.363872051239014,
      7.3666558265686035
    ]
  },
  "num_runs": 5,
  "model_init_args": [
    8,
    1,
    4
  ],
  "model_init_kwargs": {},
  "seed": 100,
  "align_stats": {
    "copied_same_shape": 0,
    "unique_shape_copied": 0,
    "mapped_shape": 0,
    "skipped": 0,
    "pair_aligner": 0,
    "pair_key": "Model->ModelNew"
  },
  "runnable": true,
  "phase": "stage4_advanced_memory",
  "pytorch_baseline_ms": 6.504006385803223,
  "score": 0.8825476680521483
}