{
  "timestamp": "2025-12-28T12:52:37",
  "reference_file": "KernelBench/select2/79_conv_transposed_1D_asymmetric_input_square_kernel___padded____strided____dilated__.py",
  "candidate_file": "/home/hyc/LLMKernel/run/20251228_121522_batch_range75to79_openai_deepseek/79_conv_transposed_1D_asymmetric_input_square_kernel___padded____strided____dilated__/code/kernel_20251228_125233.py",
  "tolerance": 1,
  "max_abs_err": 0.00022430717945098877,
  "mean_abs_err": 2.187881364079658e-05,
  "ref_latency_ms": {
    "avg": 5.131616020202637,
    "min": 5.124032020568848,
    "max": 5.147647857666016,
    "all": [
      5.147647857666016,
      5.124864101409912,
      5.124032020568848,
      5.124256134033203,
      5.137279987335205
    ]
  },
  "test_latency_ms": {
    "avg": 24.516621017456053,
    "min": 24.51251220703125,
    "max": 24.521728515625,
    "all": [
      24.521728515625,
      24.5166072845459,
      24.51251220703125,
      24.51353645324707,
      24.518720626831055
    ]
  },
  "num_runs": 5,
  "model_init_args": [
    32,
    64,
    3,
    2,
    1,
    2
  ],
  "model_init_kwargs": {},
  "seed": 100,
  "align_stats": {
    "copied_same_shape": 0,
    "unique_shape_copied": 1,
    "mapped_shape": 0,
    "skipped": 0,
    "pair_aligner": 0,
    "pair_key": "Model->ModelNew"
  },
  "runnable": true,
  "phase": "seed_1",
  "pytorch_baseline_ms": 5.129446411132813,
  "score": 0.20922322074810396
}