{
  "timestamp": "2025-12-28T12:53:50",
  "reference_file": "KernelBench/select2/79_conv_transposed_1D_asymmetric_input_square_kernel___padded____strided____dilated__.py",
  "candidate_file": "/home/hyc/LLMKernel/run/20251228_121522_batch_range75to79_openai_deepseek/79_conv_transposed_1D_asymmetric_input_square_kernel___padded____strided____dilated__/code/kernel_20251228_125345.py",
  "tolerance": 1,
  "max_abs_err": 0.0005418360233306885,
  "mean_abs_err": 5.332408181857318e-05,
  "ref_latency_ms": {
    "avg": 5.132601547241211,
    "min": 5.125120162963867,
    "max": 5.148799896240234,
    "all": [
      5.148799896240234,
      5.131487846374512,
      5.125120162963867,
      5.127359867095947,
      5.130239963531494
    ]
  },
  "test_latency_ms": {
    "avg": 5.229503917694092,
    "min": 5.221248149871826,
    "max": 5.234687805175781,
    "all": [
      5.234687805175781,
      5.231423854827881,
      5.230591773986816,
      5.221248149871826,
      5.229568004608154
    ]
  },
  "num_runs": 5,
  "model_init_args": [
    32,
    64,
    3,
    2,
    1,
    2
  ],
  "model_init_kwargs": {},
  "seed": 100,
  "align_stats": {
    "copied_same_shape": 0,
    "unique_shape_copied": 1,
    "mapped_shape": 0,
    "skipped": 0,
    "pair_aligner": 0,
    "pair_key": "Model->ModelNew"
  },
  "runnable": true,
  "phase": "algorithm_optimized_seed0",
  "pytorch_baseline_ms": 5.129446411132813,
  "score": 0.980866730738506
}