{
  "timestamp": "2025-12-13T10:54:04",
  "reference_file": "KernelBench/level1_low_score/79_conv_transposed_1D_asymmetric_input_square_kernel___padded____strided____dilated__.py",
  "candidate_file": "/home/hyc/LLMKernel/run/20251213_091928_batch_range68to99_openai_deepseek/79_conv_transposed_1D_asymmetric_input_square_kernel___padded____strided____dilated__/code/kernel_20251213_105359.py",
  "tolerance": 0.001,
  "max_abs_err": 2.384185791015625e-07,
  "mean_abs_err": 1.6720093753974652e-08,
  "ref_latency_ms": {
    "avg": 8.579199981689452,
    "min": 8.569151878356934,
    "max": 8.595104217529297,
    "all": [
      8.595104217529297,
      8.582143783569336,
      8.570528030395508,
      8.569151878356934,
      8.579071998596191
    ]
  },
  "test_latency_ms": {
    "avg": 11.756096076965331,
    "min": 11.74835205078125,
    "max": 11.774975776672363,
    "all": [
      11.774975776672363,
      11.755328178405762,
      11.74937629699707,
      11.74835205078125,
      11.752448081970215
    ]
  },
  "num_runs": 5,
  "model_init_args": [
    32,
    64,
    3,
    2,
    1,
    2
  ],
  "model_init_kwargs": {},
  "seed": 100,
  "align_stats": {
    "copied_same_shape": 1,
    "unique_shape_copied": 0,
    "mapped_shape": 0,
    "skipped": 0,
    "pair_aligner": 0,
    "pair_key": "Model->ModelNew"
  },
  "runnable": true,
  "phase": "stage4_repair",
  "pytorch_baseline_ms": 9.178751754760743,
  "score": 0.7807652893161883
}