{
  "timestamp": "2025-12-28T12:55:37",
  "reference_file": "KernelBench/select2/79_conv_transposed_1D_asymmetric_input_square_kernel___padded____strided____dilated__.py",
  "candidate_file": "/home/hyc/LLMKernel/run/20251228_121522_batch_range75to79_openai_deepseek/79_conv_transposed_1D_asymmetric_input_square_kernel___padded____strided____dilated__/code/kernel_20251228_125533.py",
  "tolerance": 1,
  "max_abs_err": 0.0005418360233306885,
  "mean_abs_err": 5.332408181857318e-05,
  "ref_latency_ms": {
    "avg": 5.130086421966553,
    "min": 5.128191947937012,
    "max": 5.132544040679932,
    "all": [
      5.128191947937012,
      5.128191947937012,
      5.130239963531494,
      5.1312642097473145,
      5.132544040679932
    ]
  },
  "test_latency_ms": {
    "avg": 2.7119487285614015,
    "min": 2.7095038890838623,
    "max": 2.7155840396881104,
    "all": [
      2.713599920272827,
      2.7115519046783447,
      2.7095038890838623,
      2.7095038890838623,
      2.7155840396881104
    ]
  },
  "num_runs": 5,
  "model_init_args": [
    32,
    64,
    3,
    2,
    1,
    2
  ],
  "model_init_kwargs": {},
  "seed": 100,
  "align_stats": {
    "copied_same_shape": 0,
    "unique_shape_copied": 1,
    "mapped_shape": 0,
    "skipped": 0,
    "pair_aligner": 0,
    "pair_key": "Model->ModelNew"
  },
  "runnable": true,
  "phase": "algorithm_optimized_seed1",
  "pytorch_baseline_ms": 5.129446411132813,
  "score": 1.8914245527989069
}