{
  "timestamp": "2025-12-13T10:51:53",
  "reference_file": "KernelBench/level1_low_score/79_conv_transposed_1D_asymmetric_input_square_kernel___padded____strided____dilated__.py",
  "candidate_file": "/home/hyc/LLMKernel/run/20251213_091928_batch_range68to99_openai_deepseek/79_conv_transposed_1D_asymmetric_input_square_kernel___padded____strided____dilated__/code/kernel_20251213_105149.py",
  "tolerance": 0.001,
  "max_abs_err": 2.384185791015625e-07,
  "mean_abs_err": 1.6720093753974652e-08,
  "ref_latency_ms": {
    "avg": 9.264339256286622,
    "min": 9.259167671203613,
    "max": 9.270272254943848,
    "all": [
      9.270272254943848,
      9.2609281539917,
      9.265151977539062,
      9.259167671203613,
      9.266176223754883
    ]
  },
  "test_latency_ms": {
    "avg": 11.742003059387207,
    "min": 11.718655586242676,
    "max": 11.751520156860352,
    "all": [
      11.718655586242676,
      11.740063667297363,
      11.751520156860352,
      11.74835205078125,
      11.751423835754395
    ]
  },
  "num_runs": 5,
  "model_init_args": [
    32,
    64,
    3,
    2,
    1,
    2
  ],
  "model_init_kwargs": {},
  "seed": 100,
  "align_stats": {
    "copied_same_shape": 1,
    "unique_shape_copied": 0,
    "mapped_shape": 0,
    "skipped": 0,
    "pair_aligner": 0,
    "pair_key": "Model->ModelNew"
  },
  "runnable": true,
  "phase": "stage1_repair",
  "pytorch_baseline_ms": 9.178751754760743,
  "score": 0.7817023814708293
}