{
  "timestamp": "2025-12-28T12:57:17",
  "reference_file": "KernelBench/select2/79_conv_transposed_1D_asymmetric_input_square_kernel___padded____strided____dilated__.py",
  "candidate_file": "/home/hyc/LLMKernel/run/20251228_121522_batch_range75to79_openai_deepseek/79_conv_transposed_1D_asymmetric_input_square_kernel___padded____strided____dilated__/code/kernel_20251228_125712.py",
  "tolerance": 1,
  "max_abs_err": 0.0005418360233306885,
  "mean_abs_err": 5.332408181857318e-05,
  "ref_latency_ms": {
    "avg": 5.130835151672363,
    "min": 5.1220479011535645,
    "max": 5.147647857666016,
    "all": [
      5.147647857666016,
      5.1220479011535645,
      5.125152111053467,
      5.122943878173828,
      5.136384010314941
    ]
  },
  "test_latency_ms": {
    "avg": 2.8274816036224366,
    "min": 2.8240959644317627,
    "max": 2.8334081172943115,
    "all": [
      2.8304638862609863,
      2.82425594329834,
      2.8251841068267822,
      2.8334081172943115,
      2.8240959644317627
    ]
  },
  "num_runs": 5,
  "model_init_args": [
    32,
    64,
    3,
    2,
    1,
    2
  ],
  "model_init_kwargs": {},
  "seed": 100,
  "align_stats": {
    "copied_same_shape": 0,
    "unique_shape_copied": 1,
    "mapped_shape": 0,
    "skipped": 0,
    "pair_aligner": 0,
    "pair_key": "Model->ModelNew"
  },
  "runnable": true,
  "phase": "stage2_block_tiling",
  "pytorch_baseline_ms": 5.129446411132813,
  "score": 1.8141396232467815
}