{
  "timestamp": "2025-12-28T12:56:21",
  "reference_file": "KernelBench/select2/79_conv_transposed_1D_asymmetric_input_square_kernel___padded____strided____dilated__.py",
  "candidate_file": "/home/hyc/LLMKernel/run/20251228_121522_batch_range75to79_openai_deepseek/79_conv_transposed_1D_asymmetric_input_square_kernel___padded____strided____dilated__/code/kernel_20251228_125616.py",
  "tolerance": 1,
  "max_abs_err": 0.0005418360233306885,
  "mean_abs_err": 5.332408181857318e-05,
  "ref_latency_ms": {
    "avg": 5.135724830627441,
    "min": 5.116864204406738,
    "max": 5.152768135070801,
    "all": [
      5.150752067565918,
      5.135359764099121,
      5.122879981994629,
      5.116864204406738,
      5.152768135070801
    ]
  },
  "test_latency_ms": {
    "avg": 2.8516672134399412,
    "min": 2.8446719646453857,
    "max": 2.855936050415039,
    "all": [
      2.8538239002227783,
      2.8519680500030518,
      2.8446719646453857,
      2.851936101913452,
      2.855936050415039
    ]
  },
  "num_runs": 5,
  "model_init_args": [
    32,
    64,
    3,
    2,
    1,
    2
  ],
  "model_init_kwargs": {},
  "seed": 100,
  "align_stats": {
    "copied_same_shape": 0,
    "unique_shape_copied": 1,
    "mapped_shape": 0,
    "skipped": 0,
    "pair_aligner": 0,
    "pair_key": "Model->ModelNew"
  },
  "runnable": true,
  "phase": "stage1_grid_and_parallel",
  "pytorch_baseline_ms": 5.129446411132813,
  "score": 1.798753510563109
}