{
  "timestamp": "2025-12-13T10:50:56",
  "reference_file": "KernelBench/level1_low_score/79_conv_transposed_1D_asymmetric_input_square_kernel___padded____strided____dilated__.py",
  "candidate_file": "/home/hyc/LLMKernel/run/20251213_091928_batch_range68to99_openai_deepseek/79_conv_transposed_1D_asymmetric_input_square_kernel___padded____strided____dilated__/code/kernel_20251213_105053.py",
  "tolerance": 0.001,
  "max_abs_err": 2.384185791015625e-07,
  "mean_abs_err": 1.6720093753974652e-08,
  "ref_latency_ms": {
    "avg": 9.178751754760743,
    "min": 8.823807716369629,
    "max": 9.28495979309082,
    "all": [
      9.28495979309082,
      9.261055946350098,
      9.26211166381836,
      9.261823654174805,
      8.823807716369629
    ]
  },
  "test_latency_ms": {
    "avg": 15.480236625671386,
    "min": 15.450112342834473,
    "max": 15.560799598693848,
    "all": [
      15.456255912780762,
      15.455231666564941,
      15.450112342834473,
      15.47878360748291,
      15.560799598693848
    ]
  },
  "num_runs": 5,
  "model_init_args": [
    32,
    64,
    3,
    2,
    1,
    2
  ],
  "model_init_kwargs": {},
  "seed": 100,
  "align_stats": {
    "copied_same_shape": 1,
    "unique_shape_copied": 0,
    "mapped_shape": 0,
    "skipped": 0,
    "pair_aligner": 0,
    "pair_key": "Model->ModelNew"
  },
  "runnable": true,
  "phase": "seed",
  "score": 0.592933556295859
}