{
  "timestamp": "2025-12-28T12:50:16",
  "reference_file": "KernelBench/select2/79_conv_transposed_1D_asymmetric_input_square_kernel___padded____strided____dilated__.py",
  "candidate_file": "/home/hyc/LLMKernel/run/20251228_121522_batch_range75to79_openai_deepseek/79_conv_transposed_1D_asymmetric_input_square_kernel___padded____strided____dilated__/code/kernel_20251228_125012.py",
  "tolerance": 1,
  "max_abs_err": 0.00022430717945098877,
  "mean_abs_err": 2.187881364079658e-05,
  "ref_latency_ms": {
    "avg": 5.129446411132813,
    "min": 5.1220479011535645,
    "max": 5.144576072692871,
    "all": [
      5.144576072692871,
      5.134367942810059,
      5.1221442222595215,
      5.1220479011535645,
      5.124095916748047
    ]
  },
  "test_latency_ms": {
    "avg": 9.760575866699218,
    "min": 9.757696151733398,
    "max": 9.763839721679688,
    "all": [
      9.761856079101562,
      9.759743690490723,
      9.759743690490723,
      9.757696151733398,
      9.763839721679688
    ]
  },
  "num_runs": 5,
  "model_init_args": [
    32,
    64,
    3,
    2,
    1,
    2
  ],
  "model_init_kwargs": {},
  "seed": 100,
  "align_stats": {
    "copied_same_shape": 0,
    "unique_shape_copied": 1,
    "mapped_shape": 0,
    "skipped": 0,
    "pair_aligner": 0,
    "pair_key": "Model->ModelNew"
  },
  "runnable": true,
  "phase": "seed_0",
  "score": 0.5255270263953661
}