{
  "timestamp": "2025-12-13T09:13:15",
  "reference_file": "KernelBench/level2/2_ConvTranspose2d_BiasAdd_Clamp_Scaling_Clamp_Divide.py",
  "candidate_file": "/home/hyc/LLMKernel/run/20251213_080709_batch_range1to40_deepseek_deepseek/2_ConvTranspose2d_BiasAdd_Clamp_Scaling_Clamp_Divide/code/kernel_20251213_091310.py",
  "tolerance": 0.001,
  "max_abs_err": 0.0,
  "mean_abs_err": 0.0,
  "ref_latency_ms": {
    "avg": 39.15569305419922,
    "min": 39.15059280395508,
    "max": 39.1649284362793,
    "all": [
      39.1649284362793,
      39.15468978881836,
      39.156734466552734,
      39.15059280395508,
      39.151519775390625
    ]
  },
  "test_latency_ms": {
    "avg": 22.739551544189453,
    "min": 22.730976104736328,
    "max": 22.747135162353516,
    "all": [
      22.744831085205078,
      22.734848022460938,
      22.739967346191406,
      22.730976104736328,
      22.747135162353516
    ]
  },
  "num_runs": 5,
  "model_init_args": [
    64,
    64,
    3,
    2,
    1,
    1,
    [
      64,
      1,
      1
    ],
    2.0
  ],
  "model_init_kwargs": {},
  "seed": 100,
  "align_stats": {
    "pair_aligner": 1,
    "copied_same_shape": 1,
    "mapped_shape": 0,
    "skipped": 0,
    "pair_key": "Model->ModelNew"
  },
  "runnable": true,
  "phase": "stage3_repair",
  "pytorch_baseline_ms": 39.38715591430664,
  "score": 1.7320990626295392
}