{
  "timestamp": "2025-12-13T08:55:50",
  "reference_file": "KernelBench/level2/2_ConvTranspose2d_BiasAdd_Clamp_Scaling_Clamp_Divide.py",
  "candidate_file": "/home/hyc/LLMKernel/run/20251213_080709_batch_range1to40_deepseek_deepseek/2_ConvTranspose2d_BiasAdd_Clamp_Scaling_Clamp_Divide/code/kernel_20251213_085544.py",
  "tolerance": 0.001,
  "max_abs_err": 0.0,
  "mean_abs_err": 0.0,
  "ref_latency_ms": {
    "avg": 39.184383392333984,
    "min": 39.167999267578125,
    "max": 39.19667053222656,
    "all": [
      39.19667053222656,
      39.193599700927734,
      39.18950271606445,
      39.167999267578125,
      39.17414474487305
    ]
  },
  "test_latency_ms": {
    "avg": 22.925728607177735,
    "min": 22.89664077758789,
    "max": 23.000064849853516,
    "all": [
      22.911136627197266,
      22.9171199798584,
      23.000064849853516,
      22.9036808013916,
      22.89664077758789
    ]
  },
  "num_runs": 5,
  "model_init_args": [
    64,
    64,
    3,
    2,
    1,
    1,
    [
      64,
      1,
      1
    ],
    2.0
  ],
  "model_init_kwargs": {},
  "seed": 100,
  "align_stats": {
    "pair_aligner": 1,
    "copied_same_shape": 1,
    "mapped_shape": 0,
    "skipped": 0,
    "pair_key": "Model->ModelNew"
  },
  "runnable": true,
  "phase": "stage1_grid_and_parallel",
  "pytorch_baseline_ms": 39.38715591430664,
  "score": 1.7180328961049924
}