{
  "timestamp": "2025-12-13T08:47:31",
  "reference_file": "KernelBench/level2/2_ConvTranspose2d_BiasAdd_Clamp_Scaling_Clamp_Divide.py",
  "candidate_file": "/home/hyc/LLMKernel/run/20251213_080709_batch_range1to40_deepseek_deepseek/2_ConvTranspose2d_BiasAdd_Clamp_Scaling_Clamp_Divide/code/kernel_20251213_084726.py",
  "tolerance": 0.001,
  "max_abs_err": 0.0,
  "mean_abs_err": 0.0,
  "ref_latency_ms": {
    "avg": 39.38715591430664,
    "min": 39.214080810546875,
    "max": 39.627777099609375,
    "all": [
      39.32374572753906,
      39.46905517578125,
      39.30112075805664,
      39.627777099609375,
      39.214080810546875
    ]
  },
  "test_latency_ms": {
    "avg": 23.012735748291014,
    "min": 22.805503845214844,
    "max": 23.618431091308594,
    "all": [
      22.906879425048828,
      22.861663818359375,
      22.871200561523438,
      23.618431091308594,
      22.805503845214844
    ]
  },
  "num_runs": 5,
  "model_init_args": [
    64,
    64,
    3,
    2,
    1,
    1,
    [
      64,
      1,
      1
    ],
    2.0
  ],
  "model_init_kwargs": {},
  "seed": 100,
  "align_stats": {
    "pair_aligner": 1,
    "copied_same_shape": 1,
    "mapped_shape": 0,
    "skipped": 0,
    "pair_key": "Model->ModelNew"
  },
  "runnable": true,
  "phase": "seed",
  "score": 1.7115373132997294
}