{
  "timestamp": "2025-12-13T09:25:46",
  "reference_file": "KernelBench/level2/2_ConvTranspose2d_BiasAdd_Clamp_Scaling_Clamp_Divide.py",
  "candidate_file": "/home/hyc/LLMKernel/run/20251213_080709_batch_range1to40_deepseek_deepseek/2_ConvTranspose2d_BiasAdd_Clamp_Scaling_Clamp_Divide/code/kernel_20251213_092538.py",
  "tolerance": 0.001,
  "max_abs_err": 0.0,
  "mean_abs_err": 0.0,
  "ref_latency_ms": {
    "avg": 39.162393188476564,
    "min": 39.1464958190918,
    "max": 39.179264068603516,
    "all": [
      39.179264068603516,
      39.1464958190918,
      39.17289733886719,
      39.156734466552734,
      39.15657424926758
    ]
  },
  "test_latency_ms": {
    "avg": 434.488525390625,
    "min": 434.1033020019531,
    "max": 434.80780029296875,
    "all": [
      434.6552429199219,
      434.80780029296875,
      434.5528259277344,
      434.3234558105469,
      434.1033020019531
    ]
  },
  "num_runs": 5,
  "model_init_args": [
    64,
    64,
    3,
    2,
    1,
    1,
    [
      64,
      1,
      1
    ],
    2.0
  ],
  "model_init_kwargs": {},
  "seed": 100,
  "align_stats": {
    "pair_aligner": 1,
    "copied_same_shape": 1,
    "mapped_shape": 0,
    "skipped": 0,
    "pair_key": "Model->ModelNew"
  },
  "runnable": true,
  "phase": "stage4_advanced_memory",
  "pytorch_baseline_ms": 39.38715591430664,
  "score": 0.09065177470198042
}