{
  "timestamp": "2025-12-23T12:02:21",
  "reference_file": "KernelBench/t/71_conv_transposed_2D__asymmetric_input__square_kernel.py",
  "candidate_file": "/home/hyc/LLMKernel/run/20251223_112836_batch_range62to73_openai_deepseek/71_conv_transposed_2D__asymmetric_input__square_kernel/code/kernel_20251223_120216.py",
  "tolerance": 1,
  "max_abs_err": 0.0007175207138061523,
  "mean_abs_err": 0.0001531341695226729,
  "ref_latency_ms": {
    "avg": 1.8956223964691161,
    "min": 1.8903039693832397,
    "max": 1.9056639671325684,
    "all": [
      1.9056639671325684,
      1.8984960317611694,
      1.8903039693832397,
      1.8903039693832397,
      1.8933440446853638
    ]
  },
  "test_latency_ms": {
    "avg": 3.643052816390991,
    "min": 3.6372480392456055,
    "max": 3.653536081314087,
    "all": [
      3.6372480392456055,
      3.6380159854888916,
      3.6430718898773193,
      3.6433920860290527,
      3.653536081314087
    ]
  },
  "num_runs": 5,
  "model_init_args": [
    32,
    32,
    3
  ],
  "model_init_kwargs": {},
  "seed": 100,
  "align_stats": {
    "pair_aligner": 1,
    "copied_same_shape": 1,
    "mapped_shape": 0,
    "skipped": 0,
    "pair_key": "Model->ModelNew"
  },
  "runnable": true,
  "phase": "stage1_grid_and_parallel",
  "pytorch_baseline_ms": 1.9029376029968261,
  "score": 0.5223469707699656
}