{
  "timestamp": "2025-12-23T12:00:58",
  "reference_file": "KernelBench/t/71_conv_transposed_2D__asymmetric_input__square_kernel.py",
  "candidate_file": "/home/hyc/LLMKernel/run/20251223_112836_batch_range62to73_openai_deepseek/71_conv_transposed_2D__asymmetric_input__square_kernel/code/kernel_20251223_120054.py",
  "tolerance": 1,
  "max_abs_err": 0.0007175207138061523,
  "mean_abs_err": 0.0001531341695226729,
  "ref_latency_ms": {
    "avg": 1.9165055990219115,
    "min": 1.9107840061187744,
    "max": 1.931264042854309,
    "all": [
      1.931264042854309,
      1.9158400297164917,
      1.9108799695968628,
      1.9107840061187744,
      1.9137599468231201
    ]
  },
  "test_latency_ms": {
    "avg": 3.8102207660675047,
    "min": 3.8061439990997314,
    "max": 3.8163840770721436,
    "all": [
      3.813375949859619,
      3.808255910873413,
      3.806943893432617,
      3.8061439990997314,
      3.8163840770721436
    ]
  },
  "num_runs": 5,
  "model_init_args": [
    32,
    32,
    3
  ],
  "model_init_kwargs": {},
  "seed": 100,
  "align_stats": {
    "pair_aligner": 1,
    "copied_same_shape": 1,
    "mapped_shape": 0,
    "skipped": 0,
    "pair_key": "Model->ModelNew"
  },
  "runnable": true,
  "phase": "algorithm_optimized_seed0",
  "pytorch_baseline_ms": 1.9029376029968261,
  "score": 0.4994297495682465
}