{
  "timestamp": "2025-12-13T09:40:55",
  "reference_file": "KernelBench/level1_low_score/71_conv_transposed_2D__asymmetric_input__square_kernel.py",
  "candidate_file": "/home/hyc/LLMKernel/run/20251213_091928_batch_range68to99_openai_deepseek/71_conv_transposed_2D__asymmetric_input__square_kernel/code/kernel_20251213_094049.py",
  "tolerance": 0.001,
  "max_abs_err": 0.0,
  "mean_abs_err": 0.0,
  "ref_latency_ms": {
    "avg": 3.7312063694000246,
    "min": 3.6515839099884033,
    "max": 3.807231903076172,
    "all": [
      3.6669440269470215,
      3.6515839099884033,
      3.7926719188690186,
      3.737600088119507,
      3.807231903076172
    ]
  },
  "test_latency_ms": {
    "avg": 10.730700874328614,
    "min": 10.698752403259277,
    "max": 10.765312194824219,
    "all": [
      10.73151969909668,
      10.738688468933105,
      10.719231605529785,
      10.698752403259277,
      10.765312194824219
    ]
  },
  "num_runs": 5,
  "model_init_args": [
    32,
    32,
    3
  ],
  "model_init_kwargs": {},
  "seed": 100,
  "align_stats": {
    "pair_aligner": 1,
    "copied_same_shape": 1,
    "mapped_shape": 0,
    "skipped": 0,
    "pair_key": "Model->ModelNew"
  },
  "runnable": true,
  "phase": "seed",
  "score": 0.3477132028091757
}