{
  "timestamp": "2025-12-13T10:04:19",
  "reference_file": "KernelBench/level1_low_score/71_conv_transposed_2D__asymmetric_input__square_kernel.py",
  "candidate_file": "/home/hyc/LLMKernel/run/20251213_091928_batch_range68to99_openai_deepseek/71_conv_transposed_2D__asymmetric_input__square_kernel/code/kernel_20251213_095110.py",
  "tolerance": 0.001,
  "max_abs_err": 0.0,
  "mean_abs_err": 0.0,
  "ref_latency_ms": {
    "avg": 3.9042431831359865,
    "min": 3.8973441123962402,
    "max": 3.912735939025879,
    "all": [
      3.912735939025879,
      3.8973441123962402,
      3.8983678817749023,
      3.9004158973693848,
      3.9123520851135254
    ]
  },
  "test_latency_ms": {
    "avg": 10.015142440795898,
    "min": 9.895071983337402,
    "max": 10.07107162475586,
    "all": [
      9.895071983337402,
      10.025856018066406,
      10.07107162475586,
      10.043392181396484,
      10.04032039642334
    ]
  },
  "num_runs": 5,
  "model_init_args": [
    32,
    32,
    3
  ],
  "model_init_kwargs": {},
  "seed": 100,
  "align_stats": {
    "pair_aligner": 1,
    "copied_same_shape": 1,
    "mapped_shape": 0,
    "skipped": 0,
    "pair_key": "Model->ModelNew"
  },
  "runnable": true,
  "phase": "stage4_advanced_memory",
  "pytorch_baseline_ms": 3.7312063694000246,
  "score": 0.3725564954724206
}