{
  "timestamp": "2025-12-13T09:50:01",
  "reference_file": "KernelBench/level1_low_score/71_conv_transposed_2D__asymmetric_input__square_kernel.py",
  "candidate_file": "/home/hyc/LLMKernel/run/20251213_091928_batch_range68to99_openai_deepseek/71_conv_transposed_2D__asymmetric_input__square_kernel/code/kernel_20251213_094249.py",
  "tolerance": 0.001,
  "max_abs_err": 0.0,
  "mean_abs_err": 0.0,
  "ref_latency_ms": {
    "avg": 3.8995199680328367,
    "min": 3.8932480812072754,
    "max": 3.9045119285583496,
    "all": [
      3.9045119285583496,
      3.8993918895721436,
      3.8932480812072754,
      3.899199962615967,
      3.901247978210449
    ]
  },
  "test_latency_ms": {
    "avg": 10.054591941833497,
    "min": 9.944767951965332,
    "max": 10.127360343933105,
    "all": [
      9.944767951965332,
      10.056703567504883,
      10.041343688964844,
      10.102784156799316,
      10.127360343933105
    ]
  },
  "num_runs": 5,
  "model_init_args": [
    32,
    32,
    3
  ],
  "model_init_kwargs": {},
  "seed": 100,
  "align_stats": {
    "pair_aligner": 1,
    "copied_same_shape": 1,
    "mapped_shape": 0,
    "skipped": 0,
    "pair_key": "Model->ModelNew"
  },
  "runnable": true,
  "phase": "stage3_repair",
  "pytorch_baseline_ms": 3.7312063694000246,
  "score": 0.37109475859242314
}