{
  "timestamp": "2025-12-23T12:03:20",
  "reference_file": "KernelBench/t/71_conv_transposed_2D__asymmetric_input__square_kernel.py",
  "candidate_file": "/home/hyc/LLMKernel/run/20251223_112836_batch_range62to73_openai_deepseek/71_conv_transposed_2D__asymmetric_input__square_kernel/code/kernel_20251223_120315.py",
  "tolerance": 1,
  "max_abs_err": 0.0007175207138061523,
  "mean_abs_err": 0.0001531341695226729,
  "ref_latency_ms": {
    "avg": 1.8984959840774536,
    "min": 1.8831360340118408,
    "max": 1.9179519414901733,
    "all": [
      1.9179519414901733,
      1.896448016166687,
      1.8831360340118408,
      1.9025919437408447,
      1.8923519849777222
    ]
  },
  "test_latency_ms": {
    "avg": 3.7942784309387205,
    "min": 3.7898240089416504,
    "max": 3.8041601181030273,
    "all": [
      3.792896032333374,
      3.7898240089416504,
      3.792639970779419,
      3.791872024536133,
      3.8041601181030273
    ]
  },
  "num_runs": 5,
  "model_init_args": [
    32,
    32,
    3
  ],
  "model_init_kwargs": {},
  "seed": 100,
  "align_stats": {
    "pair_aligner": 1,
    "copied_same_shape": 1,
    "mapped_shape": 0,
    "skipped": 0,
    "pair_key": "Model->ModelNew"
  },
  "runnable": true,
  "phase": "stage2_block_tiling",
  "pytorch_baseline_ms": 1.9029376029968261,
  "score": 0.5015281924173476
}