{
  "timestamp": "2025-12-23T11:58:26",
  "reference_file": "KernelBench/t/71_conv_transposed_2D__asymmetric_input__square_kernel.py",
  "candidate_file": "/home/hyc/LLMKernel/run/20251223_112836_batch_range62to73_openai_deepseek/71_conv_transposed_2D__asymmetric_input__square_kernel/code/kernel_20251223_115821.py",
  "tolerance": 1,
  "max_abs_err": 6.556510925292969e-07,
  "mean_abs_err": 6.713797517932107e-08,
  "ref_latency_ms": {
    "avg": 1.9029376029968261,
    "min": 1.8933759927749634,
    "max": 1.9120960235595703,
    "all": [
      1.9120960235595703,
      1.9039039611816406,
      1.8995519876480103,
      1.8933759927749634,
      1.9057600498199463
    ]
  },
  "test_latency_ms": {
    "avg": 10.791212844848634,
    "min": 10.686752319335938,
    "max": 11.053055763244629,
    "all": [
      11.053055763244629,
      10.727616310119629,
      10.686752319335938,
      10.72537612915039,
      10.763263702392578
    ]
  },
  "num_runs": 5,
  "model_init_args": [
    32,
    32,
    3
  ],
  "model_init_kwargs": {},
  "seed": 100,
  "align_stats": {
    "pair_aligner": 1,
    "copied_same_shape": 1,
    "mapped_shape": 0,
    "skipped": 0,
    "pair_key": "Model->ModelNew"
  },
  "runnable": true,
  "phase": "seed_0",
  "score": 0.17634140206077256
}