{
  "timestamp": "2025-12-23T12:04:40",
  "reference_file": "KernelBench/t/71_conv_transposed_2D__asymmetric_input__square_kernel.py",
  "candidate_file": "/home/hyc/LLMKernel/run/20251223_112836_batch_range62to73_openai_deepseek/71_conv_transposed_2D__asymmetric_input__square_kernel/code/kernel_20251223_120435.py",
  "tolerance": 1,
  "max_abs_err": 0.0007175207138061523,
  "mean_abs_err": 0.0001531341695226729,
  "ref_latency_ms": {
    "avg": 1.8991103887557983,
    "min": 1.8895039558410645,
    "max": 1.9077119827270508,
    "all": [
      1.9077119827270508,
      1.896224021911621,
      1.8944000005722046,
      1.8895039558410645,
      1.9077119827270508
    ]
  },
  "test_latency_ms": {
    "avg": 3.7974720001220703,
    "min": 3.7908480167388916,
    "max": 3.8103039264678955,
    "all": [
      3.792896032333374,
      3.79801607131958,
      3.7952959537506104,
      3.7908480167388916,
      3.8103039264678955
    ]
  },
  "num_runs": 5,
  "model_init_args": [
    32,
    32,
    3
  ],
  "model_init_kwargs": {},
  "seed": 100,
  "align_stats": {
    "pair_aligner": 1,
    "copied_same_shape": 1,
    "mapped_shape": 0,
    "skipped": 0,
    "pair_key": "Model->ModelNew"
  },
  "runnable": true,
  "phase": "stage3_memory_and_tuning",
  "pytorch_baseline_ms": 1.9029376029968261,
  "score": 0.5011064210442252
}