{
  "timestamp": "2025-12-12T21:22:47",
  "reference_file": "KernelBench/level1/19_ReLU.py",
  "candidate_file": "/home/hyc/LLMKernel/run/20251212_170043_batch_range5to40_deepseek_deepseek/19_ReLU/code/kernel_20251212_212232.py",
  "tolerance": 0.001,
  "max_abs_err": 0.0,
  "mean_abs_err": 0.0,
  "ref_latency_ms": {
    "avg": 14.01970558166504,
    "min": 14.016351699829102,
    "max": 14.02467155456543,
    "all": [
      14.02467155456543,
      14.016351699829102,
      14.017312049865723,
      14.021632194519043,
      14.018560409545898
    ]
  },
  "test_latency_ms": {
    "avg": 20.732096099853514,
    "min": 20.725664138793945,
    "max": 20.7511043548584,
    "all": [
      20.7511043548584,
      20.728832244873047,
      20.725664138793945,
      20.727807998657227,
      20.72707176208496
    ]
  },
  "num_runs": 5,
  "model_init_args": [],
  "model_init_kwargs": {},
  "seed": 100,
  "align_stats": {
    "copied_same_shape": 0,
    "unique_shape_copied": 0,
    "mapped_shape": 0,
    "skipped": 0,
    "pair_aligner": 0,
    "pair_key": "Model->ModelNew"
  },
  "runnable": true,
  "phase": "stage1_grid_and_parallel",
  "pytorch_baseline_ms": 14.019257545471191,
  "score": 0.6762103300095279
}