{
  "timestamp": "2025-12-28T10:40:55",
  "reference_file": "KernelBench/select2/19_ReLU.py",
  "candidate_file": "/home/hyc/LLMKernel/run/20251228_103215_batch_range14to22_openai_deepseek/19_ReLU/code/kernel_20251228_104041.py",
  "tolerance": 1,
  "max_abs_err": 0.0,
  "mean_abs_err": 0.0,
  "ref_latency_ms": {
    "avg": 14.155161666870118,
    "min": 14.151679992675781,
    "max": 14.160896301269531,
    "all": [
      14.151679992675781,
      14.155776023864746,
      14.160896301269531,
      14.151679992675781,
      14.155776023864746
    ]
  },
  "test_latency_ms": {
    "avg": 20.83123207092285,
    "min": 20.801536560058594,
    "max": 20.84454345703125,
    "all": [
      20.83942413330078,
      20.83737564086914,
      20.833280563354492,
      20.801536560058594,
      20.84454345703125
    ]
  },
  "num_runs": 5,
  "model_init_args": [],
  "model_init_kwargs": {},
  "seed": 100,
  "align_stats": {
    "copied_same_shape": 0,
    "unique_shape_copied": 0,
    "mapped_shape": 0,
    "skipped": 0,
    "pair_aligner": 0,
    "pair_key": "Model->ModelNew"
  },
  "runnable": true,
  "phase": "seed_0",
  "score": 0.6795162964282134
}