{
  "timestamp": "2025-12-12T21:28:05",
  "reference_file": "KernelBench/level1/19_ReLU.py",
  "candidate_file": "/home/hyc/LLMKernel/run/20251212_170043_batch_range5to40_deepseek_deepseek/19_ReLU/code/kernel_20251212_212752.py",
  "tolerance": 0.001,
  "max_abs_err": 0.0,
  "mean_abs_err": 0.0,
  "ref_latency_ms": {
    "avg": 14.019302368164062,
    "min": 14.015487670898438,
    "max": 14.023648262023926,
    "all": [
      14.023648262023926,
      14.016511917114258,
      14.019583702087402,
      14.015487670898438,
      14.021280288696289
    ]
  },
  "test_latency_ms": {
    "avg": 20.711423873901367,
    "min": 20.7063045501709,
    "max": 20.715423583984375,
    "all": [
      20.714815139770508,
      20.7063045501709,
      20.711135864257812,
      20.709440231323242,
      20.715423583984375
    ]
  },
  "num_runs": 5,
  "model_init_args": [],
  "model_init_kwargs": {},
  "seed": 100,
  "align_stats": {
    "copied_same_shape": 0,
    "unique_shape_copied": 0,
    "mapped_shape": 0,
    "skipped": 0,
    "pair_aligner": 0,
    "pair_key": "Model->ModelNew"
  },
  "runnable": true,
  "phase": "stage3_repair",
  "pytorch_baseline_ms": 14.019257545471191,
  "score": 0.676885260560814
}