{
  "timestamp": "2025-12-28T10:41:20",
  "reference_file": "KernelBench/select2/19_ReLU.py",
  "candidate_file": "/home/hyc/LLMKernel/run/20251228_103215_batch_range14to22_openai_deepseek/19_ReLU/code/kernel_20251228_104107.py",
  "tolerance": 1,
  "max_abs_err": 0.0,
  "mean_abs_err": 0.0,
  "ref_latency_ms": {
    "avg": 14.155942344665528,
    "min": 14.153727531433105,
    "max": 14.158656120300293,
    "all": [
      14.158656120300293,
      14.155776023864746,
      14.153727531433105,
      14.156800270080566,
      14.154751777648926
    ]
  },
  "test_latency_ms": {
    "avg": 20.784211349487304,
    "min": 20.768768310546875,
    "max": 20.79257583618164,
    "all": [
      20.768768310546875,
      20.79257583618164,
      20.78326416015625,
      20.790271759033203,
      20.786176681518555
    ]
  },
  "num_runs": 5,
  "model_init_args": [],
  "model_init_kwargs": {},
  "seed": 100,
  "align_stats": {
    "copied_same_shape": 0,
    "unique_shape_copied": 0,
    "mapped_shape": 0,
    "skipped": 0,
    "pair_aligner": 0,
    "pair_key": "Model->ModelNew"
  },
  "runnable": true,
  "phase": "seed_1",
  "pytorch_baseline_ms": 14.155161666870118,
  "score": 0.6810535857652011
}