{
  "timestamp": "2025-12-28T10:45:02",
  "reference_file": "KernelBench/select2/19_ReLU.py",
  "candidate_file": "/home/hyc/LLMKernel/run/20251228_103215_batch_range14to22_openai_deepseek/19_ReLU/code/kernel_20251228_104444.py",
  "tolerance": 1,
  "max_abs_err": 0.0,
  "mean_abs_err": 0.0,
  "ref_latency_ms": {
    "avg": 14.156947135925293,
    "min": 14.142463684082031,
    "max": 14.195712089538574,
    "all": [
      14.195712089538574,
      14.142463684082031,
      14.147583961486816,
      14.152416229248047,
      14.146559715270996
    ]
  },
  "test_latency_ms": {
    "avg": 14.052320098876953,
    "min": 14.018624305725098,
    "max": 14.117888450622559,
    "all": [
      14.027775764465332,
      14.055423736572266,
      14.018624305725098,
      14.117888450622559,
      14.041888236999512
    ]
  },
  "num_runs": 5,
  "model_init_args": [],
  "model_init_kwargs": {},
  "seed": 100,
  "align_stats": {
    "copied_same_shape": 0,
    "unique_shape_copied": 0,
    "mapped_shape": 0,
    "skipped": 0,
    "pair_aligner": 0,
    "pair_key": "Model->ModelNew"
  },
  "runnable": true,
  "phase": "algorithm_optimized_seed1",
  "pytorch_baseline_ms": 14.155161666870118,
  "score": 1.007318476043069
}