{
  "timestamp": "2025-12-12T21:20:26",
  "reference_file": "KernelBench/level1/19_ReLU.py",
  "candidate_file": "/home/hyc/LLMKernel/run/20251212_170043_batch_range5to40_deepseek_deepseek/19_ReLU/code/kernel_20251212_212012.py",
  "tolerance": 0.001,
  "max_abs_err": 0.0,
  "mean_abs_err": 0.0,
  "ref_latency_ms": {
    "avg": 14.019257545471191,
    "min": 14.01740837097168,
    "max": 14.02131175994873,
    "all": [
      14.020447731018066,
      14.019583702087402,
      14.017536163330078,
      14.02131175994873,
      14.01740837097168
    ]
  },
  "test_latency_ms": {
    "avg": 20.729651260375977,
    "min": 20.720640182495117,
    "max": 20.73472023010254,
    "all": [
      20.73472023010254,
      20.734207153320312,
      20.728832244873047,
      20.729856491088867,
      20.720640182495117
    ]
  },
  "num_runs": 5,
  "model_init_args": [],
  "model_init_kwargs": {},
  "seed": 100,
  "align_stats": {
    "copied_same_shape": 0,
    "unique_shape_copied": 0,
    "mapped_shape": 0,
    "skipped": 0,
    "pair_aligner": 0,
    "pair_key": "Model->ModelNew"
  },
  "runnable": true,
  "phase": "seed",
  "score": 0.6762900817472277
}