{
  "timestamp": "2025-12-28T10:43:04",
  "reference_file": "KernelBench/select2/19_ReLU.py",
  "candidate_file": "/home/hyc/LLMKernel/run/20251228_103215_batch_range14to22_openai_deepseek/19_ReLU/code/kernel_20251228_104250.py",
  "tolerance": 1,
  "max_abs_err": 0.0,
  "mean_abs_err": 0.0,
  "ref_latency_ms": {
    "avg": 14.152275085449219,
    "min": 14.147583961486816,
    "max": 14.154751777648926,
    "all": [
      14.154751777648926,
      14.150431632995605,
      14.147583961486816,
      14.154656410217285,
      14.153951644897461
    ]
  },
  "test_latency_ms": {
    "avg": 14.082259178161621,
    "min": 14.071807861328125,
    "max": 14.1015043258667,
    "all": [
      14.087167739868164,
      14.07692813873291,
      14.071807861328125,
      14.073887825012207,
      14.1015043258667
    ]
  },
  "num_runs": 5,
  "model_init_args": [],
  "model_init_kwargs": {},
  "seed": 100,
  "align_stats": {
    "copied_same_shape": 0,
    "unique_shape_copied": 0,
    "mapped_shape": 0,
    "skipped": 0,
    "pair_aligner": 0,
    "pair_key": "Model->ModelNew"
  },
  "runnable": true,
  "phase": "algorithm_optimized_seed0",
  "pytorch_baseline_ms": 14.155161666870118,
  "score": 1.0051769029234707
}