{
  "timestamp": "2025-12-28T10:46:30",
  "reference_file": "KernelBench/select2/19_ReLU.py",
  "candidate_file": "/home/hyc/LLMKernel/run/20251228_103215_batch_range14to22_openai_deepseek/19_ReLU/code/kernel_20251228_104616.py",
  "tolerance": 1,
  "max_abs_err": 0.0,
  "mean_abs_err": 0.0,
  "ref_latency_ms": {
    "avg": 14.155731201171875,
    "min": 14.151679992675781,
    "max": 14.15884780883789,
    "all": [
      14.158623695373535,
      14.156800270080566,
      14.152704238891602,
      14.15884780883789,
      14.151679992675781
    ]
  },
  "test_latency_ms": {
    "avg": 14.11253776550293,
    "min": 14.105600357055664,
    "max": 14.128128051757812,
    "all": [
      14.109696388244629,
      14.10854434967041,
      14.110719680786133,
      14.105600357055664,
      14.128128051757812
    ]
  },
  "num_runs": 5,
  "model_init_args": [],
  "model_init_kwargs": {},
  "seed": 100,
  "align_stats": {
    "copied_same_shape": 0,
    "unique_shape_copied": 0,
    "mapped_shape": 0,
    "skipped": 0,
    "pair_aligner": 0,
    "pair_key": "Model->ModelNew"
  },
  "runnable": true,
  "phase": "stage1_grid_and_parallel_repair",
  "pytorch_baseline_ms": 14.155161666870118,
  "score": 1.0030202860800401
}