{
  "timestamp": "2025-12-28T10:49:14",
  "reference_file": "KernelBench/select2/19_ReLU.py",
  "candidate_file": "/home/hyc/LLMKernel/run/20251228_103215_batch_range14to22_openai_deepseek/19_ReLU/code/kernel_20251228_104900.py",
  "tolerance": 1,
  "max_abs_err": 0.0,
  "mean_abs_err": 0.0,
  "ref_latency_ms": {
    "avg": 14.149196815490722,
    "min": 14.143360137939453,
    "max": 14.154751777648926,
    "all": [
      14.148608207702637,
      14.148608207702637,
      14.150655746459961,
      14.154751777648926,
      14.143360137939453
    ]
  },
  "test_latency_ms": {
    "avg": 14.156390571594239,
    "min": 14.144512176513672,
    "max": 14.160896301269531,
    "all": [
      14.160896301269531,
      14.15884780883789,
      14.156800270080566,
      14.144512176513672,
      14.160896301269531
    ]
  },
  "num_runs": 5,
  "model_init_args": [],
  "model_init_kwargs": {},
  "seed": 100,
  "align_stats": {
    "copied_same_shape": 0,
    "unique_shape_copied": 0,
    "mapped_shape": 0,
    "skipped": 0,
    "pair_aligner": 0,
    "pair_key": "Model->ModelNew"
  },
  "runnable": true,
  "phase": "stage2_block_tiling",
  "pytorch_baseline_ms": 14.155161666870118,
  "score": 0.9999131908152784
}