{
  "timestamp": "2025-12-12T21:30:14",
  "reference_file": "KernelBench/level1/19_ReLU.py",
  "candidate_file": "/home/hyc/LLMKernel/run/20251212_170043_batch_range5to40_deepseek_deepseek/19_ReLU/code/kernel_20251212_212958.py",
  "tolerance": 0.001,
  "max_abs_err": 0.0,
  "mean_abs_err": 0.0,
  "ref_latency_ms": {
    "avg": 14.014336204528808,
    "min": 14.008095741271973,
    "max": 14.022656440734863,
    "all": [
      14.022656440734863,
      14.012672424316406,
      14.010720252990723,
      14.017536163330078,
      14.008095741271973
    ]
  },
  "test_latency_ms": {
    "avg": 20.707404708862306,
    "min": 20.703231811523438,
    "max": 20.710111618041992,
    "all": [
      20.705280303955078,
      20.70902442932129,
      20.710111618041992,
      20.703231811523438,
      20.709375381469727
    ]
  },
  "num_runs": 5,
  "model_init_args": [],
  "model_init_kwargs": {},
  "seed": 100,
  "align_stats": {
    "copied_same_shape": 0,
    "unique_shape_copied": 0,
    "mapped_shape": 0,
    "skipped": 0,
    "pair_aligner": 0,
    "pair_key": "Model->ModelNew"
  },
  "runnable": true,
  "phase": "stage4_advanced_memory",
  "pytorch_baseline_ms": 14.019257545471191,
  "score": 0.6770166393411562
}