{
  "timestamp": "2025-12-13T17:20:22",
  "reference_file": "KernelBench/level1_low_score/61_conv_transposed_3D__square_input__square_kernel.py",
  "candidate_file": "/home/hyc/LLMKernel/run/20251213_160642_batch_range56to65_openai_deepseek/61_conv_transposed_3D__square_input__square_kernel/code/kernel_20251213_172016.py",
  "tolerance": 0.001,
  "max_abs_err": 0.0010998249053955078,
  "mean_abs_err": 0.00027603638591244817,
  "ref_latency_ms": {
    "avg": 11.115622329711915,
    "min": 11.109375953674316,
    "max": 11.131072044372559,
    "all": [
      11.131072044372559,
      11.115519523620605,
      11.109375953674316,
      11.110431671142578,
      11.111712455749512
    ]
  },
  "test_latency_ms": {
    "avg": 10.557254219055176,
    "min": 10.533727645874023,
    "max": 10.567680358886719,
    "all": [
      10.533727645874023,
      10.561535835266113,
      10.567680358886719,
      10.56281566619873,
      10.560511589050293
    ]
  },
  "num_runs": 5,
  "model_init_args": [
    48,
    48,
    3
  ],
  "model_init_kwargs": {},
  "seed": 100,
  "align_stats": {
    "pair_aligner": 1,
    "copied_same_shape": 1,
    "mapped_shape": 0,
    "skipped": 0,
    "pair_key": "Model->ModelNew"
  },
  "runnable": true,
  "phase": "stage2_block_tiling",
  "pytorch_baseline_ms": 11.740678405761718,
  "score": 1.112095831184072
}