{
  "timestamp": "2025-12-13T17:25:06",
  "reference_file": "KernelBench/level1_low_score/61_conv_transposed_3D__square_input__square_kernel.py",
  "candidate_file": "/home/hyc/LLMKernel/run/20251213_160642_batch_range56to65_openai_deepseek/61_conv_transposed_3D__square_input__square_kernel/code/kernel_20251213_172456.py",
  "tolerance": 0.001,
  "max_abs_err": 0.0010998249053955078,
  "mean_abs_err": 0.00027603638591244817,
  "ref_latency_ms": {
    "avg": 11.11390724182129,
    "min": 11.102335929870605,
    "max": 11.12883186340332,
    "all": [
      11.12883186340332,
      11.109375953674316,
      11.102335929870605,
      11.114496231079102,
      11.114496231079102
    ]
  },
  "test_latency_ms": {
    "avg": 11.333222389221191,
    "min": 11.161600112915039,
    "max": 11.44934368133545,
    "all": [
      11.169792175292969,
      11.161600112915039,
      11.44320011138916,
      11.44217586517334,
      11.44934368133545
    ]
  },
  "num_runs": 5,
  "model_init_args": [
    48,
    48,
    3
  ],
  "model_init_kwargs": {},
  "seed": 100,
  "align_stats": {
    "pair_aligner": 1,
    "copied_same_shape": 1,
    "mapped_shape": 0,
    "skipped": 0,
    "pair_key": "Model->ModelNew"
  },
  "runnable": true,
  "phase": "stage4_advanced_memory",
  "pytorch_baseline_ms": 11.740678405761718,
  "score": 1.035952353403746
}