{
  "timestamp": "2025-12-13T17:19:01",
  "reference_file": "KernelBench/level1_low_score/61_conv_transposed_3D__square_input__square_kernel.py",
  "candidate_file": "/home/hyc/LLMKernel/run/20251213_160642_batch_range56to65_openai_deepseek/61_conv_transposed_3D__square_input__square_kernel/code/kernel_20251213_171856.py",
  "tolerance": 0.001,
  "max_abs_err": 0.0010998249053955078,
  "mean_abs_err": 0.00027603638591244817,
  "ref_latency_ms": {
    "avg": 11.740678405761718,
    "min": 11.7225923538208,
    "max": 11.767807960510254,
    "all": [
      11.767807960510254,
      11.752415657043457,
      11.728608131408691,
      11.7225923538208,
      11.73196792602539
    ]
  },
  "test_latency_ms": {
    "avg": 23.13582077026367,
    "min": 22.921215057373047,
    "max": 23.488351821899414,
    "all": [
      22.921215057373047,
      22.950912475585938,
      22.92633628845215,
      23.488351821899414,
      23.392288208007812
    ]
  },
  "num_runs": 5,
  "model_init_args": [
    48,
    48,
    3
  ],
  "model_init_kwargs": {},
  "seed": 100,
  "align_stats": {
    "pair_aligner": 1,
    "copied_same_shape": 1,
    "mapped_shape": 0,
    "skipped": 0,
    "pair_key": "Model->ModelNew"
  },
  "runnable": true,
  "phase": "seed",
  "score": 0.5074675552834478
}