{
  "timestamp": "2025-12-13T17:22:56",
  "reference_file": "KernelBench/level1_low_score/61_conv_transposed_3D__square_input__square_kernel.py",
  "candidate_file": "/home/hyc/LLMKernel/run/20251213_160642_batch_range56to65_openai_deepseek/61_conv_transposed_3D__square_input__square_kernel/code/kernel_20251213_172245.py",
  "tolerance": 0.001,
  "max_abs_err": 0.0010998249053955078,
  "mean_abs_err": 0.00027603638591244817,
  "ref_latency_ms": {
    "avg": 11.117542457580566,
    "min": 11.111424446105957,
    "max": 11.130880355834961,
    "all": [
      11.130880355834961,
      11.116543769836426,
      11.111424446105957,
      11.116543769836426,
      11.112319946289062
    ]
  },
  "test_latency_ms": {
    "avg": 9.726847839355468,
    "min": 9.714847564697266,
    "max": 9.758720397949219,
    "all": [
      9.721823692321777,
      9.719743728637695,
      9.714847564697266,
      9.719103813171387,
      9.758720397949219
    ]
  },
  "num_runs": 5,
  "model_init_args": [
    48,
    48,
    3
  ],
  "model_init_kwargs": {},
  "seed": 100,
  "align_stats": {
    "pair_aligner": 1,
    "copied_same_shape": 1,
    "mapped_shape": 0,
    "skipped": 0,
    "pair_key": "Model->ModelNew"
  },
  "runnable": true,
  "phase": "stage3_memory_access",
  "pytorch_baseline_ms": 11.740678405761718,
  "score": 1.2070383540141503
}