{
  "timestamp": "2025-12-23T13:09:24",
  "reference_file": "KernelBench/t/93_masked_cumsum.py",
  "candidate_file": "/home/hyc/LLMKernel/run/20251223_124226_93_masked_cumsum_openai_deepseek/93_masked_cumsum/code/kernel_20251223_130907.py",
  "tolerance": 1,
  "max_abs_err": 556828.0625,
  "mean_abs_err": 277870.0,
  "ref_latency_ms": {
    "avg": 21.986739349365234,
    "min": 21.960704803466797,
    "max": 22.020095825195312,
    "all": [
      21.983232498168945,
      21.960704803466797,
      21.984384536743164,
      21.985279083251953,
      22.020095825195312
    ]
  },
  "test_latency_ms": {
    "avg": 26.204959869384766,
    "min": 26.190847396850586,
    "max": 26.218496322631836,
    "all": [
      26.201087951660156,
      26.199968338012695,
      26.214399337768555,
      26.218496322631836,
      26.190847396850586
    ]
  },
  "num_runs": 5,
  "model_init_args": [
    1
  ],
  "model_init_kwargs": {},
  "seed": 100,
  "align_stats": {
    "copied_same_shape": 0,
    "unique_shape_copied": 0,
    "mapped_shape": 0,
    "skipped": 0,
    "pair_aligner": 0,
    "pair_key": "Model->ModelNew"
  },
  "runnable": true,
  "phase": "stage3_memory_and_tuning_repair",
  "score": 0.8390296897593162
}