{
  "timestamp": "2025-12-23T12:50:09",
  "reference_file": "KernelBench/t/93_masked_cumsum.py",
  "candidate_file": "/home/hyc/LLMKernel/run/20251223_124226_93_masked_cumsum_openai_deepseek/93_masked_cumsum/code/kernel_20251223_124953.py",
  "tolerance": 1,
  "max_abs_err": 0.01953125,
  "mean_abs_err": 0.005262961611151695,
  "ref_latency_ms": {
    "avg": 22.034489822387695,
    "min": 22.00707244873047,
    "max": 22.04979133605957,
    "all": [
      22.04979133605957,
      22.039552688598633,
      22.00707244873047,
      22.031360626220703,
      22.0446720123291
    ]
  },
  "test_latency_ms": {
    "avg": 52.70451049804687,
    "min": 52.69692611694336,
    "max": 52.714847564697266,
    "all": [
      52.704254150390625,
      52.69692611694336,
      52.697086334228516,
      52.714847564697266,
      52.70943832397461
    ]
  },
  "num_runs": 5,
  "model_init_args": [
    1
  ],
  "model_init_kwargs": {},
  "seed": 100,
  "align_stats": {
    "copied_same_shape": 0,
    "unique_shape_copied": 0,
    "mapped_shape": 0,
    "skipped": 0,
    "pair_aligner": 0,
    "pair_key": "Model->ModelNew"
  },
  "runnable": true,
  "phase": "seed_0_repair_5",
  "score": 0.41807597896586574
}