{
  "timestamp": "2025-12-23T13:02:17",
  "reference_file": "KernelBench/t/93_masked_cumsum.py",
  "candidate_file": "/home/hyc/LLMKernel/run/20251223_124226_93_masked_cumsum_openai_deepseek/93_masked_cumsum/code/kernel_20251223_130201.py",
  "tolerance": 1,
  "max_abs_err": 0.01953125,
  "mean_abs_err": 0.00526843499392271,
  "ref_latency_ms": {
    "avg": 21.9837890625,
    "min": 21.974016189575195,
    "max": 21.996543884277344,
    "all": [
      21.992448806762695,
      21.977855682373047,
      21.996543884277344,
      21.974016189575195,
      21.97808074951172
    ]
  },
  "test_latency_ms": {
    "avg": 25.418470764160155,
    "min": 25.401344299316406,
    "max": 25.43395233154297,
    "all": [
      25.43395233154297,
      25.412511825561523,
      25.401344299316406,
      25.425920486450195,
      25.418624877929688
    ]
  },
  "num_runs": 5,
  "model_init_args": [
    1
  ],
  "model_init_kwargs": {},
  "seed": 100,
  "align_stats": {
    "copied_same_shape": 0,
    "unique_shape_copied": 0,
    "mapped_shape": 0,
    "skipped": 0,
    "pair_aligner": 0,
    "pair_key": "Model->ModelNew"
  },
  "runnable": true,
  "phase": "stage1_grid_and_parallel_repair",
  "score": 0.8648745735521184
}