{
  "timestamp": "2025-12-13T12:15:05",
  "reference_file": "KernelBench/level1_low_score/93_masked_cumsum.py",
  "candidate_file": "/home/hyc/LLMKernel/run/20251213_091928_batch_range68to99_openai_deepseek/93_masked_cumsum/code/kernel_20251213_121438.py",
  "tolerance": 0.001,
  "max_abs_err": 0.02294921875,
  "mean_abs_err": 0.005444762296974659,
  "ref_latency_ms": {
    "avg": 22.106560134887694,
    "min": 22.0631046295166,
    "max": 22.146047592163086,
    "all": [
      22.146047592163086,
      22.0631046295166,
      22.105056762695312,
      22.115327835083008,
      22.10326385498047
    ]
  },
  "test_latency_ms": {
    "avg": 93.69701690673828,
    "min": 92.90115356445312,
    "max": 94.28684997558594,
    "all": [
      93.5354232788086,
      93.84754943847656,
      92.90115356445312,
      94.28684997558594,
      93.91410827636719
    ]
  },
  "num_runs": 5,
  "model_init_args": [
    1
  ],
  "model_init_kwargs": {},
  "seed": 100,
  "align_stats": {
    "copied_same_shape": 0,
    "unique_shape_copied": 0,
    "mapped_shape": 0,
    "skipped": 0,
    "pair_aligner": 0,
    "pair_key": "Model->ModelNew"
  },
  "runnable": true,
  "phase": "seed",
  "score": 0.23593664840889814
}