{
  "timestamp": "2025-12-13T12:29:41",
  "reference_file": "KernelBench/level1_low_score/93_masked_cumsum.py",
  "candidate_file": "/home/hyc/LLMKernel/run/20251213_091928_batch_range68to99_openai_deepseek/93_masked_cumsum/code/kernel_20251213_122910.py",
  "tolerance": 0.001,
  "max_abs_err": 0.02294921875,
  "mean_abs_err": 0.005444762296974659,
  "ref_latency_ms": {
    "avg": 22.34145278930664,
    "min": 22.313983917236328,
    "max": 22.354944229125977,
    "all": [
      22.354944229125977,
      22.3470401763916,
      22.34566307067871,
      22.345632553100586,
      22.313983917236328
    ]
  },
  "test_latency_ms": {
    "avg": 94.10600891113282,
    "min": 93.85155487060547,
    "max": 94.5224609375,
    "all": [
      94.05951690673828,
      94.5224609375,
      93.92947387695312,
      94.16703796386719,
      93.85155487060547
    ]
  },
  "num_runs": 5,
  "model_init_args": [
    1
  ],
  "model_init_kwargs": {},
  "seed": 100,
  "align_stats": {
    "copied_same_shape": 0,
    "unique_shape_copied": 0,
    "mapped_shape": 0,
    "skipped": 0,
    "pair_aligner": 0,
    "pair_key": "Model->ModelNew"
  },
  "runnable": true,
  "phase": "stage4_repair",
  "pytorch_baseline_ms": 22.106560134887694,
  "score": 0.23491124945872047
}