{
  "timestamp": "2025-12-23T12:57:47",
  "reference_file": "KernelBench/t/93_masked_cumsum.py",
  "candidate_file": "/home/hyc/LLMKernel/run/20251223_124226_93_masked_cumsum_openai_deepseek/93_masked_cumsum/code/kernel_20251223_125727.py",
  "tolerance": 1,
  "max_abs_err": 0.0185546875,
  "mean_abs_err": 0.005058042239397764,
  "ref_latency_ms": {
    "avg": 22.01292839050293,
    "min": 22.000640869140625,
    "max": 22.029312133789062,
    "all": [
      22.008832931518555,
      22.029312133789062,
      22.000640869140625,
      22.008832931518555,
      22.01702308654785
    ]
  },
  "test_latency_ms": {
    "avg": 25.517427444458008,
    "min": 25.46659278869629,
    "max": 25.605119705200195,
    "all": [
      25.605119705200195,
      25.506912231445312,
      25.46659278869629,
      25.4965763092041,
      25.51193618774414
    ]
  },
  "num_runs": 5,
  "model_init_args": [
    1
  ],
  "model_init_kwargs": {},
  "seed": 100,
  "align_stats": {
    "copied_same_shape": 0,
    "unique_shape_copied": 0,
    "mapped_shape": 0,
    "skipped": 0,
    "pair_aligner": 0,
    "pair_key": "Model->ModelNew"
  },
  "runnable": true,
  "phase": "algorithm_optimized_seed0_repair1",
  "score": 0.8626625249906921
}