{
  "timestamp": "2025-12-23T13:04:47",
  "reference_file": "KernelBench/t/93_masked_cumsum.py",
  "candidate_file": "/home/hyc/LLMKernel/run/20251223_124226_93_masked_cumsum_openai_deepseek/93_masked_cumsum/code/kernel_20251223_130431.py",
  "tolerance": 1,
  "max_abs_err": 0.01953125,
  "mean_abs_err": 0.005447087809443474,
  "ref_latency_ms": {
    "avg": 22.011328125,
    "min": 21.990400314331055,
    "max": 22.032384872436523,
    "all": [
      22.002687454223633,
      21.990400314331055,
      22.009855270385742,
      22.021312713623047,
      22.032384872436523
    ]
  },
  "test_latency_ms": {
    "avg": 26.4677375793457,
    "min": 26.3505916595459,
    "max": 26.513408660888672,
    "all": [
      26.496000289916992,
      26.513408660888672,
      26.49190330505371,
      26.3505916595459,
      26.486783981323242
    ]
  },
  "num_runs": 5,
  "model_init_args": [
    1
  ],
  "model_init_kwargs": {},
  "seed": 100,
  "align_stats": {
    "copied_same_shape": 0,
    "unique_shape_copied": 0,
    "mapped_shape": 0,
    "skipped": 0,
    "pair_aligner": 0,
    "pair_key": "Model->ModelNew"
  },
  "runnable": true,
  "phase": "stage2_block_tiling",
  "score": 0.8316286217895973
}