{
  "timestamp": "2025-12-12T20:19:30",
  "reference_file": "KernelBench/level1/16_Matmul_with_transposed_A.py",
  "candidate_file": "/home/hyc/LLMKernel/run/20251212_170043_batch_range5to40_deepseek_deepseek/16_Matmul_with_transposed_A/code/kernel_20251212_201924.py",
  "tolerance": 0.001,
  "max_abs_err": 1.615234375,
  "mean_abs_err": 1.5442205667495728,
  "ref_latency_ms": {
    "avg": 2.2165184020996094,
    "min": 2.2117760181427,
    "max": 2.2220799922943115,
    "all": [
      2.219871997833252,
      2.2128639221191406,
      2.2117760181427,
      2.2220799922943115,
      2.2160000801086426
    ]
  },
  "test_latency_ms": {
    "avg": 30.39578857421875,
    "min": 30.35443115234375,
    "max": 30.434240341186523,
    "all": [
      30.39948844909668,
      30.417919158935547,
      30.434240341186523,
      30.37286376953125,
      30.35443115234375
    ]
  },
  "num_runs": 5,
  "model_init_args": [],
  "model_init_kwargs": {},
  "seed": 100,
  "align_stats": {
    "copied_same_shape": 0,
    "unique_shape_copied": 0,
    "mapped_shape": 0,
    "skipped": 0,
    "pair_aligner": 0,
    "pair_key": "Model->ModelNew"
  },
  "runnable": true,
  "phase": "stage1_repair",
  "pytorch_baseline_ms": 2.2099071502685548,
  "score": 0.07270438616430451
}