{
  "timestamp": "2025-12-12T20:31:58",
  "reference_file": "KernelBench/level1/16_Matmul_with_transposed_A.py",
  "candidate_file": "/home/hyc/LLMKernel/run/20251212_170043_batch_range5to40_deepseek_deepseek/16_Matmul_with_transposed_A/code/kernel_20251212_203154.py",
  "tolerance": 0.001,
  "max_abs_err": 1.615234375,
  "mean_abs_err": 1.5442205667495728,
  "ref_latency_ms": {
    "avg": 2.4141632080078126,
    "min": 2.4094719886779785,
    "max": 2.419840097427368,
    "all": [
      2.4195199012756348,
      2.4094719886779785,
      2.4114880561828613,
      2.419840097427368,
      2.4104959964752197
    ]
  },
  "test_latency_ms": {
    "avg": 1.9532608032226562,
    "min": 1.9422080516815186,
    "max": 1.9650239944458008,
    "all": [
      1.9650239944458008,
      1.9537919759750366,
      1.9527679681777954,
      1.9525120258331299,
      1.9422080516815186
    ]
  },
  "num_runs": 5,
  "model_init_args": [],
  "model_init_kwargs": {},
  "seed": 100,
  "align_stats": {
    "copied_same_shape": 0,
    "unique_shape_copied": 0,
    "mapped_shape": 0,
    "skipped": 0,
    "pair_aligner": 0,
    "pair_key": "Model->ModelNew"
  },
  "runnable": true,
  "phase": "stage4_advanced_memory",
  "pytorch_baseline_ms": 2.2099071502685548,
  "score": 1.131393793712781
}