{
  "timestamp": "2025-12-12T20:14:36",
  "reference_file": "KernelBench/level1/16_Matmul_with_transposed_A.py",
  "candidate_file": "/home/hyc/LLMKernel/run/20251212_170043_batch_range5to40_deepseek_deepseek/16_Matmul_with_transposed_A/code/kernel_20251212_201431.py",
  "tolerance": 0.001,
  "max_abs_err": 1.615234375,
  "mean_abs_err": 1.5442205667495728,
  "ref_latency_ms": {
    "avg": 2.2099071502685548,
    "min": 2.2056639194488525,
    "max": 2.21891188621521,
    "all": [
      2.21891188621521,
      2.2056639194488525,
      2.2094719409942627,
      2.2067201137542725,
      2.208767890930176
    ]
  },
  "test_latency_ms": {
    "avg": 2.003724765777588,
    "min": 1.9988479614257812,
    "max": 2.0099198818206787,
    "all": [
      2.0060160160064697,
      2.0008959770202637,
      2.002943992614746,
      1.9988479614257812,
      2.0099198818206787
    ]
  },
  "num_runs": 5,
  "model_init_args": [],
  "model_init_kwargs": {},
  "seed": 100,
  "align_stats": {
    "copied_same_shape": 0,
    "unique_shape_copied": 0,
    "mapped_shape": 0,
    "skipped": 0,
    "pair_aligner": 0,
    "pair_key": "Model->ModelNew"
  },
  "runnable": true,
  "phase": "seed_repair",
  "score": 1.102899553877078
}