{
  "timestamp": "2025-12-12T20:30:11",
  "reference_file": "KernelBench/level1/16_Matmul_with_transposed_A.py",
  "candidate_file": "/home/hyc/LLMKernel/run/20251212_170043_batch_range5to40_deepseek_deepseek/16_Matmul_with_transposed_A/code/kernel_20251212_203007.py",
  "tolerance": 0.001,
  "max_abs_err": 1.615234375,
  "mean_abs_err": 1.5442205667495728,
  "ref_latency_ms": {
    "avg": 2.2644864082336427,
    "min": 2.256063938140869,
    "max": 2.2753279209136963,
    "all": [
      2.259711980819702,
      2.262144088745117,
      2.256063938140869,
      2.269184112548828,
      2.2753279209136963
    ]
  },
  "test_latency_ms": {
    "avg": 2.0760831356048586,
    "min": 2.067456007003784,
    "max": 2.085887908935547,
    "all": [
      2.0828158855438232,
      2.073535919189453,
      2.067456007003784,
      2.0707199573516846,
      2.085887908935547
    ]
  },
  "num_runs": 5,
  "model_init_args": [],
  "model_init_kwargs": {},
  "seed": 100,
  "align_stats": {
    "copied_same_shape": 0,
    "unique_shape_copied": 0,
    "mapped_shape": 0,
    "skipped": 0,
    "pair_aligner": 0,
    "pair_key": "Model->ModelNew"
  },
  "runnable": true,
  "phase": "stage3_repair",
  "pytorch_baseline_ms": 2.2099071502685548,
  "score": 1.0644598534464311
}