{
  "timestamp": "2025-12-12T13:56:25",
  "reference_file": "KernelBench/level1/4_Matrix_vector_multiplication_.py",
  "candidate_file": "/home/hyc/LLMKernel/run/20251212_131222_batch_range1to20_deepseek_deepseek/4_Matrix_vector_multiplication_/code/kernel_20251212_135604.py",
  "tolerance": 0.001,
  "max_abs_err": 0.75,
  "mean_abs_err": 0.17475128173828125,
  "ref_latency_ms": {
    "avg": 18.24686050415039,
    "min": 18.2425594329834,
    "max": 18.249727249145508,
    "all": [
      18.24665641784668,
      18.249727249145508,
      18.249727249145508,
      18.24563217163086,
      18.2425594329834
    ]
  },
  "test_latency_ms": {
    "avg": 19.128185653686522,
    "min": 19.099647521972656,
    "max": 19.156991958618164,
    "all": [
      19.104768753051758,
      19.128511428833008,
      19.099647521972656,
      19.15100860595703,
      19.156991958618164
    ]
  },
  "num_runs": 5,
  "model_init_args": [],
  "model_init_kwargs": {},
  "seed": 100,
  "align_stats": {
    "copied_same_shape": 0,
    "unique_shape_copied": 0,
    "mapped_shape": 0,
    "skipped": 0,
    "pair_aligner": 0,
    "pair_key": "Model->ModelNew"
  },
  "runnable": true,
  "phase": "stage2_repair",
  "pytorch_baseline_ms": 8.801343727111817,
  "score": 0.4601243362260842
}