{
  "timestamp": "2025-12-12T13:49:58",
  "reference_file": "KernelBench/level1/4_Matrix_vector_multiplication_.py",
  "candidate_file": "/home/hyc/LLMKernel/run/20251212_131222_batch_range1to20_deepseek_deepseek/4_Matrix_vector_multiplication_/code/kernel_20251212_134938.py",
  "tolerance": 0.001,
  "max_abs_err": 0.75,
  "mean_abs_err": 0.17475128173828125,
  "ref_latency_ms": {
    "avg": 8.801843070983887,
    "min": 8.800095558166504,
    "max": 8.804224014282227,
    "all": [
      8.804224014282227,
      8.80025577545166,
      8.80128002166748,
      8.803359985351562,
      8.800095558166504
    ]
  },
  "test_latency_ms": {
    "avg": 8.874387168884278,
    "min": 8.866815567016602,
    "max": 8.882176399230957,
    "all": [
      8.882176399230957,
      8.868831634521484,
      8.877056121826172,
      8.866815567016602,
      8.877056121826172
    ]
  },
  "num_runs": 5,
  "model_init_args": [],
  "model_init_kwargs": {},
  "seed": 100,
  "align_stats": {
    "copied_same_shape": 0,
    "unique_shape_copied": 0,
    "mapped_shape": 0,
    "skipped": 0,
    "pair_aligner": 0,
    "pair_key": "Model->ModelNew"
  },
  "runnable": true,
  "phase": "stage1_repair",
  "pytorch_baseline_ms": 8.801343727111817,
  "score": 0.9917691846904575
}