{
  "timestamp": "2025-12-12T14:11:06",
  "reference_file": "KernelBench/level1/4_Matrix_vector_multiplication_.py",
  "candidate_file": "/home/hyc/LLMKernel/run/20251212_131222_batch_range1to20_deepseek_deepseek/4_Matrix_vector_multiplication_/code/kernel_20251212_141037.py",
  "tolerance": 0.001,
  "max_abs_err": 1.0625,
  "mean_abs_err": 0.2446441650390625,
  "ref_latency_ms": {
    "avg": 9.991423988342286,
    "min": 9.864192008972168,
    "max": 10.370304107666016,
    "all": [
      9.926655769348145,
      9.884672164916992,
      9.864192008972168,
      10.370304107666016,
      9.911295890808105
    ]
  },
  "test_latency_ms": {
    "avg": 14.800121688842774,
    "min": 13.4584321975708,
    "max": 18.042879104614258,
    "all": [
      18.042879104614258,
      15.573216438293457,
      13.46662425994873,
      13.459456443786621,
      13.4584321975708
    ]
  },
  "num_runs": 5,
  "model_init_args": [],
  "model_init_kwargs": {},
  "seed": 100,
  "align_stats": {
    "copied_same_shape": 0,
    "unique_shape_copied": 0,
    "mapped_shape": 0,
    "skipped": 0,
    "pair_aligner": 0,
    "pair_key": "Model->ModelNew"
  },
  "runnable": true,
  "phase": "stage4_advanced_memory",
  "pytorch_baseline_ms": 8.801343727111817,
  "score": 0.594680497373667
}