{
  "timestamp": "2025-12-12T14:06:49",
  "reference_file": "KernelBench/level1/4_Matrix_vector_multiplication_.py",
  "candidate_file": "/home/hyc/LLMKernel/run/20251212_131222_batch_range1to20_deepseek_deepseek/4_Matrix_vector_multiplication_/code/kernel_20251212_140624.py",
  "tolerance": 0.001,
  "max_abs_err": 1.0625,
  "mean_abs_err": 0.2446441650390625,
  "ref_latency_ms": {
    "avg": 18.23771514892578,
    "min": 17.970239639282227,
    "max": 18.309120178222656,
    "all": [
      18.3022403717041,
      18.309120178222656,
      18.299903869628906,
      18.307071685791016,
      17.970239639282227
    ]
  },
  "test_latency_ms": {
    "avg": 17.586860847473144,
    "min": 12.022784233093262,
    "max": 22.571008682250977,
    "all": [
      22.553600311279297,
      22.571008682250977,
      18.757631301879883,
      12.029279708862305,
      12.022784233093262
    ]
  },
  "num_runs": 5,
  "model_init_args": [],
  "model_init_kwargs": {},
  "seed": 100,
  "align_stats": {
    "copied_same_shape": 0,
    "unique_shape_copied": 0,
    "mapped_shape": 0,
    "skipped": 0,
    "pair_aligner": 0,
    "pair_key": "Model->ModelNew"
  },
  "runnable": true,
  "phase": "stage3_repair",
  "pytorch_baseline_ms": 8.801343727111817,
  "score": 0.5004499554209176
}