{
  "timestamp": "2025-12-12T13:39:52",
  "reference_file": "KernelBench/level1/4_Matrix_vector_multiplication_.py",
  "candidate_file": "/home/hyc/LLMKernel/run/20251212_131222_batch_range1to20_deepseek_deepseek/4_Matrix_vector_multiplication_/code/kernel_20251212_133929.py",
  "tolerance": 0.001,
  "max_abs_err": 1.0625,
  "mean_abs_err": 0.2446441650390625,
  "ref_latency_ms": {
    "avg": 8.801343727111817,
    "min": 8.798208236694336,
    "max": 8.803327560424805,
    "all": [
      8.803327560424805,
      8.798208236694336,
      8.79923152923584,
      8.803327560424805,
      8.802623748779297
    ]
  },
  "test_latency_ms": {
    "avg": 8.911871910095215,
    "min": 8.895487785339355,
    "max": 8.935423851013184,
    "all": [
      8.895487785339355,
      8.913920402526855,
      8.935423851013184,
      8.90777587890625,
      8.90675163269043
    ]
  },
  "num_runs": 5,
  "model_init_args": [],
  "model_init_kwargs": {},
  "seed": 100,
  "align_stats": {
    "copied_same_shape": 0,
    "unique_shape_copied": 0,
    "mapped_shape": 0,
    "skipped": 0,
    "pair_aligner": 0,
    "pair_key": "Model->ModelNew"
  },
  "runnable": true,
  "phase": "seed_repair",
  "score": 0.9875976468133263
}