{
  "timestamp": "2025-12-13T10:55:26",
  "reference_file": "KernelBench/level1_low_score/80_conv_standard_2D_square_input_asymmetric_kernel___dilated____padded__.py",
  "candidate_file": "/home/hyc/LLMKernel/run/20251213_091928_batch_range68to99_openai_deepseek/80_conv_standard_2D_square_input_asymmetric_kernel___dilated____padded__/code/kernel_20251213_105521.py",
  "tolerance": 0.001,
  "max_abs_err": 0.0,
  "mean_abs_err": 0.0,
  "ref_latency_ms": {
    "avg": 30.686765289306642,
    "min": 30.651391983032227,
    "max": 30.734304428100586,
    "all": [
      30.734304428100586,
      30.67673683166504,
      30.651391983032227,
      30.676992416381836,
      30.694400787353516
    ]
  },
  "test_latency_ms": {
    "avg": 114.14953002929687,
    "min": 113.23085021972656,
    "max": 117.56038665771484,
    "all": [
      113.25408172607422,
      113.23085021972656,
      113.3127670288086,
      113.38956451416016,
      117.56038665771484
    ]
  },
  "num_runs": 5,
  "model_init_args": [
    32,
    64,
    [
      5,
      9
    ],
    1,
    [
      2,
      4
    ],
    [
      2,
      3
    ]
  ],
  "model_init_kwargs": {},
  "seed": 100,
  "align_stats": {
    "pair_aligner": 1,
    "copied_same_shape": 1,
    "mapped_shape": 0,
    "skipped": 0,
    "pair_key": "Model->ModelNew"
  },
  "runnable": true,
  "phase": "seed_repair",
  "score": 0.2688295368489978
}