{
  "timestamp": "2025-12-13T10:56:32",
  "reference_file": "KernelBench/level1_low_score/80_conv_standard_2D_square_input_asymmetric_kernel___dilated____padded__.py",
  "candidate_file": "/home/hyc/LLMKernel/run/20251213_091928_batch_range68to99_openai_deepseek/80_conv_standard_2D_square_input_asymmetric_kernel___dilated____padded__/code/kernel_20251213_105623.py",
  "tolerance": 0.001,
  "max_abs_err": 0.0,
  "mean_abs_err": 0.0,
  "ref_latency_ms": {
    "avg": 30.711494064331056,
    "min": 30.685152053833008,
    "max": 30.762720108032227,
    "all": [
      30.762720108032227,
      30.704639434814453,
      30.715679168701172,
      30.685152053833008,
      30.689279556274414
    ]
  },
  "test_latency_ms": {
    "avg": 89.58112030029297,
    "min": 89.4750747680664,
    "max": 89.8314208984375,
    "all": [
      89.48297882080078,
      89.48745727539062,
      89.8314208984375,
      89.62866973876953,
      89.4750747680664
    ]
  },
  "num_runs": 5,
  "model_init_args": [
    32,
    64,
    [
      5,
      9
    ],
    1,
    [
      2,
      4
    ],
    [
      2,
      3
    ]
  ],
  "model_init_kwargs": {},
  "seed": 100,
  "align_stats": {
    "pair_aligner": 1,
    "copied_same_shape": 1,
    "mapped_shape": 0,
    "skipped": 0,
    "pair_key": "Model->ModelNew"
  },
  "runnable": true,
  "phase": "stage1_repair",
  "pytorch_baseline_ms": 30.686765289306642,
  "score": 0.34255840054733366
}