{
  "timestamp": "2025-12-13T11:01:11",
  "reference_file": "KernelBench/level1_low_score/80_conv_standard_2D_square_input_asymmetric_kernel___dilated____padded__.py",
  "candidate_file": "/home/hyc/LLMKernel/run/20251213_091928_batch_range68to99_openai_deepseek/80_conv_standard_2D_square_input_asymmetric_kernel___dilated____padded__/code/kernel_20251213_110057.py",
  "tolerance": 0.001,
  "max_abs_err": 0.0008234977722167969,
  "mean_abs_err": 0.00019411904213484377,
  "ref_latency_ms": {
    "avg": 30.747929763793945,
    "min": 30.648256301879883,
    "max": 30.945119857788086,
    "all": [
      30.945119857788086,
      30.7957763671875,
      30.676671981811523,
      30.648256301879883,
      30.673824310302734
    ]
  },
  "test_latency_ms": {
    "avg": 13.850828742980957,
    "min": 13.84447956085205,
    "max": 13.86508846282959,
    "all": [
      13.847552299499512,
      13.849599838256836,
      13.847423553466797,
      13.84447956085205,
      13.86508846282959
    ]
  },
  "num_runs": 5,
  "model_init_args": [
    32,
    64,
    [
      5,
      9
    ],
    1,
    [
      2,
      4
    ],
    [
      2,
      3
    ]
  ],
  "model_init_kwargs": {},
  "seed": 100,
  "align_stats": {
    "pair_aligner": 1,
    "copied_same_shape": 1,
    "mapped_shape": 0,
    "skipped": 0,
    "pair_key": "Model->ModelNew"
  },
  "runnable": true,
  "phase": "stage4_repair",
  "pytorch_baseline_ms": 30.686765289306642,
  "score": 2.2155183533589975
}