{
  "timestamp": "2025-12-13T10:59:40",
  "reference_file": "KernelBench/level1_low_score/80_conv_standard_2D_square_input_asymmetric_kernel___dilated____padded__.py",
  "candidate_file": "/home/hyc/LLMKernel/run/20251213_091928_batch_range68to99_openai_deepseek/80_conv_standard_2D_square_input_asymmetric_kernel___dilated____padded__/code/kernel_20251213_105932.py",
  "tolerance": 0.001,
  "max_abs_err": 0.0008234977722167969,
  "mean_abs_err": 0.00019411904213484377,
  "ref_latency_ms": {
    "avg": 30.68464012145996,
    "min": 30.66556739807129,
    "max": 30.710784912109375,
    "all": [
      30.710784912109375,
      30.68191909790039,
      30.670848846435547,
      30.66556739807129,
      30.694080352783203
    ]
  },
  "test_latency_ms": {
    "avg": 12.916646194458007,
    "min": 12.912639617919922,
    "max": 12.921855926513672,
    "all": [
      12.921855926513672,
      12.917471885681152,
      12.912639617919922,
      12.912639617919922,
      12.918623924255371
    ]
  },
  "num_runs": 5,
  "model_init_args": [
    32,
    64,
    [
      5,
      9
    ],
    1,
    [
      2,
      4
    ],
    [
      2,
      3
    ]
  ],
  "model_init_kwargs": {},
  "seed": 100,
  "align_stats": {
    "pair_aligner": 1,
    "copied_same_shape": 1,
    "mapped_shape": 0,
    "skipped": 0,
    "pair_key": "Model->ModelNew"
  },
  "runnable": true,
  "phase": "stage3_repair",
  "pytorch_baseline_ms": 30.686765289306642,
  "score": 2.375753336223845
}