{
  "timestamp": "2025-12-13T08:36:39",
  "reference_file": "KernelBench/level2/1_Conv2D_ReLU_BiasAdd.py",
  "candidate_file": "/home/hyc/LLMKernel/run/20251213_080709_batch_range1to40_deepseek_deepseek/1_Conv2D_ReLU_BiasAdd/code/kernel_20251213_083633.py",
  "tolerance": 0.001,
  "max_abs_err": 0.0,
  "mean_abs_err": 0.0,
  "ref_latency_ms": {
    "avg": 11.497862434387207,
    "min": 11.494400024414062,
    "max": 11.50051212310791,
    "all": [
      11.498496055603027,
      11.497471809387207,
      11.494400024414062,
      11.498432159423828,
      11.50051212310791
    ]
  },
  "test_latency_ms": {
    "avg": 12.665497779846191,
    "min": 12.661760330200195,
    "max": 12.668928146362305,
    "all": [
      12.66483211517334,
      12.668928146362305,
      12.66483211517334,
      12.661760330200195,
      12.667136192321777
    ]
  },
  "num_runs": 5,
  "model_init_args": [
    64,
    128,
    3,
    [
      128,
      1,
      1
    ]
  ],
  "model_init_kwargs": {},
  "seed": 100,
  "align_stats": {
    "pair_aligner": 1,
    "copied_same_shape": 1,
    "mapped_shape": 0,
    "skipped": 0,
    "pair_key": "Model->ModelNew"
  },
  "runnable": true,
  "phase": "stage3_repair",
  "pytorch_baseline_ms": 11.498118209838868,
  "score": 0.9078299494975317
}