{
  "timestamp": "2025-12-13T08:15:50",
  "reference_file": "KernelBench/level2/1_Conv2D_ReLU_BiasAdd.py",
  "candidate_file": "/home/hyc/LLMKernel/run/20251213_080709_batch_range1to40_deepseek_deepseek/1_Conv2D_ReLU_BiasAdd/code/kernel_20251213_081545.py",
  "tolerance": 0.001,
  "max_abs_err": 0.0,
  "mean_abs_err": 0.0,
  "ref_latency_ms": {
    "avg": 11.495430374145508,
    "min": 11.48806381225586,
    "max": 11.506912231445312,
    "all": [
      11.506912231445312,
      11.49129581451416,
      11.48806381225586,
      11.497535705566406,
      11.4933443069458
    ]
  },
  "test_latency_ms": {
    "avg": 12.75431022644043,
    "min": 12.733535766601562,
    "max": 12.783616065979004,
    "all": [
      12.750783920288086,
      12.753791809082031,
      12.733535766601562,
      12.783616065979004,
      12.749823570251465
    ]
  },
  "num_runs": 5,
  "model_init_args": [
    64,
    128,
    3,
    [
      128,
      1,
      1
    ]
  ],
  "model_init_kwargs": {},
  "seed": 100,
  "align_stats": {
    "pair_aligner": 1,
    "copied_same_shape": 1,
    "mapped_shape": 0,
    "skipped": 0,
    "pair_key": "Model->ModelNew"
  },
  "runnable": true,
  "phase": "stage1_grid_and_parallel",
  "pytorch_baseline_ms": 11.498118209838868,
  "score": 0.9015084317145272
}