{
  "timestamp": "2025-12-14T09:23:58",
  "reference_file": "KernelBench/level2/1_Conv2D_ReLU_BiasAdd.py",
  "candidate_file": "/home/hyc/LLMKernel/run/20251214_091600_batch_range1to5_openai_deepseek/1_Conv2D_ReLU_BiasAdd/code/kernel_20251214_092343.py",
  "tolerance": 0.001,
  "max_abs_err": 0.000561058521270752,
  "mean_abs_err": 5.397570930654183e-06,
  "ref_latency_ms": {
    "avg": 11.456934356689453,
    "min": 11.448351860046387,
    "max": 11.466752052307129,
    "all": [
      11.466752052307129,
      11.453439712524414,
      11.461631774902344,
      11.454496383666992,
      11.448351860046387
    ]
  },
  "test_latency_ms": {
    "avg": 14.098444938659668,
    "min": 14.080191612243652,
    "max": 14.136192321777344,
    "all": [
      14.09228801727295,
      14.097408294677734,
      14.08614444732666,
      14.080191612243652,
      14.136192321777344
    ]
  },
  "num_runs": 5,
  "model_init_args": [
    64,
    128,
    3,
    [
      128,
      1,
      1
    ]
  ],
  "model_init_kwargs": {},
  "seed": 100,
  "align_stats": {
    "pair_aligner": 1,
    "copied_same_shape": 1,
    "mapped_shape": 0,
    "skipped": 0,
    "pair_key": "Model->ModelNew"
  },
  "runnable": true,
  "phase": "stage3_memory_access",
  "pytorch_baseline_ms": 11.510918426513673,
  "score": 0.8164672399400107
}