{
  "timestamp": "2025-12-13T08:45:02",
  "reference_file": "KernelBench/level2/1_Conv2D_ReLU_BiasAdd.py",
  "candidate_file": "/home/hyc/LLMKernel/run/20251213_080709_batch_range1to40_deepseek_deepseek/1_Conv2D_ReLU_BiasAdd/code/kernel_20251213_084455.py",
  "tolerance": 0.001,
  "max_abs_err": 0.0,
  "mean_abs_err": 0.0,
  "ref_latency_ms": {
    "avg": 11.500543975830078,
    "min": 11.495424270629883,
    "max": 11.514880180358887,
    "all": [
      11.514880180358887,
      11.499520301818848,
      11.495424270629883,
      11.496447563171387,
      11.496447563171387
    ]
  },
  "test_latency_ms": {
    "avg": 12.672121620178222,
    "min": 12.66483211517334,
    "max": 12.679167747497559,
    "all": [
      12.679167747497559,
      12.67404842376709,
      12.67574405670166,
      12.66483211517334,
      12.666815757751465
    ]
  },
  "num_runs": 5,
  "model_init_args": [
    64,
    128,
    3,
    [
      128,
      1,
      1
    ]
  ],
  "model_init_kwargs": {},
  "seed": 100,
  "align_stats": {
    "pair_aligner": 1,
    "copied_same_shape": 1,
    "mapped_shape": 0,
    "skipped": 0,
    "pair_key": "Model->ModelNew"
  },
  "runnable": true,
  "phase": "stage4_advanced_memory",
  "pytorch_baseline_ms": 11.498118209838868,
  "score": 0.9073554180169837
}