{
  "timestamp": "2025-12-13T08:09:09",
  "reference_file": "KernelBench/level2/1_Conv2D_ReLU_BiasAdd.py",
  "candidate_file": "/home/hyc/LLMKernel/run/20251213_080709_batch_range1to40_deepseek_deepseek/1_Conv2D_ReLU_BiasAdd/code/kernel_20251213_080905.py",
  "tolerance": 0.001,
  "max_abs_err": 0.0,
  "mean_abs_err": 0.0,
  "ref_latency_ms": {
    "avg": 11.498118209838868,
    "min": 11.492351531982422,
    "max": 11.510496139526367,
    "all": [
      11.510496139526367,
      11.495327949523926,
      11.497183799743652,
      11.495231628417969,
      11.492351531982422
    ]
  },
  "test_latency_ms": {
    "avg": 13.188550567626953,
    "min": 13.182975769042969,
    "max": 13.195296287536621,
    "all": [
      13.18502426147461,
      13.190336227416992,
      13.189120292663574,
      13.195296287536621,
      13.182975769042969
    ]
  },
  "num_runs": 5,
  "model_init_args": [
    64,
    128,
    3,
    [
      128,
      1,
      1
    ]
  ],
  "model_init_kwargs": {},
  "seed": 100,
  "align_stats": {
    "pair_aligner": 1,
    "copied_same_shape": 1,
    "mapped_shape": 0,
    "skipped": 0,
    "pair_key": "Model->ModelNew"
  },
  "runnable": true,
  "phase": "seed",
  "score": 0.8718257666663177
}