{
  "timestamp": "2025-12-14T09:22:18",
  "reference_file": "KernelBench/level2/1_Conv2D_ReLU_BiasAdd.py",
  "candidate_file": "/home/hyc/LLMKernel/run/20251214_091600_batch_range1to5_openai_deepseek/1_Conv2D_ReLU_BiasAdd/code/kernel_20251214_092212.py",
  "tolerance": 0.001,
  "max_abs_err": 0.0005611777305603027,
  "mean_abs_err": 5.39776965524652e-06,
  "ref_latency_ms": {
    "avg": 11.45914249420166,
    "min": 11.45139217376709,
    "max": 11.463680267333984,
    "all": [
      11.463520050048828,
      11.457535743713379,
      11.45958423614502,
      11.45139217376709,
      11.463680267333984
    ]
  },
  "test_latency_ms": {
    "avg": 7.116390419006348,
    "min": 7.005184173583984,
    "max": 7.251967906951904,
    "all": [
      7.244800090789795,
      7.251967906951904,
      7.061503887176514,
      7.005184173583984,
      7.018496036529541
    ]
  },
  "num_runs": 5,
  "model_init_args": [
    64,
    128,
    3,
    [
      128,
      1,
      1
    ]
  ],
  "model_init_kwargs": {},
  "seed": 100,
  "align_stats": {
    "pair_aligner": 1,
    "copied_same_shape": 1,
    "mapped_shape": 0,
    "skipped": 0,
    "pair_key": "Model->ModelNew"
  },
  "runnable": true,
  "phase": "stage2_block_tiling",
  "pytorch_baseline_ms": 11.510918426513673,
  "score": 1.6175220510345365
}