{
  "timestamp": "2025-12-14T09:25:50",
  "reference_file": "KernelBench/level2/1_Conv2D_ReLU_BiasAdd.py",
  "candidate_file": "/home/hyc/LLMKernel/run/20251214_091600_batch_range1to5_openai_deepseek/1_Conv2D_ReLU_BiasAdd/code/kernel_20251214_092544.py",
  "tolerance": 0.001,
  "max_abs_err": 0.0005611777305603027,
  "mean_abs_err": 5.39776965524652e-06,
  "ref_latency_ms": {
    "avg": 11.456095886230468,
    "min": 11.45139217376709,
    "max": 11.465727806091309,
    "all": [
      11.465727806091309,
      11.458527565002441,
      11.45139217376709,
      11.45139217376709,
      11.453439712524414
    ]
  },
  "test_latency_ms": {
    "avg": 6.699212741851807,
    "min": 6.663167953491211,
    "max": 6.7696638107299805,
    "all": [
      6.7696638107299805,
      6.724607944488525,
      6.663167953491211,
      6.666240215301514,
      6.672383785247803
    ]
  },
  "num_runs": 5,
  "model_init_args": [
    64,
    128,
    3,
    [
      128,
      1,
      1
    ]
  ],
  "model_init_kwargs": {},
  "seed": 100,
  "align_stats": {
    "pair_aligner": 1,
    "copied_same_shape": 1,
    "mapped_shape": 0,
    "skipped": 0,
    "pair_key": "Model->ModelNew"
  },
  "runnable": true,
  "phase": "stage4_repair",
  "pytorch_baseline_ms": 11.510918426513673,
  "score": 1.7182494227421425
}