{
  "timestamp": "2025-12-14T09:21:11",
  "reference_file": "KernelBench/level2/1_Conv2D_ReLU_BiasAdd.py",
  "candidate_file": "/home/hyc/LLMKernel/run/20251214_091600_batch_range1to5_openai_deepseek/1_Conv2D_ReLU_BiasAdd/code/kernel_20251214_092103.py",
  "tolerance": 0.001,
  "max_abs_err": 0.0005611777305603027,
  "mean_abs_err": 5.39776965524652e-06,
  "ref_latency_ms": {
    "avg": 11.455520057678223,
    "min": 11.44115161895752,
    "max": 11.463680267333984,
    "all": [
      11.463680267333984,
      11.462656021118164,
      11.44115161895752,
      11.45036792755127,
      11.459744453430176
    ]
  },
  "test_latency_ms": {
    "avg": 9.215776062011718,
    "min": 9.211808204650879,
    "max": 9.219072341918945,
    "all": [
      9.218048095703125,
      9.219072341918945,
      9.21292781829834,
      9.211808204650879,
      9.217023849487305
    ]
  },
  "num_runs": 5,
  "model_init_args": [
    64,
    128,
    3,
    [
      128,
      1,
      1
    ]
  ],
  "model_init_kwargs": {},
  "seed": 100,
  "align_stats": {
    "pair_aligner": 1,
    "copied_same_shape": 1,
    "mapped_shape": 0,
    "skipped": 0,
    "pair_key": "Model->ModelNew"
  },
  "runnable": true,
  "phase": "stage1_grid_and_parallel",
  "pytorch_baseline_ms": 11.510918426513673,
  "score": 1.249044936536896
}