{
  "timestamp": "2025-12-28T12:51:06",
  "reference_file": "KernelBench/select2/69_conv_transposed_2D__asymmetric_input__asymmetric_kernel.py",
  "candidate_file": "/home/hyc/LLMKernel/run/20251228_121454_batch_range66to73_openai_deepseek/69_conv_transposed_2D__asymmetric_input__asymmetric_kernel/code/kernel_20251228_125101.py",
  "tolerance": 1,
  "max_abs_err": 0.0004813075065612793,
  "mean_abs_err": 8.506111771566793e-05,
  "ref_latency_ms": {
    "avg": 13.326457595825195,
    "min": 13.160287857055664,
    "max": 13.433600425720215,
    "all": [
      13.160287857055664,
      13.25055980682373,
      13.3570556640625,
      13.430784225463867,
      13.433600425720215
    ]
  },
  "test_latency_ms": {
    "avg": 14.22126064300537,
    "min": 14.118911743164062,
    "max": 14.391263961791992,
    "all": [
      14.391263961791992,
      14.28172779083252,
      14.118911743164062,
      14.159775733947754,
      14.154623985290527
    ]
  },
  "num_runs": 5,
  "model_init_args": [
    64,
    128,
    [
      3,
      5
    ]
  ],
  "model_init_kwargs": {},
  "seed": 100,
  "align_stats": {
    "pair_aligner": 1,
    "copied_same_shape": 1,
    "mapped_shape": 0,
    "skipped": 0,
    "pair_key": "Model->ModelNew"
  },
  "runnable": true,
  "phase": "stage2_block_tiling",
  "pytorch_baseline_ms": 12.984435081481934,
  "score": 0.9130298225613521
}