{
  "timestamp": "2025-12-28T12:42:58",
  "reference_file": "KernelBench/select2/69_conv_transposed_2D__asymmetric_input__asymmetric_kernel.py",
  "candidate_file": "/home/hyc/LLMKernel/run/20251228_121454_batch_range66to73_openai_deepseek/69_conv_transposed_2D__asymmetric_input__asymmetric_kernel/code/kernel_20251228_124254.py",
  "tolerance": 1,
  "max_abs_err": 0.0004814267158508301,
  "mean_abs_err": 8.506087760906667e-05,
  "ref_latency_ms": {
    "avg": 12.984435081481934,
    "min": 12.125184059143066,
    "max": 13.53923225402832,
    "all": [
      12.125184059143066,
      12.523391723632812,
      13.25055980682373,
      13.483807563781738,
      13.53923225402832
    ]
  },
  "test_latency_ms": {
    "avg": 17.533773040771486,
    "min": 17.327104568481445,
    "max": 18.275232315063477,
    "all": [
      18.275232315063477,
      17.339616775512695,
      17.339391708374023,
      17.38751983642578,
      17.327104568481445
    ]
  },
  "num_runs": 5,
  "model_init_args": [
    64,
    128,
    [
      3,
      5
    ]
  ],
  "model_init_kwargs": {},
  "seed": 100,
  "align_stats": {
    "pair_aligner": 1,
    "copied_same_shape": 1,
    "mapped_shape": 0,
    "skipped": 0,
    "pair_key": "Model->ModelNew"
  },
  "runnable": true,
  "phase": "seed_0",
  "score": 0.7405385624240188
}