{
  "timestamp": "2025-12-13T14:26:58",
  "reference_file": "KernelBench/level1_low_score/69_conv_transposed_2D__asymmetric_input__asymmetric_kernel.py",
  "candidate_file": "/home/hyc/LLMKernel/run/20251213_140652_batch_range66to87_openai_deepseek/69_conv_transposed_2D__asymmetric_input__asymmetric_kernel/code/kernel_20251213_142647.py",
  "tolerance": 0.001,
  "max_abs_err": 0.0006034970283508301,
  "mean_abs_err": 0.00010387355723651126,
  "ref_latency_ms": {
    "avg": 10.169369506835938,
    "min": 10.160127639770508,
    "max": 10.187775611877441,
    "all": [
      10.187775611877441,
      10.167296409606934,
      10.160127639770508,
      10.162176132202148,
      10.169471740722656
    ]
  },
  "test_latency_ms": {
    "avg": 16.464204788208008,
    "min": 16.45359992980957,
    "max": 16.475135803222656,
    "all": [
      16.45359992980957,
      16.456703186035156,
      16.470720291137695,
      16.46486473083496,
      16.475135803222656
    ]
  },
  "num_runs": 5,
  "model_init_args": [
    64,
    128,
    [
      3,
      5
    ]
  ],
  "model_init_kwargs": {},
  "seed": 100,
  "align_stats": {
    "pair_aligner": 1,
    "copied_same_shape": 1,
    "mapped_shape": 0,
    "skipped": 0,
    "pair_key": "Model->ModelNew"
  },
  "runnable": true,
  "phase": "stage1_repair",
  "pytorch_baseline_ms": 10.566854286193848,
  "score": 0.6418077533730655
}