{
  "timestamp": "2025-12-13T14:24:15",
  "reference_file": "KernelBench/level1_low_score/69_conv_transposed_2D__asymmetric_input__asymmetric_kernel.py",
  "candidate_file": "/home/hyc/LLMKernel/run/20251213_140652_batch_range66to87_openai_deepseek/69_conv_transposed_2D__asymmetric_input__asymmetric_kernel/code/kernel_20251213_142405.py",
  "tolerance": 0.001,
  "max_abs_err": 0.0006036758422851562,
  "mean_abs_err": 0.00010396634752396494,
  "ref_latency_ms": {
    "avg": 10.566854286193848,
    "min": 10.560511589050293,
    "max": 10.580991744995117,
    "all": [
      10.580991744995117,
      10.560511589050293,
      10.562560081481934,
      10.562560081481934,
      10.567647933959961
    ]
  },
  "test_latency_ms": {
    "avg": 69.75421447753907,
    "min": 69.09737396240234,
    "max": 70.90995025634766,
    "all": [
      70.90995025634766,
      70.1756820678711,
      69.19779205322266,
      69.39027404785156,
      69.09737396240234
    ]
  },
  "num_runs": 5,
  "model_init_args": [
    64,
    128,
    [
      3,
      5
    ]
  ],
  "model_init_kwargs": {},
  "seed": 100,
  "align_stats": {
    "pair_aligner": 1,
    "copied_same_shape": 1,
    "mapped_shape": 0,
    "skipped": 0,
    "pair_key": "Model->ModelNew"
  },
  "runnable": true,
  "phase": "seed_repair",
  "score": 0.15148696555957042
}