{
  "timestamp": "2025-12-28T12:46:36",
  "reference_file": "KernelBench/select2/69_conv_transposed_2D__asymmetric_input__asymmetric_kernel.py",
  "candidate_file": "/home/hyc/LLMKernel/run/20251228_121454_batch_range66to73_openai_deepseek/69_conv_transposed_2D__asymmetric_input__asymmetric_kernel/code/kernel_20251228_124631.py",
  "tolerance": 1,
  "max_abs_err": 0.0004813075065612793,
  "mean_abs_err": 8.506111771566793e-05,
  "ref_latency_ms": {
    "avg": 13.11000328063965,
    "min": 12.643296241760254,
    "max": 13.351872444152832,
    "all": [
      12.643296241760254,
      13.004799842834473,
      13.202431678771973,
      13.351872444152832,
      13.347616195678711
    ]
  },
  "test_latency_ms": {
    "avg": 16.181241607666017,
    "min": 15.973376274108887,
    "max": 16.86729621887207,
    "all": [
      16.86729621887207,
      16.103424072265625,
      15.975423812866211,
      15.973376274108887,
      15.986687660217285
    ]
  },
  "num_runs": 5,
  "model_init_args": [
    64,
    128,
    [
      3,
      5
    ]
  ],
  "model_init_kwargs": {},
  "seed": 100,
  "align_stats": {
    "pair_aligner": 1,
    "copied_same_shape": 1,
    "mapped_shape": 0,
    "skipped": 0,
    "pair_key": "Model->ModelNew"
  },
  "runnable": true,
  "phase": "algorithm_optimized_seed0",
  "pytorch_baseline_ms": 12.984435081481934,
  "score": 0.8024375011699
}