{
  "timestamp": "2025-12-28T12:50:05",
  "reference_file": "KernelBench/select2/69_conv_transposed_2D__asymmetric_input__asymmetric_kernel.py",
  "candidate_file": "/home/hyc/LLMKernel/run/20251228_121454_batch_range66to73_openai_deepseek/69_conv_transposed_2D__asymmetric_input__asymmetric_kernel/code/kernel_20251228_125001.py",
  "tolerance": 1,
  "max_abs_err": 0.0004813075065612793,
  "mean_abs_err": 8.506111771566793e-05,
  "ref_latency_ms": {
    "avg": 13.310470390319825,
    "min": 12.537599563598633,
    "max": 13.830143928527832,
    "all": [
      12.537599563598633,
      12.98739242553711,
      13.373215675354004,
      13.824000358581543,
      13.830143928527832
    ]
  },
  "test_latency_ms": {
    "avg": 16.13270378112793,
    "min": 15.970272064208984,
    "max": 16.39936065673828,
    "all": [
      16.39936065673828,
      15.970272064208984,
      16.094207763671875,
      16.083967208862305,
      16.115711212158203
    ]
  },
  "num_runs": 5,
  "model_init_args": [
    64,
    128,
    [
      3,
      5
    ]
  ],
  "model_init_kwargs": {},
  "seed": 100,
  "align_stats": {
    "pair_aligner": 1,
    "copied_same_shape": 1,
    "mapped_shape": 0,
    "skipped": 0,
    "pair_key": "Model->ModelNew"
  },
  "runnable": true,
  "phase": "stage1_grid_and_parallel",
  "pytorch_baseline_ms": 12.984435081481934,
  "score": 0.8048517630796118
}