{
  "timestamp": "2025-12-13T14:33:26",
  "reference_file": "KernelBench/level1_low_score/69_conv_transposed_2D__asymmetric_input__asymmetric_kernel.py",
  "candidate_file": "/home/hyc/LLMKernel/run/20251213_140652_batch_range66to87_openai_deepseek/69_conv_transposed_2D__asymmetric_input__asymmetric_kernel/code/kernel_20251213_143316.py",
  "tolerance": 0.001,
  "max_abs_err": 0.0006034970283508301,
  "mean_abs_err": 0.00010387355723651126,
  "ref_latency_ms": {
    "avg": 10.17835521697998,
    "min": 10.166272163391113,
    "max": 10.195967674255371,
    "all": [
      10.195967674255371,
      10.174464225769043,
      10.173439979553223,
      10.166272163391113,
      10.181632041931152
    ]
  },
  "test_latency_ms": {
    "avg": 12.88276481628418,
    "min": 12.874752044677734,
    "max": 12.893952369689941,
    "all": [
      12.880928039550781,
      12.883135795593262,
      12.88105583190918,
      12.874752044677734,
      12.893952369689941
    ]
  },
  "num_runs": 5,
  "model_init_args": [
    64,
    128,
    [
      3,
      5
    ]
  ],
  "model_init_kwargs": {},
  "seed": 100,
  "align_stats": {
    "pair_aligner": 1,
    "copied_same_shape": 1,
    "mapped_shape": 0,
    "skipped": 0,
    "pair_key": "Model->ModelNew"
  },
  "runnable": true,
  "phase": "stage4_repair",
  "pytorch_baseline_ms": 10.566854286193848,
  "score": 0.8202318707888733
}