{
  "timestamp": "2025-12-28T12:44:31",
  "reference_file": "KernelBench/select2/69_conv_transposed_2D__asymmetric_input__asymmetric_kernel.py",
  "candidate_file": "/home/hyc/LLMKernel/run/20251228_121454_batch_range66to73_openai_deepseek/69_conv_transposed_2D__asymmetric_input__asymmetric_kernel/code/kernel_20251228_124425.py",
  "tolerance": 1,
  "max_abs_err": 0.0,
  "mean_abs_err": 0.0,
  "ref_latency_ms": {
    "avg": 13.211980628967286,
    "min": 13.159232139587402,
    "max": 13.24953556060791,
    "all": [
      13.198335647583008,
      13.247488021850586,
      13.24953556060791,
      13.20531177520752,
      13.159232139587402
    ]
  },
  "test_latency_ms": {
    "avg": 197.8718048095703,
    "min": 192.99737548828125,
    "max": 201.11155700683594,
    "all": [
      192.99737548828125,
      194.11756896972656,
      201.11155700683594,
      200.56576538085938,
      200.56675720214844
    ]
  },
  "num_runs": 5,
  "model_init_args": [
    64,
    128,
    [
      3,
      5
    ]
  ],
  "model_init_kwargs": {},
  "seed": 100,
  "align_stats": {
    "pair_aligner": 1,
    "copied_same_shape": 1,
    "mapped_shape": 0,
    "skipped": 0,
    "pair_key": "Model->ModelNew"
  },
  "runnable": true,
  "phase": "seed_1",
  "pytorch_baseline_ms": 12.984435081481934,
  "score": 0.06562044094143688
}