{
  "timestamp": "2025-12-13T14:31:24",
  "reference_file": "KernelBench/level1_low_score/69_conv_transposed_2D__asymmetric_input__asymmetric_kernel.py",
  "candidate_file": "/home/hyc/LLMKernel/run/20251213_140652_batch_range66to87_openai_deepseek/69_conv_transposed_2D__asymmetric_input__asymmetric_kernel/code/kernel_20251213_143116.py",
  "tolerance": 0.001,
  "max_abs_err": 0.0006034970283508301,
  "mean_abs_err": 0.00010387355723651126,
  "ref_latency_ms": {
    "avg": 10.16906909942627,
    "min": 10.163200378417969,
    "max": 10.182432174682617,
    "all": [
      10.182432174682617,
      10.167296409606934,
      10.163200378417969,
      10.165120124816895,
      10.167296409606934
    ]
  },
  "test_latency_ms": {
    "avg": 14.201260566711426,
    "min": 14.186495780944824,
    "max": 14.253151893615723,
    "all": [
      14.186495780944824,
      14.189567565917969,
      14.189567565917969,
      14.187520027160645,
      14.253151893615723
    ]
  },
  "num_runs": 5,
  "model_init_args": [
    64,
    128,
    [
      3,
      5
    ]
  ],
  "model_init_kwargs": {},
  "seed": 100,
  "align_stats": {
    "pair_aligner": 1,
    "copied_same_shape": 1,
    "mapped_shape": 0,
    "skipped": 0,
    "pair_key": "Model->ModelNew"
  },
  "runnable": true,
  "phase": "stage3_repair",
  "pytorch_baseline_ms": 10.566854286193848,
  "score": 0.7440786144691384
}