{
  "timestamp": "2025-12-28T12:48:59",
  "reference_file": "KernelBench/select2/69_conv_transposed_2D__asymmetric_input__asymmetric_kernel.py",
  "candidate_file": "/home/hyc/LLMKernel/run/20251228_121454_batch_range66to73_openai_deepseek/69_conv_transposed_2D__asymmetric_input__asymmetric_kernel/code/kernel_20251228_124854.py",
  "tolerance": 1,
  "max_abs_err": 0.0004814267158508301,
  "mean_abs_err": 8.506087760906667e-05,
  "ref_latency_ms": {
    "avg": 13.1294527053833,
    "min": 12.557215690612793,
    "max": 13.439743995666504,
    "all": [
      12.557215690612793,
      12.779520034790039,
      13.439743995666504,
      13.435903549194336,
      13.434880256652832
    ]
  },
  "test_latency_ms": {
    "avg": 17.073030471801758,
    "min": 17.030912399291992,
    "max": 17.101823806762695,
    "all": [
      17.030912399291992,
      17.0567684173584,
      17.101823806762695,
      17.101823806762695,
      17.073823928833008
    ]
  },
  "num_runs": 5,
  "model_init_args": [
    64,
    128,
    [
      3,
      5
    ]
  ],
  "model_init_kwargs": {},
  "seed": 100,
  "align_stats": {
    "pair_aligner": 1,
    "copied_same_shape": 1,
    "mapped_shape": 0,
    "skipped": 0,
    "pair_key": "Model->ModelNew"
  },
  "runnable": true,
  "phase": "algorithm_optimized_seed1",
  "pytorch_baseline_ms": 12.984435081481934,
  "score": 0.760523159782755
}