{
  "timestamp": "2025-12-15T03:03:54",
  "reference_file": "KernelBench/level2/32_Conv2d_Scaling_Min.py",
  "candidate_file": "/home/hyc/LLMKernel/run/20251215_024803_batch_range31to55_openai_deepseek/32_Conv2d_Scaling_Min/code/kernel_20251215_030348.py",
  "tolerance": 0.001,
  "max_abs_err": 0.002611398696899414,
  "mean_abs_err": 0.0010826687794178724,
  "ref_latency_ms": {
    "avg": 21.127334594726562,
    "min": 21.11180877685547,
    "max": 21.145408630371094,
    "all": [
      21.129215240478516,
      21.123071670532227,
      21.11180877685547,
      21.127168655395508,
      21.145408630371094
    ]
  },
  "test_latency_ms": {
    "avg": 21.34917106628418,
    "min": 21.2992000579834,
    "max": 21.371904373168945,
    "all": [
      21.2992000579834,
      21.366783142089844,
      21.371904373168945,
      21.348352432250977,
      21.359615325927734
    ]
  },
  "num_runs": 5,
  "model_init_args": [
    64,
    128,
    3,
    2.0
  ],
  "model_init_kwargs": {},
  "seed": 100,
  "align_stats": {
    "pair_aligner": 1,
    "copied_same_shape": 1,
    "mapped_shape": 0,
    "skipped": 0,
    "pair_key": "Model->ModelNew"
  },
  "runnable": true,
  "phase": "stage3_memory_access",
  "pytorch_baseline_ms": 21.106995010375975,
  "score": 0.9886564187828978
}