{
  "timestamp": "2025-12-28T15:18:09",
  "reference_file": "KernelBench/tt/32_Conv2d_Scaling_Min.py",
  "candidate_file": "/home/hyc/LLMKernel/run/20251228_142934_batch_range24to33_openai_deepseek/32_Conv2d_Scaling_Min/code/kernel_20251228_151803.py",
  "tolerance": 1,
  "max_abs_err": 0.0026116371154785156,
  "mean_abs_err": 0.0010827593505382538,
  "ref_latency_ms": {
    "avg": 23.54847984313965,
    "min": 23.542783737182617,
    "max": 23.56118392944336,
    "all": [
      23.56118392944336,
      23.542783737182617,
      23.54364776611328,
      23.5468807220459,
      23.547903060913086
    ]
  },
  "test_latency_ms": {
    "avg": 28.314169692993165,
    "min": 28.305408477783203,
    "max": 28.331008911132812,
    "all": [
      28.31769561767578,
      28.30950355529785,
      28.305408477783203,
      28.307231903076172,
      28.331008911132812
    ]
  },
  "num_runs": 5,
  "model_init_args": [
    64,
    128,
    3,
    2.0
  ],
  "model_init_kwargs": {},
  "seed": 100,
  "align_stats": {
    "pair_aligner": 1,
    "copied_same_shape": 1,
    "mapped_shape": 0,
    "skipped": 0,
    "pair_key": "Model->ModelNew"
  },
  "runnable": true,
  "phase": "algorithm_optimized_seed1",
  "pytorch_baseline_ms": 23.555673599243164,
  "score": 0.8319394089480373
}