{
  "timestamp": "2025-12-28T15:17:05",
  "reference_file": "KernelBench/tt/32_Conv2d_Scaling_Min.py",
  "candidate_file": "/home/hyc/LLMKernel/run/20251228_142934_batch_range24to33_openai_deepseek/32_Conv2d_Scaling_Min/code/kernel_20251228_151700.py",
  "tolerance": 1,
  "max_abs_err": 0.0,
  "mean_abs_err": 0.0,
  "ref_latency_ms": {
    "avg": 23.55466194152832,
    "min": 23.547903060913086,
    "max": 23.565311431884766,
    "all": [
      23.565311431884766,
      23.558143615722656,
      23.547903060913086,
      23.547903060913086,
      23.554048538208008
    ]
  },
  "test_latency_ms": {
    "avg": 18.999456024169923,
    "min": 18.986976623535156,
    "max": 19.00441551208496,
    "all": [
      19.004287719726562,
      18.99724769592285,
      19.004352569580078,
      18.986976623535156,
      19.00441551208496
    ]
  },
  "num_runs": 5,
  "model_init_args": [
    64,
    128,
    3,
    2.0
  ],
  "model_init_kwargs": {},
  "seed": 100,
  "align_stats": {
    "pair_aligner": 1,
    "copied_same_shape": 1,
    "mapped_shape": 0,
    "skipped": 0,
    "pair_key": "Model->ModelNew"
  },
  "runnable": true,
  "phase": "algorithm_optimized_seed0",
  "pytorch_baseline_ms": 23.555673599243164,
  "score": 1.2398077907744887
}