{
  "timestamp": "2025-12-15T02:58:58",
  "reference_file": "KernelBench/level2/32_Conv2d_Scaling_Min.py",
  "candidate_file": "/home/hyc/LLMKernel/run/20251215_024803_batch_range31to55_openai_deepseek/32_Conv2d_Scaling_Min/code/kernel_20251215_025851.py",
  "tolerance": 0.001,
  "max_abs_err": 0.0008943080902099609,
  "mean_abs_err": 0.00018889270722866058,
  "ref_latency_ms": {
    "avg": 21.106995010375975,
    "min": 21.094655990600586,
    "max": 21.126144409179688,
    "all": [
      21.107711791992188,
      21.106687545776367,
      21.094655990600586,
      21.099775314331055,
      21.126144409179688
    ]
  },
  "test_latency_ms": {
    "avg": 160.36827697753907,
    "min": 159.99693298339844,
    "max": 161.06080627441406,
    "all": [
      160.068603515625,
      160.1722869873047,
      159.99693298339844,
      160.54275512695312,
      161.06080627441406
    ]
  },
  "num_runs": 5,
  "model_init_args": [
    64,
    128,
    3,
    2.0
  ],
  "model_init_kwargs": {},
  "seed": 100,
  "align_stats": {
    "pair_aligner": 1,
    "copied_same_shape": 1,
    "mapped_shape": 0,
    "skipped": 0,
    "pair_key": "Model->ModelNew"
  },
  "runnable": true,
  "phase": "seed",
  "score": 0.13161577469172528
}