{
  "timestamp": "2025-12-28T15:14:11",
  "reference_file": "KernelBench/tt/32_Conv2d_Scaling_Min.py",
  "candidate_file": "/home/hyc/LLMKernel/run/20251228_142934_batch_range24to33_openai_deepseek/32_Conv2d_Scaling_Min/code/kernel_20251228_151406.py",
  "tolerance": 1,
  "max_abs_err": 0.0026116371154785156,
  "mean_abs_err": 0.0010827593505382538,
  "ref_latency_ms": {
    "avg": 23.555673599243164,
    "min": 23.548864364624023,
    "max": 23.563264846801758,
    "all": [
      23.563264846801758,
      23.556095123291016,
      23.559167861938477,
      23.548864364624023,
      23.550975799560547
    ]
  },
  "test_latency_ms": {
    "avg": 21.893708419799804,
    "min": 21.88287925720215,
    "max": 21.907455444335938,
    "all": [
      21.90131187438965,
      21.890047073364258,
      21.88684844970703,
      21.88287925720215,
      21.907455444335938
    ]
  },
  "num_runs": 5,
  "model_init_args": [
    64,
    128,
    3,
    2.0
  ],
  "model_init_kwargs": {},
  "seed": 100,
  "align_stats": {
    "pair_aligner": 1,
    "copied_same_shape": 1,
    "mapped_shape": 0,
    "skipped": 0,
    "pair_key": "Model->ModelNew"
  },
  "runnable": true,
  "phase": "seed_0",
  "score": 1.0759106290983735
}