{
  "timestamp": "2025-12-28T15:21:23",
  "reference_file": "KernelBench/tt/32_Conv2d_Scaling_Min.py",
  "candidate_file": "/home/hyc/LLMKernel/run/20251228_142934_batch_range24to33_openai_deepseek/32_Conv2d_Scaling_Min/code/kernel_20251228_152117.py",
  "tolerance": 1,
  "max_abs_err": 0.0,
  "mean_abs_err": 0.0,
  "ref_latency_ms": {
    "avg": 23.54913902282715,
    "min": 23.543807983398438,
    "max": 23.562240600585938,
    "all": [
      23.562240600585938,
      23.547903060913086,
      23.544832229614258,
      23.543807983398438,
      23.546911239624023
    ]
  },
  "test_latency_ms": {
    "avg": 19.06954231262207,
    "min": 19.06073570251465,
    "max": 19.07916831970215,
    "all": [
      19.066879272460938,
      19.075071334838867,
      19.07916831970215,
      19.06073570251465,
      19.06585693359375
    ]
  },
  "num_runs": 5,
  "model_init_args": [
    64,
    128,
    3,
    2.0
  ],
  "model_init_kwargs": {},
  "seed": 100,
  "align_stats": {
    "pair_aligner": 1,
    "copied_same_shape": 1,
    "mapped_shape": 0,
    "skipped": 0,
    "pair_key": "Model->ModelNew"
  },
  "runnable": true,
  "phase": "stage1_grid_and_parallel",
  "pytorch_baseline_ms": 23.555673599243164,
  "score": 1.2352511252276748
}