{
  "timestamp": "2025-12-28T15:15:25",
  "reference_file": "KernelBench/tt/32_Conv2d_Scaling_Min.py",
  "candidate_file": "/home/hyc/LLMKernel/run/20251228_142934_batch_range24to33_openai_deepseek/32_Conv2d_Scaling_Min/code/kernel_20251228_151518.py",
  "tolerance": 1,
  "max_abs_err": 0.0008945465087890625,
  "mean_abs_err": 0.0001888518308987841,
  "ref_latency_ms": {
    "avg": 23.565894317626952,
    "min": 23.557119369506836,
    "max": 23.579647064208984,
    "all": [
      23.579647064208984,
      23.5631046295166,
      23.569408416748047,
      23.557119369506836,
      23.560192108154297
    ]
  },
  "test_latency_ms": {
    "avg": 157.04309692382813,
    "min": 156.94029235839844,
    "max": 157.25363159179688,
    "all": [
      156.9945526123047,
      156.94029235839844,
      157.25363159179688,
      157.05087280273438,
      156.97613525390625
    ]
  },
  "num_runs": 5,
  "model_init_args": [
    64,
    128,
    3,
    2.0
  ],
  "model_init_kwargs": {},
  "seed": 100,
  "align_stats": {
    "pair_aligner": 1,
    "copied_same_shape": 1,
    "mapped_shape": 0,
    "skipped": 0,
    "pair_key": "Model->ModelNew"
  },
  "runnable": true,
  "phase": "seed_1",
  "pytorch_baseline_ms": 23.555673599243164,
  "score": 0.14999496355238434
}