{
  "timestamp": "2025-12-28T15:24:38",
  "reference_file": "KernelBench/tt/32_Conv2d_Scaling_Min.py",
  "candidate_file": "/home/hyc/LLMKernel/run/20251228_142934_batch_range24to33_openai_deepseek/32_Conv2d_Scaling_Min/code/kernel_20251228_152432.py",
  "tolerance": 1,
  "max_abs_err": 0.0,
  "mean_abs_err": 0.0,
  "ref_latency_ms": {
    "avg": 23.547090911865233,
    "min": 23.535615921020508,
    "max": 23.56025505065918,
    "all": [
      23.56025505065918,
      23.551807403564453,
      23.535615921020508,
      23.5468807220459,
      23.540895462036133
    ]
  },
  "test_latency_ms": {
    "avg": 18.86971549987793,
    "min": 18.86617660522461,
    "max": 18.87433624267578,
    "all": [
      18.871456146240234,
      18.869312286376953,
      18.86729621887207,
      18.87433624267578,
      18.86617660522461
    ]
  },
  "num_runs": 5,
  "model_init_args": [
    64,
    128,
    3,
    2.0
  ],
  "model_init_kwargs": {},
  "seed": 100,
  "align_stats": {
    "pair_aligner": 1,
    "copied_same_shape": 1,
    "mapped_shape": 0,
    "skipped": 0,
    "pair_key": "Model->ModelNew"
  },
  "runnable": true,
  "phase": "stage2_block_tiling",
  "pytorch_baseline_ms": 23.555673599243164,
  "score": 1.2483322072023582
}