{
  "timestamp": "2025-12-15T03:04:47",
  "reference_file": "KernelBench/level2/32_Conv2d_Scaling_Min.py",
  "candidate_file": "/home/hyc/LLMKernel/run/20251215_024803_batch_range31to55_openai_deepseek/32_Conv2d_Scaling_Min/code/kernel_20251215_030441.py",
  "tolerance": 0.001,
  "max_abs_err": 0.002611398696899414,
  "mean_abs_err": 0.0010826687794178724,
  "ref_latency_ms": {
    "avg": 21.124921798706055,
    "min": 21.11382484436035,
    "max": 21.140480041503906,
    "all": [
      21.140480041503906,
      21.114879608154297,
      21.11382484436035,
      21.127168655395508,
      21.12825584411621
    ]
  },
  "test_latency_ms": {
    "avg": 21.346047973632814,
    "min": 21.28486442565918,
    "max": 21.371904373168945,
    "all": [
      21.28486442565918,
      21.351200103759766,
      21.371904373168945,
      21.361631393432617,
      21.360639572143555
    ]
  },
  "num_runs": 5,
  "model_init_args": [
    64,
    128,
    3,
    2.0
  ],
  "model_init_kwargs": {},
  "seed": 100,
  "align_stats": {
    "pair_aligner": 1,
    "copied_same_shape": 1,
    "mapped_shape": 0,
    "skipped": 0,
    "pair_key": "Model->ModelNew"
  },
  "runnable": true,
  "phase": "stage4_advanced_memory",
  "pytorch_baseline_ms": 21.106995010375975,
  "score": 0.9888010668976233
}