{
  "timestamp": "2025-12-16T05:29:19",
  "reference_file": "KernelBench/level3/9_ResNet18.py",
  "candidate_file": "/home/hyc/LLMKernel/run/20251216_051542_batch_range2to17_openai_deepseek/9_ResNet18/code/kernel_20251216_052913.py",
  "tolerance": 0.1,
  "max_abs_err": 4.161149263381958e-05,
  "mean_abs_err": 9.935563866747543e-06,
  "ref_latency_ms": {
    "avg": 2.0975680351257324,
    "min": 2.0725760459899902,
    "max": 2.1278719902038574,
    "all": [
      2.1278719902038574,
      2.0797441005706787,
      2.1064000129699707,
      2.0725760459899902,
      2.101248025894165
    ]
  },
  "test_latency_ms": {
    "avg": 2.5368192195892334,
    "min": 2.488192081451416,
    "max": 2.578432083129883,
    "all": [
      2.5476479530334473,
      2.521087884902954,
      2.578432083129883,
      2.548736095428467,
      2.488192081451416
    ]
  },
  "num_runs": 5,
  "model_init_args": [
    1000
  ],
  "model_init_kwargs": {},
  "seed": 100,
  "align_stats": {
    "copied_same_shape": 122,
    "unique_shape_copied": 0,
    "mapped_shape": 0,
    "skipped": 0,
    "pair_aligner": 0,
    "pair_key": "Model->ModelNew"
  },
  "runnable": true,
  "phase": "stage2_block_tiling",
  "pytorch_baseline_ms": 2.2100287437438966,
  "score": 0.871181015453576
}