{
  "timestamp": "2025-12-16T05:28:27",
  "reference_file": "KernelBench/level3/9_ResNet18.py",
  "candidate_file": "/home/hyc/LLMKernel/run/20251216_051542_batch_range2to17_openai_deepseek/9_ResNet18/code/kernel_20251216_052820.py",
  "tolerance": 0.1,
  "max_abs_err": 4.161149263381958e-05,
  "mean_abs_err": 9.935563866747543e-06,
  "ref_latency_ms": {
    "avg": 2.5394879817962646,
    "min": 2.5077760219573975,
    "max": 2.588671922683716,
    "all": [
      2.555743932723999,
      2.588671922683716,
      2.5077760219573975,
      2.5139200687408447,
      2.531327962875366
    ]
  },
  "test_latency_ms": {
    "avg": 2.9460031986236572,
    "min": 2.817023992538452,
    "max": 3.0350399017333984,
    "all": [
      3.0350399017333984,
      3.0218238830566406,
      2.817023992538452,
      2.8631041049957275,
      2.9930241107940674
    ]
  },
  "num_runs": 5,
  "model_init_args": [
    1000
  ],
  "model_init_kwargs": {},
  "seed": 100,
  "align_stats": {
    "copied_same_shape": 122,
    "unique_shape_copied": 0,
    "mapped_shape": 0,
    "skipped": 0,
    "pair_aligner": 0,
    "pair_key": "Model->ModelNew"
  },
  "runnable": true,
  "phase": "stage1_grid_and_parallel",
  "pytorch_baseline_ms": 2.2100287437438966,
  "score": 0.7501786640205956
}