{
  "timestamp": "2025-12-16T05:31:01",
  "reference_file": "KernelBench/level3/9_ResNet18.py",
  "candidate_file": "/home/hyc/LLMKernel/run/20251216_051542_batch_range2to17_openai_deepseek/9_ResNet18/code/kernel_20251216_053055.py",
  "tolerance": 0.1,
  "max_abs_err": 4.161149263381958e-05,
  "mean_abs_err": 9.935563866747543e-06,
  "ref_latency_ms": {
    "avg": 1.7574272155761719,
    "min": 1.669119954109192,
    "max": 1.964128017425537,
    "all": [
      1.964128017425537,
      1.7448960542678833,
      1.6968640089035034,
      1.7121280431747437,
      1.669119954109192
    ]
  },
  "test_latency_ms": {
    "avg": 2.0224192142486572,
    "min": 1.9927040338516235,
    "max": 2.075648069381714,
    "all": [
      2.075648069381714,
      2.018399953842163,
      1.9937280416488647,
      2.031615972518921,
      1.9927040338516235
    ]
  },
  "num_runs": 5,
  "model_init_args": [
    1000
  ],
  "model_init_kwargs": {},
  "seed": 100,
  "align_stats": {
    "copied_same_shape": 122,
    "unique_shape_copied": 0,
    "mapped_shape": 0,
    "skipped": 0,
    "pair_aligner": 0,
    "pair_key": "Model->ModelNew"
  },
  "runnable": true,
  "phase": "stage4_advanced_memory",
  "pytorch_baseline_ms": 2.2100287437438966,
  "score": 1.0927649065898226
}