{
  "timestamp": "2025-12-16T05:27:15",
  "reference_file": "KernelBench/level3/9_ResNet18.py",
  "candidate_file": "/home/hyc/LLMKernel/run/20251216_051542_batch_range2to17_openai_deepseek/9_ResNet18/code/kernel_20251216_052709.py",
  "tolerance": 0.1,
  "max_abs_err": 4.161149263381958e-05,
  "mean_abs_err": 9.935563866747543e-06,
  "ref_latency_ms": {
    "avg": 2.2100287437438966,
    "min": 2.145279884338379,
    "max": 2.287616014480591,
    "all": [
      2.287616014480591,
      2.1923840045928955,
      2.2753279209136963,
      2.145279884338379,
      2.149535894393921
    ]
  },
  "test_latency_ms": {
    "avg": 2.519052743911743,
    "min": 2.4729599952697754,
    "max": 2.5662078857421875,
    "all": [
      2.52620792388916,
      2.5662078857421875,
      2.535423994064331,
      2.4944639205932617,
      2.4729599952697754
    ]
  },
  "num_runs": 5,
  "model_init_args": [
    1000
  ],
  "model_init_kwargs": {},
  "seed": 100,
  "align_stats": {
    "copied_same_shape": 122,
    "unique_shape_copied": 0,
    "mapped_shape": 0,
    "skipped": 0,
    "pair_aligner": 0,
    "pair_key": "Model->ModelNew"
  },
  "runnable": true,
  "phase": "seed_repair",
  "score": 0.8773253156708523
}