{
  "timestamp": "2025-12-28T09:35:34",
  "reference_file": "KernelBench/select/9_ResNet18.py",
  "candidate_file": "/home/hyc/LLMKernel/run/20251228_085408_batch_range2to9_openai_deepseek/9_ResNet18/code/kernel_20251228_093530.py",
  "tolerance": 1,
  "max_abs_err": 4.02890145778656e-05,
  "mean_abs_err": 1.0004710020439234e-05,
  "ref_latency_ms": {
    "avg": 1.4208639860153198,
    "min": 1.3924479484558105,
    "max": 1.4757119417190552,
    "all": [
      1.4757119417190552,
      1.4201600551605225,
      1.3924479484558105,
      1.411072015762329,
      1.4049279689788818
    ]
  },
  "test_latency_ms": {
    "avg": 1.0223615884780883,
    "min": 1.0127359628677368,
    "max": 1.0332159996032715,
    "all": [
      1.0332159996032715,
      1.0147839784622192,
      1.0127359628677368,
      1.031167984008789,
      1.0199040174484253
    ]
  },
  "num_runs": 5,
  "model_init_args": [
    1000
  ],
  "model_init_kwargs": {},
  "seed": 100,
  "align_stats": {
    "copied_same_shape": 122,
    "unique_shape_copied": 0,
    "mapped_shape": 0,
    "skipped": 0,
    "pair_aligner": 0,
    "pair_key": "Model->ModelNew"
  },
  "runnable": true,
  "phase": "algorithm_optimized_seed0",
  "pytorch_baseline_ms": 2.119257593154907,
  "score": 2.0729041633006617
}