{
  "timestamp": "2025-12-28T09:39:29",
  "reference_file": "KernelBench/select/9_ResNet18.py",
  "candidate_file": "/home/hyc/LLMKernel/run/20251228_085408_batch_range2to9_openai_deepseek/9_ResNet18/code/kernel_20251228_093925.py",
  "tolerance": 1,
  "max_abs_err": 4.02890145778656e-05,
  "mean_abs_err": 1.0004710020439234e-05,
  "ref_latency_ms": {
    "avg": 1.4458560228347779,
    "min": 1.4141440391540527,
    "max": 1.5247360467910767,
    "all": [
      1.5247360467910767,
      1.4436800479888916,
      1.4141440391540527,
      1.427456021308899,
      1.4192639589309692
    ]
  },
  "test_latency_ms": {
    "avg": 1.0729343891143799,
    "min": 1.0577919483184814,
    "max": 1.1089919805526733,
    "all": [
      1.1089919805526733,
      1.0679680109024048,
      1.0577919483184814,
      1.0618879795074463,
      1.0680320262908936
    ]
  },
  "num_runs": 5,
  "model_init_args": [
    1000
  ],
  "model_init_kwargs": {},
  "seed": 100,
  "align_stats": {
    "copied_same_shape": 122,
    "unique_shape_copied": 0,
    "mapped_shape": 0,
    "skipped": 0,
    "pair_aligner": 0,
    "pair_key": "Model->ModelNew"
  },
  "runnable": true,
  "phase": "stage1_grid_and_parallel",
  "pytorch_baseline_ms": 2.119257593154907,
  "score": 1.9751977517508614
}