{
  "timestamp": "2025-12-16T05:30:11",
  "reference_file": "KernelBench/level3/9_ResNet18.py",
  "candidate_file": "/home/hyc/LLMKernel/run/20251216_051542_batch_range2to17_openai_deepseek/9_ResNet18/code/kernel_20251216_053001.py",
  "tolerance": 0.1,
  "max_abs_err": 4.161149263381958e-05,
  "mean_abs_err": 9.935563866747543e-06,
  "ref_latency_ms": {
    "avg": 2.103295993804932,
    "min": 2.066431999206543,
    "max": 2.1565439701080322,
    "all": [
      2.1565439701080322,
      2.0879359245300293,
      2.066431999206543,
      2.1084160804748535,
      2.0971519947052
    ]
  },
  "test_latency_ms": {
    "avg": 2.553382396697998,
    "min": 2.514944076538086,
    "max": 2.6204159259796143,
    "all": [
      2.6204159259796143,
      2.5568320751190186,
      2.514944076538086,
      2.5323519706726074,
      2.542367935180664
    ]
  },
  "num_runs": 5,
  "model_init_args": [
    1000
  ],
  "model_init_kwargs": {},
  "seed": 100,
  "align_stats": {
    "copied_same_shape": 122,
    "unique_shape_copied": 0,
    "mapped_shape": 0,
    "skipped": 0,
    "pair_aligner": 0,
    "pair_key": "Model->ModelNew"
  },
  "runnable": true,
  "phase": "stage3_memory_access",
  "pytorch_baseline_ms": 2.2100287437438966,
  "score": 0.8655298738653003
}