{
  "timestamp": "2025-12-28T09:40:15",
  "reference_file": "KernelBench/select/9_ResNet18.py",
  "candidate_file": "/home/hyc/LLMKernel/run/20251228_085408_batch_range2to9_openai_deepseek/9_ResNet18/code/kernel_20251228_094008.py",
  "tolerance": 1,
  "max_abs_err": 4.02890145778656e-05,
  "mean_abs_err": 1.0004710020439234e-05,
  "ref_latency_ms": {
    "avg": 1.402662420272827,
    "min": 1.3680000305175781,
    "max": 1.4561280012130737,
    "all": [
      1.4561280012130737,
      1.3967360258102417,
      1.3680000305175781,
      1.411072015762329,
      1.381376028060913
    ]
  },
  "test_latency_ms": {
    "avg": 1.122758412361145,
    "min": 1.1079679727554321,
    "max": 1.1317440271377563,
    "all": [
      1.1317440271377563,
      1.1161600351333618,
      1.1274240016937256,
      1.1079679727554321,
      1.1304960250854492
    ]
  },
  "num_runs": 5,
  "model_init_args": [
    1000
  ],
  "model_init_kwargs": {},
  "seed": 100,
  "align_stats": {
    "copied_same_shape": 122,
    "unique_shape_copied": 0,
    "mapped_shape": 0,
    "skipped": 0,
    "pair_aligner": 0,
    "pair_key": "Model->ModelNew"
  },
  "runnable": true,
  "phase": "stage2_block_tiling",
  "pytorch_baseline_ms": 2.119257593154907,
  "score": 1.887545503843644
}