{
  "timestamp": "2025-12-28T09:34:34",
  "reference_file": "KernelBench/select/9_ResNet18.py",
  "candidate_file": "/home/hyc/LLMKernel/run/20251228_085408_batch_range2to9_openai_deepseek/9_ResNet18/code/kernel_20251228_093424.py",
  "tolerance": 1,
  "max_abs_err": 0.6090019941329956,
  "mean_abs_err": 0.13747303187847137,
  "ref_latency_ms": {
    "avg": 1.3844160079956054,
    "min": 1.35971200466156,
    "max": 1.4254080057144165,
    "all": [
      1.4254080057144165,
      1.3793280124664307,
      1.3834240436553955,
      1.3742079734802246,
      1.35971200466156
    ]
  },
  "test_latency_ms": {
    "avg": 2.403641605377197,
    "min": 2.392064094543457,
    "max": 2.426624059677124,
    "all": [
      2.426624059677124,
      2.404383897781372,
      2.392064094543457,
      2.397952079772949,
      2.397183895111084
    ]
  },
  "num_runs": 5,
  "model_init_args": [
    1000
  ],
  "model_init_kwargs": {},
  "seed": 100,
  "align_stats": {
    "copied_same_shape": 0,
    "unique_shape_copied": 9,
    "mapped_shape": 0,
    "skipped": 93,
    "pair_aligner": 0,
    "pair_key": "Model->ModelNew"
  },
  "runnable": true,
  "phase": "seed_1",
  "pytorch_baseline_ms": 2.119257593154907,
  "score": 0.8816861833369445
}