{
  "timestamp": "2025-12-28T09:41:09",
  "reference_file": "KernelBench/select/9_ResNet18.py",
  "candidate_file": "/home/hyc/LLMKernel/run/20251228_085408_batch_range2to9_openai_deepseek/9_ResNet18/code/kernel_20251228_094102.py",
  "tolerance": 1,
  "max_abs_err": 4.02890145778656e-05,
  "mean_abs_err": 1.0004710020439234e-05,
  "ref_latency_ms": {
    "avg": 1.3890047788619995,
    "min": 1.3713279962539673,
    "max": 1.4150079488754272,
    "all": [
      1.4150079488754272,
      1.3713279962539673,
      1.3752319812774658,
      1.388767957687378,
      1.3946880102157593
    ]
  },
  "test_latency_ms": {
    "avg": 1.0958656072616577,
    "min": 1.0781760215759277,
    "max": 1.1274240016937256,
    "all": [
      1.1274240016937256,
      1.0844160318374634,
      1.0781760215759277,
      1.099776029586792,
      1.0895359516143799
    ]
  },
  "num_runs": 5,
  "model_init_args": [
    1000
  ],
  "model_init_kwargs": {},
  "seed": 100,
  "align_stats": {
    "copied_same_shape": 122,
    "unique_shape_copied": 0,
    "mapped_shape": 0,
    "skipped": 0,
    "pair_aligner": 0,
    "pair_key": "Model->ModelNew"
  },
  "runnable": true,
  "phase": "stage3_memory_and_tuning",
  "pytorch_baseline_ms": 2.119257593154907,
  "score": 1.9338663236731144
}