{
  "timestamp": "2025-12-28T09:32:23",
  "reference_file": "KernelBench/select/9_ResNet18.py",
  "candidate_file": "/home/hyc/LLMKernel/run/20251228_085408_batch_range2to9_openai_deepseek/9_ResNet18/code/kernel_20251228_093218.py",
  "tolerance": 1,
  "max_abs_err": 4.161149263381958e-05,
  "mean_abs_err": 9.935563866747543e-06,
  "ref_latency_ms": {
    "avg": 2.119257593154907,
    "min": 2.0887680053710938,
    "max": 2.184191942214966,
    "all": [
      2.184191942214966,
      2.1084160804748535,
      2.0887680053710938,
      2.118783950805664,
      2.096127986907959
    ]
  },
  "test_latency_ms": {
    "avg": 2.486681652069092,
    "min": 2.456576108932495,
    "max": 2.5233280658721924,
    "all": [
      2.5233280658721924,
      2.4883201122283936,
      2.4586238861083984,
      2.456576108932495,
      2.5065600872039795
    ]
  },
  "num_runs": 5,
  "model_init_args": [
    1000
  ],
  "model_init_kwargs": {},
  "seed": 100,
  "align_stats": {
    "copied_same_shape": 122,
    "unique_shape_copied": 0,
    "mapped_shape": 0,
    "skipped": 0,
    "pair_aligner": 0,
    "pair_key": "Model->ModelNew"
  },
  "runnable": true,
  "phase": "seed_0",
  "score": 0.8522432259841293
}