{
  "timestamp": "2025-12-28T09:38:28",
  "reference_file": "KernelBench/select/9_ResNet18.py",
  "candidate_file": "/home/hyc/LLMKernel/run/20251228_085408_batch_range2to9_openai_deepseek/9_ResNet18/code/kernel_20251228_093819.py",
  "tolerance": 1,
  "max_abs_err": 0.6090226173400879,
  "mean_abs_err": 0.1374766230583191,
  "ref_latency_ms": {
    "avg": 1.3919039964675903,
    "min": 1.3568639755249023,
    "max": 1.423583984375,
    "all": [
      1.423583984375,
      1.4091520309448242,
      1.3834240436553955,
      1.3568639755249023,
      1.3864959478378296
    ]
  },
  "test_latency_ms": {
    "avg": 52.83569183349609,
    "min": 52.76057434082031,
    "max": 52.8803825378418,
    "all": [
      52.86995315551758,
      52.794334411621094,
      52.8803825378418,
      52.76057434082031,
      52.87321472167969
    ]
  },
  "num_runs": 5,
  "model_init_args": [
    1000
  ],
  "model_init_kwargs": {},
  "seed": 100,
  "align_stats": {
    "copied_same_shape": 0,
    "unique_shape_copied": 9,
    "mapped_shape": 0,
    "skipped": 93,
    "pair_aligner": 0,
    "pair_key": "Model->ModelNew"
  },
  "runnable": true,
  "phase": "algorithm_optimized_seed1",
  "pytorch_baseline_ms": 2.119257593154907,
  "score": 0.04011034055981391
}