{
  "timestamp": "2025-12-16T04:23:37",
  "reference_file": "KernelBench/level3/36_LSTMHn.py",
  "candidate_file": "/home/hyc/LLMKernel/run/20251216_042309_batch_range34to50_openai_deepseek/36_LSTMHn/code/kernel_20251216_042331.py",
  "tolerance": 0.1,
  "max_abs_err": 0.0,
  "mean_abs_err": 0.0,
  "ref_latency_ms": {
    "avg": 37.463034057617186,
    "min": 33.63328170776367,
    "max": 45.24748611450195,
    "all": [
      40.597503662109375,
      45.24748611450195,
      33.90361785888672,
      33.93328094482422,
      33.63328170776367
    ]
  },
  "test_latency_ms": {
    "avg": 37.03438720703125,
    "min": 34.12998580932617,
    "max": 38.46963119506836,
    "all": [
      35.897342681884766,
      34.12998580932617,
      38.46963119506836,
      38.23196792602539,
      38.44300842285156
    ]
  },
  "num_runs": 5,
  "model_init_args": [
    128,
    256,
    6,
    10,
    0.0
  ],
  "model_init_kwargs": {},
  "seed": 100,
  "align_stats": {
    "copied_same_shape": 24,
    "unique_shape_copied": 2,
    "mapped_shape": 0,
    "skipped": 0,
    "pair_aligner": 0,
    "pair_key": "Model->ModelNew"
  },
  "runnable": true,
  "phase": "seed",
  "score": 1.011574293053364
}