{
  "timestamp": "2025-12-12T10:12:34",
  "reference_file": "KernelBench/level1/33_BatchNorm.py",
  "candidate_file": "/home/hyc/LLMKernel/run/20251212_085222_batch_range20to30_deepseek_deepseek/33_BatchNorm/code/kernel_20251212_101223.py",
  "tolerance": 0.001,
  "max_abs_err": 0.0,
  "mean_abs_err": 0.0,
  "ref_latency_ms": {
    "avg": 13.984326171875,
    "min": 13.979647636413574,
    "max": 13.991935729980469,
    "all": [
      13.991935729980469,
      13.981696128845215,
      13.979647636413574,
      13.981663703918457,
      13.986687660217285
    ]
  },
  "test_latency_ms": {
    "avg": 6.743411254882813,
    "min": 6.734720230102539,
    "max": 6.757376194000244,
    "all": [
      6.740992069244385,
      6.734720230102539,
      6.737792015075684,
      6.757376194000244,
      6.746175765991211
    ]
  },
  "num_runs": 5,
  "model_init_args": [
    64
  ],
  "model_init_kwargs": {},
  "seed": 100,
  "align_stats": {
    "copied_same_shape": 0,
    "unique_shape_copied": 0,
    "mapped_shape": 0,
    "skipped": 4,
    "pair_aligner": 0,
    "pair_key": "Model->ModelNew"
  },
  "runnable": true,
  "phase": "stage2_repair",
  "pytorch_baseline_ms": 14.089683151245117,
  "score": 2.089399951848253
}