{
  "timestamp": "2025-12-12T10:32:15",
  "reference_file": "KernelBench/level1/33_BatchNorm.py",
  "candidate_file": "/home/hyc/LLMKernel/run/20251212_085222_batch_range20to30_deepseek_deepseek/33_BatchNorm/code/kernel_20251212_103158.py",
  "tolerance": 0.001,
  "max_abs_err": 0.0,
  "mean_abs_err": 0.0,
  "ref_latency_ms": {
    "avg": 13.987276840209962,
    "min": 13.964127540588379,
    "max": 14.026752471923828,
    "all": [
      13.99283218383789,
      13.976415634155273,
      13.964127540588379,
      13.976256370544434,
      14.026752471923828
    ]
  },
  "test_latency_ms": {
    "avg": 6.75294075012207,
    "min": 6.7348480224609375,
    "max": 6.7969279289245605,
    "all": [
      6.7969279289245605,
      6.748159885406494,
      6.7348480224609375,
      6.736608028411865,
      6.748159885406494
    ]
  },
  "num_runs": 5,
  "model_init_args": [
    64
  ],
  "model_init_kwargs": {},
  "seed": 100,
  "align_stats": {
    "copied_same_shape": 0,
    "unique_shape_copied": 0,
    "mapped_shape": 0,
    "skipped": 4,
    "pair_aligner": 0,
    "pair_key": "Model->ModelNew"
  },
  "runnable": true,
  "phase": "stage4_advanced_memory",
  "pytorch_baseline_ms": 14.089683151245117,
  "score": 2.086451469456536
}