{
  "timestamp": "2025-12-12T10:28:11",
  "reference_file": "KernelBench/level1/33_BatchNorm.py",
  "candidate_file": "/home/hyc/LLMKernel/run/20251212_085222_batch_range20to30_deepseek_deepseek/33_BatchNorm/code/kernel_20251212_102800.py",
  "tolerance": 0.001,
  "max_abs_err": 0.0,
  "mean_abs_err": 0.0,
  "ref_latency_ms": {
    "avg": 13.974848175048828,
    "min": 13.952896118164062,
    "max": 13.99500846862793,
    "all": [
      13.974528312683105,
      13.99500846862793,
      13.980671882629395,
      13.971136093139648,
      13.952896118164062
    ]
  },
  "test_latency_ms": {
    "avg": 13.811737442016602,
    "min": 13.805695533752441,
    "max": 13.814784049987793,
    "all": [
      13.805695533752441,
      13.814784049987793,
      13.809663772583008,
      13.814784049987793,
      13.813759803771973
    ]
  },
  "num_runs": 5,
  "model_init_args": [
    64
  ],
  "model_init_kwargs": {},
  "seed": 100,
  "align_stats": {
    "copied_same_shape": 0,
    "unique_shape_copied": 0,
    "mapped_shape": 0,
    "skipped": 4,
    "pair_aligner": 0,
    "pair_key": "Model->ModelNew"
  },
  "runnable": true,
  "phase": "stage3_repair",
  "pytorch_baseline_ms": 14.089683151245117,
  "score": 1.0201238772743375
}