{
  "timestamp": "2025-12-12T09:55:28",
  "reference_file": "KernelBench/level1/33_BatchNorm.py",
  "candidate_file": "/home/hyc/LLMKernel/run/20251212_085222_batch_range20to30_deepseek_deepseek/33_BatchNorm/code/kernel_20251212_095517.py",
  "tolerance": 0.001,
  "max_abs_err": 0.0,
  "mean_abs_err": 0.0,
  "ref_latency_ms": {
    "avg": 14.089683151245117,
    "min": 14.057472229003906,
    "max": 14.185503959655762,
    "all": [
      14.185503959655762,
      14.06873607635498,
      14.07487964630127,
      14.061823844909668,
      14.057472229003906
    ]
  },
  "test_latency_ms": {
    "avg": 13.82992000579834,
    "min": 13.799296379089355,
    "max": 13.842432022094727,
    "all": [
      13.839424133300781,
      13.82703971862793,
      13.842432022094727,
      13.799296379089355,
      13.841407775878906
    ]
  },
  "num_runs": 5,
  "model_init_args": [
    64
  ],
  "model_init_kwargs": {},
  "seed": 100,
  "align_stats": {
    "copied_same_shape": 0,
    "unique_shape_copied": 0,
    "mapped_shape": 0,
    "skipped": 4,
    "pair_aligner": 0,
    "pair_key": "Model->ModelNew"
  },
  "runnable": true,
  "phase": "seed",
  "score": 1.0187826932721136
}