{
  "timestamp": "2025-12-15T15:52:58",
  "reference_file": "KernelBench/level3/2_ShallowWideMLP.py",
  "candidate_file": "/home/hyc/LLMKernel/run/20251215_151559_batch_range2to16_deepseek_deepseek/2_ShallowWideMLP/code/kernel_20251215_155225.py",
  "tolerance": 0.1,
  "max_abs_err": 1.3709068298339844e-06,
  "mean_abs_err": 9.22789240576094e-08,
  "ref_latency_ms": {
    "avg": 12.322604751586914,
    "min": 12.312576293945312,
    "max": 12.33407974243164,
    "all": [
      12.33407974243164,
      12.331007957458496,
      12.319711685180664,
      12.315648078918457,
      12.312576293945312
    ]
  },
  "test_latency_ms": {
    "avg": 36.85601272583008,
    "min": 36.84761428833008,
    "max": 36.86195373535156,
    "all": [
      36.86195373535156,
      36.85785675048828,
      36.85785675048828,
      36.85478210449219,
      36.84761428833008
    ]
  },
  "num_runs": 5,
  "model_init_args": [
    16384,
    [
      32768,
      32768
    ],
    16384
  ],
  "model_init_kwargs": {},
  "seed": 100,
  "align_stats": {
    "copied_same_shape": 0,
    "unique_shape_copied": 4,
    "mapped_shape": 0,
    "skipped": 2,
    "pair_aligner": 0,
    "pair_key": "Model->ModelNew"
  },
  "runnable": true,
  "phase": "stage2_block_tiling",
  "pytorch_baseline_ms": 12.389747047424317,
  "score": 0.33616623533291534
}