{
  "timestamp": "2025-12-28T08:55:11",
  "reference_file": "KernelBench/select/2_ShallowWideMLP.py",
  "candidate_file": "/home/hyc/LLMKernel/run/20251228_085408_batch_range2to9_openai_deepseek/2_ShallowWideMLP/code/kernel_20251228_085449.py",
  "tolerance": 1,
  "max_abs_err": 0.0007655620574951172,
  "mean_abs_err": 0.00011726894445018843,
  "ref_latency_ms": {
    "avg": 12.389753532409667,
    "min": 12.379136085510254,
    "max": 12.39782428741455,
    "all": [
      12.393471717834473,
      12.386079788208008,
      12.392255783081055,
      12.379136085510254,
      12.39782428741455
    ]
  },
  "test_latency_ms": {
    "avg": 13.700255966186523,
    "min": 13.688639640808105,
    "max": 13.712384223937988,
    "all": [
      13.709312438964844,
      13.712384223937988,
      13.688639640808105,
      13.689855575561523,
      13.701087951660156
    ]
  },
  "num_runs": 5,
  "model_init_args": [
    16384,
    [
      32768,
      32768
    ],
    16384
  ],
  "model_init_kwargs": {},
  "seed": 100,
  "align_stats": {
    "copied_same_shape": 0,
    "unique_shape_copied": 4,
    "mapped_shape": 0,
    "skipped": 2,
    "pair_aligner": 0,
    "pair_key": "Model->ModelNew"
  },
  "runnable": true,
  "phase": "seed_0",
  "score": 0.904344675237361
}