{
  "timestamp": "2025-12-15T15:48:12",
  "reference_file": "KernelBench/level3/2_ShallowWideMLP.py",
  "candidate_file": "/home/hyc/LLMKernel/run/20251215_151559_batch_range2to16_deepseek_deepseek/2_ShallowWideMLP/code/kernel_20251215_154729.py",
  "tolerance": 0.1,
  "max_abs_err": 1.3709068298339844e-06,
  "mean_abs_err": 9.22789240576094e-08,
  "ref_latency_ms": {
    "avg": 12.316230010986327,
    "min": 12.311519622802734,
    "max": 12.321791648864746,
    "all": [
      12.317695617675781,
      12.321791648864746,
      12.316543579101562,
      12.311519622802734,
      12.313599586486816
    ]
  },
  "test_latency_ms": {
    "avg": 22.900121688842773,
    "min": 22.89356803894043,
    "max": 22.90790367126465,
    "all": [
      22.90790367126465,
      22.90483283996582,
      22.89561653137207,
      22.8986873626709,
      22.89356803894043
    ]
  },
  "num_runs": 5,
  "model_init_args": [
    16384,
    [
      32768,
      32768
    ],
    16384
  ],
  "model_init_kwargs": {},
  "seed": 100,
  "align_stats": {
    "copied_same_shape": 0,
    "unique_shape_copied": 4,
    "mapped_shape": 0,
    "skipped": 2,
    "pair_aligner": 0,
    "pair_key": "Model->ModelNew"
  },
  "runnable": true,
  "phase": "stage1_repair",
  "pytorch_baseline_ms": 12.389747047424317,
  "score": 0.5410341139567287
}