{
  "timestamp": "2025-12-15T15:59:35",
  "reference_file": "KernelBench/level3/2_ShallowWideMLP.py",
  "candidate_file": "/home/hyc/LLMKernel/run/20251215_151559_batch_range2to16_deepseek_deepseek/2_ShallowWideMLP/code/kernel_20251215_155849.py",
  "tolerance": 0.1,
  "max_abs_err": 1.3709068298339844e-06,
  "mean_abs_err": 9.22789240576094e-08,
  "ref_latency_ms": {
    "avg": 12.311123275756836,
    "min": 12.306400299072266,
    "max": 12.316672325134277,
    "all": [
      12.316672325134277,
      12.306400299072266,
      12.315648078918457,
      12.309503555297852,
      12.307392120361328
    ]
  },
  "test_latency_ms": {
    "avg": 22.470803451538085,
    "min": 22.465343475341797,
    "max": 22.47977638244629,
    "all": [
      22.46758460998535,
      22.47270393371582,
      22.465343475341797,
      22.47977638244629,
      22.468608856201172
    ]
  },
  "num_runs": 5,
  "model_init_args": [
    16384,
    [
      32768,
      32768
    ],
    16384
  ],
  "model_init_kwargs": {},
  "seed": 100,
  "align_stats": {
    "copied_same_shape": 0,
    "unique_shape_copied": 4,
    "mapped_shape": 0,
    "skipped": 2,
    "pair_aligner": 0,
    "pair_key": "Model->ModelNew"
  },
  "runnable": true,
  "phase": "stage3_memory_access",
  "pytorch_baseline_ms": 12.389747047424317,
  "score": 0.551370896645721
}