{
  "timestamp": "2025-12-28T09:03:59",
  "reference_file": "KernelBench/select/2_ShallowWideMLP.py",
  "candidate_file": "/home/hyc/LLMKernel/run/20251228_085408_batch_range2to9_openai_deepseek/2_ShallowWideMLP/code/kernel_20251228_090326.py",
  "tolerance": 1,
  "max_abs_err": 0.37897491455078125,
  "mean_abs_err": 0.06678088754415512,
  "ref_latency_ms": {
    "avg": 12.453036689758301,
    "min": 12.431360244750977,
    "max": 12.508159637451172,
    "all": [
      12.508159637451172,
      12.431360244750977,
      12.44655990600586,
      12.4334077835083,
      12.445695877075195
    ]
  },
  "test_latency_ms": {
    "avg": 9.533542251586914,
    "min": 9.462783813476562,
    "max": 9.56287956237793,
    "all": [
      9.557855606079102,
      9.462783813476562,
      9.559967994689941,
      9.524224281311035,
      9.56287956237793
    ]
  },
  "num_runs": 5,
  "model_init_args": [
    16384,
    [
      32768,
      32768
    ],
    16384
  ],
  "model_init_kwargs": {},
  "seed": 100,
  "align_stats": {
    "copied_same_shape": 0,
    "unique_shape_copied": 4,
    "mapped_shape": 0,
    "skipped": 2,
    "pair_aligner": 0,
    "pair_key": "Model->ModelNew"
  },
  "runnable": true,
  "phase": "stage1_grid_and_parallel_repair",
  "pytorch_baseline_ms": 12.389753532409667,
  "score": 1.2995960164069469
}