{
  "timestamp": "2025-12-28T09:05:14",
  "reference_file": "KernelBench/select/2_ShallowWideMLP.py",
  "candidate_file": "/home/hyc/LLMKernel/run/20251228_085408_batch_range2to9_openai_deepseek/2_ShallowWideMLP/code/kernel_20251228_090443.py",
  "tolerance": 1,
  "max_abs_err": 0.37897491455078125,
  "mean_abs_err": 0.06678088754415512,
  "ref_latency_ms": {
    "avg": 12.418246459960937,
    "min": 12.387328147888184,
    "max": 12.447744369506836,
    "all": [
      12.447744369506836,
      12.444671630859375,
      12.387328147888184,
      12.411904335021973,
      12.39958381652832
    ]
  },
  "test_latency_ms": {
    "avg": 12.041542434692383,
    "min": 11.948863983154297,
    "max": 12.201984405517578,
    "all": [
      12.020511627197266,
      11.952128410339355,
      11.948863983154297,
      12.084223747253418,
      12.201984405517578
    ]
  },
  "num_runs": 5,
  "model_init_args": [
    16384,
    [
      32768,
      32768
    ],
    16384
  ],
  "model_init_kwargs": {},
  "seed": 100,
  "align_stats": {
    "copied_same_shape": 0,
    "unique_shape_copied": 4,
    "mapped_shape": 0,
    "skipped": 2,
    "pair_aligner": 0,
    "pair_key": "Model->ModelNew"
  },
  "runnable": true,
  "phase": "stage2_block_tiling",
  "pytorch_baseline_ms": 12.389753532409667,
  "score": 1.0289174829226253
}