{
  "timestamp": "2025-12-28T09:01:28",
  "reference_file": "KernelBench/select/2_ShallowWideMLP.py",
  "candidate_file": "/home/hyc/LLMKernel/run/20251228_085408_batch_range2to9_openai_deepseek/2_ShallowWideMLP/code/kernel_20251228_090057.py",
  "tolerance": 1,
  "max_abs_err": 0.37897491455078125,
  "mean_abs_err": 0.06678088754415512,
  "ref_latency_ms": {
    "avg": 12.394745635986329,
    "min": 12.379136085510254,
    "max": 12.407808303833008,
    "all": [
      12.398816108703613,
      12.389375686645508,
      12.379136085510254,
      12.407808303833008,
      12.398591995239258
    ]
  },
  "test_latency_ms": {
    "avg": 9.304646301269532,
    "min": 9.290559768676758,
    "max": 9.316351890563965,
    "all": [
      9.316351890563965,
      9.31328010559082,
      9.31123161315918,
      9.291808128356934,
      9.290559768676758
    ]
  },
  "num_runs": 5,
  "model_init_args": [
    16384,
    [
      32768,
      32768
    ],
    16384
  ],
  "model_init_kwargs": {},
  "seed": 100,
  "align_stats": {
    "copied_same_shape": 0,
    "unique_shape_copied": 4,
    "mapped_shape": 0,
    "skipped": 2,
    "pair_aligner": 0,
    "pair_key": "Model->ModelNew"
  },
  "runnable": true,
  "phase": "algorithm_optimized_seed1",
  "pytorch_baseline_ms": 12.389753532409667,
  "score": 1.3315663090513394
}