{
  "timestamp": "2025-12-28T08:56:18",
  "reference_file": "KernelBench/select/2_ShallowWideMLP.py",
  "candidate_file": "/home/hyc/LLMKernel/run/20251228_085408_batch_range2to9_openai_deepseek/2_ShallowWideMLP/code/kernel_20251228_085556.py",
  "tolerance": 1,
  "max_abs_err": 0.0007655620574951172,
  "mean_abs_err": 0.00011726894445018843,
  "ref_latency_ms": {
    "avg": 12.379980659484863,
    "min": 12.332032203674316,
    "max": 12.404735565185547,
    "all": [
      12.402815818786621,
      12.404735565185547,
      12.401663780212402,
      12.35865592956543,
      12.332032203674316
    ]
  },
  "test_latency_ms": {
    "avg": 72.42051239013672,
    "min": 72.3835220336914,
    "max": 72.47052764892578,
    "all": [
      72.4579849243164,
      72.47052764892578,
      72.39373016357422,
      72.39679718017578,
      72.3835220336914
    ]
  },
  "num_runs": 5,
  "model_init_args": [
    16384,
    [
      32768,
      32768
    ],
    16384
  ],
  "model_init_kwargs": {},
  "seed": 100,
  "align_stats": {
    "copied_same_shape": 0,
    "unique_shape_copied": 4,
    "mapped_shape": 0,
    "skipped": 2,
    "pair_aligner": 0,
    "pair_key": "Model->ModelNew"
  },
  "runnable": true,
  "phase": "seed_1",
  "pytorch_baseline_ms": 12.389753532409667,
  "score": 0.17108072179418995
}