{
  "timestamp": "2025-12-28T09:06:20",
  "reference_file": "KernelBench/select/2_ShallowWideMLP.py",
  "candidate_file": "/home/hyc/LLMKernel/run/20251228_085408_batch_range2to9_openai_deepseek/2_ShallowWideMLP/code/kernel_20251228_090546.py",
  "tolerance": 1,
  "max_abs_err": 0.37897491455078125,
  "mean_abs_err": 0.06678088754415512,
  "ref_latency_ms": {
    "avg": 12.457107162475586,
    "min": 12.452863693237305,
    "max": 12.462080001831055,
    "all": [
      12.457792282104492,
      12.462080001831055,
      12.454912185668945,
      12.452863693237305,
      12.457887649536133
    ]
  },
  "test_latency_ms": {
    "avg": 12.009087944030762,
    "min": 11.878623962402344,
    "max": 12.103775978088379,
    "all": [
      12.057600021362305,
      12.009471893310547,
      12.103775978088379,
      11.878623962402344,
      11.995967864990234
    ]
  },
  "num_runs": 5,
  "model_init_args": [
    16384,
    [
      32768,
      32768
    ],
    16384
  ],
  "model_init_kwargs": {},
  "seed": 100,
  "align_stats": {
    "copied_same_shape": 0,
    "unique_shape_copied": 4,
    "mapped_shape": 0,
    "skipped": 2,
    "pair_aligner": 0,
    "pair_key": "Model->ModelNew"
  },
  "runnable": true,
  "phase": "stage3_memory_and_tuning",
  "pytorch_baseline_ms": 12.389753532409667,
  "score": 1.031698126464976
}