{
  "timestamp": "2025-12-15T15:28:00",
  "reference_file": "KernelBench/level3/2_ShallowWideMLP.py",
  "candidate_file": "/home/hyc/LLMKernel/run/20251215_151559_batch_range2to16_deepseek_deepseek/2_ShallowWideMLP/code/kernel_20251215_152730.py",
  "tolerance": 0.1,
  "max_abs_err": 1.3709068298339844e-06,
  "mean_abs_err": 9.22789240576094e-08,
  "ref_latency_ms": {
    "avg": 12.389747047424317,
    "min": 12.385087966918945,
    "max": 12.398591995239258,
    "all": [
      12.398591995239258,
      12.385279655456543,
      12.390399932861328,
      12.385087966918945,
      12.389375686645508
    ]
  },
  "test_latency_ms": {
    "avg": 76.03340301513671,
    "min": 76.02073669433594,
    "max": 76.06681823730469,
    "all": [
      76.06681823730469,
      76.03302764892578,
      76.02073669433594,
      76.02381134033203,
      76.02262115478516
    ]
  },
  "num_runs": 5,
  "model_init_args": [
    16384,
    [
      32768,
      32768
    ],
    16384
  ],
  "model_init_kwargs": {},
  "seed": 100,
  "align_stats": {
    "copied_same_shape": 0,
    "unique_shape_copied": 4,
    "mapped_shape": 0,
    "skipped": 2,
    "pair_aligner": 0,
    "pair_key": "Model->ModelNew"
  },
  "runnable": true,
  "phase": "seed_repair",
  "score": 0.16295136816325015
}