{
  "timestamp": "2025-12-15T16:08:34",
  "reference_file": "KernelBench/level3/2_ShallowWideMLP.py",
  "candidate_file": "/home/hyc/LLMKernel/run/20251215_151559_batch_range2to16_deepseek_deepseek/2_ShallowWideMLP/code/kernel_20251215_160757.py",
  "tolerance": 0.1,
  "max_abs_err": 1.3709068298339844e-06,
  "mean_abs_err": 9.22789240576094e-08,
  "ref_latency_ms": {
    "avg": 12.32241268157959,
    "min": 12.314623832702637,
    "max": 12.335103988647461,
    "all": [
      12.335103988647461,
      12.321791648864746,
      12.322815895080566,
      12.317728042602539,
      12.314623832702637
    ]
  },
  "test_latency_ms": {
    "avg": 23.033433532714845,
    "min": 23.029760360717773,
    "max": 23.036928176879883,
    "all": [
      23.030784606933594,
      23.036928176879883,
      23.035839080810547,
      23.033855438232422,
      23.029760360717773
    ]
  },
  "num_runs": 5,
  "model_init_args": [
    16384,
    [
      32768,
      32768
    ],
    16384
  ],
  "model_init_kwargs": {},
  "seed": 100,
  "align_stats": {
    "copied_same_shape": 0,
    "unique_shape_copied": 4,
    "mapped_shape": 0,
    "skipped": 2,
    "pair_aligner": 0,
    "pair_key": "Model->ModelNew"
  },
  "runnable": true,
  "phase": "stage4_advanced_memory",
  "pytorch_baseline_ms": 12.389747047424317,
  "score": 0.5379027416744843
}