{
  "timestamp": "2025-12-22T11:26:08",
  "reference_file": "KernelBench/level3/33_VanillaRNN.py",
  "candidate_file": "/home/hyc/LLMKernel/run/20251222_112230_33_VanillaRNN_openai_deepseek/33_VanillaRNN/code/kernel_20251222_112558.py",
  "tolerance": 0.1,
  "max_abs_err": 0.0013061761856079102,
  "mean_abs_err": 0.0002000333770411089,
  "ref_latency_ms": {
    "avg": 7.296787166595459,
    "min": 7.147520065307617,
    "max": 7.536479949951172,
    "all": [
      7.536479949951172,
      7.188479900360107,
      7.147520065307617,
      7.265279769897461,
      7.3461761474609375
    ]
  },
  "test_latency_ms": {
    "avg": 6.698988723754883,
    "min": 6.568960189819336,
    "max": 6.795263767242432,
    "all": [
      6.795263767242432,
      6.783775806427002,
      6.768640041351318,
      6.578303813934326,
      6.568960189819336
    ]
  },
  "num_runs": 5,
  "model_init_args": [
    16384,
    16384,
    8192
  ],
  "model_init_kwargs": {},
  "seed": 100,
  "align_stats": {
    "copied_same_shape": 4,
    "unique_shape_copied": 0,
    "mapped_shape": 0,
    "skipped": 0,
    "pair_aligner": 0,
    "pair_key": "Model->ModelNew"
  },
  "runnable": true,
  "phase": "seed_1",
  "score": 1.0892371173459001
}