{
  "timestamp": "2025-12-22T11:27:04",
  "reference_file": "KernelBench/level3/33_VanillaRNN.py",
  "candidate_file": "/home/hyc/LLMKernel/run/20251222_112230_33_VanillaRNN_openai_deepseek/33_VanillaRNN/code/kernel_20251222_112655.py",
  "tolerance": 0.1,
  "max_abs_err": 0.0013061761856079102,
  "mean_abs_err": 0.0002000333770411089,
  "ref_latency_ms": {
    "avg": 7.201625537872315,
    "min": 7.184383869171143,
    "max": 7.230463981628418,
    "all": [
      7.207935810089111,
      7.230463981628418,
      7.184383869171143,
      7.19052791595459,
      7.1948161125183105
    ]
  },
  "test_latency_ms": {
    "avg": 5.648793506622314,
    "min": 5.552127838134766,
    "max": 6.015999794006348,
    "all": [
      6.015999794006348,
      5.566463947296143,
      5.552127838134766,
      5.555200099945068,
      5.554175853729248
    ]
  },
  "num_runs": 5,
  "model_init_args": [
    16384,
    16384,
    8192
  ],
  "model_init_kwargs": {},
  "seed": 100,
  "align_stats": {
    "copied_same_shape": 0,
    "unique_shape_copied": 4,
    "mapped_shape": 0,
    "skipped": 0,
    "pair_aligner": 0,
    "pair_key": "Model->ModelNew"
  },
  "runnable": true,
  "phase": "seed_0_repair",
  "pytorch_baseline_ms": 7.296787166595459,
  "score": 1.2917425921200933
}