{
  "timestamp": "2025-12-12T18:33:28",
  "reference_file": "KernelBench/level1/74_conv_transposed_1D_dilated.py",
  "candidate_file": "/home/hyc/LLMKernel/run/20251212_170115_batch_range70to100_deepseek_deepseek/74_conv_transposed_1D_dilated/code/kernel_20251212_183318.py",
  "tolerance": 0.001,
  "max_abs_err": 0.0005562901496887207,
  "mean_abs_err": 0.0001255199167644605,
  "ref_latency_ms": {
    "avg": 18.625939178466798,
    "min": 18.62246322631836,
    "max": 18.631423950195312,
    "all": [
      18.62553596496582,
      18.62758445739746,
      18.62268829345703,
      18.62246322631836,
      18.631423950195312
    ]
  },
  "test_latency_ms": {
    "avg": 3.280236768722534,
    "min": 3.2755520343780518,
    "max": 3.2880640029907227,
    "all": [
      3.2778239250183105,
      3.2880640029907227,
      3.2788479328155518,
      3.2755520343780518,
      3.280895948410034
    ]
  },
  "num_runs": 5,
  "model_init_args": [
    32,
    64,
    5,
    1,
    0,
    3
  ],
  "model_init_kwargs": {},
  "seed": 100,
  "align_stats": {
    "copied_same_shape": 0,
    "unique_shape_copied": 1,
    "mapped_shape": 0,
    "skipped": 0,
    "pair_aligner": 0,
    "pair_key": "Model->ModelNew"
  },
  "runnable": true,
  "phase": "stage1_grid_and_parallel",
  "pytorch_baseline_ms": 19.242002868652342,
  "score": 5.866040845626522
}