{
  "timestamp": "2025-12-12T18:48:16",
  "reference_file": "KernelBench/level1/74_conv_transposed_1D_dilated.py",
  "candidate_file": "/home/hyc/LLMKernel/run/20251212_170115_batch_range70to100_deepseek_deepseek/74_conv_transposed_1D_dilated/code/kernel_20251212_184810.py",
  "tolerance": 0.001,
  "max_abs_err": 0.0005562901496887207,
  "mean_abs_err": 0.0001255199167644605,
  "ref_latency_ms": {
    "avg": 18.657632446289064,
    "min": 18.64886474609375,
    "max": 18.670528411865234,
    "all": [
      18.65830421447754,
      18.64886474609375,
      18.65113639831543,
      18.65932846069336,
      18.670528411865234
    ]
  },
  "test_latency_ms": {
    "avg": 3.245919942855835,
    "min": 3.2419838905334473,
    "max": 3.249408006668091,
    "all": [
      3.249408006668091,
      3.2470719814300537,
      3.2440319061279297,
      3.2419838905334473,
      3.2471039295196533
    ]
  },
  "num_runs": 5,
  "model_init_args": [
    32,
    64,
    5,
    1,
    0,
    3
  ],
  "model_init_kwargs": {},
  "seed": 100,
  "align_stats": {
    "copied_same_shape": 0,
    "unique_shape_copied": 1,
    "mapped_shape": 0,
    "skipped": 0,
    "pair_aligner": 0,
    "pair_key": "Model->ModelNew"
  },
  "runnable": true,
  "phase": "stage4_advanced_memory",
  "pytorch_baseline_ms": 19.242002868652342,
  "score": 5.928058364779874
}