{
  "timestamp": "2025-12-12T18:44:17",
  "reference_file": "KernelBench/level1/74_conv_transposed_1D_dilated.py",
  "candidate_file": "/home/hyc/LLMKernel/run/20251212_170115_batch_range70to100_deepseek_deepseek/74_conv_transposed_1D_dilated/code/kernel_20251212_184411.py",
  "tolerance": 0.001,
  "max_abs_err": 0.0005562901496887207,
  "mean_abs_err": 0.00012554734712466598,
  "ref_latency_ms": {
    "avg": 18.60636177062988,
    "min": 18.58291244506836,
    "max": 18.64499282836914,
    "all": [
      18.588672637939453,
      18.58291244506836,
      18.58355140686035,
      18.63167953491211,
      18.64499282836914
    ]
  },
  "test_latency_ms": {
    "avg": 4.4193216323852536,
    "min": 4.40831995010376,
    "max": 4.444159984588623,
    "all": [
      4.415487766265869,
      4.413440227508545,
      4.40831995010376,
      4.444159984588623,
      4.415200233459473
    ]
  },
  "num_runs": 5,
  "model_init_args": [
    32,
    64,
    5,
    1,
    0,
    3
  ],
  "model_init_kwargs": {},
  "seed": 100,
  "align_stats": {
    "copied_same_shape": 0,
    "unique_shape_copied": 1,
    "mapped_shape": 0,
    "skipped": 0,
    "pair_aligner": 0,
    "pair_key": "Model->ModelNew"
  },
  "runnable": true,
  "phase": "stage3_memory_access",
  "pytorch_baseline_ms": 19.242002868652342,
  "score": 4.35406256192012
}