{
  "timestamp": "2025-12-12T18:31:06",
  "reference_file": "KernelBench/level1/74_conv_transposed_1D_dilated.py",
  "candidate_file": "/home/hyc/LLMKernel/run/20251212_170115_batch_range70to100_deepseek_deepseek/74_conv_transposed_1D_dilated/code/kernel_20251212_183101.py",
  "tolerance": 0.001,
  "max_abs_err": 0.0005562901496887207,
  "mean_abs_err": 0.0001255199167644605,
  "ref_latency_ms": {
    "avg": 19.242002868652342,
    "min": 19.221599578857422,
    "max": 19.273727416992188,
    "all": [
      19.273727416992188,
      19.24812889099121,
      19.23276710510254,
      19.221599578857422,
      19.23379135131836
    ]
  },
  "test_latency_ms": {
    "avg": 3.3945791721343994,
    "min": 3.3749759197235107,
    "max": 3.4007039070129395,
    "all": [
      3.4007039070129395,
      3.4007039070129395,
      3.3999040126800537,
      3.3966081142425537,
      3.3749759197235107
    ]
  },
  "num_runs": 5,
  "model_init_args": [
    32,
    64,
    5,
    1,
    0,
    3
  ],
  "model_init_kwargs": {},
  "seed": 100,
  "align_stats": {
    "copied_same_shape": 0,
    "unique_shape_copied": 1,
    "mapped_shape": 0,
    "skipped": 0,
    "pair_aligner": 0,
    "pair_key": "Model->ModelNew"
  },
  "runnable": true,
  "phase": "seed_repair",
  "score": 5.668450165077047
}