{
  "timestamp": "2025-12-12T18:40:54",
  "reference_file": "KernelBench/level1/74_conv_transposed_1D_dilated.py",
  "candidate_file": "/home/hyc/LLMKernel/run/20251212_170115_batch_range70to100_deepseek_deepseek/74_conv_transposed_1D_dilated/code/kernel_20251212_184045.py",
  "tolerance": 0.001,
  "max_abs_err": 0.0002943277359008789,
  "mean_abs_err": 6.889006908750162e-05,
  "ref_latency_ms": {
    "avg": 18.659622573852538,
    "min": 18.616064071655273,
    "max": 18.795520782470703,
    "all": [
      18.634464263916016,
      18.63167953491211,
      18.620384216308594,
      18.616064071655273,
      18.795520782470703
    ]
  },
  "test_latency_ms": {
    "avg": 4.5598526954650875,
    "min": 4.55679988861084,
    "max": 4.5649919509887695,
    "all": [
      4.5649919509887695,
      4.557727813720703,
      4.558847904205322,
      4.55679988861084,
      4.560895919799805
    ]
  },
  "num_runs": 5,
  "model_init_args": [
    32,
    64,
    5,
    1,
    0,
    3
  ],
  "model_init_kwargs": {},
  "seed": 100,
  "align_stats": {
    "copied_same_shape": 0,
    "unique_shape_copied": 1,
    "mapped_shape": 0,
    "skipped": 0,
    "pair_aligner": 0,
    "pair_key": "Model->ModelNew"
  },
  "runnable": true,
  "phase": "stage2_repair",
  "pytorch_baseline_ms": 19.242002868652342,
  "score": 4.219873788420643
}