{
  "timestamp": "2025-12-13T17:31:51",
  "reference_file": "KernelBench/level1_low_score/63_conv_standard_2D__square_input__square_kernel.py",
  "candidate_file": "/home/hyc/LLMKernel/run/20251213_160642_batch_range56to65_openai_deepseek/63_conv_standard_2D__square_input__square_kernel/code/kernel_20251213_173145.py",
  "tolerance": 0.001,
  "max_abs_err": 0.0008107423782348633,
  "mean_abs_err": 0.00029034173348918557,
  "ref_latency_ms": {
    "avg": 19.142041778564455,
    "min": 19.007488250732422,
    "max": 19.273727416992188,
    "all": [
      19.27168083190918,
      19.273727416992188,
      19.128320693969727,
      19.02899169921875,
      19.007488250732422
    ]
  },
  "test_latency_ms": {
    "avg": 35.937689208984374,
    "min": 35.86457443237305,
    "max": 36.0263671875,
    "all": [
      35.86457443237305,
      35.906558990478516,
      36.0263671875,
      35.978240966796875,
      35.91270446777344
    ]
  },
  "num_runs": 5,
  "model_init_args": [
    16,
    128,
    3
  ],
  "model_init_kwargs": {},
  "seed": 100,
  "align_stats": {
    "pair_aligner": 1,
    "copied_same_shape": 1,
    "mapped_shape": 0,
    "skipped": 0,
    "pair_key": "Model->ModelNew"
  },
  "runnable": true,
  "phase": "stage1_grid_and_parallel",
  "pytorch_baseline_ms": 19.270444869995117,
  "score": 0.5362182514833906
}