{
  "timestamp": "2025-12-13T17:28:11",
  "reference_file": "KernelBench/level1_low_score/63_conv_standard_2D__square_input__square_kernel.py",
  "candidate_file": "/home/hyc/LLMKernel/run/20251213_160642_batch_range56to65_openai_deepseek/63_conv_standard_2D__square_input__square_kernel/code/kernel_20251213_172806.py",
  "tolerance": 0.001,
  "max_abs_err": 0.0008107423782348633,
  "mean_abs_err": 0.00029034173348918557,
  "ref_latency_ms": {
    "avg": 19.270444869995117,
    "min": 19.22876739501953,
    "max": 19.28803253173828,
    "all": [
      19.28803253173828,
      19.280799865722656,
      19.27987289428711,
      19.274751663208008,
      19.22876739501953
    ]
  },
  "test_latency_ms": {
    "avg": 35.436563873291014,
    "min": 35.425376892089844,
    "max": 35.44678497314453,
    "all": [
      35.44678497314453,
      35.42630386352539,
      35.44166564941406,
      35.425376892089844,
      35.44268798828125
    ]
  },
  "num_runs": 5,
  "model_init_args": [
    16,
    128,
    3
  ],
  "model_init_kwargs": {},
  "seed": 100,
  "align_stats": {
    "pair_aligner": 1,
    "copied_same_shape": 1,
    "mapped_shape": 0,
    "skipped": 0,
    "pair_key": "Model->ModelNew"
  },
  "runnable": true,
  "phase": "seed",
  "score": 0.5438011692922489
}