{
  "timestamp": "2025-12-13T17:39:31",
  "reference_file": "KernelBench/level1_low_score/63_conv_standard_2D__square_input__square_kernel.py",
  "candidate_file": "/home/hyc/LLMKernel/run/20251213_160642_batch_range56to65_openai_deepseek/63_conv_standard_2D__square_input__square_kernel/code/kernel_20251213_173918.py",
  "tolerance": 0.001,
  "max_abs_err": 0.0008107423782348633,
  "mean_abs_err": 0.00029034173348918557,
  "ref_latency_ms": {
    "avg": 19.186656188964843,
    "min": 19.10358428955078,
    "max": 19.304447174072266,
    "all": [
      19.160064697265625,
      19.304447174072266,
      19.23788833618164,
      19.127296447753906,
      19.10358428955078
    ]
  },
  "test_latency_ms": {
    "avg": 27.898060607910157,
    "min": 26.278911590576172,
    "max": 29.262847900390625,
    "all": [
      28.229631423950195,
      29.216768264770508,
      29.262847900390625,
      26.50214385986328,
      26.278911590576172
    ]
  },
  "num_runs": 5,
  "model_init_args": [
    16,
    128,
    3
  ],
  "model_init_kwargs": {},
  "seed": 100,
  "align_stats": {
    "pair_aligner": 1,
    "copied_same_shape": 1,
    "mapped_shape": 0,
    "skipped": 0,
    "pair_key": "Model->ModelNew"
  },
  "runnable": true,
  "phase": "stage4_advanced_memory",
  "pytorch_baseline_ms": 19.270444869995117,
  "score": 0.6907449639897626
}