{
  "timestamp": "2025-12-13T17:36:42",
  "reference_file": "KernelBench/level1_low_score/63_conv_standard_2D__square_input__square_kernel.py",
  "candidate_file": "/home/hyc/LLMKernel/run/20251213_160642_batch_range56to65_openai_deepseek/63_conv_standard_2D__square_input__square_kernel/code/kernel_20251213_173630.py",
  "tolerance": 0.001,
  "max_abs_err": 0.0008107423782348633,
  "mean_abs_err": 0.00029034173348918557,
  "ref_latency_ms": {
    "avg": 19.40029411315918,
    "min": 19.376127243041992,
    "max": 19.4150390625,
    "all": [
      19.376127243041992,
      19.396608352661133,
      19.412992477416992,
      19.40070343017578,
      19.4150390625
    ]
  },
  "test_latency_ms": {
    "avg": 27.387212371826173,
    "min": 27.11859130859375,
    "max": 27.578367233276367,
    "all": [
      27.421695709228516,
      27.443967819213867,
      27.37343978881836,
      27.578367233276367,
      27.11859130859375
    ]
  },
  "num_runs": 5,
  "model_init_args": [
    16,
    128,
    3
  ],
  "model_init_kwargs": {},
  "seed": 100,
  "align_stats": {
    "pair_aligner": 1,
    "copied_same_shape": 1,
    "mapped_shape": 0,
    "skipped": 0,
    "pair_key": "Model->ModelNew"
  },
  "runnable": true,
  "phase": "stage3_memory_access",
  "pytorch_baseline_ms": 19.270444869995117,
  "score": 0.7036292926920539
}