{
  "timestamp": "2025-12-13T17:33:22",
  "reference_file": "KernelBench/level1_low_score/63_conv_standard_2D__square_input__square_kernel.py",
  "candidate_file": "/home/hyc/LLMKernel/run/20251213_160642_batch_range56to65_openai_deepseek/63_conv_standard_2D__square_input__square_kernel/code/kernel_20251213_173311.py",
  "tolerance": 0.001,
  "max_abs_err": 0.0008107423782348633,
  "mean_abs_err": 0.00029034173348918557,
  "ref_latency_ms": {
    "avg": 18.724473571777345,
    "min": 18.27123260498047,
    "max": 19.02387237548828,
    "all": [
      18.27123260498047,
      18.313119888305664,
      19.002559661865234,
      19.02387237548828,
      19.01158332824707
    ]
  },
  "test_latency_ms": {
    "avg": 27.386259078979492,
    "min": 27.265024185180664,
    "max": 27.53126335144043,
    "all": [
      27.503583908081055,
      27.53126335144043,
      27.265024185180664,
      27.32134437561035,
      27.31007957458496
    ]
  },
  "num_runs": 5,
  "model_init_args": [
    16,
    128,
    3
  ],
  "model_init_kwargs": {},
  "seed": 100,
  "align_stats": {
    "pair_aligner": 1,
    "copied_same_shape": 1,
    "mapped_shape": 0,
    "skipped": 0,
    "pair_key": "Model->ModelNew"
  },
  "runnable": true,
  "phase": "stage2_block_tiling",
  "pytorch_baseline_ms": 19.270444869995117,
  "score": 0.7036537854411185
}