{
  "timestamp": "2025-12-15T04:36:50",
  "reference_file": "KernelBench/level2/37_Matmul_Swish_Sum_GroupNorm.py",
  "candidate_file": "/home/hyc/LLMKernel/run/20251215_024803_batch_range31to55_openai_deepseek/37_Matmul_Swish_Sum_GroupNorm/code/kernel_20251215_043645.py",
  "tolerance": 0.001,
  "max_abs_err": 0.0017724037170410156,
  "mean_abs_err": 9.353258064948022e-05,
  "ref_latency_ms": {
    "avg": 13.253952026367188,
    "min": 13.187007904052734,
    "max": 13.298784255981445,
    "all": [
      13.298784255981445,
      13.279999732971191,
      13.262847900390625,
      13.187007904052734,
      13.241120338439941
    ]
  },
  "test_latency_ms": {
    "avg": 13.859078216552735,
    "min": 13.854751586914062,
    "max": 13.86188793182373,
    "all": [
      13.86188793182373,
      13.858816146850586,
      13.854751586914062,
      13.859935760498047,
      13.859999656677246
    ]
  },
  "num_runs": 5,
  "model_init_args": [
    1024,
    4096,
    64,
    [
      4096
    ]
  ],
  "model_init_kwargs": {},
  "seed": 100,
  "align_stats": {
    "copied_same_shape": 3,
    "unique_shape_copied": 1,
    "mapped_shape": 0,
    "skipped": 1,
    "pair_aligner": 0,
    "pair_key": "Model->ModelNew"
  },
  "runnable": true,
  "phase": "stage2_block_tiling",
  "pytorch_baseline_ms": 13.276006317138672,
  "score": 0.9579285223516767
}