{
  "timestamp": "2025-12-15T04:34:10",
  "reference_file": "KernelBench/level2/37_Matmul_Swish_Sum_GroupNorm.py",
  "candidate_file": "/home/hyc/LLMKernel/run/20251215_024803_batch_range31to55_openai_deepseek/37_Matmul_Swish_Sum_GroupNorm/code/kernel_20251215_043404.py",
  "tolerance": 0.001,
  "max_abs_err": 0.0017724037170410156,
  "mean_abs_err": 9.353258064948022e-05,
  "ref_latency_ms": {
    "avg": 13.276006317138672,
    "min": 13.255807876586914,
    "max": 13.291711807250977,
    "all": [
      13.291711807250977,
      13.270015716552734,
      13.255807876586914,
      13.27507209777832,
      13.287424087524414
    ]
  },
  "test_latency_ms": {
    "avg": 8.772326278686524,
    "min": 8.764415740966797,
    "max": 8.782943725585938,
    "all": [
      8.772383689880371,
      8.764415740966797,
      8.769280433654785,
      8.782943725585938,
      8.772607803344727
    ]
  },
  "num_runs": 5,
  "model_init_args": [
    1024,
    4096,
    64,
    [
      4096
    ]
  ],
  "model_init_kwargs": {},
  "seed": 100,
  "align_stats": {
    "copied_same_shape": 3,
    "unique_shape_copied": 1,
    "mapped_shape": 0,
    "skipped": 1,
    "pair_aligner": 0,
    "pair_key": "Model->ModelNew"
  },
  "runnable": true,
  "phase": "seed_repair",
  "score": 1.5133963210413648
}