{
  "timestamp": "2025-12-15T04:38:04",
  "reference_file": "KernelBench/level2/37_Matmul_Swish_Sum_GroupNorm.py",
  "candidate_file": "/home/hyc/LLMKernel/run/20251215_024803_batch_range31to55_openai_deepseek/37_Matmul_Swish_Sum_GroupNorm/code/kernel_20251215_043756.py",
  "tolerance": 0.001,
  "max_abs_err": 0.0017724037170410156,
  "mean_abs_err": 9.353258064948022e-05,
  "ref_latency_ms": {
    "avg": 13.251174354553223,
    "min": 13.08569622039795,
    "max": 13.298687934875488,
    "all": [
      13.294591903686523,
      13.281279563903809,
      13.298687934875488,
      13.295616149902344,
      13.08569622039795
    ]
  },
  "test_latency_ms": {
    "avg": 8.633760070800781,
    "min": 8.62822437286377,
    "max": 8.644607543945312,
    "all": [
      8.644607543945312,
      8.62822437286377,
      8.62822437286377,
      8.632351875305176,
      8.635392189025879
    ]
  },
  "num_runs": 5,
  "model_init_args": [
    1024,
    4096,
    64,
    [
      4096
    ]
  ],
  "model_init_kwargs": {},
  "seed": 100,
  "align_stats": {
    "copied_same_shape": 3,
    "unique_shape_copied": 1,
    "mapped_shape": 0,
    "skipped": 1,
    "pair_aligner": 0,
    "pair_key": "Model->ModelNew"
  },
  "runnable": true,
  "phase": "stage3_memory_access",
  "pytorch_baseline_ms": 13.276006317138672,
  "score": 1.537685343149375
}