{
  "timestamp": "2025-12-15T04:39:40",
  "reference_file": "KernelBench/level2/37_Matmul_Swish_Sum_GroupNorm.py",
  "candidate_file": "/home/hyc/LLMKernel/run/20251215_024803_batch_range31to55_openai_deepseek/37_Matmul_Swish_Sum_GroupNorm/code/kernel_20251215_043933.py",
  "tolerance": 0.001,
  "max_abs_err": 0.0017724037170410156,
  "mean_abs_err": 9.353258064948022e-05,
  "ref_latency_ms": {
    "avg": 13.441254425048829,
    "min": 13.372415542602539,
    "max": 13.5217924118042,
    "all": [
      13.5217924118042,
      13.4136323928833,
      13.500415802001953,
      13.398015975952148,
      13.372415542602539
    ]
  },
  "test_latency_ms": {
    "avg": 8.904025650024414,
    "min": 8.892512321472168,
    "max": 8.90982437133789,
    "all": [
      8.902655601501465,
      8.905471801757812,
      8.909664154052734,
      8.892512321472168,
      8.90982437133789
    ]
  },
  "num_runs": 5,
  "model_init_args": [
    1024,
    4096,
    64,
    [
      4096
    ]
  ],
  "model_init_kwargs": {},
  "seed": 100,
  "align_stats": {
    "copied_same_shape": 3,
    "unique_shape_copied": 1,
    "mapped_shape": 0,
    "skipped": 1,
    "pair_aligner": 0,
    "pair_key": "Model->ModelNew"
  },
  "runnable": true,
  "phase": "stage4_advanced_memory",
  "pytorch_baseline_ms": 13.276006317138672,
  "score": 1.4910116883032867
}