{
  "timestamp": "2025-12-15T04:35:31",
  "reference_file": "KernelBench/level2/37_Matmul_Swish_Sum_GroupNorm.py",
  "candidate_file": "/home/hyc/LLMKernel/run/20251215_024803_batch_range31to55_openai_deepseek/37_Matmul_Swish_Sum_GroupNorm/code/kernel_20251215_043525.py",
  "tolerance": 0.001,
  "max_abs_err": 0.0017724037170410156,
  "mean_abs_err": 9.353258064948022e-05,
  "ref_latency_ms": {
    "avg": 13.27983341217041,
    "min": 13.248512268066406,
    "max": 13.317055702209473,
    "all": [
      13.317055702209473,
      13.290495872497559,
      13.289471626281738,
      13.253631591796875,
      13.248512268066406
    ]
  },
  "test_latency_ms": {
    "avg": 7.1978496551513675,
    "min": 7.194623947143555,
    "max": 7.19974422454834,
    "all": [
      7.196671962738037,
      7.199615955352783,
      7.194623947143555,
      7.198592185974121,
      7.19974422454834
    ]
  },
  "num_runs": 5,
  "model_init_args": [
    1024,
    4096,
    64,
    [
      4096
    ]
  ],
  "model_init_kwargs": {},
  "seed": 100,
  "align_stats": {
    "copied_same_shape": 3,
    "unique_shape_copied": 1,
    "mapped_shape": 0,
    "skipped": 1,
    "pair_aligner": 0,
    "pair_key": "Model->ModelNew"
  },
  "runnable": true,
  "phase": "stage1_grid_and_parallel",
  "pytorch_baseline_ms": 13.276006317138672,
  "score": 1.8444406250743623
}