{
  "timestamp": "2025-12-16T05:22:51",
  "reference_file": "KernelBench/level3/37_LSTMCn.py",
  "candidate_file": "/home/hyc/LLMKernel/run/20251216_051553_batch_range34to50_openai_deepseek/37_LSTMCn/code/kernel_20251216_052243.py",
  "tolerance": 0.1,
  "max_abs_err": 0.0006784200668334961,
  "mean_abs_err": 4.684221130446531e-05,
  "ref_latency_ms": {
    "avg": 24.455936431884766,
    "min": 24.33024024963379,
    "max": 24.76134490966797,
    "all": [
      24.76134490966797,
      24.491008758544922,
      24.33024024963379,
      24.34022331237793,
      24.35686492919922
    ]
  },
  "test_latency_ms": {
    "avg": 293.427001953125,
    "min": 292.1840515136719,
    "max": 296.21453857421875,
    "all": [
      292.89471435546875,
      296.21453857421875,
      292.22821044921875,
      292.1840515136719,
      293.6134948730469
    ]
  },
  "num_runs": 5,
  "model_init_args": [
    128,
    256,
    6,
    10,
    0.0
  ],
  "model_init_kwargs": {},
  "seed": 100,
  "align_stats": {
    "copied_same_shape": 26,
    "unique_shape_copied": 0,
    "mapped_shape": 0,
    "skipped": 0,
    "pair_aligner": 0,
    "pair_key": "Model->ModelNew"
  },
  "runnable": true,
  "phase": "stage2_block_tiling",
  "pytorch_baseline_ms": 26.34608039855957,
  "score": 0.08978751179405214
}