{
  "timestamp": "2025-12-16T05:20:14",
  "reference_file": "KernelBench/level3/37_LSTMCn.py",
  "candidate_file": "/home/hyc/LLMKernel/run/20251216_051553_batch_range34to50_openai_deepseek/37_LSTMCn/code/kernel_20251216_052007.py",
  "tolerance": 0.1,
  "max_abs_err": 0.0006784200668334961,
  "mean_abs_err": 4.684221130446531e-05,
  "ref_latency_ms": {
    "avg": 26.34608039855957,
    "min": 26.149919509887695,
    "max": 26.76633644104004,
    "all": [
      26.76633644104004,
      26.380224227905273,
      26.149919509887695,
      26.205184936523438,
      26.228736877441406
    ]
  },
  "test_latency_ms": {
    "avg": 213.87808837890626,
    "min": 195.7855987548828,
    "max": 247.83229064941406,
    "all": [
      247.83229064941406,
      232.3968048095703,
      197.4661102294922,
      195.90963745117188,
      195.7855987548828
    ]
  },
  "num_runs": 5,
  "model_init_args": [
    128,
    256,
    6,
    10,
    0.0
  ],
  "model_init_kwargs": {},
  "seed": 100,
  "align_stats": {
    "copied_same_shape": 26,
    "unique_shape_copied": 0,
    "mapped_shape": 0,
    "skipped": 0,
    "pair_aligner": 0,
    "pair_key": "Model->ModelNew"
  },
  "runnable": true,
  "phase": "seed_repair",
  "score": 0.1231827000056447
}