{
  "timestamp": "2025-12-16T05:21:47",
  "reference_file": "KernelBench/level3/37_LSTMCn.py",
  "candidate_file": "/home/hyc/LLMKernel/run/20251216_051553_batch_range34to50_openai_deepseek/37_LSTMCn/code/kernel_20251216_052131.py",
  "tolerance": 0.1,
  "max_abs_err": 0.0006784200668334961,
  "mean_abs_err": 4.684221130446531e-05,
  "ref_latency_ms": {
    "avg": 28.312985992431642,
    "min": 28.087392807006836,
    "max": 28.585983276367188,
    "all": [
      28.430240631103516,
      28.585983276367188,
      28.267520904541016,
      28.19379234313965,
      28.087392807006836
    ]
  },
  "test_latency_ms": {
    "avg": 285.63377075195314,
    "min": 283.93572998046875,
    "max": 288.3470458984375,
    "all": [
      283.93572998046875,
      284.0115661621094,
      285.1308898925781,
      288.3470458984375,
      286.7436218261719
    ]
  },
  "num_runs": 5,
  "model_init_args": [
    128,
    256,
    6,
    10,
    0.0
  ],
  "model_init_kwargs": {},
  "seed": 100,
  "align_stats": {
    "copied_same_shape": 26,
    "unique_shape_copied": 0,
    "mapped_shape": 0,
    "skipped": 0,
    "pair_aligner": 0,
    "pair_key": "Model->ModelNew"
  },
  "runnable": true,
  "phase": "stage1_grid_and_parallel",
  "pytorch_baseline_ms": 26.34608039855957,
  "score": 0.09223727407722646
}