{
  "timestamp": "2025-12-16T05:25:42",
  "reference_file": "KernelBench/level3/37_LSTMCn.py",
  "candidate_file": "/home/hyc/LLMKernel/run/20251216_051553_batch_range34to50_openai_deepseek/37_LSTMCn/code/kernel_20251216_052534.py",
  "tolerance": 0.1,
  "max_abs_err": 0.0006774067878723145,
  "mean_abs_err": 4.6852121158735827e-05,
  "ref_latency_ms": {
    "avg": 27.426176071166992,
    "min": 24.89241600036621,
    "max": 28.879871368408203,
    "all": [
      28.867584228515625,
      28.879871368408203,
      28.708736419677734,
      25.782272338867188,
      24.89241600036621
    ]
  },
  "test_latency_ms": {
    "avg": 288.5501647949219,
    "min": 287.6989440917969,
    "max": 290.2857971191406,
    "all": [
      288.5765075683594,
      288.0634765625,
      290.2857971191406,
      288.1260986328125,
      287.6989440917969
    ]
  },
  "num_runs": 5,
  "model_init_args": [
    128,
    256,
    6,
    10,
    0.0
  ],
  "model_init_kwargs": {},
  "seed": 100,
  "align_stats": {
    "copied_same_shape": 26,
    "unique_shape_copied": 0,
    "mapped_shape": 0,
    "skipped": 0,
    "pair_aligner": 0,
    "pair_key": "Model->ModelNew"
  },
  "runnable": true,
  "phase": "stage4_repair",
  "pytorch_baseline_ms": 26.34608039855957,
  "score": 0.09130502634536436
}