{
  "timestamp": "2025-12-16T05:24:10",
  "reference_file": "KernelBench/level3/37_LSTMCn.py",
  "candidate_file": "/home/hyc/LLMKernel/run/20251216_051553_batch_range34to50_openai_deepseek/37_LSTMCn/code/kernel_20251216_052359.py",
  "tolerance": 0.1,
  "max_abs_err": 0.0006784200668334961,
  "mean_abs_err": 4.684221130446531e-05,
  "ref_latency_ms": {
    "avg": 24.081324768066406,
    "min": 23.810047149658203,
    "max": 24.639328002929688,
    "all": [
      24.13542366027832,
      23.90323257446289,
      23.810047149658203,
      24.639328002929688,
      23.91859245300293
    ]
  },
  "test_latency_ms": {
    "avg": 300.25726928710935,
    "min": 298.59130859375,
    "max": 302.7200012207031,
    "all": [
      298.59130859375,
      300.6523742675781,
      302.7200012207031,
      300.32489013671875,
      298.9977722167969
    ]
  },
  "num_runs": 5,
  "model_init_args": [
    128,
    256,
    6,
    10,
    0.0
  ],
  "model_init_kwargs": {},
  "seed": 100,
  "align_stats": {
    "copied_same_shape": 26,
    "unique_shape_copied": 0,
    "mapped_shape": 0,
    "skipped": 0,
    "pair_aligner": 0,
    "pair_key": "Model->ModelNew"
  },
  "runnable": true,
  "phase": "stage3_memory_access",
  "pytorch_baseline_ms": 26.34608039855957,
  "score": 0.08774502099853294
}