{
  "timestamp": "2025-12-13T08:04:17",
  "reference_file": "KernelBench/level1_low_score/67_conv_standard_1D.py",
  "candidate_file": "/home/hyc/LLMKernel/run/20251213_075753_batch_range67to99_openai_deepseek/67_conv_standard_1D/code/kernel_20251213_080410.py",
  "tolerance": 0.001,
  "max_abs_err": 0.0008044838905334473,
  "mean_abs_err": 0.00014372177247423679,
  "ref_latency_ms": {
    "avg": 6.06497278213501,
    "min": 6.056960105895996,
    "max": 6.082560062408447,
    "all": [
      6.082560062408447,
      6.067327976226807,
      6.056960105895996,
      6.057983875274658,
      6.060031890869141
    ]
  },
  "test_latency_ms": {
    "avg": 6.613612842559815,
    "min": 6.595583915710449,
    "max": 6.640736103057861,
    "all": [
      6.640736103057861,
      6.595583915710449,
      6.602752208709717,
      6.614016056060791,
      6.614975929260254
    ]
  },
  "num_runs": 5,
  "model_init_args": [
    64,
    128,
    3
  ],
  "model_init_kwargs": {},
  "seed": 100,
  "align_stats": {
    "copied_same_shape": 0,
    "unique_shape_copied": 1,
    "mapped_shape": 0,
    "skipped": 0,
    "pair_aligner": 0,
    "pair_key": "Model->ModelNew"
  },
  "runnable": true,
  "phase": "stage2_repair",
  "pytorch_baseline_ms": 6.061260795593261,
  "score": 0.9164825549793199
}