{
  "timestamp": "2025-12-13T08:02:48",
  "reference_file": "KernelBench/level1_low_score/67_conv_standard_1D.py",
  "candidate_file": "/home/hyc/LLMKernel/run/20251213_075753_batch_range67to99_openai_deepseek/67_conv_standard_1D/code/kernel_20251213_080241.py",
  "tolerance": 0.001,
  "max_abs_err": 0.0008044838905334473,
  "mean_abs_err": 0.00014372177247423679,
  "ref_latency_ms": {
    "avg": 6.065823936462403,
    "min": 6.057983875274658,
    "max": 6.078464031219482,
    "all": [
      6.078464031219482,
      6.0641279220581055,
      6.063327789306641,
      6.057983875274658,
      6.065216064453125
    ]
  },
  "test_latency_ms": {
    "avg": 22.419827270507813,
    "min": 22.409120559692383,
    "max": 22.428863525390625,
    "all": [
      22.423583984375,
      22.409120559692383,
      22.421184539794922,
      22.416383743286133,
      22.428863525390625
    ]
  },
  "num_runs": 5,
  "model_init_args": [
    64,
    128,
    3
  ],
  "model_init_kwargs": {},
  "seed": 100,
  "align_stats": {
    "copied_same_shape": 0,
    "unique_shape_copied": 1,
    "mapped_shape": 0,
    "skipped": 0,
    "pair_aligner": 0,
    "pair_key": "Model->ModelNew"
  },
  "runnable": true,
  "phase": "stage1_repair",
  "pytorch_baseline_ms": 6.061260795593261,
  "score": 0.270352698192575
}