{
  "timestamp": "2025-12-13T08:00:38",
  "reference_file": "KernelBench/level1_low_score/67_conv_standard_1D.py",
  "candidate_file": "/home/hyc/LLMKernel/run/20251213_075753_batch_range67to99_openai_deepseek/67_conv_standard_1D/code/kernel_20251213_080032.py",
  "tolerance": 0.001,
  "max_abs_err": 0.0008044838905334473,
  "mean_abs_err": 0.00014372177247423679,
  "ref_latency_ms": {
    "avg": 6.061260795593261,
    "min": 6.052864074707031,
    "max": 6.07539176940918,
    "all": [
      6.07539176940918,
      6.061056137084961,
      6.055935859680176,
      6.052864074707031,
      6.061056137084961
    ]
  },
  "test_latency_ms": {
    "avg": 9.958105659484863,
    "min": 9.884672164916992,
    "max": 10.220255851745605,
    "all": [
      10.220255851745605,
      9.884672164916992,
      9.886719703674316,
      9.888768196105957,
      9.910112380981445
    ]
  },
  "num_runs": 5,
  "model_init_args": [
    64,
    128,
    3
  ],
  "model_init_kwargs": {},
  "seed": 100,
  "align_stats": {
    "copied_same_shape": 0,
    "unique_shape_copied": 1,
    "mapped_shape": 0,
    "skipped": 0,
    "pair_aligner": 0,
    "pair_key": "Model->ModelNew"
  },
  "runnable": true,
  "phase": "seed",
  "score": 0.6086760878882674
}