{
  "timestamp": "2025-12-13T08:06:50",
  "reference_file": "KernelBench/level1_low_score/67_conv_standard_1D.py",
  "candidate_file": "/home/hyc/LLMKernel/run/20251213_075753_batch_range67to99_openai_deepseek/67_conv_standard_1D/code/kernel_20251213_080640.py",
  "tolerance": 0.001,
  "max_abs_err": 0.0008044838905334473,
  "mean_abs_err": 0.00014372177247423679,
  "ref_latency_ms": {
    "avg": 6.061087989807129,
    "min": 6.051648139953613,
    "max": 6.077439785003662,
    "all": [
      6.077439785003662,
      6.053215980529785,
      6.065152168273926,
      6.051648139953613,
      6.057983875274658
    ]
  },
  "test_latency_ms": {
    "avg": 7.00947208404541,
    "min": 6.995808124542236,
    "max": 7.013376235961914,
    "all": [
      7.013376235961914,
      7.012447834014893,
      7.013152122497559,
      7.012576103210449,
      6.995808124542236
    ]
  },
  "num_runs": 5,
  "model_init_args": [
    64,
    128,
    3
  ],
  "model_init_kwargs": {},
  "seed": 100,
  "align_stats": {
    "copied_same_shape": 0,
    "unique_shape_copied": 1,
    "mapped_shape": 0,
    "skipped": 0,
    "pair_aligner": 0,
    "pair_key": "Model->ModelNew"
  },
  "runnable": true,
  "phase": "stage3_repair",
  "pytorch_baseline_ms": 6.061260795593261,
  "score": 0.8647242934870348
}