{
  "timestamp": "2025-12-13T08:08:16",
  "reference_file": "KernelBench/level1_low_score/67_conv_standard_1D.py",
  "candidate_file": "/home/hyc/LLMKernel/run/20251213_075753_batch_range67to99_openai_deepseek/67_conv_standard_1D/code/kernel_20251213_080806.py",
  "tolerance": 0.001,
  "max_abs_err": 0.0008044838905334473,
  "mean_abs_err": 0.00014372177247423679,
  "ref_latency_ms": {
    "avg": 6.0697792053222654,
    "min": 6.055935859680176,
    "max": 6.084512233734131,
    "all": [
      6.084512233734131,
      6.063104152679443,
      6.076416015625,
      6.055935859680176,
      6.068927764892578
    ]
  },
  "test_latency_ms": {
    "avg": 6.618355178833008,
    "min": 6.611807823181152,
    "max": 6.627327919006348,
    "all": [
      6.611807823181152,
      6.618336200714111,
      6.618271827697754,
      6.616032123565674,
      6.627327919006348
    ]
  },
  "num_runs": 5,
  "model_init_args": [
    64,
    128,
    3
  ],
  "model_init_kwargs": {},
  "seed": 100,
  "align_stats": {
    "copied_same_shape": 0,
    "unique_shape_copied": 1,
    "mapped_shape": 0,
    "skipped": 0,
    "pair_aligner": 0,
    "pair_key": "Model->ModelNew"
  },
  "runnable": true,
  "phase": "stage4_advanced_memory",
  "pytorch_baseline_ms": 6.061260795593261,
  "score": 0.9158258557924693
}