{
  "timestamp": "2025-12-12T19:12:35",
  "reference_file": "KernelBench/level1/13_Matmul_for_symmetric_matrices.py",
  "candidate_file": "/home/hyc/LLMKernel/run/20251212_170043_batch_range5to40_deepseek_deepseek/13_Matmul_for_symmetric_matrices/code/kernel_20251212_191227.py",
  "tolerance": 0.001,
  "max_abs_err": 0.8072509765625,
  "mean_abs_err": 0.7661193013191223,
  "ref_latency_ms": {
    "avg": 2.6543935775756835,
    "min": 2.6275839805603027,
    "max": 2.667520046234131,
    "all": [
      2.667520046234131,
      2.657183885574341,
      2.6654720306396484,
      2.654207944869995,
      2.6275839805603027
    ]
  },
  "test_latency_ms": {
    "avg": 1.7053632020950318,
    "min": 1.6906239986419678,
    "max": 1.715232014656067,
    "all": [
      1.715232014656067,
      1.6906239986419678,
      1.713088035583496,
      1.7018879652023315,
      1.7059839963912964
    ]
  },
  "num_runs": 5,
  "model_init_args": [],
  "model_init_kwargs": {},
  "seed": 100,
  "align_stats": {
    "copied_same_shape": 0,
    "unique_shape_copied": 0,
    "mapped_shape": 0,
    "skipped": 0,
    "pair_aligner": 0,
    "pair_key": "Model->ModelNew"
  },
  "runnable": true,
  "phase": "stage4_advanced_memory",
  "pytorch_baseline_ms": 2.473535966873169,
  "score": 1.4504452563737977
}