{
  "timestamp": "2025-12-12T19:02:34",
  "reference_file": "KernelBench/level1/13_Matmul_for_symmetric_matrices.py",
  "candidate_file": "/home/hyc/LLMKernel/run/20251212_170043_batch_range5to40_deepseek_deepseek/13_Matmul_for_symmetric_matrices/code/kernel_20251212_190217.py",
  "tolerance": 0.001,
  "max_abs_err": 0.8072509765625,
  "mean_abs_err": 0.7661193013191223,
  "ref_latency_ms": {
    "avg": 2.6265535831451414,
    "min": 2.61628794670105,
    "max": 2.634752035140991,
    "all": [
      2.634752035140991,
      2.6306560039520264,
      2.623487949371338,
      2.6275839805603027,
      2.61628794670105
    ]
  },
  "test_latency_ms": {
    "avg": 1099.00712890625,
    "min": 1096.7215576171875,
    "max": 1101.705078125,
    "all": [
      1096.7215576171875,
      1098.3729248046875,
      1098.6607666015625,
      1101.705078125,
      1099.5753173828125
    ]
  },
  "num_runs": 5,
  "model_init_args": [],
  "model_init_kwargs": {},
  "seed": 100,
  "align_stats": {
    "copied_same_shape": 0,
    "unique_shape_copied": 0,
    "mapped_shape": 0,
    "skipped": 0,
    "pair_aligner": 0,
    "pair_key": "Model->ModelNew"
  },
  "runnable": true,
  "phase": "stage1_repair",
  "pytorch_baseline_ms": 2.473535966873169,
  "score": 0.0022507005658233287
}