{
  "timestamp": "2025-12-12T18:54:37",
  "reference_file": "KernelBench/level1/13_Matmul_for_symmetric_matrices.py",
  "candidate_file": "/home/hyc/LLMKernel/run/20251212_170043_batch_range5to40_deepseek_deepseek/13_Matmul_for_symmetric_matrices/code/kernel_20251212_185433.py",
  "tolerance": 0.001,
  "max_abs_err": 0.8072509765625,
  "mean_abs_err": 0.7661193013191223,
  "ref_latency_ms": {
    "avg": 2.473535966873169,
    "min": 2.4637439250946045,
    "max": 2.4822399616241455,
    "all": [
      2.4822399616241455,
      2.470655918121338,
      2.476032018661499,
      2.4637439250946045,
      2.475008010864258
    ]
  },
  "test_latency_ms": {
    "avg": 1.9246912002563477,
    "min": 1.9187519550323486,
    "max": 1.935520052909851,
    "all": [
      1.935520052909851,
      1.924064040184021,
      1.9189759492874146,
      1.9187519550323486,
      1.926144003868103
    ]
  },
  "num_runs": 5,
  "model_init_args": [],
  "model_init_kwargs": {},
  "seed": 100,
  "align_stats": {
    "copied_same_shape": 0,
    "unique_shape_copied": 0,
    "mapped_shape": 0,
    "skipped": 0,
    "pair_aligner": 0,
    "pair_key": "Model->ModelNew"
  },
  "runnable": true,
  "phase": "seed_repair",
  "score": 1.2851599085316758
}