{
  "timestamp": "2025-12-12T19:10:05",
  "reference_file": "KernelBench/level1/13_Matmul_for_symmetric_matrices.py",
  "candidate_file": "/home/hyc/LLMKernel/run/20251212_170043_batch_range5to40_deepseek_deepseek/13_Matmul_for_symmetric_matrices/code/kernel_20251212_190957.py",
  "tolerance": 0.001,
  "max_abs_err": 0.8072509765625,
  "mean_abs_err": 0.7661193013191223,
  "ref_latency_ms": {
    "avg": 2.660966396331787,
    "min": 2.6501119136810303,
    "max": 2.668544054031372,
    "all": [
      2.668544054031372,
      2.6501119136810303,
      2.6654720306396484,
      2.65830397605896,
      2.662400007247925
    ]
  },
  "test_latency_ms": {
    "avg": 1.967308807373047,
    "min": 1.9548159837722778,
    "max": 1.9804160594940186,
    "all": [
      1.9804160594940186,
      1.9650559425354004,
      1.9619840383529663,
      1.9548159837722778,
      1.9742720127105713
    ]
  },
  "num_runs": 5,
  "model_init_args": [],
  "model_init_kwargs": {},
  "seed": 100,
  "align_stats": {
    "copied_same_shape": 0,
    "unique_shape_copied": 0,
    "mapped_shape": 0,
    "skipped": 0,
    "pair_aligner": 0,
    "pair_key": "Model->ModelNew"
  },
  "runnable": true,
  "phase": "stage3_repair",
  "pytorch_baseline_ms": 2.473535966873169,
  "score": 1.2573196224217025
}