{
  "timestamp": "2025-12-12T19:06:47",
  "reference_file": "KernelBench/level1/13_Matmul_for_symmetric_matrices.py",
  "candidate_file": "/home/hyc/LLMKernel/run/20251212_170043_batch_range5to40_deepseek_deepseek/13_Matmul_for_symmetric_matrices/code/kernel_20251212_190641.py",
  "tolerance": 0.001,
  "max_abs_err": 0.8072509765625,
  "mean_abs_err": 0.7661193013191223,
  "ref_latency_ms": {
    "avg": 2.622835159301758,
    "min": 2.6204159259796143,
    "max": 2.6255359649658203,
    "all": [
      2.6243200302124023,
      2.6255359649658203,
      2.6224639415740967,
      2.6204159259796143,
      2.6214399337768555
    ]
  },
  "test_latency_ms": {
    "avg": 1.6884160041809082,
    "min": 1.6762880086898804,
    "max": 1.6998080015182495,
    "all": [
      1.6998080015182495,
      1.6946879625320435,
      1.6909120082855225,
      1.6762880086898804,
      1.6803840398788452
    ]
  },
  "num_runs": 5,
  "model_init_args": [],
  "model_init_kwargs": {},
  "seed": 100,
  "align_stats": {
    "copied_same_shape": 0,
    "unique_shape_copied": 0,
    "mapped_shape": 0,
    "skipped": 0,
    "pair_aligner": 0,
    "pair_key": "Model->ModelNew"
  },
  "runnable": true,
  "phase": "stage2_block_tiling",
  "pytorch_baseline_ms": 2.473535966873169,
  "score": 1.4650038620506571
}