{
  "timestamp": "2025-12-14T20:18:39",
  "reference_file": "KernelBench/level2/69_Conv2d_HardSwish_ReLU.py",
  "candidate_file": "/home/hyc/LLMKernel/run/20251214_114735_batch_range56to80_deepseek_deepseek/69_Conv2d_HardSwish_ReLU/code/kernel_20251214_201834.py",
  "tolerance": 0.001,
  "max_abs_err": 0.0,
  "mean_abs_err": 0.0,
  "ref_latency_ms": {
    "avg": 4.648729610443115,
    "min": 4.633471965789795,
    "max": 4.666368007659912,
    "all": [
      4.666368007659912,
      4.644864082336426,
      4.633471965789795,
      4.639743804931641,
      4.659200191497803
    ]
  },
  "test_latency_ms": {
    "avg": 2.5540799617767336,
    "min": 2.5517120361328125,
    "max": 2.5569279193878174,
    "all": [
      2.5569279193878174,
      2.5548160076141357,
      2.5530879497528076,
      2.5517120361328125,
      2.5538558959960938
    ]
  },
  "num_runs": 5,
  "model_init_args": [
    8,
    64,
    3
  ],
  "model_init_kwargs": {},
  "seed": 100,
  "align_stats": {
    "pair_aligner": 1,
    "copied_same_shape": 1,
    "mapped_shape": 0,
    "skipped": 0,
    "pair_key": "Model->ModelNew"
  },
  "runnable": true,
  "phase": "seed_repair",
  "score": 1.8201190565738
}