{
  "timestamp": "2025-12-14T20:22:14",
  "reference_file": "KernelBench/level2/69_Conv2d_HardSwish_ReLU.py",
  "candidate_file": "/home/hyc/LLMKernel/run/20251214_114735_batch_range56to80_deepseek_deepseek/69_Conv2d_HardSwish_ReLU/code/kernel_20251214_202209.py",
  "tolerance": 0.001,
  "max_abs_err": 0.0,
  "mean_abs_err": 0.0,
  "ref_latency_ms": {
    "avg": 4.642406463623047,
    "min": 4.633600234985352,
    "max": 4.658175945281982,
    "all": [
      4.651008129119873,
      4.658175945281982,
      4.635647773742676,
      4.633600234985352,
      4.633600234985352
    ]
  },
  "test_latency_ms": {
    "avg": 9.363046455383301,
    "min": 9.358207702636719,
    "max": 9.370559692382812,
    "all": [
      9.361408233642578,
      9.359264373779297,
      9.358207702636719,
      9.365792274475098,
      9.370559692382812
    ]
  },
  "num_runs": 5,
  "model_init_args": [
    8,
    64,
    3
  ],
  "model_init_kwargs": {},
  "seed": 100,
  "align_stats": {
    "pair_aligner": 1,
    "copied_same_shape": 1,
    "mapped_shape": 0,
    "skipped": 0,
    "pair_key": "Model->ModelNew"
  },
  "runnable": true,
  "phase": "stage2_block_tiling",
  "pytorch_baseline_ms": 4.648729610443115,
  "score": 0.496497548377571
}