{
  "timestamp": "2025-12-14T20:35:24",
  "reference_file": "KernelBench/level2/69_Conv2d_HardSwish_ReLU.py",
  "candidate_file": "/home/hyc/LLMKernel/run/20251214_114735_batch_range56to80_deepseek_deepseek/69_Conv2d_HardSwish_ReLU/code/kernel_20251214_203520.py",
  "tolerance": 0.001,
  "max_abs_err": 0.0,
  "mean_abs_err": 0.0,
  "ref_latency_ms": {
    "avg": 4.646912002563477,
    "min": 4.630527973175049,
    "max": 4.667391777038574,
    "all": [
      4.667391777038574,
      4.659200191497803,
      4.6387200355529785,
      4.6387200355529785,
      4.630527973175049
    ]
  },
  "test_latency_ms": {
    "avg": 3.6457792282104493,
    "min": 3.644223928451538,
    "max": 3.6474881172180176,
    "all": [
      3.6474881172180176,
      3.6474881172180176,
      3.644223928451538,
      3.644416093826294,
      3.645279884338379
    ]
  },
  "num_runs": 5,
  "model_init_args": [
    8,
    64,
    3
  ],
  "model_init_kwargs": {},
  "seed": 100,
  "align_stats": {
    "pair_aligner": 1,
    "copied_same_shape": 1,
    "mapped_shape": 0,
    "skipped": 0,
    "pair_key": "Model->ModelNew"
  },
  "runnable": true,
  "phase": "stage4_repair",
  "pytorch_baseline_ms": 4.648729610443115,
  "score": 1.2750990445257897
}