{
  "timestamp": "2025-12-18T08:22:19",
  "reference_file": "KernelBench/p/33_VanillaRNN.py",
  "candidate_file": "/home/hyc/LLMKernel/run/20251218_075523_batch_range31to37_openai_deepseek/33_VanillaRNN/code/kernel_20251218_082207.py",
  "tolerance": 0.1,
  "max_abs_err": 0.0013061761856079102,
  "mean_abs_err": 0.0002000333770411089,
  "ref_latency_ms": {
    "avg": 8.20321273803711,
    "min": 8.173567771911621,
    "max": 8.248319625854492,
    "all": [
      8.248319625854492,
      8.227840423583984,
      8.17750358581543,
      8.18883228302002,
      8.173567771911621
    ]
  },
  "test_latency_ms": {
    "avg": 25.356639862060547,
    "min": 25.30303955078125,
    "max": 25.397247314453125,
    "all": [
      25.30303955078125,
      25.30486488342285,
      25.389055252075195,
      25.388992309570312,
      25.397247314453125
    ]
  },
  "num_runs": 5,
  "model_init_args": [
    16384,
    16384,
    8192
  ],
  "model_init_kwargs": {},
  "seed": 100,
  "align_stats": {
    "copied_same_shape": 4,
    "unique_shape_copied": 0,
    "mapped_shape": 0,
    "skipped": 0,
    "pair_aligner": 0,
    "pair_key": "Model->ModelNew"
  },
  "runnable": true,
  "phase": "stage2_block_tiling",
  "pytorch_baseline_ms": 7.889510440826416,
  "score": 0.3111417949596297
}