{
  "timestamp": "2025-12-18T08:18:49",
  "reference_file": "KernelBench/p/33_VanillaRNN.py",
  "candidate_file": "/home/hyc/LLMKernel/run/20251218_075523_batch_range31to37_openai_deepseek/33_VanillaRNN/code/kernel_20251218_081837.py",
  "tolerance": 0.1,
  "max_abs_err": 0.0013061761856079102,
  "mean_abs_err": 0.0002000333770411089,
  "ref_latency_ms": {
    "avg": 7.889510440826416,
    "min": 7.846911907196045,
    "max": 7.974912166595459,
    "all": [
      7.875584125518799,
      7.8919677734375,
      7.846911907196045,
      7.974912166595459,
      7.858176231384277
    ]
  },
  "test_latency_ms": {
    "avg": 25.887475204467773,
    "min": 25.866975784301758,
    "max": 25.92051124572754,
    "all": [
      25.884672164916992,
      25.866975784301758,
      25.92051124572754,
      25.879520416259766,
      25.885696411132812
    ]
  },
  "num_runs": 5,
  "model_init_args": [
    16384,
    16384,
    8192
  ],
  "model_init_kwargs": {},
  "seed": 100,
  "align_stats": {
    "copied_same_shape": 4,
    "unique_shape_copied": 0,
    "mapped_shape": 0,
    "skipped": 0,
    "pair_aligner": 0,
    "pair_key": "Model->ModelNew"
  },
  "runnable": true,
  "phase": "seed",
  "score": 0.30476168025319095
}