{
  "timestamp": "2025-12-22T11:29:53",
  "reference_file": "KernelBench/level3/33_VanillaRNN.py",
  "candidate_file": "/home/hyc/LLMKernel/run/20251222_112230_33_VanillaRNN_openai_deepseek/33_VanillaRNN/code/kernel_20251222_112944.py",
  "tolerance": 0.1,
  "max_abs_err": 0.0013061761856079102,
  "mean_abs_err": 0.0002000333770411089,
  "ref_latency_ms": {
    "avg": 7.2533951759338375,
    "min": 7.152639865875244,
    "max": 7.395328044891357,
    "all": [
      7.152639865875244,
      7.186399936676025,
      7.179264068603516,
      7.353343963623047,
      7.395328044891357
    ]
  },
  "test_latency_ms": {
    "avg": 5.434592056274414,
    "min": 5.428224086761475,
    "max": 5.441535949707031,
    "all": [
      5.43555212020874,
      5.441535949707031,
      5.43123197555542,
      5.428224086761475,
      5.436416149139404
    ]
  },
  "num_runs": 5,
  "model_init_args": [
    16384,
    16384,
    8192
  ],
  "model_init_kwargs": {},
  "seed": 100,
  "align_stats": {
    "copied_same_shape": 4,
    "unique_shape_copied": 0,
    "mapped_shape": 0,
    "skipped": 0,
    "pair_aligner": 0,
    "pair_key": "Model->ModelNew"
  },
  "runnable": true,
  "phase": "stage1_grid_and_parallel_cand1",
  "pytorch_baseline_ms": 7.296787166595459,
  "score": 1.3426559143792736
}