{
  "timestamp": "2025-12-18T08:23:28",
  "reference_file": "KernelBench/p/33_VanillaRNN.py",
  "candidate_file": "/home/hyc/LLMKernel/run/20251218_075523_batch_range31to37_openai_deepseek/33_VanillaRNN/code/kernel_20251218_082311.py",
  "tolerance": 0.1,
  "max_abs_err": 0.0013061761856079102,
  "mean_abs_err": 0.0002000333770411089,
  "ref_latency_ms": {
    "avg": 7.8681793212890625,
    "min": 7.85203218460083,
    "max": 7.895904064178467,
    "all": [
      7.877632141113281,
      7.895904064178467,
      7.857151985168457,
      7.85203218460083,
      7.858176231384277
    ]
  },
  "test_latency_ms": {
    "avg": 26.284390258789063,
    "min": 26.269695281982422,
    "max": 26.315776824951172,
    "all": [
      26.315776824951172,
      26.273727416992188,
      26.286943435668945,
      26.275808334350586,
      26.269695281982422
    ]
  },
  "num_runs": 5,
  "model_init_args": [
    16384,
    16384,
    8192
  ],
  "model_init_kwargs": {},
  "seed": 100,
  "align_stats": {
    "copied_same_shape": 4,
    "unique_shape_copied": 0,
    "mapped_shape": 0,
    "skipped": 0,
    "pair_aligner": 0,
    "pair_key": "Model->ModelNew"
  },
  "runnable": true,
  "phase": "stage3_memory_access",
  "pytorch_baseline_ms": 7.889510440826416,
  "score": 0.3001595381573782
}