{
  "timestamp": "2025-12-22T11:31:00",
  "reference_file": "KernelBench/level3/33_VanillaRNN.py",
  "candidate_file": "/home/hyc/LLMKernel/run/20251222_112230_33_VanillaRNN_openai_deepseek/33_VanillaRNN/code/kernel_20251222_113049.py",
  "tolerance": 0.1,
  "max_abs_err": 0.0013061761856079102,
  "mean_abs_err": 0.0002000333770411089,
  "ref_latency_ms": {
    "avg": 7.543033599853516,
    "min": 7.511072158813477,
    "max": 7.660543918609619,
    "all": [
      7.660543918609619,
      7.511072158813477,
      7.512991905212402,
      7.519231796264648,
      7.511328220367432
    ]
  },
  "test_latency_ms": {
    "avg": 5.204787158966065,
    "min": 5.053440093994141,
    "max": 5.362688064575195,
    "all": [
      5.053440093994141,
      5.3002238273620605,
      5.362688064575195,
      5.1517438888549805,
      5.155839920043945
    ]
  },
  "num_runs": 5,
  "model_init_args": [
    16384,
    16384,
    8192
  ],
  "model_init_kwargs": {},
  "seed": 100,
  "align_stats": {
    "copied_same_shape": 4,
    "unique_shape_copied": 0,
    "mapped_shape": 0,
    "skipped": 0,
    "pair_aligner": 0,
    "pair_key": "Model->ModelNew"
  },
  "runnable": true,
  "phase": "stage2_block_tiling_cand0",
  "pytorch_baseline_ms": 7.296787166595459,
  "score": 1.401937666946783
}