{
  "timestamp": "2025-12-18T08:21:17",
  "reference_file": "KernelBench/p/33_VanillaRNN.py",
  "candidate_file": "/home/hyc/LLMKernel/run/20251218_075523_batch_range31to37_openai_deepseek/33_VanillaRNN/code/kernel_20251218_082100.py",
  "tolerance": 0.1,
  "max_abs_err": 0.0013061761856079102,
  "mean_abs_err": 0.0002000333770411089,
  "ref_latency_ms": {
    "avg": 7.8658112525939945,
    "min": 7.845888137817383,
    "max": 7.898399829864502,
    "all": [
      7.8837761878967285,
      7.898399829864502,
      7.853055953979492,
      7.845888137817383,
      7.847936153411865
    ]
  },
  "test_latency_ms": {
    "avg": 25.359551620483398,
    "min": 25.343904495239258,
    "max": 25.374719619750977,
    "all": [
      25.374719619750977,
      25.365503311157227,
      25.35932731628418,
      25.35430335998535,
      25.343904495239258
    ]
  },
  "num_runs": 5,
  "model_init_args": [
    16384,
    16384,
    8192
  ],
  "model_init_kwargs": {},
  "seed": 100,
  "align_stats": {
    "copied_same_shape": 4,
    "unique_shape_copied": 0,
    "mapped_shape": 0,
    "skipped": 0,
    "pair_aligner": 0,
    "pair_key": "Model->ModelNew"
  },
  "runnable": true,
  "phase": "stage1_repair",
  "pytorch_baseline_ms": 7.889510440826416,
  "score": 0.3111060699690726
}