{
  "timestamp": "2025-12-28T12:44:57",
  "reference_file": "KernelBench/select2/78_conv_transposed_2D_asymmetric_input_asymmetric_kernel___padded__.py",
  "candidate_file": "/home/hyc/LLMKernel/run/20251228_121522_batch_range75to79_openai_deepseek/78_conv_transposed_2D_asymmetric_input_asymmetric_kernel___padded__/code/kernel_20251228_124453.py",
  "tolerance": 1,
  "max_abs_err": 0.0011436939239501953,
  "mean_abs_err": 0.0002481456322129816,
  "ref_latency_ms": {
    "avg": 7.821497631072998,
    "min": 7.814144134521484,
    "max": 7.831552028656006,
    "all": [
      7.831552028656006,
      7.823359966278076,
      7.815072059631348,
      7.814144134521484,
      7.823359966278076
    ]
  },
  "test_latency_ms": {
    "avg": 11.360236740112304,
    "min": 11.357151985168457,
    "max": 11.366399765014648,
    "all": [
      11.35910415649414,
      11.36025619506836,
      11.358271598815918,
      11.357151985168457,
      11.366399765014648
    ]
  },
  "num_runs": 5,
  "model_init_args": [
    32,
    32,
    [
      3,
      7
    ],
    [
      1,
      1
    ],
    [
      1,
      3
    ]
  ],
  "model_init_kwargs": {},
  "seed": 100,
  "align_stats": {
    "pair_aligner": 1,
    "copied_same_shape": 1,
    "mapped_shape": 0,
    "skipped": 0,
    "pair_key": "Model->ModelNew"
  },
  "runnable": true,
  "phase": "algorithm_optimized_seed0",
  "pytorch_baseline_ms": 7.820921611785889,
  "score": 0.6884470623900548
}