{
  "timestamp": "2025-12-28T12:43:30",
  "reference_file": "KernelBench/select2/78_conv_transposed_2D_asymmetric_input_asymmetric_kernel___padded__.py",
  "candidate_file": "/home/hyc/LLMKernel/run/20251228_121522_batch_range75to79_openai_deepseek/78_conv_transposed_2D_asymmetric_input_asymmetric_kernel___padded__/code/kernel_20251228_124326.py",
  "tolerance": 1,
  "max_abs_err": 0.0003750920295715332,
  "mean_abs_err": 6.687788845738396e-05,
  "ref_latency_ms": {
    "avg": 7.819424057006836,
    "min": 7.812096118927002,
    "max": 7.823359966278076,
    "all": [
      7.823359966278076,
      7.823135852813721,
      7.818240165710449,
      7.812096118927002,
      7.820288181304932
    ]
  },
  "test_latency_ms": {
    "avg": 29.057382583618164,
    "min": 29.03878402709961,
    "max": 29.098783493041992,
    "all": [
      29.098783493041992,
      29.06710433959961,
      29.03878402709961,
      29.039552688598633,
      29.042688369750977
    ]
  },
  "num_runs": 5,
  "model_init_args": [
    32,
    32,
    [
      3,
      7
    ],
    [
      1,
      1
    ],
    [
      1,
      3
    ]
  ],
  "model_init_kwargs": {},
  "seed": 100,
  "align_stats": {
    "pair_aligner": 1,
    "copied_same_shape": 1,
    "mapped_shape": 0,
    "skipped": 0,
    "pair_key": "Model->ModelNew"
  },
  "runnable": true,
  "phase": "seed_1",
  "pytorch_baseline_ms": 7.820921611785889,
  "score": 0.269154373738918
}