{
  "timestamp": "2025-12-28T12:42:00",
  "reference_file": "KernelBench/select2/78_conv_transposed_2D_asymmetric_input_asymmetric_kernel___padded__.py",
  "candidate_file": "/home/hyc/LLMKernel/run/20251228_121522_batch_range75to79_openai_deepseek/78_conv_transposed_2D_asymmetric_input_asymmetric_kernel___padded__/code/kernel_20251228_124155.py",
  "tolerance": 1,
  "max_abs_err": 0.0003750920295715332,
  "mean_abs_err": 6.687788845738396e-05,
  "ref_latency_ms": {
    "avg": 7.820921611785889,
    "min": 7.8100481033325195,
    "max": 7.831552028656006,
    "all": [
      7.831552028656006,
      7.820288181304932,
      7.821407794952393,
      7.8100481033325195,
      7.821311950683594
    ]
  },
  "test_latency_ms": {
    "avg": 60.593362426757814,
    "min": 60.507102966308594,
    "max": 60.649471282958984,
    "all": [
      60.62700653076172,
      60.649471282958984,
      60.6453742980957,
      60.53785705566406,
      60.507102966308594
    ]
  },
  "num_runs": 5,
  "model_init_args": [
    32,
    32,
    [
      3,
      7
    ],
    [
      1,
      1
    ],
    [
      1,
      3
    ]
  ],
  "model_init_kwargs": {},
  "seed": 100,
  "align_stats": {
    "pair_aligner": 1,
    "copied_same_shape": 1,
    "mapped_shape": 0,
    "skipped": 0,
    "pair_key": "Model->ModelNew"
  },
  "runnable": true,
  "phase": "seed_0",
  "score": 0.1290722498068897
}