{
  "timestamp": "2025-12-28T12:48:54",
  "reference_file": "KernelBench/select2/78_conv_transposed_2D_asymmetric_input_asymmetric_kernel___padded__.py",
  "candidate_file": "/home/hyc/LLMKernel/run/20251228_121522_batch_range75to79_openai_deepseek/78_conv_transposed_2D_asymmetric_input_asymmetric_kernel___padded__/code/kernel_20251228_124848.py",
  "tolerance": 1,
  "max_abs_err": 0.0011436939239501953,
  "mean_abs_err": 0.0002481456322129816,
  "ref_latency_ms": {
    "avg": 7.806553554534912,
    "min": 7.790592193603516,
    "max": 7.830463886260986,
    "all": [
      7.830463886260986,
      7.8008317947387695,
      7.790592193603516,
      7.803904056549072,
      7.806975841522217
    ]
  },
  "test_latency_ms": {
    "avg": 9.519257545471191,
    "min": 9.475968360900879,
    "max": 9.652095794677734,
    "all": [
      9.476096153259277,
      9.475968360900879,
      9.652095794677734,
      9.494527816772461,
      9.497599601745605
    ]
  },
  "num_runs": 5,
  "model_init_args": [
    32,
    32,
    [
      3,
      7
    ],
    [
      1,
      1
    ],
    [
      1,
      3
    ]
  ],
  "model_init_kwargs": {},
  "seed": 100,
  "align_stats": {
    "pair_aligner": 1,
    "copied_same_shape": 1,
    "mapped_shape": 0,
    "skipped": 0,
    "pair_key": "Model->ModelNew"
  },
  "runnable": true,
  "phase": "stage2_block_tiling",
  "pytorch_baseline_ms": 7.820921611785889,
  "score": 0.8215894542643938
}