{
  "timestamp": "2025-12-13T10:42:37",
  "reference_file": "KernelBench/level1_low_score/78_conv_transposed_2D_asymmetric_input_asymmetric_kernel___padded__.py",
  "candidate_file": "/home/hyc/LLMKernel/run/20251213_091928_batch_range68to99_openai_deepseek/78_conv_transposed_2D_asymmetric_input_asymmetric_kernel___padded__/code/kernel_20251213_104232.py",
  "tolerance": 0.001,
  "max_abs_err": 0.0,
  "mean_abs_err": 0.0,
  "ref_latency_ms": {
    "avg": 8.093267250061036,
    "min": 7.802559852600098,
    "max": 8.409855842590332,
    "all": [
      7.812895774841309,
      7.802559852600098,
      8.035008430480957,
      8.40601634979248,
      8.409855842590332
    ]
  },
  "test_latency_ms": {
    "avg": 38.22814178466797,
    "min": 38.21977615356445,
    "max": 38.23408126831055,
    "all": [
      38.231040954589844,
      38.231937408447266,
      38.23408126831055,
      38.223873138427734,
      38.21977615356445
    ]
  },
  "num_runs": 5,
  "model_init_args": [
    32,
    32,
    [
      3,
      7
    ],
    [
      1,
      1
    ],
    [
      1,
      3
    ]
  ],
  "model_init_kwargs": {},
  "seed": 100,
  "align_stats": {
    "pair_aligner": 1,
    "copied_same_shape": 1,
    "mapped_shape": 0,
    "skipped": 0,
    "pair_key": "Model->ModelNew"
  },
  "runnable": true,
  "phase": "seed",
  "score": 0.21170966916594872
}