{
  "timestamp": "2025-12-28T12:47:52",
  "reference_file": "KernelBench/select2/78_conv_transposed_2D_asymmetric_input_asymmetric_kernel___padded__.py",
  "candidate_file": "/home/hyc/LLMKernel/run/20251228_121522_batch_range75to79_openai_deepseek/78_conv_transposed_2D_asymmetric_input_asymmetric_kernel___padded__/code/kernel_20251228_124746.py",
  "tolerance": 1,
  "max_abs_err": 0.0011436939239501953,
  "mean_abs_err": 0.0002481456322129816,
  "ref_latency_ms": {
    "avg": 7.826624011993408,
    "min": 7.819263935089111,
    "max": 7.839680194854736,
    "all": [
      7.839680194854736,
      7.821311950683594,
      7.819263935089111,
      7.821311950683594,
      7.831552028656006
    ]
  },
  "test_latency_ms": {
    "avg": 9.501440048217773,
    "min": 9.496416091918945,
    "max": 9.505791664123535,
    "all": [
      9.502655982971191,
      9.505760192871094,
      9.496416091918945,
      9.496576309204102,
      9.505791664123535
    ]
  },
  "num_runs": 5,
  "model_init_args": [
    32,
    32,
    [
      3,
      7
    ],
    [
      1,
      1
    ],
    [
      1,
      3
    ]
  ],
  "model_init_kwargs": {},
  "seed": 100,
  "align_stats": {
    "pair_aligner": 1,
    "copied_same_shape": 1,
    "mapped_shape": 0,
    "skipped": 0,
    "pair_key": "Model->ModelNew"
  },
  "runnable": true,
  "phase": "stage1_grid_and_parallel",
  "pytorch_baseline_ms": 7.820921611785889,
  "score": 0.8231301331268088
}