{
  "timestamp": "2025-12-13T10:47:28",
  "reference_file": "KernelBench/level1_low_score/78_conv_transposed_2D_asymmetric_input_asymmetric_kernel___padded__.py",
  "candidate_file": "/home/hyc/LLMKernel/run/20251213_091928_batch_range68to99_openai_deepseek/78_conv_transposed_2D_asymmetric_input_asymmetric_kernel___padded__/code/kernel_20251213_104719.py",
  "tolerance": 0.001,
  "max_abs_err": 0.0,
  "mean_abs_err": 0.0,
  "ref_latency_ms": {
    "avg": 8.365798377990723,
    "min": 8.316991806030273,
    "max": 8.409088134765625,
    "all": [
      8.407039642333984,
      8.409088134765625,
      8.316991806030273,
      8.338272094726562,
      8.357600212097168
    ]
  },
  "test_latency_ms": {
    "avg": 35.69462356567383,
    "min": 35.57068634033203,
    "max": 35.927040100097656,
    "all": [
      35.927040100097656,
      35.81363296508789,
      35.58492660522461,
      35.57068634033203,
      35.57683181762695
    ]
  },
  "num_runs": 5,
  "model_init_args": [
    32,
    32,
    [
      3,
      7
    ],
    [
      1,
      1
    ],
    [
      1,
      3
    ]
  ],
  "model_init_kwargs": {},
  "seed": 100,
  "align_stats": {
    "pair_aligner": 1,
    "copied_same_shape": 1,
    "mapped_shape": 0,
    "skipped": 0,
    "pair_key": "Model->ModelNew"
  },
  "runnable": true,
  "phase": "stage4_advanced_memory",
  "pytorch_baseline_ms": 8.093267250061036,
  "score": 0.22673631044659692
}