{
  "timestamp": "2025-12-13T02:59:29",
  "reference_file": "KernelBench/level1/98_KLDivLoss.py",
  "candidate_file": "/home/hyc/LLMKernel/run/20251212_170115_batch_range70to100_deepseek_deepseek/98_KLDivLoss/code/kernel_20251213_025922.py",
  "tolerance": 0.001,
  "max_abs_err": 0.0,
  "mean_abs_err": 0.0,
  "ref_latency_ms": {
    "avg": 12.768045043945312,
    "min": 12.76518440246582,
    "max": 12.77235221862793,
    "all": [
      12.76518440246582,
      12.767231941223145,
      12.769280433654785,
      12.77235221862793,
      12.766176223754883
    ]
  },
  "test_latency_ms": {
    "avg": 2.2996992111206054,
    "min": 2.287616014480591,
    "max": 2.3162879943847656,
    "all": [
      2.3162879943847656,
      2.3070719242095947,
      2.287616014480591,
      2.292736053466797,
      2.2947840690612793
    ]
  },
  "num_runs": 5,
  "model_init_args": [],
  "model_init_kwargs": {},
  "seed": 100,
  "align_stats": {
    "copied_same_shape": 0,
    "unique_shape_copied": 0,
    "mapped_shape": 0,
    "skipped": 0,
    "pair_aligner": 0,
    "pair_key": "Model->ModelNew"
  },
  "runnable": true,
  "phase": "seed_repair",
  "score": 5.552050016890537
}