{
  "timestamp": "2025-12-13T03:26:38",
  "reference_file": "KernelBench/level1/98_KLDivLoss.py",
  "candidate_file": "/home/hyc/LLMKernel/run/20251212_170115_batch_range70to100_deepseek_deepseek/98_KLDivLoss/code/kernel_20251213_032630.py",
  "tolerance": 0.001,
  "max_abs_err": 0.0,
  "mean_abs_err": 0.0,
  "ref_latency_ms": {
    "avg": 12.76497917175293,
    "min": 12.758015632629395,
    "max": 12.77132797241211,
    "all": [
      12.770303726196289,
      12.760064125061035,
      12.758015632629395,
      12.77132797241211,
      12.76518440246582
    ]
  },
  "test_latency_ms": {
    "avg": 29.515545654296876,
    "min": 29.505535125732422,
    "max": 29.524991989135742,
    "all": [
      29.52288055419922,
      29.524991989135742,
      29.51263999938965,
      29.511680603027344,
      29.505535125732422
    ]
  },
  "num_runs": 5,
  "model_init_args": [],
  "model_init_kwargs": {},
  "seed": 100,
  "align_stats": {
    "copied_same_shape": 0,
    "unique_shape_copied": 0,
    "mapped_shape": 0,
    "skipped": 0,
    "pair_aligner": 0,
    "pair_key": "Model->ModelNew"
  },
  "runnable": true,
  "phase": "stage4_advanced_memory",
  "pytorch_baseline_ms": 12.768045043945312,
  "score": 0.432587125221808
}