{
  "timestamp": "2025-12-13T03:04:57",
  "reference_file": "KernelBench/level1/98_KLDivLoss.py",
  "candidate_file": "/home/hyc/LLMKernel/run/20251212_170115_batch_range70to100_deepseek_deepseek/98_KLDivLoss/code/kernel_20251213_030450.py",
  "tolerance": 0.001,
  "max_abs_err": 0.0,
  "mean_abs_err": 0.0,
  "ref_latency_ms": {
    "avg": 12.7610689163208,
    "min": 12.751968383789062,
    "max": 12.769087791442871,
    "all": [
      12.767231941223145,
      12.761088371276855,
      12.751968383789062,
      12.769087791442871,
      12.75596809387207
    ]
  },
  "test_latency_ms": {
    "avg": 2.291878414154053,
    "min": 2.2884159088134766,
    "max": 2.2968640327453613,
    "all": [
      2.2968640327453613,
      2.293760061264038,
      2.2884159088134766,
      2.288640022277832,
      2.2917120456695557
    ]
  },
  "num_runs": 5,
  "model_init_args": [],
  "model_init_kwargs": {},
  "seed": 100,
  "align_stats": {
    "copied_same_shape": 0,
    "unique_shape_copied": 0,
    "mapped_shape": 0,
    "skipped": 0,
    "pair_aligner": 0,
    "pair_key": "Model->ModelNew"
  },
  "runnable": true,
  "phase": "stage1_repair",
  "pytorch_baseline_ms": 12.768045043945312,
  "score": 5.570995810725885
}