{
  "timestamp": "2025-12-16T05:30:32",
  "reference_file": "KernelBench/level3/24_EfficientNetB2.py",
  "candidate_file": "/home/hyc/LLMKernel/run/20251216_051549_batch_range18to33_openai_deepseek/24_EfficientNetB2/code/kernel_20251216_053025.py",
  "tolerance": 0.1,
  "max_abs_err": 0.00036576390266418457,
  "mean_abs_err": 8.66592163220048e-05,
  "ref_latency_ms": {
    "avg": 2.1362367630004884,
    "min": 2.092031955718994,
    "max": 2.1931838989257812,
    "all": [
      2.1931838989257812,
      2.119744062423706,
      2.179935932159424,
      2.096287965774536,
      2.092031955718994
    ]
  },
  "test_latency_ms": {
    "avg": 2.2465919971466066,
    "min": 2.2294399738311768,
    "max": 2.269184112548828,
    "all": [
      2.269184112548828,
      2.264064073562622,
      2.2294399738311768,
      2.2402238845825195,
      2.2300479412078857
    ]
  },
  "num_runs": 5,
  "model_init_args": [
    1000
  ],
  "model_init_kwargs": {},
  "seed": 100,
  "align_stats": {
    "copied_same_shape": 114,
    "unique_shape_copied": 0,
    "mapped_shape": 0,
    "skipped": 0,
    "pair_aligner": 0,
    "pair_key": "Model->ModelNew"
  },
  "runnable": true,
  "phase": "stage3_repair",
  "pytorch_baseline_ms": 2.258944034576416,
  "score": 1.0054981222427115
}