{
  "timestamp": "2025-12-16T05:27:29",
  "reference_file": "KernelBench/level3/24_EfficientNetB2.py",
  "candidate_file": "/home/hyc/LLMKernel/run/20251216_051549_batch_range18to33_openai_deepseek/24_EfficientNetB2/code/kernel_20251216_052723.py",
  "tolerance": 0.1,
  "max_abs_err": 0.00036576390266418457,
  "mean_abs_err": 8.66592163220048e-05,
  "ref_latency_ms": {
    "avg": 2.1643455982208253,
    "min": 2.1092159748077393,
    "max": 2.1903040409088135,
    "all": [
      2.181407928466797,
      2.1903040409088135,
      2.184191942214966,
      2.1092159748077393,
      2.1566081047058105
    ]
  },
  "test_latency_ms": {
    "avg": 2.2575168132781984,
    "min": 2.2293760776519775,
    "max": 2.2937281131744385,
    "all": [
      2.2937281131744385,
      2.289599895477295,
      2.239487886428833,
      2.2353920936584473,
      2.2293760776519775
    ]
  },
  "num_runs": 5,
  "model_init_args": [
    1000
  ],
  "model_init_kwargs": {},
  "seed": 100,
  "align_stats": {
    "copied_same_shape": 114,
    "unique_shape_copied": 0,
    "mapped_shape": 0,
    "skipped": 0,
    "pair_aligner": 0,
    "pair_key": "Model->ModelNew"
  },
  "runnable": true,
  "phase": "stage2_block_tiling",
  "pytorch_baseline_ms": 2.258944034576416,
  "score": 1.0006322084911274
}