{
  "timestamp": "2025-12-16T05:25:30",
  "reference_file": "KernelBench/level3/24_EfficientNetB2.py",
  "candidate_file": "/home/hyc/LLMKernel/run/20251216_051549_batch_range18to33_openai_deepseek/24_EfficientNetB2/code/kernel_20251216_052525.py",
  "tolerance": 0.1,
  "max_abs_err": 0.00036576390266418457,
  "mean_abs_err": 8.66592163220048e-05,
  "ref_latency_ms": {
    "avg": 2.258944034576416,
    "min": 2.203648090362549,
    "max": 2.2978880405426025,
    "all": [
      2.2978880405426025,
      2.2702078819274902,
      2.2537920475006104,
      2.203648090362549,
      2.269184112548828
    ]
  },
  "test_latency_ms": {
    "avg": 2.4358784198760985,
    "min": 2.4063680171966553,
    "max": 2.4696640968322754,
    "all": [
      2.4696640968322754,
      2.4330239295959473,
      2.4557440280914307,
      2.4145920276641846,
      2.4063680171966553
    ]
  },
  "num_runs": 5,
  "model_init_args": [
    1000
  ],
  "model_init_kwargs": {},
  "seed": 100,
  "align_stats": {
    "copied_same_shape": 114,
    "unique_shape_copied": 0,
    "mapped_shape": 0,
    "skipped": 0,
    "pair_aligner": 0,
    "pair_key": "Model->ModelNew"
  },
  "runnable": true,
  "phase": "seed",
  "score": 0.9273632116217515
}