{
  "timestamp": "2025-12-16T05:26:49",
  "reference_file": "KernelBench/level3/24_EfficientNetB2.py",
  "candidate_file": "/home/hyc/LLMKernel/run/20251216_051549_batch_range18to33_openai_deepseek/24_EfficientNetB2/code/kernel_20251216_052642.py",
  "tolerance": 0.1,
  "max_abs_err": 0.00036576390266418457,
  "mean_abs_err": 8.66592163220048e-05,
  "ref_latency_ms": {
    "avg": 2.1567359924316407,
    "min": 2.1186559200286865,
    "max": 2.201535940170288,
    "all": [
      2.201535940170288,
      2.1872639656066895,
      2.1186559200286865,
      2.1340160369873047,
      2.1422080993652344
    ]
  },
  "test_latency_ms": {
    "avg": 2.255891227722168,
    "min": 2.232480049133301,
    "max": 2.3019518852233887,
    "all": [
      2.3019518852233887,
      2.232480049133301,
      2.2344961166381836,
      2.2558720111846924,
      2.2546560764312744
    ]
  },
  "num_runs": 5,
  "model_init_args": [
    1000
  ],
  "model_init_kwargs": {},
  "seed": 100,
  "align_stats": {
    "copied_same_shape": 114,
    "unique_shape_copied": 0,
    "mapped_shape": 0,
    "skipped": 0,
    "pair_aligner": 0,
    "pair_key": "Model->ModelNew"
  },
  "runnable": true,
  "phase": "stage1_grid_and_parallel",
  "pytorch_baseline_ms": 2.258944034576416,
  "score": 1.0013532597745551
}