{
  "timestamp": "2025-12-16T05:31:09",
  "reference_file": "KernelBench/level3/24_EfficientNetB2.py",
  "candidate_file": "/home/hyc/LLMKernel/run/20251216_051549_batch_range18to33_openai_deepseek/24_EfficientNetB2/code/kernel_20251216_053103.py",
  "tolerance": 0.1,
  "max_abs_err": 0.00036576390266418457,
  "mean_abs_err": 8.66592163220048e-05,
  "ref_latency_ms": {
    "avg": 2.2532543659210207,
    "min": 2.19651198387146,
    "max": 2.3552000522613525,
    "all": [
      2.3552000522613525,
      2.260159969329834,
      2.208767890930176,
      2.2456319332122803,
      2.19651198387146
    ]
  },
  "test_latency_ms": {
    "avg": 2.3986495971679687,
    "min": 2.3747520446777344,
    "max": 2.4350719451904297,
    "all": [
      2.4350719451904297,
      2.415679931640625,
      2.37772798538208,
      2.3747520446777344,
      2.3900160789489746
    ]
  },
  "num_runs": 5,
  "model_init_args": [
    1000
  ],
  "model_init_kwargs": {},
  "seed": 100,
  "align_stats": {
    "copied_same_shape": 114,
    "unique_shape_copied": 0,
    "mapped_shape": 0,
    "skipped": 0,
    "pair_aligner": 0,
    "pair_key": "Model->ModelNew"
  },
  "runnable": true,
  "phase": "stage4_advanced_memory",
  "pytorch_baseline_ms": 2.258944034576416,
  "score": 0.9417565772189069
}