{
  "timestamp": "2025-12-15T03:56:34",
  "reference_file": "KernelBench/level2/92_Conv2d_GroupNorm_Tanh_HardSwish_ResidualAdd_LogSumExp.py",
  "candidate_file": "/home/hyc/LLMKernel/run/20251215_024929_batch_range89to100_openai_deepseek/92_Conv2d_GroupNorm_Tanh_HardSwish_ResidualAdd_LogSumExp/code/kernel_20251215_035628.py",
  "tolerance": 0.001,
  "max_abs_err": 9.5367431640625e-07,
  "mean_abs_err": 1.0674213513084396e-07,
  "ref_latency_ms": {
    "avg": 12.139398384094239,
    "min": 12.121088027954102,
    "max": 12.151488304138184,
    "all": [
      12.151488304138184,
      12.147711753845215,
      12.132063865661621,
      12.121088027954102,
      12.14463996887207
    ]
  },
  "test_latency_ms": {
    "avg": 10.039264106750489,
    "min": 10.03007984161377,
    "max": 10.064736366271973,
    "all": [
      10.064736366271973,
      10.03007984161377,
      10.03110408782959,
      10.03212833404541,
      10.0382719039917
    ]
  },
  "num_runs": 5,
  "model_init_args": [
    8,
    64,
    3,
    16
  ],
  "model_init_kwargs": {},
  "seed": 100,
  "align_stats": {
    "pair_aligner": 1,
    "copied_same_shape": 1,
    "mapped_shape": 0,
    "skipped": 0,
    "pair_key": "Model->ModelNew"
  },
  "runnable": true,
  "phase": "stage4_advanced_memory",
  "pytorch_baseline_ms": 12.133760070800781,
  "score": 1.2086304276666986
}