{
  "timestamp": "2025-12-28T17:31:51",
  "reference_file": "KernelBench/tt/92_Conv2d_GroupNorm_Tanh_HardSwish_ResidualAdd_LogSumExp.py",
  "candidate_file": "/home/hyc/LLMKernel/run/20251228_161834_batch_range88to100_openai_deepseek/92_Conv2d_GroupNorm_Tanh_HardSwish_ResidualAdd_LogSumExp/code/kernel_20251228_173145.py",
  "tolerance": 1,
  "max_abs_err": 0.8859529495239258,
  "mean_abs_err": 0.6229273676872253,
  "ref_latency_ms": {
    "avg": 12.200319862365722,
    "min": 12.188672065734863,
    "max": 12.218367576599121,
    "all": [
      12.208127975463867,
      12.188672065734863,
      12.196864128112793,
      12.218367576599121,
      12.189567565917969
    ]
  },
  "test_latency_ms": {
    "avg": 5.364326286315918,
    "min": 5.361663818359375,
    "max": 5.367807865142822,
    "all": [
      5.362688064575195,
      5.36575984954834,
      5.361663818359375,
      5.367807865142822,
      5.363711833953857
    ]
  },
  "num_runs": 5,
  "model_init_args": [
    8,
    64,
    3,
    16
  ],
  "model_init_kwargs": {},
  "seed": 100,
  "align_stats": {
    "pair_aligner": 1,
    "copied_same_shape": 1,
    "mapped_shape": 0,
    "skipped": 0,
    "pair_key": "Model->ModelNew"
  },
  "runnable": true,
  "phase": "stage3_memory_and_tuning",
  "pytorch_baseline_ms": 12.200134468078613,
  "score": 2.274308797956687
}