{
  "timestamp": "2025-12-28T17:24:15",
  "reference_file": "KernelBench/tt/92_Conv2d_GroupNorm_Tanh_HardSwish_ResidualAdd_LogSumExp.py",
  "candidate_file": "/home/hyc/LLMKernel/run/20251228_161834_batch_range88to100_openai_deepseek/92_Conv2d_GroupNorm_Tanh_HardSwish_ResidualAdd_LogSumExp/code/kernel_20251228_172410.py",
  "tolerance": 1,
  "max_abs_err": 0.9427437782287598,
  "mean_abs_err": 0.769671618938446,
  "ref_latency_ms": {
    "avg": 12.192518424987792,
    "min": 12.185376167297363,
    "max": 12.205056190490723,
    "all": [
      12.205056190490723,
      12.186623573303223,
      12.195839881896973,
      12.185376167297363,
      12.189696311950684
    ]
  },
  "test_latency_ms": {
    "avg": 5.635072040557861,
    "min": 5.614560127258301,
    "max": 5.650432109832764,
    "all": [
      5.614560127258301,
      5.6453118324279785,
      5.650432109832764,
      5.648384094238281,
      5.616672039031982
    ]
  },
  "num_runs": 5,
  "model_init_args": [
    8,
    64,
    3,
    16
  ],
  "model_init_kwargs": {},
  "seed": 100,
  "align_stats": {
    "pair_aligner": 1,
    "copied_same_shape": 1,
    "mapped_shape": 0,
    "skipped": 0,
    "pair_key": "Model->ModelNew"
  },
  "runnable": true,
  "phase": "seed_1_repair_1",
  "pytorch_baseline_ms": 12.200134468078613,
  "score": 2.1650361131622415
}