{
  "timestamp": "2025-12-28T17:28:58",
  "reference_file": "KernelBench/tt/92_Conv2d_GroupNorm_Tanh_HardSwish_ResidualAdd_LogSumExp.py",
  "candidate_file": "/home/hyc/LLMKernel/run/20251228_161834_batch_range88to100_openai_deepseek/92_Conv2d_GroupNorm_Tanh_HardSwish_ResidualAdd_LogSumExp/code/kernel_20251228_172853.py",
  "tolerance": 1,
  "max_abs_err": 0.942744255065918,
  "mean_abs_err": 0.769671618938446,
  "ref_latency_ms": {
    "avg": 12.202591896057129,
    "min": 12.189696311950684,
    "max": 12.223487854003906,
    "all": [
      12.223487854003906,
      12.203007698059082,
      12.189696311950684,
      12.206048011779785,
      12.190719604492188
    ]
  },
  "test_latency_ms": {
    "avg": 5.297107124328614,
    "min": 5.284736156463623,
    "max": 5.304319858551025,
    "all": [
      5.304319858551025,
      5.284736156463623,
      5.298175811767578,
      5.3002238273620605,
      5.298079967498779
    ]
  },
  "num_runs": 5,
  "model_init_args": [
    8,
    64,
    3,
    16
  ],
  "model_init_kwargs": {},
  "seed": 100,
  "align_stats": {
    "pair_aligner": 1,
    "copied_same_shape": 1,
    "mapped_shape": 0,
    "skipped": 0,
    "pair_key": "Model->ModelNew"
  },
  "runnable": true,
  "phase": "stage1_grid_and_parallel",
  "pytorch_baseline_ms": 12.200134468078613,
  "score": 2.3031692925456797
}