{
  "timestamp": "2025-12-28T17:30:08",
  "reference_file": "KernelBench/tt/92_Conv2d_GroupNorm_Tanh_HardSwish_ResidualAdd_LogSumExp.py",
  "candidate_file": "/home/hyc/LLMKernel/run/20251228_161834_batch_range88to100_openai_deepseek/92_Conv2d_GroupNorm_Tanh_HardSwish_ResidualAdd_LogSumExp/code/kernel_20251228_173001.py",
  "tolerance": 1,
  "max_abs_err": 0.8859543800354004,
  "mean_abs_err": 0.6229274272918701,
  "ref_latency_ms": {
    "avg": 12.197036933898925,
    "min": 12.182368278503418,
    "max": 12.207103729248047,
    "all": [
      12.193792343139648,
      12.199935913085938,
      12.207103729248047,
      12.201984405517578,
      12.182368278503418
    ]
  },
  "test_latency_ms": {
    "avg": 5.350579261779785,
    "min": 5.346303939819336,
    "max": 5.3534722328186035,
    "all": [
      5.352447986602783,
      5.353343963623047,
      5.347328186035156,
      5.346303939819336,
      5.3534722328186035
    ]
  },
  "num_runs": 5,
  "model_init_args": [
    8,
    64,
    3,
    16
  ],
  "model_init_kwargs": {},
  "seed": 100,
  "align_stats": {
    "pair_aligner": 1,
    "copied_same_shape": 1,
    "mapped_shape": 0,
    "skipped": 0,
    "pair_key": "Model->ModelNew"
  },
  "runnable": true,
  "phase": "stage2_block_tiling",
  "pytorch_baseline_ms": 12.200134468078613,
  "score": 2.2801520865650033
}