{
  "timestamp": "2025-12-28T17:21:14",
  "reference_file": "KernelBench/tt/92_Conv2d_GroupNorm_Tanh_HardSwish_ResidualAdd_LogSumExp.py",
  "candidate_file": "/home/hyc/LLMKernel/run/20251228_161834_batch_range88to100_openai_deepseek/92_Conv2d_GroupNorm_Tanh_HardSwish_ResidualAdd_LogSumExp/code/kernel_20251228_172109.py",
  "tolerance": 1,
  "max_abs_err": 0.9428319931030273,
  "mean_abs_err": 0.7696980237960815,
  "ref_latency_ms": {
    "avg": 12.200134468078613,
    "min": 12.187647819519043,
    "max": 12.20911979675293,
    "all": [
      12.20911979675293,
      12.201984405517578,
      12.187647819519043,
      12.197888374328613,
      12.204031944274902
    ]
  },
  "test_latency_ms": {
    "avg": 18.10818557739258,
    "min": 18.10633659362793,
    "max": 18.109567642211914,
    "all": [
      18.109439849853516,
      18.109216690063477,
      18.109567642211914,
      18.10633659362793,
      18.106367111206055
    ]
  },
  "num_runs": 5,
  "model_init_args": [
    8,
    64,
    3,
    16
  ],
  "model_init_kwargs": {},
  "seed": 100,
  "align_stats": {
    "pair_aligner": 1,
    "copied_same_shape": 1,
    "mapped_shape": 0,
    "skipped": 0,
    "pair_key": "Model->ModelNew"
  },
  "runnable": true,
  "phase": "seed_0",
  "score": 0.6737358867864731
}