{
  "timestamp": "2025-12-28T17:27:32",
  "reference_file": "KernelBench/tt/92_Conv2d_GroupNorm_Tanh_HardSwish_ResidualAdd_LogSumExp.py",
  "candidate_file": "/home/hyc/LLMKernel/run/20251228_161834_batch_range88to100_openai_deepseek/92_Conv2d_GroupNorm_Tanh_HardSwish_ResidualAdd_LogSumExp/code/kernel_20251228_172728.py",
  "tolerance": 1,
  "max_abs_err": 0.942744255065918,
  "mean_abs_err": 0.769671618938446,
  "ref_latency_ms": {
    "avg": 12.203008079528809,
    "min": 12.184576034545898,
    "max": 12.213248252868652,
    "all": [
      12.204031944274902,
      12.205056190490723,
      12.213248252868652,
      12.184576034545898,
      12.208127975463867
    ]
  },
  "test_latency_ms": {
    "avg": 6.555859184265136,
    "min": 6.553567886352539,
    "max": 6.558720111846924,
    "all": [
      6.558720111846924,
      6.553599834442139,
      6.554687976837158,
      6.553567886352539,
      6.558720111846924
    ]
  },
  "num_runs": 5,
  "model_init_args": [
    8,
    64,
    3,
    16
  ],
  "model_init_kwargs": {},
  "seed": 100,
  "align_stats": {
    "pair_aligner": 1,
    "copied_same_shape": 1,
    "mapped_shape": 0,
    "skipped": 0,
    "pair_key": "Model->ModelNew"
  },
  "runnable": true,
  "phase": "algorithm_optimized_seed1",
  "pytorch_baseline_ms": 12.200134468078613,
  "score": 1.8609512689595937
}