{
  "timestamp": "2025-12-15T03:54:15",
  "reference_file": "KernelBench/level2/92_Conv2d_GroupNorm_Tanh_HardSwish_ResidualAdd_LogSumExp.py",
  "candidate_file": "/home/hyc/LLMKernel/run/20251215_024929_batch_range89to100_openai_deepseek/92_Conv2d_GroupNorm_Tanh_HardSwish_ResidualAdd_LogSumExp/code/kernel_20251215_035410.py",
  "tolerance": 0.001,
  "max_abs_err": 9.5367431640625e-07,
  "mean_abs_err": 1.0674213513084396e-07,
  "ref_latency_ms": {
    "avg": 12.121260643005371,
    "min": 12.113920211791992,
    "max": 12.129280090332031,
    "all": [
      12.129280090332031,
      12.11580753326416,
      12.12723159790039,
      12.113920211791992,
      12.120063781738281
    ]
  },
  "test_latency_ms": {
    "avg": 11.58529281616211,
    "min": 11.578368186950684,
    "max": 11.588607788085938,
    "all": [
      11.588607788085938,
      11.587583541870117,
      11.585344314575195,
      11.578368186950684,
      11.586560249328613
    ]
  },
  "num_runs": 5,
  "model_init_args": [
    8,
    64,
    3,
    16
  ],
  "model_init_kwargs": {},
  "seed": 100,
  "align_stats": {
    "pair_aligner": 1,
    "copied_same_shape": 1,
    "mapped_shape": 0,
    "skipped": 0,
    "pair_key": "Model->ModelNew"
  },
  "runnable": true,
  "phase": "stage2_repair",
  "pytorch_baseline_ms": 12.133760070800781,
  "score": 1.0473416825402575
}