{
  "timestamp": "2025-12-15T03:55:23",
  "reference_file": "KernelBench/level2/92_Conv2d_GroupNorm_Tanh_HardSwish_ResidualAdd_LogSumExp.py",
  "candidate_file": "/home/hyc/LLMKernel/run/20251215_024929_batch_range89to100_openai_deepseek/92_Conv2d_GroupNorm_Tanh_HardSwish_ResidualAdd_LogSumExp/code/kernel_20251215_035518.py",
  "tolerance": 0.001,
  "max_abs_err": 9.5367431640625e-07,
  "mean_abs_err": 1.0674213513084396e-07,
  "ref_latency_ms": {
    "avg": 12.124460792541504,
    "min": 12.113632202148438,
    "max": 12.142592430114746,
    "all": [
      12.142592430114746,
      12.124159812927246,
      12.115967750549316,
      12.113632202148438,
      12.125951766967773
    ]
  },
  "test_latency_ms": {
    "avg": 10.470143890380859,
    "min": 10.465087890625,
    "max": 10.475520133972168,
    "all": [
      10.470399856567383,
      10.465087890625,
      10.465279579162598,
      10.474431991577148,
      10.475520133972168
    ]
  },
  "num_runs": 5,
  "model_init_args": [
    8,
    64,
    3,
    16
  ],
  "model_init_kwargs": {},
  "seed": 100,
  "align_stats": {
    "pair_aligner": 1,
    "copied_same_shape": 1,
    "mapped_shape": 0,
    "skipped": 0,
    "pair_key": "Model->ModelNew"
  },
  "runnable": true,
  "phase": "stage3_memory_access",
  "pytorch_baseline_ms": 12.133760070800781,
  "score": 1.1588914343334213
}