{
  "timestamp": "2025-12-28T17:25:33",
  "reference_file": "KernelBench/tt/92_Conv2d_GroupNorm_Tanh_HardSwish_ResidualAdd_LogSumExp.py",
  "candidate_file": "/home/hyc/LLMKernel/run/20251228_161834_batch_range88to100_openai_deepseek/92_Conv2d_GroupNorm_Tanh_HardSwish_ResidualAdd_LogSumExp/code/kernel_20251228_172529.py",
  "tolerance": 1,
  "max_abs_err": 0.942744255065918,
  "mean_abs_err": 0.769671618938446,
  "ref_latency_ms": {
    "avg": 12.195199966430664,
    "min": 12.186528205871582,
    "max": 12.214240074157715,
    "all": [
      12.214240074157715,
      12.192768096923828,
      12.191743850708008,
      12.190719604492188,
      12.186528205871582
    ]
  },
  "test_latency_ms": {
    "avg": 12.02518424987793,
    "min": 12.015616416931152,
    "max": 12.030912399291992,
    "all": [
      12.030912399291992,
      12.029824256896973,
      12.021759986877441,
      12.015616416931152,
      12.02780818939209
    ]
  },
  "num_runs": 5,
  "model_init_args": [
    8,
    64,
    3,
    16
  ],
  "model_init_kwargs": {},
  "seed": 100,
  "align_stats": {
    "pair_aligner": 1,
    "copied_same_shape": 1,
    "mapped_shape": 0,
    "skipped": 0,
    "pair_key": "Model->ModelNew"
  },
  "runnable": true,
  "phase": "algorithm_optimized_seed0",
  "pytorch_baseline_ms": 12.200134468078613,
  "score": 1.0145486517765796
}