{
  "timestamp": "2025-12-15T03:52:17",
  "reference_file": "KernelBench/level2/92_Conv2d_GroupNorm_Tanh_HardSwish_ResidualAdd_LogSumExp.py",
  "candidate_file": "/home/hyc/LLMKernel/run/20251215_024929_batch_range89to100_openai_deepseek/92_Conv2d_GroupNorm_Tanh_HardSwish_ResidualAdd_LogSumExp/code/kernel_20251215_035212.py",
  "tolerance": 0.001,
  "max_abs_err": 9.5367431640625e-07,
  "mean_abs_err": 1.014825130596364e-07,
  "ref_latency_ms": {
    "avg": 12.133760070800781,
    "min": 12.124256134033203,
    "max": 12.148736000061035,
    "all": [
      12.148736000061035,
      12.13315200805664,
      12.134400367736816,
      12.124256134033203,
      12.128255844116211
    ]
  },
  "test_latency_ms": {
    "avg": 11.902898979187011,
    "min": 11.672287940979004,
    "max": 12.03382396697998,
    "all": [
      12.008447647094727,
      12.03382396697998,
      12.030783653259277,
      11.76915168762207,
      11.672287940979004
    ]
  },
  "num_runs": 5,
  "model_init_args": [
    8,
    64,
    3,
    16
  ],
  "model_init_kwargs": {},
  "seed": 100,
  "align_stats": {
    "pair_aligner": 1,
    "copied_same_shape": 1,
    "mapped_shape": 0,
    "skipped": 0,
    "pair_key": "Model->ModelNew"
  },
  "runnable": true,
  "phase": "seed_repair",
  "score": 1.0193953667940427
}