{
  "timestamp": "2025-12-28T11:41:43",
  "reference_file": "KernelBench/select2/29_Softplus.py",
  "candidate_file": "/home/hyc/LLMKernel/run/20251228_103241_batch_range23to31_openai_deepseek/29_Softplus/code/kernel_20251228_114128.py",
  "tolerance": 1,
  "max_abs_err": 2.384185791015625e-07,
  "mean_abs_err": 3.472516851843466e-08,
  "ref_latency_ms": {
    "avg": 14.18242588043213,
    "min": 14.164992332458496,
    "max": 14.220416069030762,
    "all": [
      14.220416069030762,
      14.173184394836426,
      14.164992332458496,
      14.17728042602539,
      14.17625617980957
    ]
  },
  "test_latency_ms": {
    "avg": 20.790464019775392,
    "min": 20.78118324279785,
    "max": 20.796415328979492,
    "all": [
      20.793344497680664,
      20.796415328979492,
      20.79520034790039,
      20.78118324279785,
      20.786176681518555
    ]
  },
  "num_runs": 5,
  "model_init_args": [],
  "model_init_kwargs": {},
  "seed": 100,
  "align_stats": {
    "copied_same_shape": 0,
    "unique_shape_copied": 0,
    "mapped_shape": 0,
    "skipped": 0,
    "pair_aligner": 0,
    "pair_key": "Model->ModelNew"
  },
  "runnable": true,
  "phase": "algorithm_optimized_seed0_repair1",
  "pytorch_baseline_ms": 14.170310401916504,
  "score": 0.6815773995442355
}