{
  "timestamp": "2025-12-13T00:37:18",
  "reference_file": "KernelBench/level1/29_Softplus.py",
  "candidate_file": "/home/hyc/LLMKernel/run/20251212_170043_batch_range5to40_deepseek_deepseek/29_Softplus/code/kernel_20251213_003705.py",
  "tolerance": 0.001,
  "max_abs_err": 1.1920928955078125e-07,
  "mean_abs_err": 2.2160257628911495e-08,
  "ref_latency_ms": {
    "avg": 14.022016334533692,
    "min": 14.020480155944824,
    "max": 14.022656440734863,
    "all": [
      14.022656440734863,
      14.021632194519043,
      14.020480155944824,
      14.022656440734863,
      14.022656440734863
    ]
  },
  "test_latency_ms": {
    "avg": 20.758432388305664,
    "min": 20.753408432006836,
    "max": 20.767520904541016,
    "all": [
      20.767520904541016,
      20.7574405670166,
      20.757408142089844,
      20.756383895874023,
      20.753408432006836
    ]
  },
  "num_runs": 5,
  "model_init_args": [],
  "model_init_kwargs": {},
  "seed": 100,
  "align_stats": {
    "copied_same_shape": 0,
    "unique_shape_copied": 0,
    "mapped_shape": 0,
    "skipped": 0,
    "pair_aligner": 0,
    "pair_key": "Model->ModelNew"
  },
  "runnable": true,
  "phase": "seed",
  "score": 0.675485319519264
}