{
  "timestamp": "2025-12-28T11:43:26",
  "reference_file": "KernelBench/select2/29_Softplus.py",
  "candidate_file": "/home/hyc/LLMKernel/run/20251228_103241_batch_range23to31_openai_deepseek/29_Softplus/code/kernel_20251228_114313.py",
  "tolerance": 1,
  "max_abs_err": 2.384185791015625e-07,
  "mean_abs_err": 3.472516851843466e-08,
  "ref_latency_ms": {
    "avg": 14.1699649810791,
    "min": 14.165056228637695,
    "max": 14.173184394836426,
    "all": [
      14.169088363647461,
      14.173184394836426,
      14.165056228637695,
      14.172160148620605,
      14.17033576965332
    ]
  },
  "test_latency_ms": {
    "avg": 20.821779251098633,
    "min": 20.80771255493164,
    "max": 20.84444808959961,
    "all": [
      20.809728622436523,
      20.80860710144043,
      20.84444808959961,
      20.83839988708496,
      20.80771255493164
    ]
  },
  "num_runs": 5,
  "model_init_args": [],
  "model_init_kwargs": {},
  "seed": 100,
  "align_stats": {
    "copied_same_shape": 0,
    "unique_shape_copied": 0,
    "mapped_shape": 0,
    "skipped": 0,
    "pair_aligner": 0,
    "pair_key": "Model->ModelNew"
  },
  "runnable": true,
  "phase": "algorithm_optimized_seed1",
  "pytorch_baseline_ms": 14.170310401916504,
  "score": 0.6805523308565874
}