{
  "timestamp": "2025-12-28T11:39:25",
  "reference_file": "KernelBench/select2/29_Softplus.py",
  "candidate_file": "/home/hyc/LLMKernel/run/20251228_103241_batch_range23to31_openai_deepseek/29_Softplus/code/kernel_20251228_113913.py",
  "tolerance": 1,
  "max_abs_err": 2.384185791015625e-07,
  "mean_abs_err": 3.472516851843466e-08,
  "ref_latency_ms": {
    "avg": 14.171680068969726,
    "min": 14.16703987121582,
    "max": 14.175071716308594,
    "all": [
      14.175071716308594,
      14.17296028137207,
      14.16703987121582,
      14.171168327331543,
      14.172160148620605
    ]
  },
  "test_latency_ms": {
    "avg": 20.758464431762697,
    "min": 20.751232147216797,
    "max": 20.765504837036133,
    "all": [
      20.765504837036133,
      20.762624740600586,
      20.757503509521484,
      20.751232147216797,
      20.755456924438477
    ]
  },
  "num_runs": 5,
  "model_init_args": [],
  "model_init_kwargs": {},
  "seed": 100,
  "align_stats": {
    "copied_same_shape": 0,
    "unique_shape_copied": 0,
    "mapped_shape": 0,
    "skipped": 0,
    "pair_aligner": 0,
    "pair_key": "Model->ModelNew"
  },
  "runnable": true,
  "phase": "seed_1",
  "pytorch_baseline_ms": 14.170310401916504,
  "score": 0.6826280647346148
}