{
  "timestamp": "2025-12-28T11:38:48",
  "reference_file": "KernelBench/select2/29_Softplus.py",
  "candidate_file": "/home/hyc/LLMKernel/run/20251228_103241_batch_range23to31_openai_deepseek/29_Softplus/code/kernel_20251228_113836.py",
  "tolerance": 1,
  "max_abs_err": 2.384185791015625e-07,
  "mean_abs_err": 3.472516851843466e-08,
  "ref_latency_ms": {
    "avg": 14.170310401916504,
    "min": 14.164992332458496,
    "max": 14.17420768737793,
    "all": [
      14.164992332458496,
      14.170111656188965,
      14.17420768737793,
      14.173184394836426,
      14.169055938720703
    ]
  },
  "test_latency_ms": {
    "avg": 20.795462799072265,
    "min": 20.777984619140625,
    "max": 20.808704376220703,
    "all": [
      20.808704376220703,
      20.792512893676758,
      20.777984619140625,
      20.796415328979492,
      20.80169677734375
    ]
  },
  "num_runs": 5,
  "model_init_args": [],
  "model_init_kwargs": {},
  "seed": 100,
  "align_stats": {
    "copied_same_shape": 0,
    "unique_shape_copied": 0,
    "mapped_shape": 0,
    "skipped": 0,
    "pair_aligner": 0,
    "pair_key": "Model->ModelNew"
  },
  "runnable": true,
  "phase": "seed_0",
  "score": 0.6814135630849569
}