{
  "timestamp": "2025-12-28T11:48:08",
  "reference_file": "KernelBench/select2/29_Softplus.py",
  "candidate_file": "/home/hyc/LLMKernel/run/20251228_103241_batch_range23to31_openai_deepseek/29_Softplus/code/kernel_20251228_114755.py",
  "tolerance": 1,
  "max_abs_err": 2.384185791015625e-07,
  "mean_abs_err": 3.472516851843466e-08,
  "ref_latency_ms": {
    "avg": 14.171993637084961,
    "min": 14.160896301269531,
    "max": 14.181376457214355,
    "all": [
      14.179519653320312,
      14.160896301269531,
      14.16703987121582,
      14.181376457214355,
      14.171135902404785
    ]
  },
  "test_latency_ms": {
    "avg": 20.73350410461426,
    "min": 20.729856491088867,
    "max": 20.739871978759766,
    "all": [
      20.732959747314453,
      20.733951568603516,
      20.729856491088867,
      20.730880737304688,
      20.739871978759766
    ]
  },
  "num_runs": 5,
  "model_init_args": [],
  "model_init_kwargs": {},
  "seed": 100,
  "align_stats": {
    "copied_same_shape": 0,
    "unique_shape_copied": 0,
    "mapped_shape": 0,
    "skipped": 0,
    "pair_aligner": 0,
    "pair_key": "Model->ModelNew"
  },
  "runnable": true,
  "phase": "stage2_block_tiling",
  "pytorch_baseline_ms": 14.170310401916504,
  "score": 0.6834498563493129
}