{
  "timestamp": "2025-12-28T11:45:08",
  "reference_file": "KernelBench/select2/29_Softplus.py",
  "candidate_file": "/home/hyc/LLMKernel/run/20251228_103241_batch_range23to31_openai_deepseek/29_Softplus/code/kernel_20251228_114454.py",
  "tolerance": 1,
  "max_abs_err": 2.384185791015625e-07,
  "mean_abs_err": 3.472516851843466e-08,
  "ref_latency_ms": {
    "avg": 14.174886322021484,
    "min": 14.172160148620605,
    "max": 14.178303718566895,
    "all": [
      14.178303718566895,
      14.17420768737793,
      14.175552368164062,
      14.17420768737793,
      14.172160148620605
    ]
  },
  "test_latency_ms": {
    "avg": 20.72837142944336,
    "min": 20.723712921142578,
    "max": 20.733951568603516,
    "all": [
      20.733951568603516,
      20.727807998657227,
      20.723712921142578,
      20.72960090637207,
      20.726783752441406
    ]
  },
  "num_runs": 5,
  "model_init_args": [],
  "model_init_kwargs": {},
  "seed": 100,
  "align_stats": {
    "copied_same_shape": 0,
    "unique_shape_copied": 0,
    "mapped_shape": 0,
    "skipped": 0,
    "pair_aligner": 0,
    "pair_key": "Model->ModelNew"
  },
  "runnable": true,
  "phase": "stage1_grid_and_parallel",
  "pytorch_baseline_ms": 14.170310401916504,
  "score": 0.6836190894277618
}