{
  "timestamp": "2025-12-13T00:40:57",
  "reference_file": "KernelBench/level1/29_Softplus.py",
  "candidate_file": "/home/hyc/LLMKernel/run/20251212_170043_batch_range5to40_deepseek_deepseek/29_Softplus/code/kernel_20251213_004044.py",
  "tolerance": 0.001,
  "max_abs_err": 1.1920928955078125e-07,
  "mean_abs_err": 2.2160257628911495e-08,
  "ref_latency_ms": {
    "avg": 14.022624015808105,
    "min": 14.017536163330078,
    "max": 14.026559829711914,
    "all": [
      14.026559829711914,
      14.02393627166748,
      14.017536163330078,
      14.023807525634766,
      14.021280288696289
    ]
  },
  "test_latency_ms": {
    "avg": 20.711667251586913,
    "min": 20.705280303955078,
    "max": 20.716543197631836,
    "all": [
      20.714496612548828,
      20.705280303955078,
      20.716543197631836,
      20.710399627685547,
      20.71161651611328
    ]
  },
  "num_runs": 5,
  "model_init_args": [],
  "model_init_kwargs": {},
  "seed": 100,
  "align_stats": {
    "copied_same_shape": 0,
    "unique_shape_copied": 0,
    "mapped_shape": 0,
    "skipped": 0,
    "pair_aligner": 0,
    "pair_key": "Model->ModelNew"
  },
  "runnable": true,
  "phase": "stage1_grid_and_parallel",
  "pytorch_baseline_ms": 14.022016334533692,
  "score": 0.6770105064071718
}