{
  "timestamp": "2025-12-13T00:47:16",
  "reference_file": "KernelBench/level1/29_Softplus.py",
  "candidate_file": "/home/hyc/LLMKernel/run/20251212_170043_batch_range5to40_deepseek_deepseek/29_Softplus/code/kernel_20251213_004701.py",
  "tolerance": 0.001,
  "max_abs_err": 1.1920928955078125e-07,
  "mean_abs_err": 2.2160257628911495e-08,
  "ref_latency_ms": {
    "avg": 14.019526290893555,
    "min": 14.015487670898438,
    "max": 14.024703979492188,
    "all": [
      14.024703979492188,
      14.015487670898438,
      14.017279624938965,
      14.023648262023926,
      14.016511917114258
    ]
  },
  "test_latency_ms": {
    "avg": 20.71283836364746,
    "min": 20.708351135253906,
    "max": 20.716543197631836,
    "all": [
      20.713472366333008,
      20.708351135253906,
      20.713472366333008,
      20.712352752685547,
      20.716543197631836
    ]
  },
  "num_runs": 5,
  "model_init_args": [],
  "model_init_kwargs": {},
  "seed": 100,
  "align_stats": {
    "copied_same_shape": 0,
    "unique_shape_copied": 0,
    "mapped_shape": 0,
    "skipped": 0,
    "pair_aligner": 0,
    "pair_key": "Model->ModelNew"
  },
  "runnable": true,
  "phase": "stage4_advanced_memory",
  "pytorch_baseline_ms": 14.022016334533692,
  "score": 0.6769722279657892
}