{
  "timestamp": "2025-12-13T00:44:26",
  "reference_file": "KernelBench/level1/29_Softplus.py",
  "candidate_file": "/home/hyc/LLMKernel/run/20251212_170043_batch_range5to40_deepseek_deepseek/29_Softplus/code/kernel_20251213_004408.py",
  "tolerance": 0.001,
  "max_abs_err": 1.1920928955078125e-07,
  "mean_abs_err": 2.2160257628911495e-08,
  "ref_latency_ms": {
    "avg": 14.022451400756836,
    "min": 14.018560409545898,
    "max": 14.025728225708008,
    "all": [
      14.025728225708008,
      14.018560409545898,
      14.019583702087402,
      14.025728225708008,
      14.022656440734863
    ]
  },
  "test_latency_ms": {
    "avg": 623.5616577148437,
    "min": 623.446044921875,
    "max": 623.6660766601562,
    "all": [
      623.6660766601562,
      623.4910888671875,
      623.6392822265625,
      623.446044921875,
      623.5657958984375
    ]
  },
  "num_runs": 5,
  "model_init_args": [],
  "model_init_kwargs": {},
  "seed": 100,
  "align_stats": {
    "copied_same_shape": 0,
    "unique_shape_copied": 0,
    "mapped_shape": 0,
    "skipped": 0,
    "pair_aligner": 0,
    "pair_key": "Model->ModelNew"
  },
  "runnable": true,
  "phase": "stage3_memory_access",
  "pytorch_baseline_ms": 14.022016334533692,
  "score": 0.02248697648588585
}