{
  "timestamp": "2025-12-14T12:21:48",
  "reference_file": "KernelBench/level2/26_ConvTranspose3d_Add_HardSwish.py",
  "candidate_file": "/home/hyc/LLMKernel/run/20251214_114657_batch_range25to55_deepseek_deepseek/26_ConvTranspose3d_Add_HardSwish/code/kernel_20251214_122143.py",
  "tolerance": 0.001,
  "max_abs_err": 0.0,
  "mean_abs_err": 0.0,
  "ref_latency_ms": {
    "avg": 17.67833557128906,
    "min": 17.66912078857422,
    "max": 17.69455909729004,
    "all": [
      17.69455909729004,
      17.66912078857422,
      17.671167373657227,
      17.685535430908203,
      17.671295166015625
    ]
  },
  "test_latency_ms": {
    "avg": 21.05430374145508,
    "min": 21.011455535888672,
    "max": 21.08620834350586,
    "all": [
      21.011455535888672,
      21.039104461669922,
      21.08620834350586,
      21.07721519470215,
      21.05753517150879
    ]
  },
  "num_runs": 5,
  "model_init_args": [
    32,
    64,
    3,
    2,
    1,
    1,
    [
      64,
      1,
      1,
      1,
      1
    ]
  ],
  "model_init_kwargs": {},
  "seed": 100,
  "align_stats": {
    "pair_aligner": 1,
    "copied_same_shape": 1,
    "mapped_shape": 0,
    "skipped": 0,
    "pair_key": "Model->ModelNew"
  },
  "runnable": true,
  "phase": "seed_repair",
  "score": 0.8396542478144802
}