{
  "timestamp": "2025-12-14T12:34:30",
  "reference_file": "KernelBench/level2/26_ConvTranspose3d_Add_HardSwish.py",
  "candidate_file": "/home/hyc/LLMKernel/run/20251214_114657_batch_range25to55_deepseek_deepseek/26_ConvTranspose3d_Add_HardSwish/code/kernel_20251214_123425.py",
  "tolerance": 0.001,
  "max_abs_err": 1.1920928955078125e-07,
  "mean_abs_err": 9.99632820963825e-09,
  "ref_latency_ms": {
    "avg": 17.683731460571288,
    "min": 17.676288604736328,
    "max": 17.690656661987305,
    "all": [
      17.690656661987305,
      17.682655334472656,
      17.682592391967773,
      17.686464309692383,
      17.676288604736328
    ]
  },
  "test_latency_ms": {
    "avg": 11.865235328674316,
    "min": 11.85910415649414,
    "max": 11.870047569274902,
    "all": [
      11.870047569274902,
      11.86787223815918,
      11.868160247802734,
      11.85910415649414,
      11.860992431640625
    ]
  },
  "num_runs": 5,
  "model_init_args": [
    32,
    64,
    3,
    2,
    1,
    1,
    [
      64,
      1,
      1,
      1,
      1
    ]
  ],
  "model_init_kwargs": {},
  "seed": 100,
  "align_stats": {
    "pair_aligner": 1,
    "copied_same_shape": 1,
    "mapped_shape": 0,
    "skipped": 0,
    "pair_key": "Model->ModelNew"
  },
  "runnable": true,
  "phase": "stage1_repair",
  "pytorch_baseline_ms": 17.67833557128906,
  "score": 1.4899270921805
}