{
  "timestamp": "2025-12-28T11:21:07",
  "reference_file": "KernelBench/select2/22_Tanh.py",
  "candidate_file": "/home/hyc/LLMKernel/run/20251228_103215_batch_range14to22_openai_deepseek/22_Tanh/code/kernel_20251228_112054.py",
  "tolerance": 1,
  "max_abs_err": 1.1920928955078125e-07,
  "mean_abs_err": 2.6959664722880916e-08,
  "ref_latency_ms": {
    "avg": 14.14652156829834,
    "min": 14.141440391540527,
    "max": 14.150464057922363,
    "all": [
      14.150464057922363,
      14.146559715270996,
      14.146559715270996,
      14.147583961486816,
      14.141440391540527
    ]
  },
  "test_latency_ms": {
    "avg": 20.789401626586915,
    "min": 20.785152435302734,
    "max": 20.795391082763672,
    "all": [
      20.788991928100586,
      20.795391082763672,
      20.787200927734375,
      20.785152435302734,
      20.790271759033203
    ]
  },
  "num_runs": 5,
  "model_init_args": [],
  "model_init_kwargs": {},
  "seed": 100,
  "align_stats": {
    "copied_same_shape": 0,
    "unique_shape_copied": 0,
    "mapped_shape": 0,
    "skipped": 0,
    "pair_aligner": 0,
    "pair_key": "Model->ModelNew"
  },
  "runnable": true,
  "phase": "algorithm_optimized_seed1_repair1",
  "pytorch_baseline_ms": 14.155583763122559,
  "score": 0.6809038575222591
}