{
  "timestamp": "2025-12-12T22:01:55",
  "reference_file": "KernelBench/level1/22_Tanh.py",
  "candidate_file": "/home/hyc/LLMKernel/run/20251212_170043_batch_range5to40_deepseek_deepseek/22_Tanh/code/kernel_20251212_220142.py",
  "tolerance": 0.001,
  "max_abs_err": 1.1920928955078125e-07,
  "mean_abs_err": 2.6959664722880916e-08,
  "ref_latency_ms": {
    "avg": 14.020563316345214,
    "min": 14.016511917114258,
    "max": 14.02672004699707,
    "all": [
      14.02672004699707,
      14.01852798461914,
      14.019488334655762,
      14.021568298339844,
      14.016511917114258
    ]
  },
  "test_latency_ms": {
    "avg": 20.715865325927734,
    "min": 20.711423873901367,
    "max": 20.71945571899414,
    "all": [
      20.717567443847656,
      20.71945571899414,
      20.711423873901367,
      20.71855926513672,
      20.71232032775879
    ]
  },
  "num_runs": 5,
  "model_init_args": [],
  "model_init_kwargs": {},
  "seed": 100,
  "align_stats": {
    "copied_same_shape": 0,
    "unique_shape_copied": 0,
    "mapped_shape": 0,
    "skipped": 0,
    "pair_aligner": 0,
    "pair_key": "Model->ModelNew"
  },
  "runnable": true,
  "phase": "seed",
  "score": 0.6768031697327769
}