{
  "timestamp": "2025-12-28T11:16:23",
  "reference_file": "KernelBench/select2/22_Tanh.py",
  "candidate_file": "/home/hyc/LLMKernel/run/20251228_103215_batch_range14to22_openai_deepseek/22_Tanh/code/kernel_20251228_111609.py",
  "tolerance": 1,
  "max_abs_err": 1.1920928955078125e-07,
  "mean_abs_err": 2.6959664722880916e-08,
  "ref_latency_ms": {
    "avg": 14.1574462890625,
    "min": 14.151679992675781,
    "max": 14.162943840026855,
    "all": [
      14.160127639770508,
      14.162943840026855,
      14.151679992675781,
      14.15875244140625,
      14.153727531433105
    ]
  },
  "test_latency_ms": {
    "avg": 20.79129638671875,
    "min": 20.774911880493164,
    "max": 20.802560806274414,
    "all": [
      20.774911880493164,
      20.802560806274414,
      20.794368743896484,
      20.794368743896484,
      20.790271759033203
    ]
  },
  "num_runs": 5,
  "model_init_args": [],
  "model_init_kwargs": {},
  "seed": 100,
  "align_stats": {
    "copied_same_shape": 0,
    "unique_shape_copied": 0,
    "mapped_shape": 0,
    "skipped": 0,
    "pair_aligner": 0,
    "pair_key": "Model->ModelNew"
  },
  "runnable": true,
  "phase": "seed_1",
  "pytorch_baseline_ms": 14.155583763122559,
  "score": 0.6808418051394328
}