{
  "timestamp": "2025-12-28T11:15:51",
  "reference_file": "KernelBench/select2/22_Tanh.py",
  "candidate_file": "/home/hyc/LLMKernel/run/20251228_103215_batch_range14to22_openai_deepseek/22_Tanh/code/kernel_20251228_111538.py",
  "tolerance": 1,
  "max_abs_err": 1.1920928955078125e-07,
  "mean_abs_err": 2.6959664722880916e-08,
  "ref_latency_ms": {
    "avg": 14.155583763122559,
    "min": 14.1527681350708,
    "max": 14.161919593811035,
    "all": [
      14.161919593811035,
      14.153727531433105,
      14.154751777648926,
      14.154751777648926,
      14.1527681350708
    ]
  },
  "test_latency_ms": {
    "avg": 20.82645149230957,
    "min": 20.81987190246582,
    "max": 20.8404483795166,
    "all": [
      20.825088500976562,
      20.82294464111328,
      20.8404483795166,
      20.81987190246582,
      20.823904037475586
    ]
  },
  "num_runs": 5,
  "model_init_args": [],
  "model_init_kwargs": {},
  "seed": 100,
  "align_stats": {
    "copied_same_shape": 0,
    "unique_shape_copied": 0,
    "mapped_shape": 0,
    "skipped": 0,
    "pair_aligner": 0,
    "pair_key": "Model->ModelNew"
  },
  "runnable": true,
  "phase": "seed_0",
  "score": 0.6796925423589173
}