{
  "timestamp": "2025-12-28T11:28:44",
  "reference_file": "KernelBench/select2/22_Tanh.py",
  "candidate_file": "/home/hyc/LLMKernel/run/20251228_103215_batch_range14to22_openai_deepseek/22_Tanh/code/kernel_20251228_112829.py",
  "tolerance": 1,
  "max_abs_err": 1.7881393432617188e-07,
  "mean_abs_err": 2.89208035297861e-08,
  "ref_latency_ms": {
    "avg": 14.159993553161621,
    "min": 14.154751777648926,
    "max": 14.17420768737793,
    "all": [
      14.157600402832031,
      14.155584335327148,
      14.154751777648926,
      14.15782356262207,
      14.17420768737793
    ]
  },
  "test_latency_ms": {
    "avg": 20.76609230041504,
    "min": 20.757503509521484,
    "max": 20.791296005249023,
    "all": [
      20.75948715209961,
      20.757503509521484,
      20.757503509521484,
      20.791296005249023,
      20.764671325683594
    ]
  },
  "num_runs": 5,
  "model_init_args": [],
  "model_init_kwargs": {},
  "seed": 100,
  "align_stats": {
    "copied_same_shape": 0,
    "unique_shape_copied": 0,
    "mapped_shape": 0,
    "skipped": 0,
    "pair_aligner": 0,
    "pair_key": "Model->ModelNew"
  },
  "runnable": true,
  "phase": "stage2_block_tiling",
  "pytorch_baseline_ms": 14.155583763122559,
  "score": 0.681668152021054
}