{
  "timestamp": "2025-12-28T11:18:40",
  "reference_file": "KernelBench/select2/22_Tanh.py",
  "candidate_file": "/home/hyc/LLMKernel/run/20251228_103215_batch_range14to22_openai_deepseek/22_Tanh/code/kernel_20251228_111827.py",
  "tolerance": 1,
  "max_abs_err": 1.7881393432617188e-07,
  "mean_abs_err": 2.89208035297861e-08,
  "ref_latency_ms": {
    "avg": 14.153676795959473,
    "min": 14.148608207702637,
    "max": 14.156800270080566,
    "all": [
      14.156800270080566,
      14.156767845153809,
      14.151679992675781,
      14.15452766418457,
      14.148608207702637
    ]
  },
  "test_latency_ms": {
    "avg": 20.818534088134765,
    "min": 20.789247512817383,
    "max": 20.82815933227539,
    "all": [
      20.82713508605957,
      20.82815933227539,
      20.789247512817383,
      20.8220157623291,
      20.826112747192383
    ]
  },
  "num_runs": 5,
  "model_init_args": [],
  "model_init_kwargs": {},
  "seed": 100,
  "align_stats": {
    "copied_same_shape": 0,
    "unique_shape_copied": 0,
    "mapped_shape": 0,
    "skipped": 0,
    "pair_aligner": 0,
    "pair_key": "Model->ModelNew"
  },
  "runnable": true,
  "phase": "algorithm_optimized_seed0_repair1",
  "pytorch_baseline_ms": 14.155583763122559,
  "score": 0.6799510332089298
}