{
  "timestamp": "2025-12-12T22:19:30",
  "reference_file": "KernelBench/level1/22_Tanh.py",
  "candidate_file": "/home/hyc/LLMKernel/run/20251212_170043_batch_range5to40_deepseek_deepseek/22_Tanh/code/kernel_20251212_221917.py",
  "tolerance": 0.001,
  "max_abs_err": 1.1920928955078125e-07,
  "mean_abs_err": 2.6959664722880916e-08,
  "ref_latency_ms": {
    "avg": 14.015219116210938,
    "min": 14.011391639709473,
    "max": 14.018367767333984,
    "all": [
      14.015359878540039,
      14.011391639709473,
      14.013440132141113,
      14.018367767333984,
      14.017536163330078
    ]
  },
  "test_latency_ms": {
    "avg": 20.719821166992187,
    "min": 20.714496612548828,
    "max": 20.72470474243164,
    "all": [
      20.723712921142578,
      20.721664428710938,
      20.714496612548828,
      20.72470474243164,
      20.714527130126953
    ]
  },
  "num_runs": 5,
  "model_init_args": [],
  "model_init_kwargs": {},
  "seed": 100,
  "align_stats": {
    "copied_same_shape": 0,
    "unique_shape_copied": 0,
    "mapped_shape": 0,
    "skipped": 0,
    "pair_aligner": 0,
    "pair_key": "Model->ModelNew"
  },
  "runnable": true,
  "phase": "stage4_advanced_memory",
  "pytorch_baseline_ms": 14.020563316345214,
  "score": 0.6766739540532687
}