{
  "timestamp": "2025-12-28T11:23:14",
  "reference_file": "KernelBench/select2/22_Tanh.py",
  "candidate_file": "/home/hyc/LLMKernel/run/20251228_103215_batch_range14to22_openai_deepseek/22_Tanh/code/kernel_20251228_112300.py",
  "tolerance": 1,
  "max_abs_err": 1.1920928955078125e-07,
  "mean_abs_err": 2.6959664722880916e-08,
  "ref_latency_ms": {
    "avg": 14.14921588897705,
    "min": 14.141535758972168,
    "max": 14.154751777648926,
    "all": [
      14.153727531433105,
      14.154751777648926,
      14.143360137939453,
      14.152704238891602,
      14.141535758972168
    ]
  },
  "test_latency_ms": {
    "avg": 20.72780838012695,
    "min": 20.723712921142578,
    "max": 20.734975814819336,
    "all": [
      20.727807998657227,
      20.728832244873047,
      20.723712921142578,
      20.723712921142578,
      20.734975814819336
    ]
  },
  "num_runs": 5,
  "model_init_args": [],
  "model_init_kwargs": {},
  "seed": 100,
  "align_stats": {
    "copied_same_shape": 0,
    "unique_shape_copied": 0,
    "mapped_shape": 0,
    "skipped": 0,
    "pair_aligner": 0,
    "pair_key": "Model->ModelNew"
  },
  "runnable": true,
  "phase": "stage1_grid_and_parallel",
  "pytorch_baseline_ms": 14.155583763122559,
  "score": 0.682927181857509
}