{
  "timestamp": "2025-12-13T11:21:06",
  "reference_file": "KernelBench/level1_low_score/85_conv_depthwise_2D_asymmetric_input_asymmetric_kernel.py",
  "candidate_file": "/home/hyc/LLMKernel/run/20251213_091928_batch_range68to99_openai_deepseek/85_conv_depthwise_2D_asymmetric_input_asymmetric_kernel/code/kernel_20251213_112101.py",
  "tolerance": 0.001,
  "max_abs_err": 0.0,
  "mean_abs_err": 0.0,
  "ref_latency_ms": {
    "avg": 2.6627455711364747,
    "min": 2.6559360027313232,
    "max": 2.6808319091796875,
    "all": [
      2.6808319091796875,
      2.6603519916534424,
      2.6572799682617188,
      2.6559360027313232,
      2.659327983856201
    ]
  },
  "test_latency_ms": {
    "avg": 2.6098304271697996,
    "min": 2.6036479473114014,
    "max": 2.62227201461792,
    "all": [
      2.6122241020202637,
      2.6036479473114014,
      2.6071040630340576,
      2.6039040088653564,
      2.62227201461792
    ]
  },
  "num_runs": 5,
  "model_init_args": [
    128,
    128,
    3,
    7,
    1,
    1,
    0,
    0,
    1,
    1,
    128
  ],
  "model_init_kwargs": {},
  "seed": 100,
  "align_stats": {
    "pair_aligner": 1,
    "copied_same_shape": 1,
    "mapped_shape": 0,
    "skipped": 0,
    "pair_key": "Model->ModelNew"
  },
  "runnable": true,
  "phase": "stage3_repair",
  "pytorch_baseline_ms": 2.868486452102661,
  "score": 1.0991083643749828
}