{
  "timestamp": "2025-12-28T13:59:25",
  "reference_file": "KernelBench/level1/85_conv_depthwise_2D_asymmetric_input_asymmetric_kernel.py",
  "candidate_file": "/home/hyc/LLMKernel/run/20251228_135007_85_conv_depthwise_2D_asymmetric_input_asymmetric_kernel_openai_deepseek/85_conv_depthwise_2D_asymmetric_input_asymmetric_kernel/code/kernel_20251228_135921.py",
  "tolerance": 1,
  "max_abs_err": 0.0,
  "mean_abs_err": 0.0,
  "ref_latency_ms": {
    "avg": 2.8749695777893067,
    "min": 2.870271921157837,
    "max": 2.8835840225219727,
    "all": [
      2.8835840225219727,
      2.8743679523468018,
      2.8723199367523193,
      2.870271921157837,
      2.8743040561676025
    ]
  },
  "test_latency_ms": {
    "avg": 1.8102847814559937,
    "min": 1.8053120374679565,
    "max": 1.8148159980773926,
    "all": [
      1.8148159980773926,
      1.8094079494476318,
      1.8083839416503906,
      1.8053120374679565,
      1.8135039806365967
    ]
  },
  "num_runs": 5,
  "model_init_args": [
    128,
    128,
    3,
    7,
    1,
    1,
    0,
    0,
    1,
    1,
    128
  ],
  "model_init_kwargs": {},
  "seed": 100,
  "align_stats": {
    "pair_aligner": 1,
    "copied_same_shape": 1,
    "mapped_shape": 0,
    "skipped": 0,
    "pair_key": "Model->ModelNew"
  },
  "runnable": true,
  "phase": "stage1_grid_and_parallel_repair",
  "score": 1.5881311091158805
}