{
  "timestamp": "2025-12-28T13:53:06",
  "reference_file": "KernelBench/level1/85_conv_depthwise_2D_asymmetric_input_asymmetric_kernel.py",
  "candidate_file": "/home/hyc/LLMKernel/run/20251228_135007_85_conv_depthwise_2D_asymmetric_input_asymmetric_kernel_openai_deepseek/85_conv_depthwise_2D_asymmetric_input_asymmetric_kernel/code/kernel_20251228_135301.py",
  "tolerance": 1,
  "max_abs_err": 0.0,
  "mean_abs_err": 0.0,
  "ref_latency_ms": {
    "avg": 2.869721603393555,
    "min": 2.866175889968872,
    "max": 2.876415967941284,
    "all": [
      2.876415967941284,
      2.868000030517578,
      2.8689920902252197,
      2.866175889968872,
      2.8690240383148193
    ]
  },
  "test_latency_ms": {
    "avg": 2.1773631095886232,
    "min": 2.1674559116363525,
    "max": 2.1831679344177246,
    "all": [
      2.1770238876342773,
      2.1821439266204834,
      2.1770238876342773,
      2.1674559116363525,
      2.1831679344177246
    ]
  },
  "num_runs": 5,
  "model_init_args": [
    128,
    128,
    3,
    7,
    1,
    1,
    0,
    0,
    1,
    1,
    128
  ],
  "model_init_kwargs": {},
  "seed": 100,
  "align_stats": {
    "pair_aligner": 1,
    "copied_same_shape": 1,
    "mapped_shape": 0,
    "skipped": 0,
    "pair_key": "Model->ModelNew"
  },
  "runnable": true,
  "phase": "seed_1_repair_1",
  "score": 1.3179802628031763
}