{
  "timestamp": "2025-12-28T13:51:33",
  "reference_file": "KernelBench/level1/85_conv_depthwise_2D_asymmetric_input_asymmetric_kernel.py",
  "candidate_file": "/home/hyc/LLMKernel/run/20251228_135007_85_conv_depthwise_2D_asymmetric_input_asymmetric_kernel_openai_deepseek/85_conv_depthwise_2D_asymmetric_input_asymmetric_kernel/code/kernel_20251228_135128.py",
  "tolerance": 1,
  "max_abs_err": 0.0,
  "mean_abs_err": 0.0,
  "ref_latency_ms": {
    "avg": 2.8733439445495605,
    "min": 2.8682239055633545,
    "max": 2.884608030319214,
    "all": [
      2.884608030319214,
      2.8723199367523193,
      2.8723199367523193,
      2.8682239055633545,
      2.8692479133605957
    ]
  },
  "test_latency_ms": {
    "avg": 2.3378176212310793,
    "min": 2.327552080154419,
    "max": 2.352128028869629,
    "all": [
      2.327552080154419,
      2.32857608795166,
      2.3357439041137695,
      2.345088005065918,
      2.352128028869629
    ]
  },
  "num_runs": 5,
  "model_init_args": [
    128,
    128,
    3,
    7,
    1,
    1,
    0,
    0,
    1,
    1,
    128
  ],
  "model_init_kwargs": {},
  "seed": 100,
  "align_stats": {
    "pair_aligner": 1,
    "copied_same_shape": 1,
    "mapped_shape": 0,
    "skipped": 0,
    "pair_key": "Model->ModelNew"
  },
  "runnable": true,
  "phase": "seed_0_repair_1",
  "score": 1.2290710440605186
}