{
  "timestamp": "2025-12-13T11:21:42",
  "reference_file": "KernelBench/level1_low_score/85_conv_depthwise_2D_asymmetric_input_asymmetric_kernel.py",
  "candidate_file": "/home/hyc/LLMKernel/run/20251213_091928_batch_range68to99_openai_deepseek/85_conv_depthwise_2D_asymmetric_input_asymmetric_kernel/code/kernel_20251213_112138.py",
  "tolerance": 0.001,
  "max_abs_err": 0.0,
  "mean_abs_err": 0.0,
  "ref_latency_ms": {
    "avg": 2.648313570022583,
    "min": 2.6438400745391846,
    "max": 2.6572799682617188,
    "all": [
      2.6572799682617188,
      2.6473920345306396,
      2.6438400745391846,
      2.6460158824920654,
      2.6470398902893066
    ]
  },
  "test_latency_ms": {
    "avg": 2.498803234100342,
    "min": 2.4832000732421875,
    "max": 2.516832113265991,
    "all": [
      2.48799991607666,
      2.4832000732421875,
      2.504703998565674,
      2.5012800693511963,
      2.516832113265991
    ]
  },
  "num_runs": 5,
  "model_init_args": [
    128,
    128,
    3,
    7,
    1,
    1,
    0,
    0,
    1,
    1,
    128
  ],
  "model_init_kwargs": {},
  "seed": 100,
  "align_stats": {
    "pair_aligner": 1,
    "copied_same_shape": 1,
    "mapped_shape": 0,
    "skipped": 0,
    "pair_key": "Model->ModelNew"
  },
  "runnable": true,
  "phase": "stage4_advanced_memory",
  "pytorch_baseline_ms": 2.868486452102661,
  "score": 1.1479441089868039
}