{
  "timestamp": "2025-12-28T14:00:17",
  "reference_file": "KernelBench/level1/85_conv_depthwise_2D_asymmetric_input_asymmetric_kernel.py",
  "candidate_file": "/home/hyc/LLMKernel/run/20251228_135007_85_conv_depthwise_2D_asymmetric_input_asymmetric_kernel_openai_deepseek/85_conv_depthwise_2D_asymmetric_input_asymmetric_kernel/code/kernel_20251228_140012.py",
  "tolerance": 1,
  "max_abs_err": 0.0,
  "mean_abs_err": 0.0,
  "ref_latency_ms": {
    "avg": 2.754700756072998,
    "min": 2.748415946960449,
    "max": 2.7688639163970947,
    "all": [
      2.7688639163970947,
      2.752511978149414,
      2.7522239685058594,
      2.748415946960449,
      2.751487970352173
    ]
  },
  "test_latency_ms": {
    "avg": 1.9793920040130615,
    "min": 1.9742720127105713,
    "max": 1.9865599870681763,
    "all": [
      1.9824639558792114,
      1.9742720127105713,
      1.9763200283050537,
      1.977344036102295,
      1.9865599870681763
    ]
  },
  "num_runs": 5,
  "model_init_args": [
    128,
    128,
    3,
    7,
    1,
    1,
    0,
    0,
    1,
    1,
    128
  ],
  "model_init_kwargs": {},
  "seed": 100,
  "align_stats": {
    "pair_aligner": 1,
    "copied_same_shape": 1,
    "mapped_shape": 0,
    "skipped": 0,
    "pair_key": "Model->ModelNew"
  },
  "runnable": true,
  "phase": "stage2_block_tiling",
  "score": 1.3916903526376074
}