{
  "timestamp": "2025-12-13T11:19:35",
  "reference_file": "KernelBench/level1_low_score/85_conv_depthwise_2D_asymmetric_input_asymmetric_kernel.py",
  "candidate_file": "/home/hyc/LLMKernel/run/20251213_091928_batch_range68to99_openai_deepseek/85_conv_depthwise_2D_asymmetric_input_asymmetric_kernel/code/kernel_20251213_111931.py",
  "tolerance": 0.001,
  "max_abs_err": 0.0,
  "mean_abs_err": 0.0,
  "ref_latency_ms": {
    "avg": 2.868486452102661,
    "min": 2.863039970397949,
    "max": 2.879296064376831,
    "all": [
      2.879296064376831,
      2.8658881187438965,
      2.867136001586914,
      2.863039970397949,
      2.867072105407715
    ]
  },
  "test_latency_ms": {
    "avg": 2.4174911975860596,
    "min": 2.4127039909362793,
    "max": 2.4208319187164307,
    "all": [
      2.4208319187164307,
      2.416640043258667,
      2.417664051055908,
      2.4127039909362793,
      2.4196159839630127
    ]
  },
  "num_runs": 5,
  "model_init_args": [
    128,
    128,
    3,
    7,
    1,
    1,
    0,
    0,
    1,
    1,
    128
  ],
  "model_init_kwargs": {},
  "seed": 100,
  "align_stats": {
    "pair_aligner": 1,
    "copied_same_shape": 1,
    "mapped_shape": 0,
    "skipped": 0,
    "pair_key": "Model->ModelNew"
  },
  "runnable": true,
  "phase": "seed",
  "score": 1.1865550761743968
}