{
  "timestamp": "2025-12-13T09:55:04",
  "reference_file": "KernelBench/level1_low_score/51_Argmax_over_a_dimension.py",
  "candidate_file": "/home/hyc/LLMKernel/run/20251213_092218_batch_range49to66_openai_deepseek/51_Argmax_over_a_dimension/code/kernel_20251213_095443.py",
  "tolerance": 0.001,
  "max_abs_err": 0,
  "mean_abs_err": 0.0,
  "ref_latency_ms": {
    "avg": 10.004864120483399,
    "min": 9.953280448913574,
    "max": 10.046431541442871,
    "all": [
      9.953280448913574,
      10.00438404083252,
      10.004480361938477,
      10.01574420928955,
      10.046431541442871
    ]
  },
  "test_latency_ms": {
    "avg": 9.046464157104491,
    "min": 9.038847923278809,
    "max": 9.06054401397705,
    "all": [
      9.06054401397705,
      9.048064231872559,
      9.039872169494629,
      9.038847923278809,
      9.044992446899414
    ]
  },
  "num_runs": 5,
  "model_init_args": [
    1
  ],
  "model_init_kwargs": {},
  "seed": 100,
  "align_stats": {
    "copied_same_shape": 0,
    "unique_shape_copied": 0,
    "mapped_shape": 0,
    "skipped": 0,
    "pair_aligner": 0,
    "pair_key": "Model->ModelNew"
  },
  "runnable": true,
  "phase": "stage4_advanced_memory",
  "pytorch_baseline_ms": 9.979903984069825,
  "score": 1.1031828359406335
}