{
  "timestamp": "2025-12-13T09:49:20",
  "reference_file": "KernelBench/level1_low_score/51_Argmax_over_a_dimension.py",
  "candidate_file": "/home/hyc/LLMKernel/run/20251213_092218_batch_range49to66_openai_deepseek/51_Argmax_over_a_dimension/code/kernel_20251213_094905.py",
  "tolerance": 0.001,
  "max_abs_err": 0,
  "mean_abs_err": 0.0,
  "ref_latency_ms": {
    "avg": 9.977856063842774,
    "min": 9.936896324157715,
    "max": 10.02291202545166,
    "all": [
      9.936896324157715,
      9.987071990966797,
      9.954303741455078,
      10.02291202545166,
      9.988096237182617
    ]
  },
  "test_latency_ms": {
    "avg": 9.101312065124512,
    "min": 9.085951805114746,
    "max": 9.1146240234375,
    "all": [
      9.10540771484375,
      9.1146240234375,
      9.085951805114746,
      9.100288391113281,
      9.100288391113281
    ]
  },
  "num_runs": 5,
  "model_init_args": [
    1
  ],
  "model_init_kwargs": {},
  "seed": 100,
  "align_stats": {
    "copied_same_shape": 0,
    "unique_shape_copied": 0,
    "mapped_shape": 0,
    "skipped": 0,
    "pair_aligner": 0,
    "pair_key": "Model->ModelNew"
  },
  "runnable": true,
  "phase": "stage2_block_tiling",
  "pytorch_baseline_ms": 9.979903984069825,
  "score": 1.0965346438687675
}