{
  "timestamp": "2025-12-13T09:52:31",
  "reference_file": "KernelBench/level1_low_score/51_Argmax_over_a_dimension.py",
  "candidate_file": "/home/hyc/LLMKernel/run/20251213_092218_batch_range49to66_openai_deepseek/51_Argmax_over_a_dimension/code/kernel_20251213_095213.py",
  "tolerance": 0.001,
  "max_abs_err": 0,
  "mean_abs_err": 0.0,
  "ref_latency_ms": {
    "avg": 9.979391860961915,
    "min": 9.938943862915039,
    "max": 10.0065279006958,
    "all": [
      9.938943862915039,
      10.002143859863281,
      10.0065279006958,
      9.971712112426758,
      9.977631568908691
    ]
  },
  "test_latency_ms": {
    "avg": 9.050655746459961,
    "min": 9.047039985656738,
    "max": 9.061375617980957,
    "all": [
      9.061375617980957,
      9.049087524414062,
      9.047904014587402,
      9.047039985656738,
      9.047871589660645
    ]
  },
  "num_runs": 5,
  "model_init_args": [
    1
  ],
  "model_init_kwargs": {},
  "seed": 100,
  "align_stats": {
    "copied_same_shape": 0,
    "unique_shape_copied": 0,
    "mapped_shape": 0,
    "skipped": 0,
    "pair_aligner": 0,
    "pair_key": "Model->ModelNew"
  },
  "runnable": true,
  "phase": "stage3_repair",
  "pytorch_baseline_ms": 9.979903984069825,
  "score": 1.1026719238518519
}