{
  "timestamp": "2025-12-13T09:46:48",
  "reference_file": "KernelBench/level1_low_score/51_Argmax_over_a_dimension.py",
  "candidate_file": "/home/hyc/LLMKernel/run/20251213_092218_batch_range49to66_openai_deepseek/51_Argmax_over_a_dimension/code/kernel_20251213_094626.py",
  "tolerance": 0.001,
  "max_abs_err": 0,
  "mean_abs_err": 0.0,
  "ref_latency_ms": {
    "avg": 9.979903984069825,
    "min": 9.943039894104004,
    "max": 10.03212833404541,
    "all": [
      9.966591835021973,
      10.03212833404541,
      9.957375526428223,
      9.943039894104004,
      10.000384330749512
    ]
  },
  "test_latency_ms": {
    "avg": 28.62787857055664,
    "min": 28.594144821166992,
    "max": 28.703744888305664,
    "all": [
      28.703744888305664,
      28.594144821166992,
      28.5982723236084,
      28.619487762451172,
      28.623743057250977
    ]
  },
  "num_runs": 5,
  "model_init_args": [
    1
  ],
  "model_init_kwargs": {},
  "seed": 100,
  "align_stats": {
    "copied_same_shape": 0,
    "unique_shape_copied": 0,
    "mapped_shape": 0,
    "skipped": 0,
    "pair_aligner": 0,
    "pair_key": "Model->ModelNew"
  },
  "runnable": true,
  "phase": "seed_repair",
  "score": 0.348607877439232
}