{
  "timestamp": "2025-12-14T17:36:52",
  "reference_file": "KernelBench/level2/36_ConvTranspose2d_Min_Sum_GELU_Add.py",
  "candidate_file": "/home/hyc/LLMKernel/run/20251214_114657_batch_range25to55_deepseek_deepseek/36_ConvTranspose2d_Min_Sum_GELU_Add/code/kernel_20251214_173648.py",
  "tolerance": 0.001,
  "max_abs_err": 0.0,
  "mean_abs_err": 0.0,
  "ref_latency_ms": {
    "avg": 4.293836688995361,
    "min": 4.290559768676758,
    "max": 4.296703815460205,
    "all": [
      4.296703815460205,
      4.296703815460205,
      4.290559768676758,
      4.2936320304870605,
      4.291584014892578
    ]
  },
  "test_latency_ms": {
    "avg": 3.9334335803985594,
    "min": 3.9280641078948975,
    "max": 3.938591957092285,
    "all": [
      3.938591957092285,
      3.9331839084625244,
      3.93721604347229,
      3.930111885070801,
      3.9280641078948975
    ]
  },
  "num_runs": 5,
  "model_init_args": [
    64,
    128,
    3,
    2,
    1,
    1,
    [
      1,
      1,
      1
    ]
  ],
  "model_init_kwargs": {},
  "seed": 100,
  "align_stats": {
    "pair_aligner": 1,
    "copied_same_shape": 1,
    "mapped_shape": 0,
    "skipped": 0,
    "pair_key": "Model->ModelNew"
  },
  "runnable": true,
  "phase": "seed",
  "score": 1.0916255737462544
}