{
  "timestamp": "2025-12-14T18:12:34",
  "reference_file": "KernelBench/level2/36_ConvTranspose2d_Min_Sum_GELU_Add.py",
  "candidate_file": "/home/hyc/LLMKernel/run/20251214_114657_batch_range25to55_deepseek_deepseek/36_ConvTranspose2d_Min_Sum_GELU_Add/code/kernel_20251214_181230.py",
  "tolerance": 0.001,
  "max_abs_err": 0.0,
  "mean_abs_err": 0.0,
  "ref_latency_ms": {
    "avg": 4.2929792404174805,
    "min": 4.287487983703613,
    "max": 4.305920124053955,
    "all": [
      4.305920124053955,
      4.2936320304870605,
      4.288320064544678,
      4.287487983703613,
      4.289535999298096
    ]
  },
  "test_latency_ms": {
    "avg": 3.9358527183532717,
    "min": 3.930111885070801,
    "max": 3.9403839111328125,
    "all": [
      3.9342079162597656,
      3.9403839111328125,
      3.930111885070801,
      3.935231924057007,
      3.9393279552459717
    ]
  },
  "num_runs": 5,
  "model_init_args": [
    64,
    128,
    3,
    2,
    1,
    1,
    [
      1,
      1,
      1
    ]
  ],
  "model_init_kwargs": {},
  "seed": 100,
  "align_stats": {
    "pair_aligner": 1,
    "copied_same_shape": 1,
    "mapped_shape": 0,
    "skipped": 0,
    "pair_key": "Model->ModelNew"
  },
  "runnable": true,
  "phase": "stage3_memory_access",
  "pytorch_baseline_ms": 4.293836688995361,
  "score": 1.0909546154948264
}