{
  "timestamp": "2025-12-15T07:01:57",
  "reference_file": "KernelBench/level2/19_ConvTranspose2d_GELU_GroupNorm.py",
  "candidate_file": "/home/hyc/LLMKernel/run/20251215_062803_batch_range16to30_openai_deepseek/19_ConvTranspose2d_GELU_GroupNorm/code/kernel_20251215_070150.py",
  "tolerance": 0.001,
  "max_abs_err": 9.5367431640625e-07,
  "mean_abs_err": 6.040000926077482e-07,
  "ref_latency_ms": {
    "avg": 35.39751663208008,
    "min": 34.82137680053711,
    "max": 35.6190071105957,
    "all": [
      34.82137680053711,
      35.43552017211914,
      35.61779022216797,
      35.6190071105957,
      35.49388885498047
    ]
  },
  "test_latency_ms": {
    "avg": 31.324364852905273,
    "min": 30.729215621948242,
    "max": 31.733760833740234,
    "all": [
      31.733760833740234,
      30.729215621948242,
      31.715328216552734,
      30.77529525756836,
      31.668224334716797
    ]
  },
  "num_runs": 5,
  "model_init_args": [
    64,
    64,
    3,
    1,
    8,
    8
  ],
  "model_init_kwargs": {},
  "seed": 100,
  "align_stats": {
    "pair_aligner": 1,
    "copied_same_shape": 1,
    "mapped_shape": 0,
    "skipped": 0,
    "pair_key": "Model->ModelNew"
  },
  "runnable": true,
  "phase": "stage1_grid_and_parallel",
  "pytorch_baseline_ms": 35.53452835083008,
  "score": 1.1344053907459937
}