{
  "timestamp": "2025-12-15T06:47:23",
  "reference_file": "KernelBench/level2/19_ConvTranspose2d_GELU_GroupNorm.py",
  "candidate_file": "/home/hyc/LLMKernel/run/20251215_062803_batch_range16to30_openai_deepseek/19_ConvTranspose2d_GELU_GroupNorm/code/kernel_20251215_064716.py",
  "tolerance": 0.001,
  "max_abs_err": 2.0265579223632812e-06,
  "mean_abs_err": 5.914972689424758e-07,
  "ref_latency_ms": {
    "avg": 35.53452835083008,
    "min": 35.36297607421875,
    "max": 35.603519439697266,
    "all": [
      35.56476974487305,
      35.603519439697266,
      35.36297607421875,
      35.5522575378418,
      35.58911895751953
    ]
  },
  "test_latency_ms": {
    "avg": 28.566470336914062,
    "min": 28.289024353027344,
    "max": 28.799711227416992,
    "all": [
      28.702720642089844,
      28.73855972290039,
      28.302335739135742,
      28.799711227416992,
      28.289024353027344
    ]
  },
  "num_runs": 5,
  "model_init_args": [
    64,
    64,
    3,
    1,
    8,
    8
  ],
  "model_init_kwargs": {},
  "seed": 100,
  "align_stats": {
    "pair_aligner": 1,
    "copied_same_shape": 1,
    "mapped_shape": 0,
    "skipped": 0,
    "pair_key": "Model->ModelNew"
  },
  "runnable": true,
  "phase": "seed_repair",
  "score": 1.243924360683503
}