{
  "timestamp": "2025-12-28T15:34:43",
  "reference_file": "KernelBench/tt/6_Conv3d_Softmax_MaxPool_MaxPool.py",
  "candidate_file": "/home/hyc/LLMKernel/run/20251228_142837_batch_range3to11_openai_deepseek/6_Conv3d_Softmax_MaxPool_MaxPool/code/kernel_20251228_153439.py",
  "tolerance": 1,
  "max_abs_err": 0.1590663492679596,
  "mean_abs_err": 0.04612463340163231,
  "ref_latency_ms": {
    "avg": 1.2799936056137085,
    "min": 1.2757760286331177,
    "max": 1.2870399951934814,
    "all": [
      1.2870399951934814,
      1.2792960405349731,
      1.278880000114441,
      1.2757760286331177,
      1.2789759635925293
    ]
  },
  "test_latency_ms": {
    "avg": 1.8561472177505494,
    "min": 1.8534400463104248,
    "max": 1.8594880104064941,
    "all": [
      1.8594880104064941,
      1.856768012046814,
      1.854464054107666,
      1.8534400463104248,
      1.8565759658813477
    ]
  },
  "num_runs": 5,
  "model_init_args": [
    3,
    16,
    3,
    2
  ],
  "model_init_kwargs": {},
  "seed": 100,
  "align_stats": {
    "pair_aligner": 1,
    "copied_same_shape": 1,
    "mapped_shape": 0,
    "skipped": 0,
    "pair_key": "Model->ModelNew"
  },
  "runnable": true,
  "phase": "stage1_grid_and_parallel",
  "pytorch_baseline_ms": 1.2801727771759033,
  "score": 0.6896935571346193
}