{
  "timestamp": "2025-12-15T02:50:09",
  "reference_file": "KernelBench/level2/6_Conv3d_Softmax_MaxPool_MaxPool.py",
  "candidate_file": "/home/hyc/LLMKernel/run/20251215_024708_batch_range6to30_openai_deepseek/6_Conv3d_Softmax_MaxPool_MaxPool/code/kernel_20251215_024955.py",
  "tolerance": 0.001,
  "max_abs_err": 0.0,
  "mean_abs_err": 0.0,
  "ref_latency_ms": {
    "avg": 1.2257280111312867,
    "min": 1.2195839881896973,
    "max": 1.2349439859390259,
    "all": [
      1.2349439859390259,
      1.222656011581421,
      1.2267520427703857,
      1.2195839881896973,
      1.2247040271759033
    ]
  },
  "test_latency_ms": {
    "avg": 2.33372163772583,
    "min": 2.3315200805664062,
    "max": 2.3367679119110107,
    "all": [
      2.3359999656677246,
      2.3315200805664062,
      2.332672119140625,
      2.331648111343384,
      2.3367679119110107
    ]
  },
  "num_runs": 5,
  "model_init_args": [
    3,
    16,
    3,
    2
  ],
  "model_init_kwargs": {},
  "seed": 100,
  "align_stats": {
    "pair_aligner": 1,
    "copied_same_shape": 1,
    "mapped_shape": 0,
    "skipped": 0,
    "pair_key": "Model->ModelNew"
  },
  "runnable": true,
  "phase": "stage1_repair",
  "pytorch_baseline_ms": 1.2162816047668457,
  "score": 0.5211768126519538
}