{
  "timestamp": "2025-12-28T15:33:46",
  "reference_file": "KernelBench/tt/6_Conv3d_Softmax_MaxPool_MaxPool.py",
  "candidate_file": "/home/hyc/LLMKernel/run/20251228_142837_batch_range3to11_openai_deepseek/6_Conv3d_Softmax_MaxPool_MaxPool/code/kernel_20251228_153342.py",
  "tolerance": 1,
  "max_abs_err": 0.00012740492820739746,
  "mean_abs_err": 2.302825487277005e-05,
  "ref_latency_ms": {
    "avg": 1.2804095983505248,
    "min": 1.2759040594100952,
    "max": 1.2881920337677002,
    "all": [
      1.2881920337677002,
      1.282047986984253,
      1.2789759635925293,
      1.2769279479980469,
      1.2759040594100952
    ]
  },
  "test_latency_ms": {
    "avg": 2.4425727844238283,
    "min": 2.441215991973877,
    "max": 2.446239948272705,
    "all": [
      2.446239948272705,
      2.441215991973877,
      2.441215991973877,
      2.442239999771118,
      2.4419519901275635
    ]
  },
  "num_runs": 5,
  "model_init_args": [
    3,
    16,
    3,
    2
  ],
  "model_init_kwargs": {},
  "seed": 100,
  "align_stats": {
    "pair_aligner": 1,
    "copied_same_shape": 1,
    "mapped_shape": 0,
    "skipped": 0,
    "pair_key": "Model->ModelNew"
  },
  "runnable": true,
  "phase": "algorithm_optimized_seed1",
  "pytorch_baseline_ms": 1.2801727771759033,
  "score": 0.5241083440131262
}