{
  "timestamp": "2025-12-28T15:28:40",
  "reference_file": "KernelBench/tt/6_Conv3d_Softmax_MaxPool_MaxPool.py",
  "candidate_file": "/home/hyc/LLMKernel/run/20251228_142837_batch_range3to11_openai_deepseek/6_Conv3d_Softmax_MaxPool_MaxPool/code/kernel_20251228_152836.py",
  "tolerance": 1,
  "max_abs_err": 0.1590663492679596,
  "mean_abs_err": 0.04612463340163231,
  "ref_latency_ms": {
    "avg": 1.2801727771759033,
    "min": 1.2769279479980469,
    "max": 1.2860480546951294,
    "all": [
      1.2860480546951294,
      1.282047986984253,
      1.2769279479980469,
      1.2769279479980469,
      1.2789119482040405
    ]
  },
  "test_latency_ms": {
    "avg": 2.9710720062255858,
    "min": 2.96777606010437,
    "max": 2.976991891860962,
    "all": [
      2.976991891860962,
      2.9698240756988525,
      2.969343900680542,
      2.96777606010437,
      2.971424102783203
    ]
  },
  "num_runs": 5,
  "model_init_args": [
    3,
    16,
    3,
    2
  ],
  "model_init_kwargs": {},
  "seed": 100,
  "align_stats": {
    "pair_aligner": 1,
    "copied_same_shape": 1,
    "mapped_shape": 0,
    "skipped": 0,
    "pair_key": "Model->ModelNew"
  },
  "runnable": true,
  "phase": "seed_0",
  "score": 0.43087908152122484
}