{
  "timestamp": "2025-12-28T15:32:12",
  "reference_file": "KernelBench/tt/6_Conv3d_Softmax_MaxPool_MaxPool.py",
  "candidate_file": "/home/hyc/LLMKernel/run/20251228_142837_batch_range3to11_openai_deepseek/6_Conv3d_Softmax_MaxPool_MaxPool/code/kernel_20251228_153208.py",
  "tolerance": 1,
  "max_abs_err": 0.1590663492679596,
  "mean_abs_err": 0.04612463340163231,
  "ref_latency_ms": {
    "avg": 1.2803583860397338,
    "min": 1.2769279479980469,
    "max": 1.2879040241241455,
    "all": [
      1.2879040241241455,
      1.2790080308914185,
      1.2769279479980469,
      1.277951955795288,
      1.2799999713897705
    ]
  },
  "test_latency_ms": {
    "avg": 1.5033151865005494,
    "min": 1.5001599788665771,
    "max": 1.5063040256500244,
    "all": [
      1.5063040256500244,
      1.5039680004119873,
      1.5001599788665771,
      1.5011839866638184,
      1.5049599409103394
    ]
  },
  "num_runs": 5,
  "model_init_args": [
    3,
    16,
    3,
    2
  ],
  "model_init_kwargs": {},
  "seed": 100,
  "align_stats": {
    "pair_aligner": 1,
    "copied_same_shape": 1,
    "mapped_shape": 0,
    "skipped": 0,
    "pair_key": "Model->ModelNew"
  },
  "runnable": true,
  "phase": "algorithm_optimized_seed0",
  "pytorch_baseline_ms": 1.2801727771759033,
  "score": 0.8515664503835141
}