{
  "timestamp": "2025-12-15T02:52:26",
  "reference_file": "KernelBench/level2/6_Conv3d_Softmax_MaxPool_MaxPool.py",
  "candidate_file": "/home/hyc/LLMKernel/run/20251215_024708_batch_range6to30_openai_deepseek/6_Conv3d_Softmax_MaxPool_MaxPool/code/kernel_20251215_025220.py",
  "tolerance": 0.001,
  "max_abs_err": 0.0,
  "mean_abs_err": 0.0,
  "ref_latency_ms": {
    "avg": 1.2304383993148804,
    "min": 1.2257280349731445,
    "max": 1.2380160093307495,
    "all": [
      1.2380160093307495,
      1.2257280349731445,
      1.2298239469528198,
      1.227776050567627,
      1.230847954750061
    ]
  },
  "test_latency_ms": {
    "avg": 1.8187264204025269,
    "min": 1.8143680095672607,
    "max": 1.8226560354232788,
    "all": [
      1.8226560354232788,
      1.8175359964370728,
      1.8186240196228027,
      1.8143680095672607,
      1.8204480409622192
    ]
  },
  "num_runs": 5,
  "model_init_args": [
    3,
    16,
    3,
    2
  ],
  "model_init_kwargs": {},
  "seed": 100,
  "align_stats": {
    "pair_aligner": 1,
    "copied_same_shape": 1,
    "mapped_shape": 0,
    "skipped": 0,
    "pair_key": "Model->ModelNew"
  },
  "runnable": true,
  "phase": "stage2_repair",
  "pytorch_baseline_ms": 1.2162816047668457,
  "score": 0.6687545697486783
}