{
  "timestamp": "2025-12-15T02:55:17",
  "reference_file": "KernelBench/level2/6_Conv3d_Softmax_MaxPool_MaxPool.py",
  "candidate_file": "/home/hyc/LLMKernel/run/20251215_024708_batch_range6to30_openai_deepseek/6_Conv3d_Softmax_MaxPool_MaxPool/code/kernel_20251215_025511.py",
  "tolerance": 0.001,
  "max_abs_err": 0.0,
  "mean_abs_err": 0.0,
  "ref_latency_ms": {
    "avg": 1.2249216079711913,
    "min": 1.2206079959869385,
    "max": 1.2330559492111206,
    "all": [
      1.2330559492111206,
      1.2247040271759033,
      1.2225600481033325,
      1.2206079959869385,
      1.223680019378662
    ]
  },
  "test_latency_ms": {
    "avg": 1.970585584640503,
    "min": 1.9671039581298828,
    "max": 1.9742720127105713,
    "all": [
      1.9742720127105713,
      1.9701759815216064,
      1.9671039581298828,
      1.9701759815216064,
      1.9711999893188477
    ]
  },
  "num_runs": 5,
  "model_init_args": [
    3,
    16,
    3,
    2
  ],
  "model_init_kwargs": {},
  "seed": 100,
  "align_stats": {
    "pair_aligner": 1,
    "copied_same_shape": 1,
    "mapped_shape": 0,
    "skipped": 0,
    "pair_key": "Model->ModelNew"
  },
  "runnable": true,
  "phase": "stage4_repair",
  "pytorch_baseline_ms": 1.2162816047668457,
  "score": 0.6172183610024398
}