{
  "timestamp": "2025-12-15T02:53:48",
  "reference_file": "KernelBench/level2/6_Conv3d_Softmax_MaxPool_MaxPool.py",
  "candidate_file": "/home/hyc/LLMKernel/run/20251215_024708_batch_range6to30_openai_deepseek/6_Conv3d_Softmax_MaxPool_MaxPool/code/kernel_20251215_025340.py",
  "tolerance": 0.001,
  "max_abs_err": 0.0,
  "mean_abs_err": 0.0,
  "ref_latency_ms": {
    "avg": 1.2246336221694947,
    "min": 1.2214720249176025,
    "max": 1.2316800355911255,
    "all": [
      1.2316800355911255,
      1.2247040271759033,
      1.2214720249176025,
      1.223680019378662,
      1.2216320037841797
    ]
  },
  "test_latency_ms": {
    "avg": 1.3426623821258545,
    "min": 1.339359998703003,
    "max": 1.346560001373291,
    "all": [
      1.3455359935760498,
      1.3424639701843262,
      1.3393919467926025,
      1.339359998703003,
      1.346560001373291
    ]
  },
  "num_runs": 5,
  "model_init_args": [
    3,
    16,
    3,
    2
  ],
  "model_init_kwargs": {},
  "seed": 100,
  "align_stats": {
    "pair_aligner": 1,
    "copied_same_shape": 1,
    "mapped_shape": 0,
    "skipped": 0,
    "pair_key": "Model->ModelNew"
  },
  "runnable": true,
  "phase": "stage3_memory_access",
  "pytorch_baseline_ms": 1.2162816047668457,
  "score": 0.9058730034881081
}