{
  "timestamp": "2025-12-28T15:30:17",
  "reference_file": "KernelBench/tt/6_Conv3d_Softmax_MaxPool_MaxPool.py",
  "candidate_file": "/home/hyc/LLMKernel/run/20251228_142837_batch_range3to11_openai_deepseek/6_Conv3d_Softmax_MaxPool_MaxPool/code/kernel_20251228_153012.py",
  "tolerance": 1,
  "max_abs_err": 5.960464477539063e-08,
  "mean_abs_err": 6.634225613311173e-09,
  "ref_latency_ms": {
    "avg": 1.279520034790039,
    "min": 1.2759040594100952,
    "max": 1.2872320413589478,
    "all": [
      1.2872320413589478,
      1.2799999713897705,
      1.2759040594100952,
      1.2766400575637817,
      1.2778240442276
    ]
  },
  "test_latency_ms": {
    "avg": 16.66904945373535,
    "min": 16.666624069213867,
    "max": 16.670719146728516,
    "all": [
      16.670719146728516,
      16.666624069213867,
      16.669567108154297,
      16.66864013671875,
      16.669696807861328
    ]
  },
  "num_runs": 5,
  "model_init_args": [
    3,
    16,
    3,
    2
  ],
  "model_init_kwargs": {},
  "seed": 100,
  "align_stats": {
    "pair_aligner": 1,
    "copied_same_shape": 1,
    "mapped_shape": 0,
    "skipped": 0,
    "pair_key": "Model->ModelNew"
  },
  "runnable": true,
  "phase": "seed_1",
  "pytorch_baseline_ms": 1.2801727771759033,
  "score": 0.07679938683540415
}