{
  "timestamp": "2025-12-28T15:35:43",
  "reference_file": "KernelBench/tt/6_Conv3d_Softmax_MaxPool_MaxPool.py",
  "candidate_file": "/home/hyc/LLMKernel/run/20251228_142837_batch_range3to11_openai_deepseek/6_Conv3d_Softmax_MaxPool_MaxPool/code/kernel_20251228_153539.py",
  "tolerance": 1,
  "max_abs_err": 0.1590663194656372,
  "mean_abs_err": 0.04612463340163231,
  "ref_latency_ms": {
    "avg": 1.2810495853424073,
    "min": 1.2766720056533813,
    "max": 1.291167974472046,
    "all": [
      1.291167974472046,
      1.2810239791870117,
      1.2782080173492432,
      1.2766720056533813,
      1.278175950050354
    ]
  },
  "test_latency_ms": {
    "avg": 1.2317951917648315,
    "min": 1.2306879758834839,
    "max": 1.233855962753296,
    "all": [
      1.233855962753296,
      1.230847954750061,
      1.2306879758834839,
      1.2308160066604614,
      1.2327680587768555
    ]
  },
  "num_runs": 5,
  "model_init_args": [
    3,
    16,
    3,
    2
  ],
  "model_init_kwargs": {},
  "seed": 100,
  "align_stats": {
    "pair_aligner": 1,
    "copied_same_shape": 1,
    "mapped_shape": 0,
    "skipped": 0,
    "pair_key": "Model->ModelNew"
  },
  "runnable": true,
  "phase": "stage2_block_tiling",
  "pytorch_baseline_ms": 1.2801727771759033,
  "score": 1.0392740495615669
}