{
  "timestamp": "2025-12-15T02:48:20",
  "reference_file": "KernelBench/level2/6_Conv3d_Softmax_MaxPool_MaxPool.py",
  "candidate_file": "/home/hyc/LLMKernel/run/20251215_024708_batch_range6to30_openai_deepseek/6_Conv3d_Softmax_MaxPool_MaxPool/code/kernel_20251215_024816.py",
  "tolerance": 0.001,
  "max_abs_err": 0.0,
  "mean_abs_err": 0.0,
  "ref_latency_ms": {
    "avg": 1.2162816047668457,
    "min": 1.2124160528182983,
    "max": 1.2245759963989258,
    "all": [
      1.2245759963989258,
      1.2165119647979736,
      1.2154879570007324,
      1.2124160528182983,
      1.2124160528182983
    ]
  },
  "test_latency_ms": {
    "avg": 2.433638334274292,
    "min": 2.4299519062042236,
    "max": 2.437119960784912,
    "all": [
      2.437119960784912,
      2.4340479373931885,
      2.4299519062042236,
      2.430975914001465,
      2.436095952987671
    ]
  },
  "num_runs": 5,
  "model_init_args": [
    3,
    16,
    3,
    2
  ],
  "model_init_kwargs": {},
  "seed": 100,
  "align_stats": {
    "pair_aligner": 1,
    "copied_same_shape": 1,
    "mapped_shape": 0,
    "skipped": 0,
    "pair_key": "Model->ModelNew"
  },
  "runnable": true,
  "phase": "seed_repair",
  "score": 0.4997791116441874
}