{
  "timestamp": "2025-12-15T04:14:02",
  "reference_file": "KernelBench/level2/68_Matmul_Min_Subtract.py",
  "candidate_file": "/home/hyc/LLMKernel/run/20251215_024837_batch_range56to88_openai_deepseek/68_Matmul_Min_Subtract/code/kernel_20251215_041355.py",
  "tolerance": 0.001,
  "max_abs_err": 0.0011861324310302734,
  "mean_abs_err": 0.00019353025709278882,
  "ref_latency_ms": {
    "avg": 1.6389312028884888,
    "min": 1.6291840076446533,
    "max": 1.6555520296096802,
    "all": [
      1.6555520296096802,
      1.6291840076446533,
      1.6353280544281006,
      1.6331199407577515,
      1.6414719820022583
    ]
  },
  "test_latency_ms": {
    "avg": 1.31671040058136,
    "min": 1.307647943496704,
    "max": 1.324288010597229,
    "all": [
      1.324288010597229,
      1.3209600448608398,
      1.3158400058746338,
      1.307647943496704,
      1.3148159980773926
    ]
  },
  "num_runs": 5,
  "model_init_args": [
    16384,
    16384,
    2.0
  ],
  "model_init_kwargs": {},
  "seed": 100,
  "align_stats": {
    "copied_same_shape": 1,
    "unique_shape_copied": 2,
    "mapped_shape": 0,
    "skipped": 0,
    "pair_aligner": 0,
    "pair_key": "Model->ModelNew"
  },
  "runnable": true,
  "phase": "stage3_repair",
  "pytorch_baseline_ms": 1.6418047666549682,
  "score": 1.2468989125703505
}