{
  "timestamp": "2025-12-15T04:09:13",
  "reference_file": "KernelBench/level2/68_Matmul_Min_Subtract.py",
  "candidate_file": "/home/hyc/LLMKernel/run/20251215_024837_batch_range56to88_openai_deepseek/68_Matmul_Min_Subtract/code/kernel_20251215_040907.py",
  "tolerance": 0.001,
  "max_abs_err": 0.0011861324310302734,
  "mean_abs_err": 0.00019353025709278882,
  "ref_latency_ms": {
    "avg": 1.6418047666549682,
    "min": 1.6342719793319702,
    "max": 1.6545599699020386,
    "all": [
      1.6545599699020386,
      1.6414719820022583,
      1.6373759508132935,
      1.6413439512252808,
      1.6342719793319702
    ]
  },
  "test_latency_ms": {
    "avg": 9.116204833984375,
    "min": 9.057279586791992,
    "max": 9.206560134887695,
    "all": [
      9.086912155151367,
      9.206560134887695,
      9.153535842895508,
      9.057279586791992,
      9.076736450195312
    ]
  },
  "num_runs": 5,
  "model_init_args": [
    16384,
    16384,
    2.0
  ],
  "model_init_kwargs": {},
  "seed": 100,
  "align_stats": {
    "copied_same_shape": 1,
    "unique_shape_copied": 2,
    "mapped_shape": 0,
    "skipped": 0,
    "pair_aligner": 0,
    "pair_key": "Model->ModelNew"
  },
  "runnable": true,
  "phase": "seed",
  "score": 0.18009739760722257
}