{
  "timestamp": "2025-12-15T04:15:25",
  "reference_file": "KernelBench/level2/68_Matmul_Min_Subtract.py",
  "candidate_file": "/home/hyc/LLMKernel/run/20251215_024837_batch_range56to88_openai_deepseek/68_Matmul_Min_Subtract/code/kernel_20251215_041518.py",
  "tolerance": 0.001,
  "max_abs_err": 0.0011861324310302734,
  "mean_abs_err": 0.00019353025709278882,
  "ref_latency_ms": {
    "avg": 1.6462912082672119,
    "min": 1.6401920318603516,
    "max": 1.6599040031433105,
    "all": [
      1.6599040031433105,
      1.6414719820022583,
      1.6473920345306396,
      1.6401920318603516,
      1.6424959897994995
    ]
  },
  "test_latency_ms": {
    "avg": 1.2508864164352418,
    "min": 1.2298239469528198,
    "max": 1.2892160415649414,
    "all": [
      1.2616640329360962,
      1.2892160415649414,
      1.2308800220489502,
      1.2298239469528198,
      1.2428480386734009
    ]
  },
  "num_runs": 5,
  "model_init_args": [
    16384,
    16384,
    2.0
  ],
  "model_init_kwargs": {},
  "seed": 100,
  "align_stats": {
    "copied_same_shape": 1,
    "unique_shape_copied": 2,
    "mapped_shape": 0,
    "skipped": 0,
    "pair_aligner": 0,
    "pair_key": "Model->ModelNew"
  },
  "runnable": true,
  "phase": "stage4_repair",
  "pytorch_baseline_ms": 1.6418047666549682,
  "score": 1.312513066800869
}