{
  "timestamp": "2025-12-15T04:12:14",
  "reference_file": "KernelBench/level2/68_Matmul_Min_Subtract.py",
  "candidate_file": "/home/hyc/LLMKernel/run/20251215_024837_batch_range56to88_openai_deepseek/68_Matmul_Min_Subtract/code/kernel_20251215_041207.py",
  "tolerance": 0.001,
  "max_abs_err": 0.0011861324310302734,
  "mean_abs_err": 0.00019353025709278882,
  "ref_latency_ms": {
    "avg": 1.64825599193573,
    "min": 1.640447974205017,
    "max": 1.6599040031433105,
    "all": [
      1.6599040031433105,
      1.649791955947876,
      1.640447974205017,
      1.6486400365829468,
      1.6424959897994995
    ]
  },
  "test_latency_ms": {
    "avg": 9.551007843017578,
    "min": 9.533439636230469,
    "max": 9.576255798339844,
    "all": [
      9.576255798339844,
      9.545727729797363,
      9.545727729797363,
      9.533439636230469,
      9.553888320922852
    ]
  },
  "num_runs": 5,
  "model_init_args": [
    16384,
    16384,
    2.0
  ],
  "model_init_kwargs": {},
  "seed": 100,
  "align_stats": {
    "copied_same_shape": 1,
    "unique_shape_copied": 2,
    "mapped_shape": 0,
    "skipped": 0,
    "pair_aligner": 0,
    "pair_key": "Model->ModelNew"
  },
  "runnable": true,
  "phase": "stage2_repair",
  "pytorch_baseline_ms": 1.6418047666549682,
  "score": 0.17189858846731412
}