{
  "timestamp": "2025-12-14T13:13:53",
  "reference_file": "KernelBench/level2/58_ConvTranspose3d_LogSumExp_HardSwish_Subtract_Clamp.py",
  "candidate_file": "/home/hyc/LLMKernel/run/20251214_114735_batch_range56to80_deepseek_deepseek/58_ConvTranspose3d_LogSumExp_HardSwish_Subtract_Clamp/code/kernel_20251214_131349.py",
  "tolerance": 0.001,
  "max_abs_err": 1.7881393432617188e-07,
  "mean_abs_err": 9.828406533074485e-09,
  "ref_latency_ms": {
    "avg": 19.00686111450195,
    "min": 18.99920082092285,
    "max": 19.017728805541992,
    "all": [
      19.017728805541992,
      19.007488250732422,
      19.003231048583984,
      19.006656646728516,
      18.99920082092285
    ]
  },
  "test_latency_ms": {
    "avg": 24.008646774291993,
    "min": 22.986623764038086,
    "max": 25.53036880493164,
    "all": [
      22.986623764038086,
      25.53036880493164,
      23.0152645111084,
      25.51910400390625,
      22.991872787475586
    ]
  },
  "num_runs": 5,
  "model_init_args": [
    3,
    16,
    3,
    2,
    1,
    [
      1,
      1,
      1,
      1
    ]
  ],
  "model_init_kwargs": {},
  "seed": 100,
  "align_stats": {
    "pair_aligner": 1,
    "copied_same_shape": 1,
    "mapped_shape": 0,
    "skipped": 0,
    "pair_key": "Model->ModelNew"
  },
  "runnable": true,
  "phase": "stage2_block_tiling",
  "pytorch_baseline_ms": 19.010099029541017,
  "score": 0.7918021872809872
}