{
  "timestamp": "2025-12-14T12:49:51",
  "reference_file": "KernelBench/level2/58_ConvTranspose3d_LogSumExp_HardSwish_Subtract_Clamp.py",
  "candidate_file": "/home/hyc/LLMKernel/run/20251214_114735_batch_range56to80_deepseek_deepseek/58_ConvTranspose3d_LogSumExp_HardSwish_Subtract_Clamp/code/kernel_20251214_124947.py",
  "tolerance": 0.001,
  "max_abs_err": 1.7881393432617188e-07,
  "mean_abs_err": 9.828406533074485e-09,
  "ref_latency_ms": {
    "avg": 19.010099029541017,
    "min": 19.002368927001953,
    "max": 19.019775390625,
    "all": [
      19.019775390625,
      19.01158332824707,
      19.002368927001953,
      19.008352279663086,
      19.00841522216797
    ]
  },
  "test_latency_ms": {
    "avg": 11.464473533630372,
    "min": 11.4585599899292,
    "max": 11.482111930847168,
    "all": [
      11.45958423614502,
      11.461471557617188,
      11.4585599899292,
      11.460639953613281,
      11.482111930847168
    ]
  },
  "num_runs": 5,
  "model_init_args": [
    3,
    16,
    3,
    2,
    1,
    [
      1,
      1,
      1,
      1
    ]
  ],
  "model_init_kwargs": {},
  "seed": 100,
  "align_stats": {
    "pair_aligner": 1,
    "copied_same_shape": 1,
    "mapped_shape": 0,
    "skipped": 0,
    "pair_key": "Model->ModelNew"
  },
  "runnable": true,
  "phase": "seed",
  "score": 1.6581746186404451
}