{
  "timestamp": "2025-12-14T13:21:42",
  "reference_file": "KernelBench/level2/58_ConvTranspose3d_LogSumExp_HardSwish_Subtract_Clamp.py",
  "candidate_file": "/home/hyc/LLMKernel/run/20251214_114735_batch_range56to80_deepseek_deepseek/58_ConvTranspose3d_LogSumExp_HardSwish_Subtract_Clamp/code/kernel_20251214_132139.py",
  "tolerance": 0.001,
  "max_abs_err": 1.7881393432617188e-07,
  "mean_abs_err": 1.4283346949639508e-08,
  "ref_latency_ms": {
    "avg": 19.00763511657715,
    "min": 18.99945640563965,
    "max": 19.014463424682617,
    "all": [
      19.014463424682617,
      19.00739288330078,
      19.00441551208496,
      19.012447357177734,
      18.99945640563965
    ]
  },
  "test_latency_ms": {
    "avg": 11.83764476776123,
    "min": 11.834367752075195,
    "max": 11.8405122756958,
    "all": [
      11.8405122756958,
      11.836416244506836,
      11.83948802947998,
      11.83743953704834,
      11.834367752075195
    ]
  },
  "num_runs": 5,
  "model_init_args": [
    3,
    16,
    3,
    2,
    1,
    [
      1,
      1,
      1,
      1
    ]
  ],
  "model_init_kwargs": {},
  "seed": 100,
  "align_stats": {
    "pair_aligner": 1,
    "copied_same_shape": 1,
    "mapped_shape": 0,
    "skipped": 0,
    "pair_key": "Model->ModelNew"
  },
  "runnable": true,
  "phase": "stage3_memory_access",
  "pytorch_baseline_ms": 19.010099029541017,
  "score": 1.6059021369954711
}