{
  "timestamp": "2025-12-24T03:40:08",
  "reference_file": "KernelBench/level3/31_VisionAttention.py",
  "candidate_file": "/home/hyc/LLMKernel/run/20251224_033632_31_VisionAttention_openai_deepseek/31_VisionAttention/code/kernel_20251224_034003.py",
  "tolerance": 1,
  "max_abs_err": 0.002809971570968628,
  "mean_abs_err": 0.0006910180673003197,
  "ref_latency_ms": {
    "avg": 3.5891008377075195,
    "min": 3.570688009262085,
    "max": 3.6065280437469482,
    "all": [
      3.604480028152466,
      3.575808048248291,
      3.5880000591278076,
      3.570688009262085,
      3.6065280437469482
    ]
  },
  "test_latency_ms": {
    "avg": 1.0141632318496705,
    "min": 1.0076160430908203,
    "max": 1.0209280252456665,
    "all": [
      1.0158079862594604,
      1.016800045967102,
      1.0096640586853027,
      1.0076160430908203,
      1.0209280252456665
    ]
  },
  "num_runs": 5,
  "model_init_args": [
    128,
    4
  ],
  "model_init_kwargs": {},
  "seed": 100,
  "align_stats": {
    "copied_same_shape": 0,
    "unique_shape_copied": 3,
    "mapped_shape": 0,
    "skipped": 3,
    "pair_aligner": 0,
    "pair_key": "Model->ModelNew"
  },
  "runnable": true,
  "phase": "seed_0_repair_1",
  "score": 3.5389774791594224
}