{
  "timestamp": "2025-12-24T03:44:08",
  "reference_file": "KernelBench/level3/31_VisionAttention.py",
  "candidate_file": "/home/hyc/LLMKernel/run/20251224_033632_31_VisionAttention_openai_deepseek/31_VisionAttention/code/kernel_20251224_034404.py",
  "tolerance": 1,
  "max_abs_err": 0.002809971570968628,
  "mean_abs_err": 0.0006907629431225359,
  "ref_latency_ms": {
    "avg": 3.572320032119751,
    "min": 3.551232099533081,
    "max": 3.5942399501800537,
    "all": [
      3.5942399501800537,
      3.5686399936676025,
      3.569632053375244,
      3.551232099533081,
      3.5778560638427734
    ]
  },
  "test_latency_ms": {
    "avg": 3.2617664337158203,
    "min": 3.256256103515625,
    "max": 3.271519899368286,
    "all": [
      3.265536069869995,
      3.2571840286254883,
      3.256256103515625,
      3.258336067199707,
      3.271519899368286
    ]
  },
  "num_runs": 5,
  "model_init_args": [
    128,
    4
  ],
  "model_init_kwargs": {},
  "seed": 100,
  "align_stats": {
    "copied_same_shape": 0,
    "unique_shape_copied": 3,
    "mapped_shape": 0,
    "skipped": 3,
    "pair_aligner": 0,
    "pair_key": "Model->ModelNew"
  },
  "runnable": true,
  "phase": "algorithm_optimized_seed0_repair1",
  "score": 1.0952102502477918
}