{
  "timestamp": "2025-12-15T03:18:28",
  "reference_file": "KernelBench/level2/57_Conv2d_ReLU_HardSwish.py",
  "candidate_file": "/home/hyc/LLMKernel/run/20251215_024837_batch_range56to88_openai_deepseek/57_Conv2d_ReLU_HardSwish/code/kernel_20251215_031820.py",
  "tolerance": 0.001,
  "max_abs_err": 0.0004895925521850586,
  "mean_abs_err": 4.590362368617207e-05,
  "ref_latency_ms": {
    "avg": 8.067014503479005,
    "min": 8.057855606079102,
    "max": 8.098624229431152,
    "all": [
      8.098624229431152,
      8.057855606079102,
      8.058688163757324,
      8.060928344726562,
      8.058976173400879
    ]
  },
  "test_latency_ms": {
    "avg": 1.646336030960083,
    "min": 1.6412800550460815,
    "max": 1.6537599563598633,
    "all": [
      1.6537599563598633,
      1.6446720361709595,
      1.6412800550460815,
      1.6445120573043823,
      1.6474560499191284
    ]
  },
  "num_runs": 5,
  "model_init_args": [
    8,
    64,
    3
  ],
  "model_init_kwargs": {},
  "seed": 100,
  "align_stats": {
    "pair_aligner": 1,
    "copied_same_shape": 1,
    "mapped_shape": 0,
    "skipped": 0,
    "pair_key": "Model->ModelNew"
  },
  "runnable": true,
  "phase": "stage3_repair",
  "pytorch_baseline_ms": 8.048793411254882,
  "score": 4.8889128706981655
}