{
  "timestamp": "2025-12-15T03:14:13",
  "reference_file": "KernelBench/level2/57_Conv2d_ReLU_HardSwish.py",
  "candidate_file": "/home/hyc/LLMKernel/run/20251215_024837_batch_range56to88_openai_deepseek/57_Conv2d_ReLU_HardSwish/code/kernel_20251215_031409.py",
  "tolerance": 0.001,
  "max_abs_err": 0.0,
  "mean_abs_err": 0.0,
  "ref_latency_ms": {
    "avg": 8.048793411254882,
    "min": 8.042495727539062,
    "max": 8.061951637268066,
    "all": [
      8.061951637268066,
      8.047391891479492,
      8.04860782623291,
      8.043519973754883,
      8.042495727539062
    ]
  },
  "test_latency_ms": {
    "avg": 4.498483085632325,
    "min": 4.215807914733887,
    "max": 4.6141438484191895,
    "all": [
      4.6141438484191895,
      4.608255863189697,
      4.612095832824707,
      4.442111968994141,
      4.215807914733887
    ]
  },
  "num_runs": 5,
  "model_init_args": [
    8,
    64,
    3
  ],
  "model_init_kwargs": {},
  "seed": 100,
  "align_stats": {
    "pair_aligner": 1,
    "copied_same_shape": 1,
    "mapped_shape": 0,
    "skipped": 0,
    "pair_key": "Model->ModelNew"
  },
  "runnable": true,
  "phase": "seed",
  "score": 1.7892238912627838
}