{
  "timestamp": "2025-12-15T03:16:40",
  "reference_file": "KernelBench/level2/57_Conv2d_ReLU_HardSwish.py",
  "candidate_file": "/home/hyc/LLMKernel/run/20251215_024837_batch_range56to88_openai_deepseek/57_Conv2d_ReLU_HardSwish/code/kernel_20251215_031635.py",
  "tolerance": 0.001,
  "max_abs_err": 0.0004895925521850586,
  "mean_abs_err": 4.590362368617207e-05,
  "ref_latency_ms": {
    "avg": 8.04310417175293,
    "min": 8.037376403808594,
    "max": 8.058879852294922,
    "all": [
      8.058879852294922,
      8.040448188781738,
      8.037376403808594,
      8.039392471313477,
      8.039423942565918
    ]
  },
  "test_latency_ms": {
    "avg": 1.6566463947296142,
    "min": 1.65283203125,
    "max": 1.6588799953460693,
    "all": [
      1.6588799953460693,
      1.6537599563598633,
      1.6588799953460693,
      1.65283203125,
      1.6588799953460693
    ]
  },
  "num_runs": 5,
  "model_init_args": [
    8,
    64,
    3
  ],
  "model_init_kwargs": {},
  "seed": 100,
  "align_stats": {
    "pair_aligner": 1,
    "copied_same_shape": 1,
    "mapped_shape": 0,
    "skipped": 0,
    "pair_key": "Model->ModelNew"
  },
  "runnable": true,
  "phase": "stage2_block_tiling",
  "pytorch_baseline_ms": 8.048793411254882,
  "score": 4.858486057652966
}