{
  "timestamp": "2025-12-15T03:20:01",
  "reference_file": "KernelBench/level2/57_Conv2d_ReLU_HardSwish.py",
  "candidate_file": "/home/hyc/LLMKernel/run/20251215_024837_batch_range56to88_openai_deepseek/57_Conv2d_ReLU_HardSwish/code/kernel_20251215_031955.py",
  "tolerance": 0.001,
  "max_abs_err": 0.0004895925521850586,
  "mean_abs_err": 4.590362368617207e-05,
  "ref_latency_ms": {
    "avg": 8.051884651184082,
    "min": 8.036352157592773,
    "max": 8.066975593566895,
    "all": [
      8.066975593566895,
      8.051712036132812,
      8.057791709899902,
      8.036352157592773,
      8.046591758728027
    ]
  },
  "test_latency_ms": {
    "avg": 1.5433087587356566,
    "min": 1.541152000427246,
    "max": 1.5461119413375854,
    "all": [
      1.5431679487228394,
      1.5419199466705322,
      1.5441919565200806,
      1.541152000427246,
      1.5461119413375854
    ]
  },
  "num_runs": 5,
  "model_init_args": [
    8,
    64,
    3
  ],
  "model_init_kwargs": {},
  "seed": 100,
  "align_stats": {
    "pair_aligner": 1,
    "copied_same_shape": 1,
    "mapped_shape": 0,
    "skipped": 0,
    "pair_key": "Model->ModelNew"
  },
  "runnable": true,
  "phase": "stage4_advanced_memory",
  "pytorch_baseline_ms": 8.048793411254882,
  "score": 5.215283957727806
}