{
  "timestamp": "2025-12-15T03:15:28",
  "reference_file": "KernelBench/level2/57_Conv2d_ReLU_HardSwish.py",
  "candidate_file": "/home/hyc/LLMKernel/run/20251215_024837_batch_range56to88_openai_deepseek/57_Conv2d_ReLU_HardSwish/code/kernel_20251215_031522.py",
  "tolerance": 0.001,
  "max_abs_err": 0.0004895925521850586,
  "mean_abs_err": 4.590362368617207e-05,
  "ref_latency_ms": {
    "avg": 8.049939346313476,
    "min": 8.042624473571777,
    "max": 8.067071914672852,
    "all": [
      8.067071914672852,
      8.043744087219238,
      8.047616004943848,
      8.042624473571777,
      8.048640251159668
    ]
  },
  "test_latency_ms": {
    "avg": 1.8555008172988892,
    "min": 1.8524160385131836,
    "max": 1.8596479892730713,
    "all": [
      1.8596479892730713,
      1.8534400463104248,
      1.8524160385131836,
      1.8524160385131836,
      1.8595839738845825
    ]
  },
  "num_runs": 5,
  "model_init_args": [
    8,
    64,
    3
  ],
  "model_init_kwargs": {},
  "seed": 100,
  "align_stats": {
    "pair_aligner": 1,
    "copied_same_shape": 1,
    "mapped_shape": 0,
    "skipped": 0,
    "pair_key": "Model->ModelNew"
  },
  "runnable": true,
  "phase": "stage1_grid_and_parallel",
  "pytorch_baseline_ms": 8.048793411254882,
  "score": 4.337801059539151
}