{
  "timestamp": "2025-12-23T08:31:32",
  "reference_file": "KernelBench/level2/25_Conv2d_Min_Tanh_Tanh.py",
  "candidate_file": "/home/hyc/LLMKernel/run/20251223_082312_25_Conv2d_Min_Tanh_Tanh_openai_deepseek/25_Conv2d_Min_Tanh_Tanh/code/kernel_20251223_083127.py",
  "tolerance": 1,
  "max_abs_err": 2.384185791015625e-07,
  "mean_abs_err": 3.795163294739723e-08,
  "ref_latency_ms": {
    "avg": 14.316102218627929,
    "min": 14.217215538024902,
    "max": 14.575615882873535,
    "all": [
      14.294816017150879,
      14.217215538024902,
      14.222335815429688,
      14.575615882873535,
      14.270527839660645
    ]
  },
  "test_latency_ms": {
    "avg": 14.147609519958497,
    "min": 13.935775756835938,
    "max": 14.297087669372559,
    "all": [
      14.272512435913086,
      14.24073600769043,
      14.297087669372559,
      13.935775756835938,
      13.991935729980469
    ]
  },
  "num_runs": 5,
  "model_init_args": [
    16,
    64,
    3
  ],
  "model_init_kwargs": {},
  "seed": 100,
  "align_stats": {
    "pair_aligner": 1,
    "copied_same_shape": 1,
    "mapped_shape": 0,
    "skipped": 0,
    "pair_key": "Model->ModelNew"
  },
  "runnable": true,
  "phase": "stage2_block_tiling",
  "pytorch_baseline_ms": 14.208211326599121,
  "score": 1.00428353684452
}