{
  "timestamp": "2025-12-23T08:27:42",
  "reference_file": "KernelBench/level2/25_Conv2d_Min_Tanh_Tanh.py",
  "candidate_file": "/home/hyc/LLMKernel/run/20251223_082312_25_Conv2d_Min_Tanh_Tanh_openai_deepseek/25_Conv2d_Min_Tanh_Tanh/code/kernel_20251223_082737.py",
  "tolerance": 1,
  "max_abs_err": 2.384185791015625e-07,
  "mean_abs_err": 3.795163294739723e-08,
  "ref_latency_ms": {
    "avg": 13.840998458862305,
    "min": 13.793279647827148,
    "max": 13.890560150146484,
    "all": [
      13.890560150146484,
      13.87007999420166,
      13.847552299499512,
      13.793279647827148,
      13.803520202636719
    ]
  },
  "test_latency_ms": {
    "avg": 13.72159366607666,
    "min": 13.6560640335083,
    "max": 13.87929630279541,
    "all": [
      13.87929630279541,
      13.701120376586914,
      13.691871643066406,
      13.6560640335083,
      13.67961597442627
    ]
  },
  "num_runs": 5,
  "model_init_args": [
    16,
    64,
    3
  ],
  "model_init_kwargs": {},
  "seed": 100,
  "align_stats": {
    "pair_aligner": 1,
    "copied_same_shape": 1,
    "mapped_shape": 0,
    "skipped": 0,
    "pair_key": "Model->ModelNew"
  },
  "runnable": true,
  "phase": "algorithm_optimized_seed0",
  "pytorch_baseline_ms": 14.208211326599121,
  "score": 1.0354636401838297
}