{
  "timestamp": "2025-12-23T08:29:54",
  "reference_file": "KernelBench/level2/25_Conv2d_Min_Tanh_Tanh.py",
  "candidate_file": "/home/hyc/LLMKernel/run/20251223_082312_25_Conv2d_Min_Tanh_Tanh_openai_deepseek/25_Conv2d_Min_Tanh_Tanh/code/kernel_20251223_082946.py",
  "tolerance": 1,
  "max_abs_err": 2.384185791015625e-07,
  "mean_abs_err": 3.795163294739723e-08,
  "ref_latency_ms": {
    "avg": 13.847859382629395,
    "min": 13.843456268310547,
    "max": 13.852448463439941,
    "all": [
      13.852448463439941,
      13.847552299499512,
      13.847552299499512,
      13.848287582397461,
      13.843456268310547
    ]
  },
  "test_latency_ms": {
    "avg": 29.0890811920166,
    "min": 29.017919540405273,
    "max": 29.15839958190918,
    "all": [
      29.017919540405273,
      29.022079467773438,
      29.15839958190918,
      29.134687423706055,
      29.112319946289062
    ]
  },
  "num_runs": 5,
  "model_init_args": [
    16,
    64,
    3
  ],
  "model_init_kwargs": {},
  "seed": 100,
  "align_stats": {
    "pair_aligner": 1,
    "copied_same_shape": 1,
    "mapped_shape": 0,
    "skipped": 0,
    "pair_key": "Model->ModelNew"
  },
  "runnable": true,
  "phase": "algorithm_optimized_seed1_repair1",
  "pytorch_baseline_ms": 14.208211326599121,
  "score": 0.4884379548742336
}