{
  "timestamp": "2025-12-23T08:30:51",
  "reference_file": "KernelBench/level2/25_Conv2d_Min_Tanh_Tanh.py",
  "candidate_file": "/home/hyc/LLMKernel/run/20251223_082312_25_Conv2d_Min_Tanh_Tanh_openai_deepseek/25_Conv2d_Min_Tanh_Tanh/code/kernel_20251223_083046.py",
  "tolerance": 1,
  "max_abs_err": 2.384185791015625e-07,
  "mean_abs_err": 3.795163294739723e-08,
  "ref_latency_ms": {
    "avg": 14.196799850463867,
    "min": 13.998080253601074,
    "max": 14.286111831665039,
    "all": [
      14.285823822021484,
      14.28172779083252,
      14.286111831665039,
      13.998080253601074,
      14.132255554199219
    ]
  },
  "test_latency_ms": {
    "avg": 13.951775932312012,
    "min": 13.805567741394043,
    "max": 14.164992332458496,
    "all": [
      14.164992332458496,
      14.159647941589355,
      13.815936088562012,
      13.812735557556152,
      13.805567741394043
    ]
  },
  "num_runs": 5,
  "model_init_args": [
    16,
    64,
    3
  ],
  "model_init_kwargs": {},
  "seed": 100,
  "align_stats": {
    "pair_aligner": 1,
    "copied_same_shape": 1,
    "mapped_shape": 0,
    "skipped": 0,
    "pair_key": "Model->ModelNew"
  },
  "runnable": true,
  "phase": "stage1_grid_and_parallel",
  "pytorch_baseline_ms": 14.208211326599121,
  "score": 1.0183801256220872
}