{
  "timestamp": "2025-12-23T08:26:29",
  "reference_file": "KernelBench/level2/25_Conv2d_Min_Tanh_Tanh.py",
  "candidate_file": "/home/hyc/LLMKernel/run/20251223_082312_25_Conv2d_Min_Tanh_Tanh_openai_deepseek/25_Conv2d_Min_Tanh_Tanh/code/kernel_20251223_082625.py",
  "tolerance": 1,
  "max_abs_err": 2.384185791015625e-07,
  "mean_abs_err": 3.795163294739723e-08,
  "ref_latency_ms": {
    "avg": 14.208211326599121,
    "min": 14.150655746459961,
    "max": 14.240768432617188,
    "all": [
      14.240768432617188,
      14.173184394836426,
      14.150655746459961,
      14.238752365112305,
      14.237695693969727
    ]
  },
  "test_latency_ms": {
    "avg": 84.08036346435547,
    "min": 84.03334045410156,
    "max": 84.14514923095703,
    "all": [
      84.14514923095703,
      84.03334045410156,
      84.06221008300781,
      84.08150482177734,
      84.0796127319336
    ]
  },
  "num_runs": 5,
  "model_init_args": [
    16,
    64,
    3
  ],
  "model_init_kwargs": {},
  "seed": 100,
  "align_stats": {
    "pair_aligner": 1,
    "copied_same_shape": 1,
    "mapped_shape": 0,
    "skipped": 0,
    "pair_key": "Model->ModelNew"
  },
  "runnable": true,
  "phase": "seed_1",
  "score": 0.1689837048887457
}