{
  "timestamp": "2025-12-23T08:32:20",
  "reference_file": "KernelBench/level2/25_Conv2d_Min_Tanh_Tanh.py",
  "candidate_file": "/home/hyc/LLMKernel/run/20251223_082312_25_Conv2d_Min_Tanh_Tanh_openai_deepseek/25_Conv2d_Min_Tanh_Tanh/code/kernel_20251223_083214.py",
  "tolerance": 1,
  "max_abs_err": 2.384185791015625e-07,
  "mean_abs_err": 3.795163294739723e-08,
  "ref_latency_ms": {
    "avg": 14.04551658630371,
    "min": 13.998047828674316,
    "max": 14.135071754455566,
    "all": [
      14.040255546569824,
      13.998047828674316,
      14.001152038574219,
      14.053055763244629,
      14.135071754455566
    ]
  },
  "test_latency_ms": {
    "avg": 14.131987190246582,
    "min": 14.036992073059082,
    "max": 14.206944465637207,
    "all": [
      14.206944465637207,
      14.197759628295898,
      14.036992073059082,
      14.143199920654297,
      14.075039863586426
    ]
  },
  "num_runs": 5,
  "model_init_args": [
    16,
    64,
    3
  ],
  "model_init_kwargs": {},
  "seed": 100,
  "align_stats": {
    "pair_aligner": 1,
    "copied_same_shape": 1,
    "mapped_shape": 0,
    "skipped": 0,
    "pair_key": "Model->ModelNew"
  },
  "runnable": true,
  "phase": "stage3_memory_and_tuning",
  "pytorch_baseline_ms": 14.208211326599121,
  "score": 1.005393730925906
}