{
  "timestamp": "2025-12-15T07:57:44",
  "reference_file": "KernelBench/level2/25_Conv2d_Min_Tanh_Tanh.py",
  "candidate_file": "/home/hyc/LLMKernel/run/20251215_070831_batch_range21to25_openai_deepseek/25_Conv2d_Min_Tanh_Tanh/code/kernel_20251215_075738.py",
  "tolerance": 0.001,
  "max_abs_err": 2.384185791015625e-07,
  "mean_abs_err": 3.795163294739723e-08,
  "ref_latency_ms": {
    "avg": 11.60373134613037,
    "min": 11.594752311706543,
    "max": 11.615263938903809,
    "all": [
      11.615263938903809,
      11.6048002243042,
      11.594752311706543,
      11.596799850463867,
      11.607040405273438
    ]
  },
  "test_latency_ms": {
    "avg": 21.48611183166504,
    "min": 21.482271194458008,
    "max": 21.49273681640625,
    "all": [
      21.49273681640625,
      21.48441505432129,
      21.48249626159668,
      21.482271194458008,
      21.48863983154297
    ]
  },
  "num_runs": 5,
  "model_init_args": [
    16,
    64,
    3
  ],
  "model_init_kwargs": {},
  "seed": 100,
  "align_stats": {
    "pair_aligner": 1,
    "copied_same_shape": 1,
    "mapped_shape": 0,
    "skipped": 0,
    "pair_key": "Model->ModelNew"
  },
  "runnable": true,
  "phase": "stage4_advanced_memory",
  "pytorch_baseline_ms": 11.606048011779786,
  "score": 0.5401651123622766
}