{
  "timestamp": "2025-12-23T08:25:41",
  "reference_file": "KernelBench/level2/25_Conv2d_Min_Tanh_Tanh.py",
  "candidate_file": "/home/hyc/LLMKernel/run/20251223_082312_25_Conv2d_Min_Tanh_Tanh_openai_deepseek/25_Conv2d_Min_Tanh_Tanh/code/kernel_20251223_082533.py",
  "tolerance": 1,
  "max_abs_err": 0.0003342628479003906,
  "mean_abs_err": 0.00013932079309597611,
  "ref_latency_ms": {
    "avg": 14.294419097900391,
    "min": 14.28172779083252,
    "max": 14.310400009155273,
    "all": [
      14.287839889526367,
      14.28991985321045,
      14.28172779083252,
      14.310400009155273,
      14.302207946777344
    ]
  },
  "test_latency_ms": {
    "avg": 546.9333618164062,
    "min": 546.8917846679688,
    "max": 546.9706420898438,
    "all": [
      546.9337768554688,
      546.8917846679688,
      546.9706420898438,
      546.9337768554688,
      546.9368286132812
    ]
  },
  "num_runs": 5,
  "model_init_args": [
    16,
    64,
    3
  ],
  "model_init_kwargs": {},
  "seed": 100,
  "align_stats": {
    "pair_aligner": 1,
    "copied_same_shape": 1,
    "mapped_shape": 0,
    "skipped": 0,
    "pair_key": "Model->ModelNew"
  },
  "runnable": true,
  "phase": "seed_0_repair_1",
  "score": 0.026135577194317725
}