{
  "timestamp": "2025-12-15T07:48:49",
  "reference_file": "KernelBench/level2/25_Conv2d_Min_Tanh_Tanh.py",
  "candidate_file": "/home/hyc/LLMKernel/run/20251215_070831_batch_range21to25_openai_deepseek/25_Conv2d_Min_Tanh_Tanh/code/kernel_20251215_074843.py",
  "tolerance": 0.001,
  "max_abs_err": 2.384185791015625e-07,
  "mean_abs_err": 3.795163294739723e-08,
  "ref_latency_ms": {
    "avg": 11.606048011779786,
    "min": 11.594752311706543,
    "max": 11.620256423950195,
    "all": [
      11.620256423950195,
      11.606111526489258,
      11.604031562805176,
      11.605088233947754,
      11.594752311706543
    ]
  },
  "test_latency_ms": {
    "avg": 250.7503234863281,
    "min": 250.72947692871094,
    "max": 250.7704315185547,
    "all": [
      250.7704315185547,
      250.75692749023438,
      250.7519989013672,
      250.72947692871094,
      250.74278259277344
    ]
  },
  "num_runs": 5,
  "model_init_args": [
    16,
    64,
    3
  ],
  "model_init_kwargs": {},
  "seed": 100,
  "align_stats": {
    "pair_aligner": 1,
    "copied_same_shape": 1,
    "mapped_shape": 0,
    "skipped": 0,
    "pair_key": "Model->ModelNew"
  },
  "runnable": true,
  "phase": "seed",
  "score": 0.04628527632752024
}