{
  "timestamp": "2025-12-15T07:56:14",
  "reference_file": "KernelBench/level2/25_Conv2d_Min_Tanh_Tanh.py",
  "candidate_file": "/home/hyc/LLMKernel/run/20251215_070831_batch_range21to25_openai_deepseek/25_Conv2d_Min_Tanh_Tanh/code/kernel_20251215_075608.py",
  "tolerance": 0.001,
  "max_abs_err": 2.384185791015625e-07,
  "mean_abs_err": 3.795163294739723e-08,
  "ref_latency_ms": {
    "avg": 11.604172897338866,
    "min": 11.594752311706543,
    "max": 11.620351791381836,
    "all": [
      11.620351791381836,
      11.606016159057617,
      11.597824096679688,
      11.594752311706543,
      11.601920127868652
    ]
  },
  "test_latency_ms": {
    "avg": 22.851564407348633,
    "min": 22.84739112854004,
    "max": 22.85772705078125,
    "all": [
      22.85772705078125,
      22.85055923461914,
      22.84739112854004,
      22.847488403320312,
      22.854656219482422
    ]
  },
  "num_runs": 5,
  "model_init_args": [
    16,
    64,
    3
  ],
  "model_init_kwargs": {},
  "seed": 100,
  "align_stats": {
    "pair_aligner": 1,
    "copied_same_shape": 1,
    "mapped_shape": 0,
    "skipped": 0,
    "pair_key": "Model->ModelNew"
  },
  "runnable": true,
  "phase": "stage3_memory_access",
  "pytorch_baseline_ms": 11.606048011779786,
  "score": 0.5078885543629346
}