{
  "timestamp": "2025-12-28T10:49:55",
  "reference_file": "KernelBench/select2/5_Matrix_scalar_multiplication.py",
  "candidate_file": "/home/hyc/LLMKernel/run/20251228_103146_batch_range4to9_openai_deepseek/5_Matrix_scalar_multiplication/code/kernel_20251228_104944.py",
  "tolerance": 1,
  "max_abs_err": 0.0,
  "mean_abs_err": 0.0,
  "ref_latency_ms": {
    "avg": 9.432179260253907,
    "min": 9.42796802520752,
    "max": 9.434975624084473,
    "all": [
      9.430848121643066,
      9.434016227722168,
      9.433088302612305,
      9.434975624084473,
      9.42796802520752
    ]
  },
  "test_latency_ms": {
    "avg": 14.260185623168946,
    "min": 14.252032279968262,
    "max": 14.2673921585083,
    "all": [
      14.258079528808594,
      14.2673921585083,
      14.264320373535156,
      14.252032279968262,
      14.259103775024414
    ]
  },
  "num_runs": 5,
  "model_init_args": [],
  "model_init_kwargs": {},
  "seed": 100,
  "align_stats": {
    "copied_same_shape": 0,
    "unique_shape_copied": 0,
    "mapped_shape": 0,
    "skipped": 0,
    "pair_aligner": 0,
    "pair_key": "Model->ModelNew"
  },
  "runnable": true,
  "phase": "stage1_grid_and_parallel",
  "pytorch_baseline_ms": 9.43148136138916,
  "score": 0.6613855955749659
}