{
  "timestamp": "2025-12-28T10:47:01",
  "reference_file": "KernelBench/select2/5_Matrix_scalar_multiplication.py",
  "candidate_file": "/home/hyc/LLMKernel/run/20251228_103146_batch_range4to9_openai_deepseek/5_Matrix_scalar_multiplication/code/kernel_20251228_104652.py",
  "tolerance": 1,
  "max_abs_err": 0.0,
  "mean_abs_err": 0.0,
  "ref_latency_ms": {
    "avg": 9.429420852661133,
    "min": 9.4269437789917,
    "max": 9.432127952575684,
    "all": [
      9.432127952575684,
      9.42796802520752,
      9.431072235107422,
      9.4269437789917,
      9.42899227142334
    ]
  },
  "test_latency_ms": {
    "avg": 9.433529472351074,
    "min": 9.430208206176758,
    "max": 9.438176155090332,
    "all": [
      9.434111595153809,
      9.434111595153809,
      9.438176155090332,
      9.431039810180664,
      9.430208206176758
    ]
  },
  "num_runs": 5,
  "model_init_args": [],
  "model_init_kwargs": {},
  "seed": 100,
  "align_stats": {
    "copied_same_shape": 0,
    "unique_shape_copied": 0,
    "mapped_shape": 0,
    "skipped": 0,
    "pair_aligner": 0,
    "pair_key": "Model->ModelNew"
  },
  "runnable": true,
  "phase": "algorithm_optimized_seed0",
  "pytorch_baseline_ms": 9.43148136138916,
  "score": 0.9997828902779266
}