{
  "timestamp": "2025-12-12T17:20:04",
  "reference_file": "KernelBench/level1/5_Matrix_scalar_multiplication.py",
  "candidate_file": "/home/hyc/LLMKernel/run/20251212_170043_batch_range5to40_deepseek_deepseek/5_Matrix_scalar_multiplication/code/kernel_20251212_171951.py",
  "tolerance": 0.001,
  "max_abs_err": 0.0,
  "mean_abs_err": 0.0,
  "ref_latency_ms": {
    "avg": 9.346854400634765,
    "min": 9.3438720703125,
    "max": 9.349408149719238,
    "all": [
      9.347871780395508,
      9.3438720703125,
      9.346048355102539,
      9.349408149719238,
      9.347071647644043
    ]
  },
  "test_latency_ms": {
    "avg": 13.807378959655761,
    "min": 13.805407524108887,
    "max": 13.808639526367188,
    "all": [
      13.808639526367188,
      13.805407524108887,
      13.807616233825684,
      13.808639526367188,
      13.806591987609863
    ]
  },
  "num_runs": 5,
  "model_init_args": [],
  "model_init_kwargs": {},
  "seed": 100,
  "align_stats": {
    "copied_same_shape": 0,
    "unique_shape_copied": 0,
    "mapped_shape": 0,
    "skipped": 0,
    "pair_aligner": 0,
    "pair_key": "Model->ModelNew"
  },
  "runnable": true,
  "phase": "stage4_repair",
  "pytorch_baseline_ms": 9.3822847366333,
  "score": 0.6795123653843144
}