{
  "timestamp": "2025-12-28T10:46:01",
  "reference_file": "KernelBench/select2/5_Matrix_scalar_multiplication.py",
  "candidate_file": "/home/hyc/LLMKernel/run/20251228_103146_batch_range4to9_openai_deepseek/5_Matrix_scalar_multiplication/code/kernel_20251228_104550.py",
  "tolerance": 1,
  "max_abs_err": 0.0,
  "mean_abs_err": 0.0,
  "ref_latency_ms": {
    "avg": 9.43059844970703,
    "min": 9.42796802520752,
    "max": 9.433088302612305,
    "all": [
      9.431039810180664,
      9.42796802520752,
      9.42796802520752,
      9.433088302612305,
      9.432928085327148
    ]
  },
  "test_latency_ms": {
    "avg": 13.8776704788208,
    "min": 13.85478401184082,
    "max": 13.905920028686523,
    "all": [
      13.86188793182373,
      13.882368087768555,
      13.85478401184082,
      13.905920028686523,
      13.883392333984375
    ]
  },
  "num_runs": 5,
  "model_init_args": [],
  "model_init_kwargs": {},
  "seed": 100,
  "align_stats": {
    "copied_same_shape": 0,
    "unique_shape_copied": 0,
    "mapped_shape": 0,
    "skipped": 0,
    "pair_aligner": 0,
    "pair_key": "Model->ModelNew"
  },
  "runnable": true,
  "phase": "seed_1",
  "pytorch_baseline_ms": 9.43148136138916,
  "score": 0.6796156008879787
}