{
  "timestamp": "2025-12-12T17:03:31",
  "reference_file": "KernelBench/level1/5_Matrix_scalar_multiplication.py",
  "candidate_file": "/home/hyc/LLMKernel/run/20251212_170043_batch_range5to40_deepseek_deepseek/5_Matrix_scalar_multiplication/code/kernel_20251212_170314.py",
  "tolerance": 0.001,
  "max_abs_err": 0.0,
  "mean_abs_err": 0.0,
  "ref_latency_ms": {
    "avg": 9.3822847366333,
    "min": 9.353216171264648,
    "max": 9.432000160217285,
    "all": [
      9.432000160217285,
      9.378815650939941,
      9.360383987426758,
      9.387007713317871,
      9.353216171264648
    ]
  },
  "test_latency_ms": {
    "avg": 13.851046371459962,
    "min": 13.840383529663086,
    "max": 13.873151779174805,
    "all": [
      13.873151779174805,
      13.85580825805664,
      13.843456268310547,
      13.842432022094727,
      13.840383529663086
    ]
  },
  "num_runs": 5,
  "model_init_args": [],
  "model_init_kwargs": {},
  "seed": 100,
  "align_stats": {
    "copied_same_shape": 0,
    "unique_shape_copied": 0,
    "mapped_shape": 0,
    "skipped": 0,
    "pair_aligner": 0,
    "pair_key": "Model->ModelNew"
  },
  "runnable": true,
  "phase": "seed",
  "score": 0.6773701051182291
}