{
  "timestamp": "2025-12-28T10:45:37",
  "reference_file": "KernelBench/select2/5_Matrix_scalar_multiplication.py",
  "candidate_file": "/home/hyc/LLMKernel/run/20251228_103146_batch_range4to9_openai_deepseek/5_Matrix_scalar_multiplication/code/kernel_20251228_104527.py",
  "tolerance": 1,
  "max_abs_err": 0.0,
  "mean_abs_err": 0.0,
  "ref_latency_ms": {
    "avg": 9.43148136138916,
    "min": 9.4269437789917,
    "max": 9.435135841369629,
    "all": [
      9.435135841369629,
      9.431039810180664,
      9.4269437789917,
      9.433247566223145,
      9.431039810180664
    ]
  },
  "test_latency_ms": {
    "avg": 13.857171249389648,
    "min": 13.846367835998535,
    "max": 13.875200271606445,
    "all": [
      13.86406421661377,
      13.875200271606445,
      13.846367835998535,
      13.851648330688477,
      13.848575592041016
    ]
  },
  "num_runs": 5,
  "model_init_args": [],
  "model_init_kwargs": {},
  "seed": 100,
  "align_stats": {
    "copied_same_shape": 0,
    "unique_shape_copied": 0,
    "mapped_shape": 0,
    "skipped": 0,
    "pair_aligner": 0,
    "pair_key": "Model->ModelNew"
  },
  "runnable": true,
  "phase": "seed_0",
  "score": 0.6806209717444733
}