{
  "timestamp": "2025-12-28T10:48:41",
  "reference_file": "KernelBench/select2/5_Matrix_scalar_multiplication.py",
  "candidate_file": "/home/hyc/LLMKernel/run/20251228_103146_batch_range4to9_openai_deepseek/5_Matrix_scalar_multiplication/code/kernel_20251228_104831.py",
  "tolerance": 1,
  "max_abs_err": 0.0,
  "mean_abs_err": 0.0,
  "ref_latency_ms": {
    "avg": 9.430220794677734,
    "min": 9.42899227142334,
    "max": 9.432064056396484,
    "all": [
      9.42899227142334,
      9.431039810180664,
      9.42899227142334,
      9.432064056396484,
      9.430015563964844
    ]
  },
  "test_latency_ms": {
    "avg": 13.826662254333495,
    "min": 13.816831588745117,
    "max": 13.834239959716797,
    "all": [
      13.834239959716797,
      13.833215713500977,
      13.816831588745117,
      13.817855834960938,
      13.831168174743652
    ]
  },
  "num_runs": 5,
  "model_init_args": [],
  "model_init_kwargs": {},
  "seed": 100,
  "align_stats": {
    "copied_same_shape": 0,
    "unique_shape_copied": 0,
    "mapped_shape": 0,
    "skipped": 0,
    "pair_aligner": 0,
    "pair_key": "Model->ModelNew"
  },
  "runnable": true,
  "phase": "algorithm_optimized_seed1",
  "pytorch_baseline_ms": 9.43148136138916,
  "score": 0.6821227847981305
}