{
  "timestamp": "2025-12-12T17:15:44",
  "reference_file": "KernelBench/level1/5_Matrix_scalar_multiplication.py",
  "candidate_file": "/home/hyc/LLMKernel/run/20251212_170043_batch_range5to40_deepseek_deepseek/5_Matrix_scalar_multiplication/code/kernel_20251212_171532.py",
  "tolerance": 0.001,
  "max_abs_err": 0.0,
  "mean_abs_err": 0.0,
  "ref_latency_ms": {
    "avg": 9.350118446350098,
    "min": 9.346719741821289,
    "max": 9.354240417480469,
    "all": [
      9.354240417480469,
      9.351903915405273,
      9.34774398803711,
      9.349984169006348,
      9.346719741821289
    ]
  },
  "test_latency_ms": {
    "avg": 13.819123077392579,
    "min": 13.817855834960938,
    "max": 13.82316780090332,
    "all": [
      13.818880081176758,
      13.817855834960938,
      13.817855834960938,
      13.82316780090332,
      13.817855834960938
    ]
  },
  "num_runs": 5,
  "model_init_args": [],
  "model_init_kwargs": {},
  "seed": 100,
  "align_stats": {
    "copied_same_shape": 0,
    "unique_shape_copied": 0,
    "mapped_shape": 0,
    "skipped": 0,
    "pair_aligner": 0,
    "pair_key": "Model->ModelNew"
  },
  "runnable": true,
  "phase": "stage3_memory_access",
  "pytorch_baseline_ms": 9.3822847366333,
  "score": 0.6789348849481098
}