{
  "timestamp": "2025-12-28T10:51:48",
  "reference_file": "KernelBench/select2/5_Matrix_scalar_multiplication.py",
  "candidate_file": "/home/hyc/LLMKernel/run/20251228_103146_batch_range4to9_openai_deepseek/5_Matrix_scalar_multiplication/code/kernel_20251228_105137.py",
  "tolerance": 1,
  "max_abs_err": 0.0,
  "mean_abs_err": 0.0,
  "ref_latency_ms": {
    "avg": 9.434118270874023,
    "min": 9.426048278808594,
    "max": 9.446399688720703,
    "all": [
      9.434111595153809,
      9.432064056396484,
      9.446399688720703,
      9.431967735290527,
      9.426048278808594
    ]
  },
  "test_latency_ms": {
    "avg": 14.261670303344726,
    "min": 14.251008033752441,
    "max": 14.27455997467041,
    "all": [
      14.271488189697266,
      14.251008033752441,
      14.25715160369873,
      14.254143714904785,
      14.27455997467041
    ]
  },
  "num_runs": 5,
  "model_init_args": [],
  "model_init_kwargs": {},
  "seed": 100,
  "align_stats": {
    "copied_same_shape": 0,
    "unique_shape_copied": 0,
    "mapped_shape": 0,
    "skipped": 0,
    "pair_aligner": 0,
    "pair_key": "Model->ModelNew"
  },
  "runnable": true,
  "phase": "stage2_block_tiling",
  "pytorch_baseline_ms": 9.43148136138916,
  "score": 0.661316743465682
}