{
  "timestamp": "2025-12-13T09:38:32",
  "reference_file": "KernelBench/level1_low_score/49_Max_reduction_over_a_dimension.py",
  "candidate_file": "/home/hyc/LLMKernel/run/20251213_092218_batch_range49to66_openai_deepseek/49_Max_reduction_over_a_dimension/code/kernel_20251213_093809.py",
  "tolerance": 0.001,
  "max_abs_err": 0.0,
  "mean_abs_err": 0.0,
  "ref_latency_ms": {
    "avg": 9.977606391906738,
    "min": 9.91436767578125,
    "max": 10.03929615020752,
    "all": [
      10.03929615020752,
      9.91436767578125,
      9.966591835021973,
      10.002431869506836,
      9.965344429016113
    ]
  },
  "test_latency_ms": {
    "avg": 54.98714904785156,
    "min": 54.967071533203125,
    "max": 55.0195198059082,
    "all": [
      54.98691177368164,
      55.0195198059082,
      54.98060989379883,
      54.981632232666016,
      54.967071533203125
    ]
  },
  "num_runs": 5,
  "model_init_args": [
    1
  ],
  "model_init_kwargs": {},
  "seed": 100,
  "align_stats": {
    "copied_same_shape": 0,
    "unique_shape_copied": 0,
    "mapped_shape": 0,
    "skipped": 0,
    "pair_aligner": 0,
    "pair_key": "Model->ModelNew"
  },
  "runnable": true,
  "phase": "stage4_advanced_memory",
  "pytorch_baseline_ms": 9.99241600036621,
  "score": 0.1817227511044534
}