{
  "timestamp": "2025-12-13T09:34:28",
  "reference_file": "KernelBench/level1_low_score/49_Max_reduction_over_a_dimension.py",
  "candidate_file": "/home/hyc/LLMKernel/run/20251213_092218_batch_range49to66_openai_deepseek/49_Max_reduction_over_a_dimension/code/kernel_20251213_093405.py",
  "tolerance": 0.001,
  "max_abs_err": 0.0,
  "mean_abs_err": 0.0,
  "ref_latency_ms": {
    "avg": 10.011814308166503,
    "min": 9.953280448913574,
    "max": 10.041343688964844,
    "all": [
      10.033151626586914,
      9.994048118591309,
      9.953280448913574,
      10.037247657775879,
      10.041343688964844
    ]
  },
  "test_latency_ms": {
    "avg": 55.03563613891602,
    "min": 55.02560043334961,
    "max": 55.044097900390625,
    "all": [
      55.02668762207031,
      55.02560043334961,
      55.044097900390625,
      55.044097900390625,
      55.037696838378906
    ]
  },
  "num_runs": 5,
  "model_init_args": [
    1
  ],
  "model_init_kwargs": {},
  "seed": 100,
  "align_stats": {
    "copied_same_shape": 0,
    "unique_shape_copied": 0,
    "mapped_shape": 0,
    "skipped": 0,
    "pair_aligner": 0,
    "pair_key": "Model->ModelNew"
  },
  "runnable": true,
  "phase": "stage3_memory_access",
  "pytorch_baseline_ms": 9.99241600036621,
  "score": 0.18156265106383526
}