{
  "timestamp": "2025-12-28T12:25:59",
  "reference_file": "KernelBench/select2/49_Max_reduction_over_a_dimension.py",
  "candidate_file": "/home/hyc/LLMKernel/run/20251228_121433_batch_range47to63_openai_deepseek/49_Max_reduction_over_a_dimension/code/kernel_20251228_122543.py",
  "tolerance": 1,
  "max_abs_err": 0.0,
  "mean_abs_err": 0.0,
  "ref_latency_ms": {
    "avg": 9.95226879119873,
    "min": 9.911328315734863,
    "max": 9.994239807128906,
    "all": [
      9.970687866210938,
      9.911328315734863,
      9.951231956481934,
      9.994239807128906,
      9.933856010437012
    ]
  },
  "test_latency_ms": {
    "avg": 56.98472366333008,
    "min": 56.97740936279297,
    "max": 56.99574279785156,
    "all": [
      56.9804801940918,
      56.97945785522461,
      56.97740936279297,
      56.99052810668945,
      56.99574279785156
    ]
  },
  "num_runs": 5,
  "model_init_args": [
    1
  ],
  "model_init_kwargs": {},
  "seed": 100,
  "align_stats": {
    "copied_same_shape": 0,
    "unique_shape_copied": 0,
    "mapped_shape": 0,
    "skipped": 0,
    "pair_aligner": 0,
    "pair_key": "Model->ModelNew"
  },
  "runnable": true,
  "phase": "seed_0_repair_1",
  "score": 0.17464801356232704
}