{
  "timestamp": "2025-12-28T12:34:20",
  "reference_file": "KernelBench/select2/49_Max_reduction_over_a_dimension.py",
  "candidate_file": "/home/hyc/LLMKernel/run/20251228_121433_batch_range47to63_openai_deepseek/49_Max_reduction_over_a_dimension/code/kernel_20251228_123350.py",
  "tolerance": 1,
  "max_abs_err": 0.0,
  "mean_abs_err": 0.0,
  "ref_latency_ms": {
    "avg": 9.94898567199707,
    "min": 9.904128074645996,
    "max": 9.985055923461914,
    "all": [
      9.985055923461914,
      9.968640327453613,
      9.937919616699219,
      9.94918441772461,
      9.904128074645996
    ]
  },
  "test_latency_ms": {
    "avg": 11.291430473327637,
    "min": 11.273951530456543,
    "max": 11.317248344421387,
    "all": [
      11.281632423400879,
      11.273951530456543,
      11.283455848693848,
      11.300864219665527,
      11.317248344421387
    ]
  },
  "num_runs": 5,
  "model_init_args": [
    1
  ],
  "model_init_kwargs": {},
  "seed": 100,
  "align_stats": {
    "copied_same_shape": 0,
    "unique_shape_copied": 0,
    "mapped_shape": 0,
    "skipped": 0,
    "pair_aligner": 0,
    "pair_key": "Model->ModelNew"
  },
  "runnable": true,
  "phase": "algorithm_optimized_seed0",
  "pytorch_baseline_ms": 9.88976001739502,
  "score": 0.8758642264818783
}