{
  "timestamp": "2025-12-13T09:23:33",
  "reference_file": "KernelBench/level1_low_score/49_Max_reduction_over_a_dimension.py",
  "candidate_file": "/home/hyc/LLMKernel/run/20251213_092218_batch_range49to66_openai_deepseek/49_Max_reduction_over_a_dimension/code/kernel_20251213_092316.py",
  "tolerance": 0.001,
  "max_abs_err": 0.0,
  "mean_abs_err": 0.0,
  "ref_latency_ms": {
    "avg": 9.99241600036621,
    "min": 9.929727554321289,
    "max": 10.063872337341309,
    "all": [
      10.063872337341309,
      10.019840240478516,
      9.942048072814941,
      9.929727554321289,
      10.006591796875
    ]
  },
  "test_latency_ms": {
    "avg": 54.99453430175781,
    "min": 54.9793586730957,
    "max": 55.021793365478516,
    "all": [
      54.998016357421875,
      54.99187088012695,
      54.981632232666016,
      54.9793586730957,
      55.021793365478516
    ]
  },
  "num_runs": 5,
  "model_init_args": [
    1
  ],
  "model_init_kwargs": {},
  "seed": 100,
  "align_stats": {
    "copied_same_shape": 0,
    "unique_shape_copied": 0,
    "mapped_shape": 0,
    "skipped": 0,
    "pair_aligner": 0,
    "pair_key": "Model->ModelNew"
  },
  "runnable": true,
  "phase": "seed",
  "score": 0.1816983474309886
}