{
  "timestamp": "2025-12-28T12:45:31",
  "reference_file": "KernelBench/select2/49_Max_reduction_over_a_dimension.py",
  "candidate_file": "/home/hyc/LLMKernel/run/20251228_121433_batch_range47to63_openai_deepseek/49_Max_reduction_over_a_dimension/code/kernel_20251228_124513.py",
  "tolerance": 1,
  "max_abs_err": 0.0,
  "mean_abs_err": 0.0,
  "ref_latency_ms": {
    "avg": 9.961036872863769,
    "min": 9.918463706970215,
    "max": 10.011648178100586,
    "all": [
      9.974783897399902,
      9.918463706970215,
      9.943936347961426,
      10.011648178100586,
      9.956352233886719
    ]
  },
  "test_latency_ms": {
    "avg": 9.751564979553223,
    "min": 9.746432304382324,
    "max": 9.760767936706543,
    "all": [
      9.760767936706543,
      9.753727912902832,
      9.75046443939209,
      9.746432304382324,
      9.746432304382324
    ]
  },
  "num_runs": 5,
  "model_init_args": [
    1
  ],
  "model_init_kwargs": {},
  "seed": 100,
  "align_stats": {
    "copied_same_shape": 0,
    "unique_shape_copied": 0,
    "mapped_shape": 0,
    "skipped": 0,
    "pair_aligner": 0,
    "pair_key": "Model->ModelNew"
  },
  "runnable": true,
  "phase": "stage2_block_tiling",
  "pytorch_baseline_ms": 9.88976001739502,
  "score": 1.0141715753452456
}