{
  "timestamp": "2025-12-28T12:27:36",
  "reference_file": "KernelBench/select2/49_Max_reduction_over_a_dimension.py",
  "candidate_file": "/home/hyc/LLMKernel/run/20251228_121433_batch_range47to63_openai_deepseek/49_Max_reduction_over_a_dimension/code/kernel_20251228_122720.py",
  "tolerance": 1,
  "max_abs_err": 0.0,
  "mean_abs_err": 0.0,
  "ref_latency_ms": {
    "avg": 9.88976001739502,
    "min": 9.867232322692871,
    "max": 9.915264129638672,
    "all": [
      9.915264129638672,
      9.896960258483887,
      9.867263793945312,
      9.867232322692871,
      9.902079582214355
    ]
  },
  "test_latency_ms": {
    "avg": 56.03205032348633,
    "min": 56.01279830932617,
    "max": 56.05171203613281,
    "all": [
      56.02918243408203,
      56.01279830932617,
      56.02918243408203,
      56.05171203613281,
      56.037376403808594
    ]
  },
  "num_runs": 5,
  "model_init_args": [
    1
  ],
  "model_init_kwargs": {},
  "seed": 100,
  "align_stats": {
    "copied_same_shape": 0,
    "unique_shape_copied": 0,
    "mapped_shape": 0,
    "skipped": 0,
    "pair_aligner": 0,
    "pair_key": "Model->ModelNew"
  },
  "runnable": true,
  "phase": "seed_1",
  "score": 0.1765018406483269
}