{
  "timestamp": "2025-12-13T09:27:42",
  "reference_file": "KernelBench/level1_low_score/49_Max_reduction_over_a_dimension.py",
  "candidate_file": "/home/hyc/LLMKernel/run/20251213_092218_batch_range49to66_openai_deepseek/49_Max_reduction_over_a_dimension/code/kernel_20251213_092721.py",
  "tolerance": 0.001,
  "max_abs_err": 0.0,
  "mean_abs_err": 0.0,
  "ref_latency_ms": {
    "avg": 9.964748764038086,
    "min": 9.91641616821289,
    "max": 10.0065279006958,
    "all": [
      9.946111679077148,
      9.91641616821289,
      10.0065279006958,
      9.950207710266113,
      10.004480361938477
    ]
  },
  "test_latency_ms": {
    "avg": 54.99508514404297,
    "min": 54.97856140136719,
    "max": 55.025630950927734,
    "all": [
      54.9826545715332,
      55.002113342285156,
      54.98646545410156,
      55.025630950927734,
      54.97856140136719
    ]
  },
  "num_runs": 5,
  "model_init_args": [
    1
  ],
  "model_init_kwargs": {},
  "seed": 100,
  "align_stats": {
    "copied_same_shape": 0,
    "unique_shape_copied": 0,
    "mapped_shape": 0,
    "skipped": 0,
    "pair_aligner": 0,
    "pair_key": "Model->ModelNew"
  },
  "runnable": true,
  "phase": "stage1_grid_and_parallel",
  "pytorch_baseline_ms": 9.99241600036621,
  "score": 0.18169652750230506
}