{
  "timestamp": "2025-12-28T12:41:25",
  "reference_file": "KernelBench/select2/49_Max_reduction_over_a_dimension.py",
  "candidate_file": "/home/hyc/LLMKernel/run/20251228_121433_batch_range47to63_openai_deepseek/49_Max_reduction_over_a_dimension/code/kernel_20251228_124110.py",
  "tolerance": 1,
  "max_abs_err": 0.0,
  "mean_abs_err": 0.0,
  "ref_latency_ms": {
    "avg": 9.947039985656739,
    "min": 9.865983963012695,
    "max": 10.0065279006958,
    "all": [
      9.974656105041504,
      9.951135635375977,
      9.936896324157715,
      9.865983963012695,
      10.0065279006958
    ]
  },
  "test_latency_ms": {
    "avg": 31.854393005371094,
    "min": 31.847423553466797,
    "max": 31.869951248168945,
    "all": [
      31.854591369628906,
      31.849407196044922,
      31.8505916595459,
      31.847423553466797,
      31.869951248168945
    ]
  },
  "num_runs": 5,
  "model_init_args": [
    1
  ],
  "model_init_kwargs": {},
  "seed": 100,
  "align_stats": {
    "copied_same_shape": 0,
    "unique_shape_copied": 0,
    "mapped_shape": 0,
    "skipped": 0,
    "pair_aligner": 0,
    "pair_key": "Model->ModelNew"
  },
  "runnable": true,
  "phase": "algorithm_optimized_seed1_repair1",
  "pytorch_baseline_ms": 9.88976001739502,
  "score": 0.31046769642502586
}