{
  "timestamp": "2025-12-13T15:11:45",
  "reference_file": "KernelBench/level2/9_Matmul_Subtract_Multiply_ReLU.py",
  "candidate_file": "/home/hyc/LLMKernel/run/20251213_080709_batch_range1to40_deepseek_deepseek/9_Matmul_Subtract_Multiply_ReLU/code/kernel_20251213_151140.py",
  "tolerance": 0.001,
  "max_abs_err": 0.015918731689453125,
  "mean_abs_err": 1.966630179595086e-06,
  "ref_latency_ms": {
    "avg": 3.2420095920562746,
    "min": 3.2308480739593506,
    "max": 3.2532479763031006,
    "all": [
      3.2532479763031006,
      3.2419838905334473,
      3.2440319061279297,
      3.2308480739593506,
      3.239936113357544
    ]
  },
  "test_latency_ms": {
    "avg": 2.096684789657593,
    "min": 2.092031955718994,
    "max": 2.103264093399048,
    "all": [
      2.103264093399048,
      2.0940799713134766,
      2.0939199924468994,
      2.092031955718994,
      2.100127935409546
    ]
  },
  "num_runs": 5,
  "model_init_args": [
    8192,
    8192,
    2.0,
    1.5
  ],
  "model_init_kwargs": {},
  "seed": 100,
  "align_stats": {
    "copied_same_shape": 2,
    "unique_shape_copied": 0,
    "mapped_shape": 0,
    "skipped": 0,
    "pair_aligner": 0,
    "pair_key": "Model->ModelNew"
  },
  "runnable": true,
  "phase": "stage1_grid_and_parallel",
  "pytorch_baseline_ms": 3.218278408050537,
  "score": 1.5349366885883264
}