{
  "timestamp": "2025-12-13T15:21:01",
  "reference_file": "KernelBench/level2/9_Matmul_Subtract_Multiply_ReLU.py",
  "candidate_file": "/home/hyc/LLMKernel/run/20251213_080709_batch_range1to40_deepseek_deepseek/9_Matmul_Subtract_Multiply_ReLU/code/kernel_20251213_152055.py",
  "tolerance": 0.001,
  "max_abs_err": 0.015918731689453125,
  "mean_abs_err": 1.966630179595086e-06,
  "ref_latency_ms": {
    "avg": 3.358073616027832,
    "min": 3.3525760173797607,
    "max": 3.3720319271087646,
    "all": [
      3.3720319271087646,
      3.354624032974243,
      3.353600025177002,
      3.3575360774993896,
      3.3525760173797607
    ]
  },
  "test_latency_ms": {
    "avg": 2.1069439888000487,
    "min": 2.0981760025024414,
    "max": 2.1227519512176514,
    "all": [
      2.1227519512176514,
      2.1032960414886475,
      2.0981760025024414,
      2.109247922897339,
      2.101248025894165
    ]
  },
  "num_runs": 5,
  "model_init_args": [
    8192,
    8192,
    2.0,
    1.5
  ],
  "model_init_kwargs": {},
  "seed": 100,
  "align_stats": {
    "copied_same_shape": 2,
    "unique_shape_copied": 0,
    "mapped_shape": 0,
    "skipped": 0,
    "pair_aligner": 0,
    "pair_key": "Model->ModelNew"
  },
  "runnable": true,
  "phase": "stage4_repair",
  "pytorch_baseline_ms": 3.218278408050537,
  "score": 1.5274627257098647
}