{
  "timestamp": "2025-12-13T15:16:24",
  "reference_file": "KernelBench/level2/9_Matmul_Subtract_Multiply_ReLU.py",
  "candidate_file": "/home/hyc/LLMKernel/run/20251213_080709_batch_range1to40_deepseek_deepseek/9_Matmul_Subtract_Multiply_ReLU/code/kernel_20251213_151618.py",
  "tolerance": 0.001,
  "max_abs_err": 0.015918731689453125,
  "mean_abs_err": 1.966630179595086e-06,
  "ref_latency_ms": {
    "avg": 3.2468735694885256,
    "min": 3.2398080825805664,
    "max": 3.259392023086548,
    "all": [
      3.259392023086548,
      3.2398080825805664,
      3.2440319061279297,
      3.245055913925171,
      3.246079921722412
    ]
  },
  "test_latency_ms": {
    "avg": 53.427545166015626,
    "min": 53.13024139404297,
    "max": 54.18086242675781,
    "all": [
      54.18086242675781,
      53.43638229370117,
      53.13024139404297,
      53.2305908203125,
      53.15964889526367
    ]
  },
  "num_runs": 5,
  "model_init_args": [
    8192,
    8192,
    2.0,
    1.5
  ],
  "model_init_kwargs": {},
  "seed": 100,
  "align_stats": {
    "copied_same_shape": 2,
    "unique_shape_copied": 0,
    "mapped_shape": 0,
    "skipped": 0,
    "pair_aligner": 0,
    "pair_key": "Model->ModelNew"
  },
  "runnable": true,
  "phase": "stage3_memory_access",
  "pytorch_baseline_ms": 3.218278408050537,
  "score": 0.060236314396447894
}