{
  "timestamp": "2025-12-13T15:09:18",
  "reference_file": "KernelBench/level2/9_Matmul_Subtract_Multiply_ReLU.py",
  "candidate_file": "/home/hyc/LLMKernel/run/20251213_080709_batch_range1to40_deepseek_deepseek/9_Matmul_Subtract_Multiply_ReLU/code/kernel_20251213_150914.py",
  "tolerance": 0.001,
  "max_abs_err": 0.015918731689453125,
  "mean_abs_err": 1.966630179595086e-06,
  "ref_latency_ms": {
    "avg": 3.218278408050537,
    "min": 3.2133119106292725,
    "max": 3.2235519886016846,
    "all": [
      3.2225279808044434,
      3.213376045227051,
      3.2133119106292725,
      3.2186241149902344,
      3.2235519886016846
    ]
  },
  "test_latency_ms": {
    "avg": 2.050707197189331,
    "min": 2.040832042694092,
    "max": 2.058271884918213,
    "all": [
      2.058271884918213,
      2.0521600246429443,
      2.040832042694092,
      2.044032096862793,
      2.0582399368286133
    ]
  },
  "num_runs": 5,
  "model_init_args": [
    8192,
    8192,
    2.0,
    1.5
  ],
  "model_init_kwargs": {},
  "seed": 100,
  "align_stats": {
    "copied_same_shape": 2,
    "unique_shape_copied": 0,
    "mapped_shape": 0,
    "skipped": 0,
    "pair_aligner": 0,
    "pair_key": "Model->ModelNew"
  },
  "runnable": true,
  "phase": "seed",
  "score": 1.5693505208649299
}