{
  "timestamp": "2025-12-13T15:13:33",
  "reference_file": "KernelBench/level2/9_Matmul_Subtract_Multiply_ReLU.py",
  "candidate_file": "/home/hyc/LLMKernel/run/20251213_080709_batch_range1to40_deepseek_deepseek/9_Matmul_Subtract_Multiply_ReLU/code/kernel_20251213_151327.py",
  "tolerance": 0.001,
  "max_abs_err": 0.015918731689453125,
  "mean_abs_err": 1.966630179595086e-06,
  "ref_latency_ms": {
    "avg": 3.3709503650665282,
    "min": 3.3645761013031006,
    "max": 3.3863680362701416,
    "all": [
      3.3863680362701416,
      3.3669118881225586,
      3.3645761013031006,
      3.368959903717041,
      3.3679358959198
    ]
  },
  "test_latency_ms": {
    "avg": 2.1202303886413576,
    "min": 2.1143999099731445,
    "max": 2.130880117416382,
    "all": [
      2.130880117416382,
      2.119584083557129,
      2.116607904434204,
      2.1143999099731445,
      2.1196799278259277
    ]
  },
  "num_runs": 5,
  "model_init_args": [
    8192,
    8192,
    2.0,
    1.5
  ],
  "model_init_kwargs": {},
  "seed": 100,
  "align_stats": {
    "copied_same_shape": 2,
    "unique_shape_copied": 0,
    "mapped_shape": 0,
    "skipped": 0,
    "pair_aligner": 0,
    "pair_key": "Model->ModelNew"
  },
  "runnable": true,
  "phase": "stage2_block_tiling",
  "pytorch_baseline_ms": 3.218278408050537,
  "score": 1.5178908977494696
}