{
  "timestamp": "2025-12-15T04:52:03",
  "reference_file": "KernelBench/level2/94_Gemm_BiasAdd_Hardtanh_Mish_GroupNorm.py",
  "candidate_file": "/home/hyc/LLMKernel/run/20251215_024929_batch_range89to100_openai_deepseek/94_Gemm_BiasAdd_Hardtanh_Mish_GroupNorm/code/kernel_20251215_045156.py",
  "tolerance": 0.001,
  "max_abs_err": 9.059906005859375e-06,
  "mean_abs_err": 4.0198898432208807e-07,
  "ref_latency_ms": {
    "avg": 3.482700824737549,
    "min": 3.4742400646209717,
    "max": 3.4930241107940674,
    "all": [
      3.4930241107940674,
      3.4787518978118896,
      3.4742400646209717,
      3.4817919731140137,
      3.4856960773468018
    ]
  },
  "test_latency_ms": {
    "avg": 5.242284774780273,
    "min": 5.203968048095703,
    "max": 5.257215976715088,
    "all": [
      5.203968048095703,
      5.257215976715088,
      5.255263805389404,
      5.241856098175049,
      5.253119945526123
    ]
  },
  "num_runs": 5,
  "model_init_args": [
    8192,
    8192,
    [
      8192
    ],
    256
  ],
  "model_init_kwargs": {},
  "seed": 100,
  "align_stats": {
    "copied_same_shape": 1,
    "unique_shape_copied": 1,
    "mapped_shape": 0,
    "skipped": 3,
    "pair_aligner": 0,
    "pair_key": "Model->ModelNew"
  },
  "runnable": true,
  "phase": "stage2_block_tiling",
  "pytorch_baseline_ms": 3.3894272327423094,
  "score": 0.6465553433968827
}