{
  "timestamp": "2025-12-23T08:39:54",
  "reference_file": "KernelBench/level2/94_Gemm_BiasAdd_Hardtanh_Mish_GroupNorm.py",
  "candidate_file": "/home/hyc/LLMKernel/run/20251223_083710_94_Gemm_BiasAdd_Hardtanh_Mish_GroupNorm_openai_deepseek/94_Gemm_BiasAdd_Hardtanh_Mish_GroupNorm/code/kernel_20251223_083948.py",
  "tolerance": 1,
  "max_abs_err": 0.03440594673156738,
  "mean_abs_err": 0.005255839787423611,
  "ref_latency_ms": {
    "avg": 3.3451647758483887,
    "min": 3.33516788482666,
    "max": 3.3607680797576904,
    "all": [
      3.3607680797576904,
      3.33516788482666,
      3.3392319679260254,
      3.3423359394073486,
      3.3483200073242188
    ]
  },
  "test_latency_ms": {
    "avg": 4.074015951156616,
    "min": 3.9874560832977295,
    "max": 4.15231990814209,
    "all": [
      4.148223876953125,
      4.15231990814209,
      4.092927932739258,
      3.989151954650879,
      3.9874560832977295
    ]
  },
  "num_runs": 5,
  "model_init_args": [
    8192,
    8192,
    [
      8192
    ],
    256
  ],
  "model_init_kwargs": {},
  "seed": 100,
  "align_stats": {
    "copied_same_shape": 1,
    "unique_shape_copied": 1,
    "mapped_shape": 0,
    "skipped": 2,
    "pair_aligner": 0,
    "pair_key": "Model->ModelNew"
  },
  "runnable": true,
  "phase": "seed_1",
  "score": 0.8210976137436806
}