{
  "timestamp": "2025-12-15T04:56:08",
  "reference_file": "KernelBench/level2/94_Gemm_BiasAdd_Hardtanh_Mish_GroupNorm.py",
  "candidate_file": "/home/hyc/LLMKernel/run/20251215_024929_batch_range89to100_openai_deepseek/94_Gemm_BiasAdd_Hardtanh_Mish_GroupNorm/code/kernel_20251215_045600.py",
  "tolerance": 0.001,
  "max_abs_err": 9.059906005859375e-06,
  "mean_abs_err": 4.0198898432208807e-07,
  "ref_latency_ms": {
    "avg": 3.521337652206421,
    "min": 3.511296033859253,
    "max": 3.5358400344848633,
    "all": [
      3.5358400344848633,
      3.520512104034424,
      3.5208001136779785,
      3.511296033859253,
      3.518239974975586
    ]
  },
  "test_latency_ms": {
    "avg": 5.098041629791259,
    "min": 5.051392078399658,
    "max": 5.157887935638428,
    "all": [
      5.068575859069824,
      5.071872234344482,
      5.051392078399658,
      5.140480041503906,
      5.157887935638428
    ]
  },
  "num_runs": 5,
  "model_init_args": [
    8192,
    8192,
    [
      8192
    ],
    256
  ],
  "model_init_kwargs": {},
  "seed": 100,
  "align_stats": {
    "copied_same_shape": 1,
    "unique_shape_copied": 1,
    "mapped_shape": 0,
    "skipped": 3,
    "pair_aligner": 0,
    "pair_key": "Model->ModelNew"
  },
  "runnable": true,
  "phase": "stage4_repair",
  "pytorch_baseline_ms": 3.3894272327423094,
  "score": 0.6648488731311303
}