{
  "timestamp": "2025-12-23T08:49:05",
  "reference_file": "KernelBench/level2/94_Gemm_BiasAdd_Hardtanh_Mish_GroupNorm.py",
  "candidate_file": "/home/hyc/LLMKernel/run/20251223_083710_94_Gemm_BiasAdd_Hardtanh_Mish_GroupNorm_openai_deepseek/94_Gemm_BiasAdd_Hardtanh_Mish_GroupNorm/code/kernel_20251223_084859.py",
  "tolerance": 1,
  "max_abs_err": 0.03440570831298828,
  "mean_abs_err": 0.005255839787423611,
  "ref_latency_ms": {
    "avg": 3.4588672637939455,
    "min": 3.4508800506591797,
    "max": 3.4693119525909424,
    "all": [
      3.4693119525909424,
      3.4508800506591797,
      3.458048105239868,
      3.4590721130371094,
      3.457024097442627
    ]
  },
  "test_latency_ms": {
    "avg": 2.3437759399414064,
    "min": 2.261215925216675,
    "max": 2.367487907409668,
    "all": [
      2.261215925216675,
      2.3644158840179443,
      2.3644158840179443,
      2.3613440990448,
      2.367487907409668
    ]
  },
  "num_runs": 5,
  "model_init_args": [
    8192,
    8192,
    [
      8192
    ],
    256
  ],
  "model_init_kwargs": {},
  "seed": 100,
  "align_stats": {
    "copied_same_shape": 1,
    "unique_shape_copied": 1,
    "mapped_shape": 0,
    "skipped": 2,
    "pair_aligner": 0,
    "pair_key": "Model->ModelNew"
  },
  "runnable": true,
  "phase": "stage3_memory_and_tuning",
  "pytorch_baseline_ms": 3.3451647758483887,
  "score": 1.427254507925368
}