{
  "timestamp": "2025-12-15T04:54:08",
  "reference_file": "KernelBench/level2/94_Gemm_BiasAdd_Hardtanh_Mish_GroupNorm.py",
  "candidate_file": "/home/hyc/LLMKernel/run/20251215_024929_batch_range89to100_openai_deepseek/94_Gemm_BiasAdd_Hardtanh_Mish_GroupNorm/code/kernel_20251215_045400.py",
  "tolerance": 0.001,
  "max_abs_err": 9.059906005859375e-06,
  "mean_abs_err": 4.0198898432208807e-07,
  "ref_latency_ms": {
    "avg": 3.52991361618042,
    "min": 3.5194880962371826,
    "max": 3.5531840324401855,
    "all": [
      3.5531840324401855,
      3.5297279357910156,
      3.5194880962371826,
      3.520512104034424,
      3.526655912399292
    ]
  },
  "test_latency_ms": {
    "avg": 5.2737983703613285,
    "min": 5.265247821807861,
    "max": 5.293024063110352,
    "all": [
      5.293024063110352,
      5.2674560546875,
      5.265247821807861,
      5.270431995391846,
      5.272831916809082
    ]
  },
  "num_runs": 5,
  "model_init_args": [
    8192,
    8192,
    [
      8192
    ],
    256
  ],
  "model_init_kwargs": {},
  "seed": 100,
  "align_stats": {
    "copied_same_shape": 1,
    "unique_shape_copied": 1,
    "mapped_shape": 0,
    "skipped": 3,
    "pair_aligner": 0,
    "pair_key": "Model->ModelNew"
  },
  "runnable": true,
  "phase": "stage3_repair",
  "pytorch_baseline_ms": 3.3894272327423094,
  "score": 0.6426918502972814
}