{
  "timestamp": "2025-12-23T08:38:44",
  "reference_file": "KernelBench/level2/94_Gemm_BiasAdd_Hardtanh_Mish_GroupNorm.py",
  "candidate_file": "/home/hyc/LLMKernel/run/20251223_083710_94_Gemm_BiasAdd_Hardtanh_Mish_GroupNorm_openai_deepseek/94_Gemm_BiasAdd_Hardtanh_Mish_GroupNorm/code/kernel_20251223_083837.py",
  "tolerance": 1,
  "max_abs_err": 0.03440594673156738,
  "mean_abs_err": 0.005255839787423611,
  "ref_latency_ms": {
    "avg": 3.3584767818450927,
    "min": 3.352447986602783,
    "max": 3.3689279556274414,
    "all": [
      3.3689279556274414,
      3.352447986602783,
      3.3525760173797607,
      3.356384038925171,
      3.3620479106903076
    ]
  },
  "test_latency_ms": {
    "avg": 4.042335891723633,
    "min": 4.038623809814453,
    "max": 4.046847820281982,
    "all": [
      4.0417280197143555,
      4.042751789093018,
      4.046847820281982,
      4.0417280197143555,
      4.038623809814453
    ]
  },
  "num_runs": 5,
  "model_init_args": [
    8192,
    8192,
    [
      8192
    ],
    256
  ],
  "model_init_kwargs": {},
  "seed": 100,
  "align_stats": {
    "copied_same_shape": 1,
    "unique_shape_copied": 1,
    "mapped_shape": 0,
    "skipped": 2,
    "pair_aligner": 0,
    "pair_key": "Model->ModelNew"
  },
  "runnable": true,
  "phase": "seed_0_repair_1",
  "score": 0.8308257581269561
}