{
  "timestamp": "2025-12-15T04:48:44",
  "reference_file": "KernelBench/level2/94_Gemm_BiasAdd_Hardtanh_Mish_GroupNorm.py",
  "candidate_file": "/home/hyc/LLMKernel/run/20251215_024929_batch_range89to100_openai_deepseek/94_Gemm_BiasAdd_Hardtanh_Mish_GroupNorm/code/kernel_20251215_044839.py",
  "tolerance": 0.001,
  "max_abs_err": 9.059906005859375e-06,
  "mean_abs_err": 4.0198898432208807e-07,
  "ref_latency_ms": {
    "avg": 3.3894272327423094,
    "min": 3.3822720050811768,
    "max": 3.399616003036499,
    "all": [
      3.399616003036499,
      3.3904640674591064,
      3.3822720050811768,
      3.3904640674591064,
      3.384320020675659
    ]
  },
  "test_latency_ms": {
    "avg": 5.042201709747315,
    "min": 5.030911922454834,
    "max": 5.051328182220459,
    "all": [
      5.049536228179932,
      5.041152000427246,
      5.030911922454834,
      5.051328182220459,
      5.038080215454102
    ]
  },
  "num_runs": 5,
  "model_init_args": [
    8192,
    8192,
    [
      8192
    ],
    256
  ],
  "model_init_kwargs": {},
  "seed": 100,
  "align_stats": {
    "copied_same_shape": 1,
    "unique_shape_copied": 1,
    "mapped_shape": 0,
    "skipped": 3,
    "pair_aligner": 0,
    "pair_key": "Model->ModelNew"
  },
  "runnable": true,
  "phase": "seed_repair",
  "score": 0.6722117495200658
}