{
  "timestamp": "2025-12-23T08:47:53",
  "reference_file": "KernelBench/level2/94_Gemm_BiasAdd_Hardtanh_Mish_GroupNorm.py",
  "candidate_file": "/home/hyc/LLMKernel/run/20251223_083710_94_Gemm_BiasAdd_Hardtanh_Mish_GroupNorm_openai_deepseek/94_Gemm_BiasAdd_Hardtanh_Mish_GroupNorm/code/kernel_20251223_084748.py",
  "tolerance": 1,
  "max_abs_err": 0.03440594673156738,
  "mean_abs_err": 0.005255839787423611,
  "ref_latency_ms": {
    "avg": 3.4578879833221436,
    "min": 3.4498560428619385,
    "max": 3.471359968185425,
    "all": [
      3.471359968185425,
      3.4600958824157715,
      3.451904058456421,
      3.4498560428619385,
      3.456223964691162
    ]
  },
  "test_latency_ms": {
    "avg": 2.067999982833862,
    "min": 2.0602879524230957,
    "max": 2.0766398906707764,
    "all": [
      2.0766398906707764,
      2.070528030395508,
      2.0602879524230957,
      2.068160057067871,
      2.0643839836120605
    ]
  },
  "num_runs": 5,
  "model_init_args": [
    8192,
    8192,
    [
      8192
    ],
    256
  ],
  "model_init_kwargs": {},
  "seed": 100,
  "align_stats": {
    "copied_same_shape": 1,
    "unique_shape_copied": 1,
    "mapped_shape": 0,
    "skipped": 2,
    "pair_aligner": 0,
    "pair_key": "Model->ModelNew"
  },
  "runnable": true,
  "phase": "stage2_block_tiling",
  "pytorch_baseline_ms": 3.3451647758483887,
  "score": 1.6175845278607677
}