{
  "timestamp": "2025-12-23T08:47:08",
  "reference_file": "KernelBench/level2/94_Gemm_BiasAdd_Hardtanh_Mish_GroupNorm.py",
  "candidate_file": "/home/hyc/LLMKernel/run/20251223_083710_94_Gemm_BiasAdd_Hardtanh_Mish_GroupNorm_openai_deepseek/94_Gemm_BiasAdd_Hardtanh_Mish_GroupNorm/code/kernel_20251223_084704.py",
  "tolerance": 1,
  "max_abs_err": 0.03440594673156738,
  "mean_abs_err": 0.005255839787423611,
  "ref_latency_ms": {
    "avg": 3.3739007472991944,
    "min": 3.368959903717041,
    "max": 3.3822720050811768,
    "all": [
      3.3822720050811768,
      3.3761279582977295,
      3.3699839115142822,
      3.368959903717041,
      3.372159957885742
    ]
  },
  "test_latency_ms": {
    "avg": 2.119545555114746,
    "min": 2.1143360137939453,
    "max": 2.124799966812134,
    "all": [
      2.124799966812134,
      2.1205759048461914,
      2.1152639389038086,
      2.1143360137939453,
      2.1227519512176514
    ]
  },
  "num_runs": 5,
  "model_init_args": [
    8192,
    8192,
    [
      8192
    ],
    256
  ],
  "model_init_kwargs": {},
  "seed": 100,
  "align_stats": {
    "copied_same_shape": 1,
    "unique_shape_copied": 1,
    "mapped_shape": 0,
    "skipped": 2,
    "pair_aligner": 0,
    "pair_key": "Model->ModelNew"
  },
  "runnable": true,
  "phase": "stage1_grid_and_parallel",
  "pytorch_baseline_ms": 3.3451647758483887,
  "score": 1.578246227251903
}