{
  "timestamp": "2025-12-23T08:45:55",
  "reference_file": "KernelBench/level2/94_Gemm_BiasAdd_Hardtanh_Mish_GroupNorm.py",
  "candidate_file": "/home/hyc/LLMKernel/run/20251223_083710_94_Gemm_BiasAdd_Hardtanh_Mish_GroupNorm_openai_deepseek/94_Gemm_BiasAdd_Hardtanh_Mish_GroupNorm/code/kernel_20251223_084549.py",
  "tolerance": 1,
  "max_abs_err": 0.03440594673156738,
  "mean_abs_err": 0.005255839787423611,
  "ref_latency_ms": {
    "avg": 3.3388031482696534,
    "min": 3.3361918926239014,
    "max": 3.343424081802368,
    "all": [
      3.343424081802368,
      3.338239908218384,
      3.3361918926239014,
      3.3361918926239014,
      3.339967966079712
    ]
  },
  "test_latency_ms": {
    "avg": 2.2403519630432127,
    "min": 2.2259199619293213,
    "max": 2.2596800327301025,
    "all": [
      2.2596800327301025,
      2.2527999877929688,
      2.233311891555786,
      2.2259199619293213,
      2.2300479412078857
    ]
  },
  "num_runs": 5,
  "model_init_args": [
    8192,
    8192,
    [
      8192
    ],
    256
  ],
  "model_init_kwargs": {},
  "seed": 100,
  "align_stats": {
    "copied_same_shape": 1,
    "unique_shape_copied": 1,
    "mapped_shape": 0,
    "skipped": 2,
    "pair_aligner": 0,
    "pair_key": "Model->ModelNew"
  },
  "runnable": true,
  "phase": "algorithm_optimized_seed1",
  "pytorch_baseline_ms": 3.3451647758483887,
  "score": 1.493142520028165
}