{
  "timestamp": "2025-12-23T08:44:37",
  "reference_file": "KernelBench/level2/94_Gemm_BiasAdd_Hardtanh_Mish_GroupNorm.py",
  "candidate_file": "/home/hyc/LLMKernel/run/20251223_083710_94_Gemm_BiasAdd_Hardtanh_Mish_GroupNorm_openai_deepseek/94_Gemm_BiasAdd_Hardtanh_Mish_GroupNorm/code/kernel_20251223_084430.py",
  "tolerance": 1,
  "max_abs_err": 0.03440570831298828,
  "mean_abs_err": 0.005255840718746185,
  "ref_latency_ms": {
    "avg": 3.3767871379852297,
    "min": 3.369119882583618,
    "max": 3.3935999870300293,
    "all": [
      3.3935999870300293,
      3.374079942703247,
      3.3699839115142822,
      3.3771519660949707,
      3.369119882583618
    ]
  },
  "test_latency_ms": {
    "avg": 4.10502405166626,
    "min": 4.077856063842773,
    "max": 4.114336013793945,
    "all": [
      4.110335826873779,
      4.1121602058410645,
      4.114336013793945,
      4.110432147979736,
      4.077856063842773
    ]
  },
  "num_runs": 5,
  "model_init_args": [
    8192,
    8192,
    [
      8192
    ],
    256
  ],
  "model_init_kwargs": {},
  "seed": 100,
  "align_stats": {
    "copied_same_shape": 1,
    "unique_shape_copied": 1,
    "mapped_shape": 0,
    "skipped": 2,
    "pair_aligner": 0,
    "pair_key": "Model->ModelNew"
  },
  "runnable": true,
  "phase": "algorithm_optimized_seed0_repair2",
  "pytorch_baseline_ms": 3.3451647758483887,
  "score": 0.8148952926330751
}