{
  "timestamp": "2025-12-28T09:04:13",
  "reference_file": "KernelBench/select/11_VGG16.py",
  "candidate_file": "/home/hyc/LLMKernel/run/20251228_085453_batch_range11to24_openai_deepseek/11_VGG16/code/kernel_20251228_090405.py",
  "tolerance": 1,
  "max_abs_err": 1.5712041854858398,
  "mean_abs_err": 0.3514452874660492,
  "ref_latency_ms": {
    "avg": 7.261068820953369,
    "min": 7.252992153167725,
    "max": 7.275231838226318,
    "all": [
      7.275231838226318,
      7.25980806350708,
      7.252992153167725,
      7.261407852172852,
      7.255904197692871
    ]
  },
  "test_latency_ms": {
    "avg": 7.2552000999450685,
    "min": 7.245823860168457,
    "max": 7.270304203033447,
    "all": [
      7.24889612197876,
      7.250944137573242,
      7.245823860168457,
      7.270304203033447,
      7.2600321769714355
    ]
  },
  "num_runs": 5,
  "model_init_args": [
    1000
  ],
  "model_init_kwargs": {},
  "seed": 100,
  "align_stats": {
    "copied_same_shape": 26,
    "unique_shape_copied": 4,
    "mapped_shape": 0,
    "skipped": 2,
    "pair_aligner": 0,
    "pair_key": "Model->ModelNew"
  },
  "runnable": true,
  "phase": "stage1_grid_and_parallel",
  "pytorch_baseline_ms": 7.720908832550049,
  "score": 1.0641896469000913
}