{
  "timestamp": "2025-12-28T09:03:13",
  "reference_file": "KernelBench/select/11_VGG16.py",
  "candidate_file": "/home/hyc/LLMKernel/run/20251228_085453_batch_range11to24_openai_deepseek/11_VGG16/code/kernel_20251228_090308.py",
  "tolerance": 1,
  "max_abs_err": 1.5712041854858398,
  "mean_abs_err": 0.3514452874660492,
  "ref_latency_ms": {
    "avg": 7.720281600952148,
    "min": 7.705344200134277,
    "max": 7.763904094696045,
    "all": [
      7.763904094696045,
      7.717887878417969,
      7.708672046661377,
      7.705344200134277,
      7.705599784851074
    ]
  },
  "test_latency_ms": {
    "avg": 8.943328094482421,
    "min": 8.940544128417969,
    "max": 8.945664405822754,
    "all": [
      8.944543838500977,
      8.942272186279297,
      8.940544128417969,
      8.943615913391113,
      8.945664405822754
    ]
  },
  "num_runs": 5,
  "model_init_args": [
    1000
  ],
  "model_init_kwargs": {},
  "seed": 100,
  "align_stats": {
    "copied_same_shape": 26,
    "unique_shape_copied": 4,
    "mapped_shape": 0,
    "skipped": 2,
    "pair_aligner": 0,
    "pair_key": "Model->ModelNew"
  },
  "runnable": true,
  "phase": "algorithm_optimized_seed1",
  "pytorch_baseline_ms": 7.720908832550049,
  "score": 0.8633149484153956
}