{
  "timestamp": "2025-12-28T09:05:27",
  "reference_file": "KernelBench/select/11_VGG16.py",
  "candidate_file": "/home/hyc/LLMKernel/run/20251228_085453_batch_range11to24_openai_deepseek/11_VGG16/code/kernel_20251228_090520.py",
  "tolerance": 1,
  "max_abs_err": 1.5712041854858398,
  "mean_abs_err": 0.3514452874660492,
  "ref_latency_ms": {
    "avg": 7.250623893737793,
    "min": 7.244800090789795,
    "max": 7.259359836578369,
    "all": [
      7.259359836578369,
      7.2520318031311035,
      7.247007846832275,
      7.249919891357422,
      7.244800090789795
    ]
  },
  "test_latency_ms": {
    "avg": 7.2280128479003904,
    "min": 7.221280097961426,
    "max": 7.236608028411865,
    "all": [
      7.227392196655273,
      7.236608028411865,
      7.230463981628418,
      7.224319934844971,
      7.221280097961426
    ]
  },
  "num_runs": 5,
  "model_init_args": [
    1000
  ],
  "model_init_kwargs": {},
  "seed": 100,
  "align_stats": {
    "copied_same_shape": 26,
    "unique_shape_copied": 4,
    "mapped_shape": 0,
    "skipped": 2,
    "pair_aligner": 0,
    "pair_key": "Model->ModelNew"
  },
  "runnable": true,
  "phase": "stage3_memory_and_tuning",
  "pytorch_baseline_ms": 7.720908832550049,
  "score": 1.0681924610569606
}