{
  "timestamp": "2025-12-28T09:04:52",
  "reference_file": "KernelBench/select/11_VGG16.py",
  "candidate_file": "/home/hyc/LLMKernel/run/20251228_085453_batch_range11to24_openai_deepseek/11_VGG16/code/kernel_20251228_090444.py",
  "tolerance": 1,
  "max_abs_err": 1.5712041854858398,
  "mean_abs_err": 0.3514452874660492,
  "ref_latency_ms": {
    "avg": 7.245811176300049,
    "min": 7.24070405960083,
    "max": 7.252319812774658,
    "all": [
      7.250912189483643,
      7.252319812774658,
      7.243103981018066,
      7.242015838623047,
      7.24070405960083
    ]
  },
  "test_latency_ms": {
    "avg": 7.458745670318604,
    "min": 7.452383995056152,
    "max": 7.467008113861084,
    "all": [
      7.467008113861084,
      7.458752155303955,
      7.452383995056152,
      7.452672004699707,
      7.462912082672119
    ]
  },
  "num_runs": 5,
  "model_init_args": [
    1000
  ],
  "model_init_kwargs": {},
  "seed": 100,
  "align_stats": {
    "copied_same_shape": 26,
    "unique_shape_copied": 4,
    "mapped_shape": 0,
    "skipped": 2,
    "pair_aligner": 0,
    "pair_key": "Model->ModelNew"
  },
  "runnable": true,
  "phase": "stage2_block_tiling",
  "pytorch_baseline_ms": 7.720908832550049,
  "score": 1.0351484249254803
}