{
  "timestamp": "2025-12-28T09:02:29",
  "reference_file": "KernelBench/select/11_VGG16.py",
  "candidate_file": "/home/hyc/LLMKernel/run/20251228_085453_batch_range11to24_openai_deepseek/11_VGG16/code/kernel_20251228_090216.py",
  "tolerance": 1,
  "max_abs_err": 1.1825934052467346e-05,
  "mean_abs_err": 2.565773002061178e-06,
  "ref_latency_ms": {
    "avg": 7.240134429931641,
    "min": 7.234560012817383,
    "max": 7.250112056732178,
    "all": [
      7.250112056732178,
      7.2427520751953125,
      7.235616207122803,
      7.234560012817383,
      7.237631797790527
    ]
  },
  "test_latency_ms": {
    "avg": 949.3434326171875,
    "min": 948.384765625,
    "max": 950.29736328125,
    "all": [
      949.6012573242188,
      949.3506469726562,
      950.29736328125,
      948.384765625,
      949.0831298828125
    ]
  },
  "num_runs": 5,
  "model_init_args": [
    1000
  ],
  "model_init_kwargs": {},
  "seed": 100,
  "align_stats": {
    "copied_same_shape": 32,
    "unique_shape_copied": 0,
    "mapped_shape": 0,
    "skipped": 0,
    "pair_aligner": 0,
    "pair_key": "Model->ModelNew"
  },
  "runnable": true,
  "phase": "algorithm_optimized_seed0_repair1",
  "pytorch_baseline_ms": 7.720908832550049,
  "score": 0.008132893289486126
}