{
  "timestamp": "2025-12-28T08:56:59",
  "reference_file": "KernelBench/select/11_VGG16.py",
  "candidate_file": "/home/hyc/LLMKernel/run/20251228_085453_batch_range11to24_openai_deepseek/11_VGG16/code/kernel_20251228_085652.py",
  "tolerance": 1,
  "max_abs_err": 1.1796131730079651e-05,
  "mean_abs_err": 2.5749091037141625e-06,
  "ref_latency_ms": {
    "avg": 7.706387042999268,
    "min": 7.702367782592773,
    "max": 7.716864109039307,
    "all": [
      7.716864109039307,
      7.705599784851074,
      7.703551769256592,
      7.702367782592773,
      7.703551769256592
    ]
  },
  "test_latency_ms": {
    "avg": 11.795014381408691,
    "min": 11.790335655212402,
    "max": 11.797344207763672,
    "all": [
      11.796480178833008,
      11.797344207763672,
      11.795455932617188,
      11.790335655212402,
      11.795455932617188
    ]
  },
  "num_runs": 5,
  "model_init_args": [
    1000
  ],
  "model_init_kwargs": {},
  "seed": 100,
  "align_stats": {
    "copied_same_shape": 32,
    "unique_shape_copied": 0,
    "mapped_shape": 0,
    "skipped": 0,
    "pair_aligner": 0,
    "pair_key": "Model->ModelNew"
  },
  "runnable": true,
  "phase": "seed_0_repair_1",
  "score": 0.653359698750862
}