{
  "timestamp": "2025-12-28T08:58:00",
  "reference_file": "KernelBench/select/11_VGG16.py",
  "candidate_file": "/home/hyc/LLMKernel/run/20251228_085453_batch_range11to24_openai_deepseek/11_VGG16/code/kernel_20251228_085754.py",
  "tolerance": 1,
  "max_abs_err": 1.5712041854858398,
  "mean_abs_err": 0.3514452874660492,
  "ref_latency_ms": {
    "avg": 7.720908832550049,
    "min": 7.710815906524658,
    "max": 7.733248233795166,
    "all": [
      7.733248233795166,
      7.710815906524658,
      7.718912124633789,
      7.722655773162842,
      7.718912124633789
    ]
  },
  "test_latency_ms": {
    "avg": 11.782278442382813,
    "min": 11.774687767028809,
    "max": 11.799551963806152,
    "all": [
      11.799551963806152,
      11.775936126708984,
      11.774687767028809,
      11.781120300292969,
      11.780096054077148
    ]
  },
  "num_runs": 5,
  "model_init_args": [
    1000
  ],
  "model_init_kwargs": {},
  "seed": 100,
  "align_stats": {
    "copied_same_shape": 26,
    "unique_shape_copied": 4,
    "mapped_shape": 0,
    "skipped": 2,
    "pair_aligner": 0,
    "pair_key": "Model->ModelNew"
  },
  "runnable": true,
  "phase": "seed_1",
  "score": 0.6552984526979653
}