{
  "timestamp": "2025-12-16T02:25:23",
  "reference_file": "KernelBench/level3/35_LSTM.py",
  "candidate_file": "/home/hyc/LLMKernel/run/20251216_022454_batch_range34to50_openai_deepseek/35_LSTM/code/kernel_20251216_022519.py",
  "tolerance": 0.1,
  "max_abs_err": 3.890693187713623e-05,
  "mean_abs_err": 8.542579962522723e-06,
  "ref_latency_ms": {
    "avg": 22.20088310241699,
    "min": 22.037504196166992,
    "max": 22.541311264038086,
    "all": [
      22.541311264038086,
      22.24025535583496,
      22.037504196166992,
      22.08563232421875,
      22.099712371826172
    ]
  },
  "test_latency_ms": {
    "avg": 22.147289657592772,
    "min": 22.06719970703125,
    "max": 22.205440521240234,
    "all": [
      22.133760452270508,
      22.06719970703125,
      22.162303924560547,
      22.167743682861328,
      22.205440521240234
    ]
  },
  "num_runs": 5,
  "model_init_args": [
    128,
    256,
    6,
    10,
    0.0
  ],
  "model_init_kwargs": {},
  "seed": 100,
  "align_stats": {
    "copied_same_shape": 24,
    "unique_shape_copied": 2,
    "mapped_shape": 0,
    "skipped": 0,
    "pair_aligner": 0,
    "pair_key": "Model->ModelNew"
  },
  "runnable": true,
  "phase": "seed",
  "score": 1.0024198647172091
}