{
  "timestamp": "2025-12-28T16:51:26",
  "reference_file": "KernelBench/tt/52_Conv2d_Activation_BatchNorm.py",
  "candidate_file": "/home/hyc/LLMKernel/run/20251228_161703_batch_range47to66_openai_deepseek/52_Conv2d_Activation_BatchNorm/code/kernel_20251228_165121.py",
  "tolerance": 1,
  "max_abs_err": 0.00045934319496154785,
  "mean_abs_err": 7.452978752553463e-05,
  "ref_latency_ms": {
    "avg": 9.81584644317627,
    "min": 9.805824279785156,
    "max": 9.83244800567627,
    "all": [
      9.83244800567627,
      9.81811237335205,
      9.805824279785156,
      9.811903953552246,
      9.810943603515625
    ]
  },
  "test_latency_ms": {
    "avg": 5.847814464569092,
    "min": 5.843967914581299,
    "max": 5.8540802001953125,
    "all": [
      5.851136207580566,
      5.844992160797119,
      5.843967914581299,
      5.844895839691162,
      5.8540802001953125
    ]
  },
  "num_runs": 5,
  "model_init_args": [
    64,
    128,
    3
  ],
  "model_init_kwargs": {},
  "seed": 100,
  "align_stats": {
    "pair_aligner": 1,
    "copied_same_shape": 1,
    "mapped_shape": 0,
    "skipped": 0,
    "pair_key": "Model->ModelNew"
  },
  "runnable": true,
  "phase": "stage1_grid_and_parallel",
  "pytorch_baseline_ms": 9.82677116394043,
  "score": 1.680417739563927
}