{
  "timestamp": "2025-12-13T15:40:24",
  "reference_file": "KernelBench/level2/52_Conv2d_Activation_BatchNorm.py",
  "candidate_file": "/home/hyc/LLMKernel/run/20251213_080631_batch_range40to70_deepseek_deepseek/52_Conv2d_Activation_BatchNorm/code/kernel_20251213_154021.py",
  "tolerance": 0.001,
  "max_abs_err": 1.4901161193847656e-07,
  "mean_abs_err": 1.56754875746401e-08,
  "ref_latency_ms": {
    "avg": 9.303500938415528,
    "min": 9.297599792480469,
    "max": 9.310208320617676,
    "all": [
      9.310208320617676,
      9.30185604095459,
      9.304960250854492,
      9.30288028717041,
      9.297599792480469
    ]
  },
  "test_latency_ms": {
    "avg": 6.866086387634278,
    "min": 6.857728004455566,
    "max": 6.872064113616943,
    "all": [
      6.872064113616943,
      6.865920066833496,
      6.862847805023193,
      6.8718719482421875,
      6.857728004455566
    ]
  },
  "num_runs": 5,
  "model_init_args": [
    64,
    128,
    3
  ],
  "model_init_kwargs": {},
  "seed": 100,
  "align_stats": {
    "pair_aligner": 1,
    "copied_same_shape": 1,
    "mapped_shape": 0,
    "skipped": 0,
    "pair_key": "Model->ModelNew"
  },
  "runnable": true,
  "phase": "stage3_repair",
  "pytorch_baseline_ms": 9.306316566467284,
  "score": 1.3554033609637983
}