{
  "timestamp": "2025-12-28T16:47:17",
  "reference_file": "KernelBench/tt/52_Conv2d_Activation_BatchNorm.py",
  "candidate_file": "/home/hyc/LLMKernel/run/20251228_161703_batch_range47to66_openai_deepseek/52_Conv2d_Activation_BatchNorm/code/kernel_20251228_164712.py",
  "tolerance": 1,
  "max_abs_err": 0.00045934319496154785,
  "mean_abs_err": 7.45399811421521e-05,
  "ref_latency_ms": {
    "avg": 9.80398063659668,
    "min": 9.797568321228027,
    "max": 9.814111709594727,
    "all": [
      9.814111709594727,
      9.803775787353516,
      9.797568321228027,
      9.800671577453613,
      9.803775787353516
    ]
  },
  "test_latency_ms": {
    "avg": 7.393459224700928,
    "min": 7.391232013702393,
    "max": 7.3976640701293945,
    "all": [
      7.391232013702393,
      7.392000198364258,
      7.3930559158325195,
      7.393343925476074,
      7.3976640701293945
    ]
  },
  "num_runs": 5,
  "model_init_args": [
    64,
    128,
    3
  ],
  "model_init_kwargs": {},
  "seed": 100,
  "align_stats": {
    "pair_aligner": 1,
    "copied_same_shape": 1,
    "mapped_shape": 0,
    "skipped": 0,
    "pair_key": "Model->ModelNew"
  },
  "runnable": true,
  "phase": "seed_1",
  "pytorch_baseline_ms": 9.82677116394043,
  "score": 1.3291168403431524
}