{
  "timestamp": "2025-12-28T16:46:27",
  "reference_file": "KernelBench/tt/52_Conv2d_Activation_BatchNorm.py",
  "candidate_file": "/home/hyc/LLMKernel/run/20251228_161703_batch_range47to66_openai_deepseek/52_Conv2d_Activation_BatchNorm/code/kernel_20251228_164619.py",
  "tolerance": 1,
  "max_abs_err": 0.00045934319496154785,
  "mean_abs_err": 7.452978752553463e-05,
  "ref_latency_ms": {
    "avg": 9.82677116394043,
    "min": 9.805824279785156,
    "max": 9.851903915405273,
    "all": [
      9.82323169708252,
      9.844736099243164,
      9.851903915405273,
      9.808159828186035,
      9.805824279785156
    ]
  },
  "test_latency_ms": {
    "avg": 9.668742179870605,
    "min": 9.649151802062988,
    "max": 9.689087867736816,
    "all": [
      9.649151802062988,
      9.660415649414062,
      9.661375999450684,
      9.683679580688477,
      9.689087867736816
    ]
  },
  "num_runs": 5,
  "model_init_args": [
    64,
    128,
    3
  ],
  "model_init_kwargs": {},
  "seed": 100,
  "align_stats": {
    "pair_aligner": 1,
    "copied_same_shape": 1,
    "mapped_shape": 0,
    "skipped": 0,
    "pair_key": "Model->ModelNew"
  },
  "runnable": true,
  "phase": "seed_0",
  "score": 1.0163443166784223
}