{
  "timestamp": "2025-12-13T15:20:26",
  "reference_file": "KernelBench/level2/52_Conv2d_Activation_BatchNorm.py",
  "candidate_file": "/home/hyc/LLMKernel/run/20251213_080631_batch_range40to70_deepseek_deepseek/52_Conv2d_Activation_BatchNorm/code/kernel_20251213_152022.py",
  "tolerance": 0.001,
  "max_abs_err": 1.4901161193847656e-07,
  "mean_abs_err": 1.56754875746401e-08,
  "ref_latency_ms": {
    "avg": 9.306316566467284,
    "min": 9.300992012023926,
    "max": 9.315327644348145,
    "all": [
      9.315327644348145,
      9.300992012023926,
      9.30303955078125,
      9.30406379699707,
      9.308159828186035
    ]
  },
  "test_latency_ms": {
    "avg": 7.025004863739014,
    "min": 7.019680023193359,
    "max": 7.031807899475098,
    "all": [
      7.031807899475098,
      7.025440216064453,
      7.024640083312988,
      7.02345609664917,
      7.019680023193359
    ]
  },
  "num_runs": 5,
  "model_init_args": [
    64,
    128,
    3
  ],
  "model_init_kwargs": {},
  "seed": 100,
  "align_stats": {
    "pair_aligner": 1,
    "copied_same_shape": 1,
    "mapped_shape": 0,
    "skipped": 0,
    "pair_key": "Model->ModelNew"
  },
  "runnable": true,
  "phase": "seed_repair",
  "score": 1.3247416545579525
}