{
  "timestamp": "2025-12-28T16:54:03",
  "reference_file": "KernelBench/tt/52_Conv2d_Activation_BatchNorm.py",
  "candidate_file": "/home/hyc/LLMKernel/run/20251228_161703_batch_range47to66_openai_deepseek/52_Conv2d_Activation_BatchNorm/code/kernel_20251228_165356.py",
  "tolerance": 1,
  "max_abs_err": 0.00045937299728393555,
  "mean_abs_err": 7.452727732015774e-05,
  "ref_latency_ms": {
    "avg": 9.819507026672364,
    "min": 9.81503963470459,
    "max": 9.831232070922852,
    "all": [
      9.831232070922852,
      9.819135665893555,
      9.81503963470459,
      9.81503963470459,
      9.81708812713623
    ]
  },
  "test_latency_ms": {
    "avg": 5.367820739746094,
    "min": 5.360511779785156,
    "max": 5.382080078125,
    "all": [
      5.369855880737305,
      5.36575984954834,
      5.360896110534668,
      5.360511779785156,
      5.382080078125
    ]
  },
  "num_runs": 5,
  "model_init_args": [
    64,
    128,
    3
  ],
  "model_init_kwargs": {},
  "seed": 100,
  "align_stats": {
    "pair_aligner": 1,
    "copied_same_shape": 1,
    "mapped_shape": 0,
    "skipped": 0,
    "pair_key": "Model->ModelNew"
  },
  "runnable": true,
  "phase": "stage3_memory_and_tuning",
  "pytorch_baseline_ms": 9.82677116394043,
  "score": 1.8306816938162602
}