{
  "timestamp": "2025-12-13T15:50:37",
  "reference_file": "KernelBench/level2/52_Conv2d_Activation_BatchNorm.py",
  "candidate_file": "/home/hyc/LLMKernel/run/20251213_080631_batch_range40to70_deepseek_deepseek/52_Conv2d_Activation_BatchNorm/code/kernel_20251213_155033.py",
  "tolerance": 0.001,
  "max_abs_err": 1.4901161193847656e-07,
  "mean_abs_err": 1.56754875746401e-08,
  "ref_latency_ms": {
    "avg": 9.145644760131836,
    "min": 9.128959655761719,
    "max": 9.183072090148926,
    "all": [
      9.183072090148926,
      9.141056060791016,
      9.141247749328613,
      9.133888244628906,
      9.128959655761719
    ]
  },
  "test_latency_ms": {
    "avg": 6.870963191986084,
    "min": 6.858399868011475,
    "max": 6.88640022277832,
    "all": [
      6.875135898590088,
      6.88640022277832,
      6.874112129211426,
      6.860767841339111,
      6.858399868011475
    ]
  },
  "num_runs": 5,
  "model_init_args": [
    64,
    128,
    3
  ],
  "model_init_kwargs": {},
  "seed": 100,
  "align_stats": {
    "pair_aligner": 1,
    "copied_same_shape": 1,
    "mapped_shape": 0,
    "skipped": 0,
    "pair_key": "Model->ModelNew"
  },
  "runnable": true,
  "phase": "stage4_repair",
  "pytorch_baseline_ms": 9.306316566467284,
  "score": 1.3544413361610879
}