{
  "timestamp": "2025-12-28T16:50:15",
  "reference_file": "KernelBench/tt/52_Conv2d_Activation_BatchNorm.py",
  "candidate_file": "/home/hyc/LLMKernel/run/20251228_161703_batch_range47to66_openai_deepseek/52_Conv2d_Activation_BatchNorm/code/kernel_20251228_165009.py",
  "tolerance": 1,
  "max_abs_err": 0.00045934319496154785,
  "mean_abs_err": 7.452978752553463e-05,
  "ref_latency_ms": {
    "avg": 9.802169609069825,
    "min": 9.792287826538086,
    "max": 9.818943977355957,
    "all": [
      9.818943977355957,
      9.798463821411133,
      9.799424171447754,
      9.792287826538086,
      9.801728248596191
    ]
  },
  "test_latency_ms": {
    "avg": 5.7327038764953615,
    "min": 5.7292799949646,
    "max": 5.737184047698975,
    "all": [
      5.734399795532227,
      5.732351779937744,
      5.730303764343262,
      5.7292799949646,
      5.737184047698975
    ]
  },
  "num_runs": 5,
  "model_init_args": [
    64,
    128,
    3
  ],
  "model_init_kwargs": {},
  "seed": 100,
  "align_stats": {
    "pair_aligner": 1,
    "copied_same_shape": 1,
    "mapped_shape": 0,
    "skipped": 0,
    "pair_key": "Model->ModelNew"
  },
  "runnable": true,
  "phase": "algorithm_optimized_seed1",
  "pytorch_baseline_ms": 9.82677116394043,
  "score": 1.7141599105146768
}