{
  "timestamp": "2025-12-28T16:48:58",
  "reference_file": "KernelBench/tt/52_Conv2d_Activation_BatchNorm.py",
  "candidate_file": "/home/hyc/LLMKernel/run/20251228_161703_batch_range47to66_openai_deepseek/52_Conv2d_Activation_BatchNorm/code/kernel_20251228_164853.py",
  "tolerance": 1,
  "max_abs_err": 0.00045934319496154785,
  "mean_abs_err": 7.452978752553463e-05,
  "ref_latency_ms": {
    "avg": 9.812838554382324,
    "min": 9.801983833312988,
    "max": 9.822208404541016,
    "all": [
      9.822208404541016,
      9.811967849731445,
      9.814016342163086,
      9.801983833312988,
      9.814016342163086
    ]
  },
  "test_latency_ms": {
    "avg": 6.740480041503906,
    "min": 6.738656044006348,
    "max": 6.743840217590332,
    "all": [
      6.7399678230285645,
      6.740992069244385,
      6.738656044006348,
      6.738944053649902,
      6.743840217590332
    ]
  },
  "num_runs": 5,
  "model_init_args": [
    64,
    128,
    3
  ],
  "model_init_kwargs": {},
  "seed": 100,
  "align_stats": {
    "pair_aligner": 1,
    "copied_same_shape": 1,
    "mapped_shape": 0,
    "skipped": 0,
    "pair_key": "Model->ModelNew"
  },
  "runnable": true,
  "phase": "algorithm_optimized_seed0",
  "pytorch_baseline_ms": 9.82677116394043,
  "score": 1.4578740836606534
}