{
  "timestamp": "2025-12-28T16:52:32",
  "reference_file": "KernelBench/tt/52_Conv2d_Activation_BatchNorm.py",
  "candidate_file": "/home/hyc/LLMKernel/run/20251228_161703_batch_range47to66_openai_deepseek/52_Conv2d_Activation_BatchNorm/code/kernel_20251228_165226.py",
  "tolerance": 1,
  "max_abs_err": 0.00045934319496154785,
  "mean_abs_err": 7.452727004420012e-05,
  "ref_latency_ms": {
    "avg": 9.800198364257813,
    "min": 9.793343544006348,
    "max": 9.81494426727295,
    "all": [
      9.81494426727295,
      9.802559852600098,
      9.793536186218262,
      9.793343544006348,
      9.796607971191406
    ]
  },
  "test_latency_ms": {
    "avg": 6.73185920715332,
    "min": 6.725632190704346,
    "max": 6.737919807434082,
    "all": [
      6.737919807434082,
      6.7314558029174805,
      6.725632190704346,
      6.7297282218933105,
      6.734560012817383
    ]
  },
  "num_runs": 5,
  "model_init_args": [
    64,
    128,
    3
  ],
  "model_init_kwargs": {},
  "seed": 100,
  "align_stats": {
    "pair_aligner": 1,
    "copied_same_shape": 1,
    "mapped_shape": 0,
    "skipped": 0,
    "pair_key": "Model->ModelNew"
  },
  "runnable": true,
  "phase": "stage2_block_tiling",
  "pytorch_baseline_ms": 9.82677116394043,
  "score": 1.4597410405580726
}