{
  "timestamp": "2025-12-22T13:39:39",
  "reference_file": "KernelBench/level3/7_GoogleNetInceptionV1.py",
  "candidate_file": "/home/hyc/LLMKernel/run/20251222_133621_7_GoogleNetInceptionV1_openai_deepseek/7_GoogleNetInceptionV1/code/kernel_20251222_133928.py",
  "tolerance": 1,
  "max_abs_err": 237466992.0,
  "mean_abs_err": 58256392.0,
  "ref_latency_ms": {
    "avg": 2.91776647567749,
    "min": 2.872512102127075,
    "max": 2.984800100326538,
    "all": [
      2.984800100326538,
      2.9460480213165283,
      2.8854401111602783,
      2.872512102127075,
      2.9000320434570312
    ]
  },
  "test_latency_ms": {
    "avg": 5.933260726928711,
    "min": 5.865471839904785,
    "max": 5.995520114898682,
    "all": [
      5.950463771820068,
      5.9310078620910645,
      5.923840045928955,
      5.865471839904785,
      5.995520114898682
    ]
  },
  "num_runs": 5,
  "model_init_args": [
    1000
  ],
  "model_init_kwargs": {},
  "seed": 100,
  "align_stats": {
    "copied_same_shape": 26,
    "unique_shape_copied": 33,
    "mapped_shape": 0,
    "skipped": 57,
    "pair_aligner": 0,
    "pair_key": "Model->ModelNew"
  },
  "runnable": true,
  "phase": "seed_0",
  "score": 0.4917644125151805
}