{
  "timestamp": "2025-12-22T13:47:17",
  "reference_file": "KernelBench/level3/7_GoogleNetInceptionV1.py",
  "candidate_file": "/home/hyc/LLMKernel/run/20251222_133621_7_GoogleNetInceptionV1_openai_deepseek/7_GoogleNetInceptionV1/code/kernel_20251222_134640.py",
  "tolerance": 1,
  "max_abs_err": 237466992.0,
  "mean_abs_err": 58256392.0,
  "ref_latency_ms": {
    "avg": 2.9860480308532713,
    "min": 2.955264091491699,
    "max": 3.0075840950012207,
    "all": [
      3.0075840950012207,
      2.9767680168151855,
      2.955264091491699,
      2.998271942138672,
      2.99235200881958
    ]
  },
  "test_latency_ms": {
    "avg": 7.435846424102783,
    "min": 7.392255783081055,
    "max": 7.505631923675537,
    "all": [
      7.505631923675537,
      7.399424076080322,
      7.392255783081055,
      7.4352641105651855,
      7.446656227111816
    ]
  },
  "num_runs": 5,
  "model_init_args": [
    1000
  ],
  "model_init_kwargs": {},
  "seed": 100,
  "align_stats": {
    "copied_same_shape": 26,
    "unique_shape_copied": 33,
    "mapped_shape": 0,
    "skipped": 57,
    "pair_aligner": 0,
    "pair_key": "Model->ModelNew"
  },
  "runnable": true,
  "phase": "stage3_memory_and_tuning_cand0",
  "pytorch_baseline_ms": 2.91776647567749,
  "score": 0.3923919765502084
}