{
  "timestamp": "2025-12-28T09:27:45",
  "reference_file": "KernelBench/select/8_ResNetBasicBlock.py",
  "candidate_file": "/home/hyc/LLMKernel/run/20251228_085408_batch_range2to9_openai_deepseek/8_ResNetBasicBlock/code/kernel_20251228_092740.py",
  "tolerance": 1,
  "max_abs_err": 0.0009915828704833984,
  "mean_abs_err": 0.000117610783490818,
  "ref_latency_ms": {
    "avg": 3.6789888381958007,
    "min": 3.67411208152771,
    "max": 3.688447952270508,
    "all": [
      3.688447952270508,
      3.6800639629364014,
      3.678208112716675,
      3.67411208152771,
      3.67411208152771
    ]
  },
  "test_latency_ms": {
    "avg": 1.709830403327942,
    "min": 1.7060480117797852,
    "max": 1.7179839611053467,
    "all": [
      1.7179839611053467,
      1.7080320119857788,
      1.7100800275802612,
      1.7060480117797852,
      1.7070080041885376
    ]
  },
  "num_runs": 5,
  "model_init_args": [
    3,
    64,
    1
  ],
  "model_init_kwargs": {},
  "seed": 100,
  "align_stats": {
    "copied_same_shape": 18,
    "unique_shape_copied": 0,
    "mapped_shape": 0,
    "skipped": 0,
    "pair_aligner": 0,
    "pair_key": "Model->ModelNew"
  },
  "runnable": true,
  "phase": "algorithm_optimized_seed1",
  "pytorch_baseline_ms": 3.689299154281616,
  "score": 2.1576988846969383
}