{
  "timestamp": "2025-12-28T09:22:45",
  "reference_file": "KernelBench/select/8_ResNetBasicBlock.py",
  "candidate_file": "/home/hyc/LLMKernel/run/20251228_085408_batch_range2to9_openai_deepseek/8_ResNetBasicBlock/code/kernel_20251228_092241.py",
  "tolerance": 1,
  "max_abs_err": 0.0009698867797851562,
  "mean_abs_err": 0.00011541301500983536,
  "ref_latency_ms": {
    "avg": 3.689299154281616,
    "min": 3.6865599155426025,
    "max": 3.6925439834594727,
    "all": [
      3.6925439834594727,
      3.6865599155426025,
      3.689471960067749,
      3.6904959678649902,
      3.6874239444732666
    ]
  },
  "test_latency_ms": {
    "avg": 6.0354560852050785,
    "min": 6.025216102600098,
    "max": 6.048768043518066,
    "all": [
      6.048768043518066,
      6.025216102600098,
      6.038527965545654,
      6.0293121337890625,
      6.03545618057251
    ]
  },
  "num_runs": 5,
  "model_init_args": [
    3,
    64,
    1
  ],
  "model_init_kwargs": {},
  "seed": 100,
  "align_stats": {
    "copied_same_shape": 18,
    "unique_shape_copied": 0,
    "mapped_shape": 0,
    "skipped": 0,
    "pair_aligner": 0,
    "pair_key": "Model->ModelNew"
  },
  "runnable": true,
  "phase": "seed_0",
  "score": 0.6112709797235245
}