{
  "timestamp": "2025-12-28T09:29:07",
  "reference_file": "KernelBench/select/8_ResNetBasicBlock.py",
  "candidate_file": "/home/hyc/LLMKernel/run/20251228_085408_batch_range2to9_openai_deepseek/8_ResNetBasicBlock/code/kernel_20251228_092900.py",
  "tolerance": 1,
  "max_abs_err": 0.0009915828704833984,
  "mean_abs_err": 0.000117610783490818,
  "ref_latency_ms": {
    "avg": 3.690291166305542,
    "min": 3.680255889892578,
    "max": 3.699455976486206,
    "all": [
      3.699455976486206,
      3.6958720684051514,
      3.689471960067749,
      3.680255889892578,
      3.6863999366760254
    ]
  },
  "test_latency_ms": {
    "avg": 1.8714751958847047,
    "min": 1.8636800050735474,
    "max": 1.8882240056991577,
    "all": [
      1.8882240056991577,
      1.8728959560394287,
      1.8636800050735474,
      1.8657280206680298,
      1.8668479919433594
    ]
  },
  "num_runs": 5,
  "model_init_args": [
    3,
    64,
    1
  ],
  "model_init_kwargs": {},
  "seed": 100,
  "align_stats": {
    "copied_same_shape": 18,
    "unique_shape_copied": 0,
    "mapped_shape": 0,
    "skipped": 0,
    "pair_aligner": 0,
    "pair_key": "Model->ModelNew"
  },
  "runnable": true,
  "phase": "stage1_grid_and_parallel",
  "pytorch_baseline_ms": 3.689299154281616,
  "score": 1.9713321140425637
}