{
  "timestamp": "2025-12-28T09:25:11",
  "reference_file": "KernelBench/select/8_ResNetBasicBlock.py",
  "candidate_file": "/home/hyc/LLMKernel/run/20251228_085408_batch_range2to9_openai_deepseek/8_ResNetBasicBlock/code/kernel_20251228_092506.py",
  "tolerance": 1,
  "max_abs_err": 0.0009698867797851562,
  "mean_abs_err": 0.00011541301500983536,
  "ref_latency_ms": {
    "avg": 3.6790464401245115,
    "min": 3.6761600971221924,
    "max": 3.68339204788208,
    "all": [
      3.678208112716675,
      3.6761600971221924,
      3.679231882095337,
      3.68339204788208,
      3.6782400608062744
    ]
  },
  "test_latency_ms": {
    "avg": 2.5260287284851075,
    "min": 2.5221118927001953,
    "max": 2.529279947280884,
    "all": [
      2.529279947280884,
      2.5241599082946777,
      2.5221118927001953,
      2.527359962463379,
      2.5272319316864014
    ]
  },
  "num_runs": 5,
  "model_init_args": [
    3,
    64,
    1
  ],
  "model_init_kwargs": {},
  "seed": 100,
  "align_stats": {
    "copied_same_shape": 18,
    "unique_shape_copied": 0,
    "mapped_shape": 0,
    "skipped": 0,
    "pair_aligner": 0,
    "pair_key": "Model->ModelNew"
  },
  "runnable": true,
  "phase": "algorithm_optimized_seed0",
  "pytorch_baseline_ms": 3.689299154281616,
  "score": 1.4605135375851948
}