{
  "timestamp": "2025-12-28T09:29:54",
  "reference_file": "KernelBench/select/8_ResNetBasicBlock.py",
  "candidate_file": "/home/hyc/LLMKernel/run/20251228_085408_batch_range2to9_openai_deepseek/8_ResNetBasicBlock/code/kernel_20251228_092947.py",
  "tolerance": 1,
  "max_abs_err": 0.0009915828704833984,
  "mean_abs_err": 0.000117610783490818,
  "ref_latency_ms": {
    "avg": 3.694163179397583,
    "min": 3.689471960067749,
    "max": 3.7017600536346436,
    "all": [
      3.7017600536346436,
      3.6904959678649902,
      3.693567991256714,
      3.6955199241638184,
      3.689471960067749
    ]
  },
  "test_latency_ms": {
    "avg": 1.8910655975341797,
    "min": 1.8821120262145996,
    "max": 1.9137599468231201,
    "all": [
      1.9137599468231201,
      1.8872319459915161,
      1.8880640268325806,
      1.8821120262145996,
      1.884160041809082
    ]
  },
  "num_runs": 5,
  "model_init_args": [
    3,
    64,
    1
  ],
  "model_init_kwargs": {},
  "seed": 100,
  "align_stats": {
    "copied_same_shape": 18,
    "unique_shape_copied": 0,
    "mapped_shape": 0,
    "skipped": 0,
    "pair_aligner": 0,
    "pair_key": "Model->ModelNew"
  },
  "runnable": true,
  "phase": "stage2_block_tiling",
  "pytorch_baseline_ms": 3.689299154281616,
  "score": 1.950910195337597
}