{
  "timestamp": "2025-12-28T09:24:03",
  "reference_file": "KernelBench/select/8_ResNetBasicBlock.py",
  "candidate_file": "/home/hyc/LLMKernel/run/20251228_085408_batch_range2to9_openai_deepseek/8_ResNetBasicBlock/code/kernel_20251228_092357.py",
  "tolerance": 1,
  "max_abs_err": 0.0009698867797851562,
  "mean_abs_err": 0.00011541301500983536,
  "ref_latency_ms": {
    "avg": 3.680390453338623,
    "min": 3.6720640659332275,
    "max": 3.6903040409088135,
    "all": [
      3.6903040409088135,
      3.686527967453003,
      3.6720640659332275,
      3.6730880737304688,
      3.6799681186676025
    ]
  },
  "test_latency_ms": {
    "avg": 4.361420726776123,
    "min": 4.3581438064575195,
    "max": 4.364287853240967,
    "all": [
      4.363264083862305,
      4.3581438064575195,
      4.364287853240967,
      4.362239837646484,
      4.35916805267334
    ]
  },
  "num_runs": 5,
  "model_init_args": [
    3,
    64,
    1
  ],
  "model_init_kwargs": {},
  "seed": 100,
  "align_stats": {
    "copied_same_shape": 18,
    "unique_shape_copied": 0,
    "mapped_shape": 0,
    "skipped": 0,
    "pair_aligner": 0,
    "pair_key": "Model->ModelNew"
  },
  "runnable": true,
  "phase": "seed_1",
  "pytorch_baseline_ms": 3.689299154281616,
  "score": 0.8458938922429238
}