{
  "timestamp": "2025-12-28T09:31:03",
  "reference_file": "KernelBench/select/8_ResNetBasicBlock.py",
  "candidate_file": "/home/hyc/LLMKernel/run/20251228_085408_batch_range2to9_openai_deepseek/8_ResNetBasicBlock/code/kernel_20251228_093055.py",
  "tolerance": 1,
  "max_abs_err": 0.0009915828704833984,
  "mean_abs_err": 0.000117610783490818,
  "ref_latency_ms": {
    "avg": 3.677113580703735,
    "min": 3.6658239364624023,
    "max": 3.6822400093078613,
    "all": [
      3.6822400093078613,
      3.6761600971221924,
      3.682111978530884,
      3.6658239364624023,
      3.679231882095337
    ]
  },
  "test_latency_ms": {
    "avg": 1.527014422416687,
    "min": 1.5197440385818481,
    "max": 1.539072036743164,
    "all": [
      1.539072036743164,
      1.5197440385818481,
      1.5257600545883179,
      1.5226880311965942,
      1.5278079509735107
    ]
  },
  "num_runs": 5,
  "model_init_args": [
    3,
    64,
    1
  ],
  "model_init_kwargs": {},
  "seed": 100,
  "align_stats": {
    "copied_same_shape": 18,
    "unique_shape_copied": 0,
    "mapped_shape": 0,
    "skipped": 0,
    "pair_aligner": 0,
    "pair_key": "Model->ModelNew"
  },
  "runnable": true,
  "phase": "stage3_memory_and_tuning",
  "pytorch_baseline_ms": 3.689299154281616,
  "score": 2.41602115875425
}