{
  "timestamp": "2025-12-13T00:05:38",
  "reference_file": "KernelBench/level1/89_cumsum.py",
  "candidate_file": "/home/hyc/LLMKernel/run/20251212_170115_batch_range70to100_deepseek_deepseek/89_cumsum/code/kernel_20251213_000529.py",
  "tolerance": 0.001,
  "max_abs_err": 0.0205078125,
  "mean_abs_err": 0.00512895081192255,
  "ref_latency_ms": {
    "avg": 11.615571212768554,
    "min": 11.600895881652832,
    "max": 11.63651180267334,
    "all": [
      11.611136436462402,
      11.608063697814941,
      11.63651180267334,
      11.621248245239258,
      11.600895881652832
    ]
  },
  "test_latency_ms": {
    "avg": 14.097695922851562,
    "min": 14.075008392333984,
    "max": 14.129887580871582,
    "all": [
      14.082048416137695,
      14.075008392333984,
      14.07759952545166,
      14.12393569946289,
      14.129887580871582
    ]
  },
  "num_runs": 5,
  "model_init_args": [
    1
  ],
  "model_init_kwargs": {},
  "seed": 100,
  "align_stats": {
    "copied_same_shape": 0,
    "unique_shape_copied": 0,
    "mapped_shape": 0,
    "skipped": 0,
    "pair_aligner": 0,
    "pair_key": "Model->ModelNew"
  },
  "runnable": true,
  "phase": "stage4_repair",
  "pytorch_baseline_ms": 11.615647888183593,
  "score": 0.8239394544859837
}