{
  "timestamp": "2025-12-12T23:48:08",
  "reference_file": "KernelBench/level1/89_cumsum.py",
  "candidate_file": "/home/hyc/LLMKernel/run/20251212_170115_batch_range70to100_deepseek_deepseek/89_cumsum/code/kernel_20251212_234759.py",
  "tolerance": 0.001,
  "max_abs_err": 0.0205078125,
  "mean_abs_err": 0.005048809573054314,
  "ref_latency_ms": {
    "avg": 11.620147323608398,
    "min": 11.586560249328613,
    "max": 11.652095794677734,
    "all": [
      11.601920127868652,
      11.626496315002441,
      11.586560249328613,
      11.652095794677734,
      11.63366413116455
    ]
  },
  "test_latency_ms": {
    "avg": 23.648435211181642,
    "min": 23.620607376098633,
    "max": 23.70355224609375,
    "all": [
      23.656448364257812,
      23.70355224609375,
      23.620607376098633,
      23.625728607177734,
      23.635839462280273
    ]
  },
  "num_runs": 5,
  "model_init_args": [
    1
  ],
  "model_init_kwargs": {},
  "seed": 100,
  "align_stats": {
    "copied_same_shape": 0,
    "unique_shape_copied": 0,
    "mapped_shape": 0,
    "skipped": 0,
    "pair_aligner": 0,
    "pair_key": "Model->ModelNew"
  },
  "runnable": true,
  "phase": "stage1_grid_and_parallel",
  "pytorch_baseline_ms": 11.615647888183593,
  "score": 0.4911804009210466
}