{
  "timestamp": "2025-12-12T23:34:41",
  "reference_file": "KernelBench/level1/89_cumsum.py",
  "candidate_file": "/home/hyc/LLMKernel/run/20251212_170115_batch_range70to100_deepseek_deepseek/89_cumsum/code/kernel_20251212_233430.py",
  "tolerance": 0.001,
  "max_abs_err": 0.0205078125,
  "mean_abs_err": 0.005048809573054314,
  "ref_latency_ms": {
    "avg": 11.615647888183593,
    "min": 11.590399742126465,
    "max": 11.63263988494873,
    "all": [
      11.6244478225708,
      11.63263988494873,
      11.612447738647461,
      11.590399742126465,
      11.618304252624512
    ]
  },
  "test_latency_ms": {
    "avg": 23.680249786376955,
    "min": 23.666624069213867,
    "max": 23.69024085998535,
    "all": [
      23.69024085998535,
      23.677215576171875,
      23.68921661376953,
      23.666624069213867,
      23.67795181274414
    ]
  },
  "num_runs": 5,
  "model_init_args": [
    1
  ],
  "model_init_kwargs": {},
  "seed": 100,
  "align_stats": {
    "copied_same_shape": 0,
    "unique_shape_copied": 0,
    "mapped_shape": 0,
    "skipped": 0,
    "pair_aligner": 0,
    "pair_key": "Model->ModelNew"
  },
  "runnable": true,
  "phase": "seed_repair",
  "score": 0.4905204967418028
}