{
  "timestamp": "2025-12-12T23:58:34",
  "reference_file": "KernelBench/level1/89_cumsum.py",
  "candidate_file": "/home/hyc/LLMKernel/run/20251212_170115_batch_range70to100_deepseek_deepseek/89_cumsum/code/kernel_20251212_235825.py",
  "tolerance": 0.001,
  "max_abs_err": 0.0205078125,
  "mean_abs_err": 0.0049054259434342384,
  "ref_latency_ms": {
    "avg": 11.617830657958985,
    "min": 11.60905647277832,
    "max": 11.628543853759766,
    "all": [
      11.615232467651367,
      11.60905647277832,
      11.625184059143066,
      11.628543853759766,
      11.611136436462402
    ]
  },
  "test_latency_ms": {
    "avg": 23.3931583404541,
    "min": 23.364864349365234,
    "max": 23.417856216430664,
    "all": [
      23.417856216430664,
      23.382015228271484,
      23.406591415405273,
      23.364864349365234,
      23.39446449279785
    ]
  },
  "num_runs": 5,
  "model_init_args": [
    1
  ],
  "model_init_kwargs": {},
  "seed": 100,
  "align_stats": {
    "copied_same_shape": 0,
    "unique_shape_copied": 0,
    "mapped_shape": 0,
    "skipped": 0,
    "pair_aligner": 0,
    "pair_key": "Model->ModelNew"
  },
  "runnable": true,
  "phase": "stage3_repair",
  "pytorch_baseline_ms": 11.615647888183593,
  "score": 0.49654038668632866
}